# proven primes: b with (b^16+1)/2 prime (APR-CL), block [0,1000000)
3
9
29
41
73
81
87
111
113
157
167
173
187
195
199
253
295
301
309
371
391
403
435
441
485
525
575
585
589
599
607
617
657
669
779
789
905
955
969
995
1001
1023
1083
1141
1147
1167
1203
1213
1247
1265
1349
1407
1457
1491
1535
1685
1747
1803
1835
1891
1943
1979
2027
2031
2135
2159
2237
2271
2315
2355
2377
2407
2415
2441
2511
2569
2593
2631
2655
2659
2689
2693
2701
2733
2781
2815
2835
2889
2905
2913
2995
3007
3039
3061
3095
3137
3139
3177
3261
3275
3277
3337
3377
3387
3411
3413
3457
3531
3539
3563
3665
3673
3703
3711
3717
3733
3757
3769
3901
3953
3987
4065
4075
4091
4131
4157
4165
4225
4239
4273
4285
4289
4347
4435
4461
4487
4547
4555
4603
4613
4619
4689
4759
4775
4819
4877
4909
4957
5007
5039
5049
5065
5133
5135
5185
5231
5233
5265
5303
5321
5403
5405
5411
5419
5435
5437
5481
5585
5601
5625
5629
5649
5717
5729
5789
5811
5841
5845
5863
5953
6003
6005
6021
6037
6087
6123
6133
6201
6207
6255
6261
6293
6319
6341
6397
6419
6437
6443
6449
6489
6523
6525
6549
6553
6569
6587
6597
6619
6681
6807
6811
6825
6875
6885
6911
6941
6945
6955
6975
7043
7251
7263
7355
7389
7445
7457
7479
7493
7545
7583
7677
7719
7767
7775
7781
7843
7895
8025
8047
8059
8095
8153
8249
8271
8299
8305
8381
8417
8443
8463
8499
8507
8535
8611
8619
8639
8647
8665
8705
8715
8769
8791
8843
8895
8937
8967
8995
8997
9015
9027
9035
9065
9149
9161
9211
9225
9277
9377
9403
9555
9675
9703
9901
9929
9931
9987
10067
10175
10197
10203
10207
10303
10313
10357
10371
10381
10405
10423
10443
10579
10627
10633
10635
10653
10701
10757
10869
10925
10935
10985
11019
11051
11107
11145
11163
11177
11221
11225
11251
11253
11273
11349
11455
11467
11569
11673
11699
11723
11743
11795
11909
11941
12017
12057
12071
12111
12125
12127
12229
12269
12367
12415
12487
12497
12523
12549
12599
12615
12643
12705
12839
12899
12951
12965
12983
12989
13009
13015
13025
13033
13041
13069
13099
13117
13119
13201
13229
13231
13307
13345
13383
13391
13415
13477
13537
13539
13601
13659
13759
13771
13787
13831
13839
13903
13945
13947
13961
13989
14029
14059
14073
14141
14155
14191
14265
14283
14361
14381
14421
14469
14501
14549
14577
14609
14635
14685
14729
14801
14815
14831
14849
14895
14909
14935
14939
15019
15039
15083
15305
15321
15383
15447
15495
15519
15549
15673
15681
15713
15715
15729
15789
15931
15957
16017
16049
16085
16133
16135
16239
16249
16253
16437
16451
16537
16583
16659
16661
16673
16787
16791
16813
16881
16893
17075
17125
17187
17209
17223
17245
17313
17331
17341
17385
17541
17637
17759
17805
17811
17813
17855
17859
17889
17895
17929
17981
18027
18081
18089
18123
18157
18161
18163
18203
18227
18233
18239
18265
18269
18339
18463
18469
18543
18689
18739
18761
18933
18975
18999
19021
19053
19095
19107
19119
19189
19293
19393
19443
19481
19487
19541
19545
19563
19599
19603
19633
19659
19697
19703
19723
19735
19783
19803
19845
19901
19911
19985
20047
20133
20143
20233
20249
20311
20321
20347
20469
20511
20617
20861
20955
21099
21119
21261
21343
21347
21349
21379
21405
21461
21509
21551
21567
21591
21703
21821
21831
21843
21955
22013
22021
22195
22231
22289
22293
22503
22535
22617
22673
22719
22721
22853
22957
23011
23075
23177
23187
23215
23293
23297
23333
23363
23385
23431
23449
23465
23485
23491
23587
23609
23635
23637
23655
23853
23855
23981
24059
24077
24091
24209
24217
24293
24419
24433
24455
24531
24555
24563
24607
24653
24757
24759
24799
24951
24987
24999
25025
25039
25059
25091
25183
25187
25191
25209
25249
25251
25331
25417
25575
25633
25641
25797
25887
25905
25967
25979
26009
26075
26237
26273
26293
26471
26491
26497
26569
26599
26609
26707
26729
26799
26829
26875
26933
26975
27041
27049
27081
27167
27177
27183
27301
27415
27437
27459
27525
27587
27677
27709
27719
27749
27875
27915
27929
27931
28017
28091
28157
28183
28209
28243
28281
28303
28361
28371
28399
28405
28435
28457
28475
28477
28503
28549
28559
28601
28625
28717
28919
28935
28943
28945
28979
28995
29067
29073
29197
29213
29223
29237
29251
29333
29351
29377
29423
29479
29491
29587
29677
29721
29735
29747
29763
29775
29941
29973
30013
30101
30107
30345
30347
30349
30423
30497
30531
30541
30579
30647
30727
30731
30745
30761
30831
30833
30867
30869
30883
30893
30935
30939
30953
31089
31155
31161
31219
31273
31295
31299
31307
31323
31327
31353
31381
31393
31403
31441
31597
31605
31611
31737
31741
31775
31849
31899
31903
31953
32021
32081
32233
32241
32383
32389
32435
32471
32473
32497
32555
32561
32691
32697
32761
32785
32807
32821
32873
32959
32975
33053
33059
33061
33199
33201
33207
33227
33259
33267
33275
33279
33333
33383
33385
33417
33463
33505
33533
33539
33583
33623
33699
33731
33755
33771
33805
33851
33861
33877
33919
33935
33999
34011
34047
34085
34095
34129
34173
34295
34339
34491
34515
34557
34567
34651
34685
34715
34775
34799
34819
34823
34837
35041
35109
35117
35135
35173
35217
35223
35261
35283
35315
35423
35427
35477
35531
35533
35583
35615
35657
35701
35737
35841
35849
35855
35879
35887
35897
35971
35993
36045
36123
36165
36197
36299
36385
36423
36455
36481
36607
36731
36753
36755
36787
36835
36875
36921
36939
36949
36983
37001
37007
37021
37037
37063
37113
37147
37239
37243
37283
37297
37307
37329
37393
37543
37723
37729
37751
37925
37929
37935
37991
38085
38179
38265
38319
38333
38355
38423
38507
38541
38573
38597
38599
38641
38665
38681
38697
38727
38829
38891
38903
38921
38937
38985
39099
39131
39259
39277
39321
39329
39333
39397
39415
39423
39447
39497
39505
39577
39581
39739
39835
39891
39917
39921
39977
39997
40061
40087
40149
40165
40171
40173
40187
40193
40195
40291
40389
40399
40411
40443
40493
40513
40547
40569
40593
40647
40717
40767
40779
40787
40859
40895
40905
41045
41079
41093
41111
41141
41221
41297
41323
41375
41441
41467
41469
41521
41525
41677
41683
41687
41863
41961
41963
42109
42145
42157
42239
42255
42289
42415
42429
42475
42487
42509
42543
42785
42901
42971
43027
43037
43083
43103
43139
43237
43279
43305
43495
43541
43545
43615
43617
43691
43699
43723
43771
43815
43857
43869
43931
43965
44143
44195
44201
44203
44209
44255
44257
44329
44333
44383
44417
44449
44479
44523
44583
44653
44717
44727
44771
44779
44919
45025
45033
45061
45065
45115
45239
45291
45311
45337
45355
45407
45499
45509
45517
45563
45583
45595
45611
45723
45827
45857
45859
45963
45965
46051
46101
46133
46171
46179
46207
46327
46357
46533
46543
46601
46671
46711
46715
46845
46847
46855
46859
46867
46883
46887
46919
46921
46949
46973
46977
46979
46983
47093
47203
47221
47329
47333
47353
47359
47397
47415
47473
47551
47589
47619
47621
47627
47707
47737
47825
47891
47911
48115
48161
48211
48327
48335
48379
48387
48403
48425
48427
48471
48557
48669
48697
48817
48895
48911
48947
48985
49189
49249
49265
49351
49389
49399
49573
49607
49623
49629
49637
49659
49679
49697
49775
49847
49889
49891
49961
49991
49999
50005
50065
50069
50197
50225
50259
50317
50327
50335
50409
50449
50453
50465
50563
50655
50673
50705
50805
50827
50845
50863
50881
51009
51011
51035
51081
51097
51115
51117
51157
51205
51249
51257
51389
51397
51409
51519
51579
51637
51773
51799
51839
51905
51919
51921
51927
52075
52125
52149
52175
52181
52209
52235
52247
52287
52357
52369
52373
52421
52441
52513
52533
52569
52589
52597
52649
52685
52735
52791
52817
52857
52965
52971
52997
53011
53263
53339
53345
53393
53479
53571
53591
53651
53859
53909
53963
53967
54039
54065
54095
54127
54139
54187
54309
54439
54443
54507
54511
54523
54573
54597
54685
54687
54701
54783
54849
54891
54909
54913
54917
54923
55023
55189
55201
55207
55211
55247
55269
55287
55295
55379
55395
55397
55413
55483
55501
55541
55613
55625
55663
55713
55789
55847
55857
55859
55881
55907
55929
55931
56063
56089
56097
56159
56297
56299
56355
56363
56491
56537
56561
56713
56721
56849
56869
56875
56899
56901
56915
56937
57073
57083
57213
57229
57247
57261
57267
57353
57397
57403
57409
57465
57511
57539
57593
57691
57697
57703
57845
57907
57913
58019
58037
58039
58043
58119
58159
58179
58229
58259
58273
58417
58451
58549
58557
58575
58595
58635
58653
58679
58781
58817
58831
58865
58875
58895
58901
58935
58987
59061
59087
59131
59157
59553
59669
59673
59693
59705
59855
59863
59893
59919
59933
60075
60119
60127
60177
60187
60189
60251
60253
60313
60321
60493
60507
60539
60563
60601
60617
60621
60661
60707
60845
60863
60869
60941
60951
60973
61015
61085
61099
61101
61145
61225
61291
61329
61343
61401
61437
61439
61519
61539
61605
61633
61731
61775
61821
61825
61839
61865
61921
61925
61951
61959
61973
61987
62075
62159
62171
62175
62239
62247
62249
62379
62427
62457
62505
62533
62543
62553
62559
62561
62629
62673
62705
62745
62965
62967
62977
63001
63013
63055
63089
63115
63243
63413
63427
63429
63451
63535
63769
63791
63915
63945
63989
64067
64107
64173
64177
64193
64215
64241
64263
64297
64315
64407
64419
64445
64457
64479
64603
64667
64867
64907
64933
65071
65169
65177
65193
65215
65267
65331
65371
65373
65391
65573
65575
65631
65657
65667
65685
65709
65737
65749
65755
65853
65951
65991
66107
66147
66179
66211
66251
66307
66361
66373
66441
66633
66665
66679
66809
66893
67045
67211
67215
67227
67237
67329
67347
67391
67495
67499
67707
67723
67733
67737
67861
67929
67965
68183
68191
68199
68261
68271
68353
68373
68385
68485
68503
68645
68655
68671
68759
68835
68883
68957
68961
69003
69005
69007
69035
69091
69135
69145
69173
69177
69185
69259
69281
69297
69337
69381
69597
69669
69759
69791
69831
69925
69929
69939
69991
70167
70189
70201
70311
70313
70325
70327
70347
70383
70385
70443
70457
70513
70575
70617
70649
70665
70767
70837
70863
70875
70973
70983
71021
71097
71109
71117
71191
71295
71367
71391
71483
71489
71495
71501
71537
71559
71607
71623
71787
71987
72017
72133
72197
72229
72289
72291
72345
72365
72557
72569
72571
72627
72723
72883
72937
73015
73067
73115
73137
73179
73191
73295
73321
73345
73361
73385
73391
73403
73469
73529
73551
73587
73613
73635
73731
73897
73901
73929
73947
73955
73989
74003
74025
74069
74077
74161
74265
74349
74437
74439
74465
74501
74553
74583
74587
74675
74785
74799
74905
74921
74949
75051
75125
75215
75251
75297
75311
75321
75363
75417
75425
75481
75515
75519
75599
75765
75815
75819
75829
75877
75939
75977
76027
76133
76225
76281
76323
76333
76347
76489
76501
76521
76525
76599
76617
76621
76625
76743
76797
76825
76839
76841
76851
76953
77071
77077
77181
77205
77219
77295
77325
77441
77595
77607
77613
77681
77705
77741
77773
77807
77881
78087
78095
78169
78223
78273
78423
78531
78705
78723
78845
78899
78937
78973
78991
79007
79059
79077
79145
79247
79421
79523
79557
79573
79707
79759
79767
79825
79853
79907
79937
79939
79959
80035
80065
80083
80131
80161
80193
80195
80289
80307
80363
80389
80549
80695
80719
80757
80789
80809
80885
80893
80951
80987
81085
81097
81107
81165
81193
81287
81329
81389
81539
81541
81579
81585
81613
81715
81853
81895
81927
82009
82035
82121
82191
82227
82231
82341
82365
82417
82473
82493
82497
82525
82541
82621
82643
82697
82791
82807
82815
82843
82877
82895
82993
83039
83065
83137
83155
83179
83185
83189
83201
83219
83237
83259
83377
83391
83513
83589
83615
83631
83653
83727
83747
83803
83901
83921
83927
84059
84061
84095
84117
84143
84181
84201
84319
84375
84415
84665
84695
84699
84749
84789
84815
84817
84907
84925
85029
85075
85095
85107
85191
85213
85261
85277
85369
85389
85455
85473
85505
85529
85613
85619
85633
85661
85683
85721
85783
85883
85955
85983
86071
86089
86111
86131
86197
86245
86255
86289
86305
86389
86573
86605
86611
86613
86725
86735
86801
86819
86847
86899
86907
86955
87015
87121
87193
87207
87299
87343
87373
87401
87409
87479
87481
87605
87627
87679
87713
87721
87787
87795
87833
87965
87975
88011
88023
88051
88063
88097
88111
88161
88163
88199
88239
88375
88471
88487
88503
88511
88517
88537
88543
88599
88667
88685
88863
89013
89037
89051
89131
89301
89327
89387
89447
89471
89513
89515
89519
89523
89597
89733
89779
89805
89807
89847
89879
89917
89985
90039
90151
90195
90197
90313
90345
90457
90463
90595
90613
90683
90697
90765
90835
90887
90947
91153
91155
91237
91291
91449
91461
91597
91621
91671
91687
91701
91709
91731
91759
91763
91805
91827
91853
91923
91933
92003
92061
92135
92151
92159
92171
92179
92255
92307
92343
92467
92517
92527
92533
92541
92551
92793
92803
92835
92887
92889
92901
92917
93191
93221
93255
93267
93273
93285
93323
93337
93357
93385
93423
93537
93541
93557
93627
93645
93687
93733
93751
93791
93793
93815
94041
94091
94095
94201
94275
94281
94331
94355
94373
94447
94457
94549
94567
94613
94679
94683
94733
94827
94833
94899
95065
95153
95259
95329
95437
95487
95561
95585
95611
95691
95695
95703
95723
95743
95783
95911
95919
95925
96057
96079
96129
96261
96297
96303
96313
96317
96401
96565
96705
96711
96719
96733
96767
96775
96791
96815
96839
96891
96893
96991
97011
97031
97147
97169
97171
97173
97201
97223
97269
97303
97525
97547
97579
97617
97653
97671
97693
97729
97823
97929
97949
97953
98071
98135
98147
98149
98169
98237
98359
98369
98387
98399
98419
98431
98515
98715
98721
98745
98753
98779
98805
98837
98891
98983
98999
99043
99047
99069
99151
99205
99275
99443
99517
99581
99587
99691
99727
99749
99775
99873
99917
99947
99957
99975
99995
100113
100141
100177
100201
100251
100335
100377
100385
100387
100571
100649
100693
100757
100779
100783
100785
100833
100839
100849
101075
101147
101171
101197
101261
101341
101363
101559
101665
101743
101769
101849
101937
101951
101979
102035
102049
102155
102199
102279
102321
102409
102461
102531
102533
102547
102589
102625
102737
102747
102873
102885
103093
103133
103169
103187
103251
103257
103557
103687
103737
103769
103787
103793
103855
103877
103975
103983
104073
104093
104131
104147
104173
104179
104203
104219
104253
104347
104355
104365
104379
104431
104453
104459
104577
104615
104671
104695
104707
104723
104747
104919
105019
105115
105197
105255
105335
105341
105391
105433
105453
105465
105519
105521
105523
105533
105565
105569
105577
105607
105803
105941
105947
105963
106061
106071
106085
106205
106231
106241
106283
106297
106321
106371
106399
106475
106511
106555
106793
106799
106829
106851
106891
106915
106919
106921
107047
107053
107093
107115
107259
107267
107387
107455
107511
107595
107665
107685
107695
107699
107775
107853
107891
107975
108009
108049
108089
108097
108131
108143
108153
108171
108253
108279
108323
108367
108411
108413
108433
108453
108473
108495
108505
108547
108599
108615
108793
108805
108809
108817
108923
108925
109077
109113
109333
109355
109589
109701
109781
109925
110083
110099
110153
110169
110183
110281
110375
110411
110413
110427
110459
110487
110491
110617
110687
110763
110875
110929
110975
110977
111071
111291
111317
111331
111355
111367
111475
111491
111609
111655
111703
111717
111767
111927
111945
112133
112203
112207
112299
112325
112409
112535
112573
112609
112611
112639
112729
112757
112787
112817
112855
112911
112933
112945
113181
113389
113425
113455
113485
113523
113603
113813
113829
113843
113925
113935
113957
113965
113969
114061
114349
114353
114355
114361
114381
114403
114411
114447
114475
114497
114503
114551
114555
114583
114617
114683
114733
114837
114841
114855
114933
114957
115027
115047
115049
115147
115177
115199
115267
115283
115311
115315
115455
115505
115515
115581
115611
115623
115625
115705
115775
116021
116049
116171
116199
116203
116267
116277
116367
116415
116435
116439
116509
116577
116611
116707
116713
116729
116767
116795
116987
117153
117161
117169
117219
117337
117349
117361
117363
117407
117547
117601
117607
117611
117617
117679
117769
117771
117815
117873
117877
117887
117945
117955
117973
118115
118123
118135
118159
118195
118313
118335
118373
118397
118449
118453
118577
118619
118669
118753
118781
118799
118817
118831
118899
118909
118997
119031
119069
119131
119195
119229
119313
119357
119461
119521
119649
119705
119711
119715
119733
119783
119887
120045
120071
120085
120223
120237
120251
120275
120329
120417
120457
120631
120651
120721
120741
120755
120783
120813
120879
120889
120921
120965
121045
121057
121071
121113
121177
121341
121361
121481
121557
121603
121639
121641
121671
121673
121691
121745
121821
121829
121853
121929
121943
122009
122017
122125
122213
122371
122387
122419
122461
122527
122581
122595
122665
122715
122749
122807
122839
122843
123057
123077
123105
123141
123205
123393
123397
123463
123519
123937
123977
124007
124019
124045
124047
124117
124121
124149
124375
124447
124465
124519
124547
124645
124661
124719
124725
124801
124951
124957
125001
125069
125095
125135
125147
125151
125173
125179
125223
125335
125359
125371
125437
125495
125497
125505
125507
125527
125591
125669
125699
125701
125811
125833
125917
125931
125943
126061
126103
126141
126171
126197
126257
126305
126447
126645
126679
126817
126829
126845
126859
126887
126923
126969
126987
126991
127135
127151
127191
127215
127253
127303
127419
127451
127485
127541
127557
127567
127705
127751
127813
127873
127991
128135
128151
128525
128547
128557
128591
128609
128665
128725
128729
128731
128891
129035
129057
129209
129597
129781
129789
129813
129867
129891
129893
129919
129973
129991
130011
130103
130117
130121
130181
130189
130281
130285
130307
130393
130421
130443
130467
130501
130547
130699
130767
130769
130803
130853
130913
130977
131025
131065
131073
131115
131177
131181
131187
131203
131299
131339
131411
131445
131489
131541
131581
131627
131723
131739
131761
131769
131915
131935
132031
132073
132093
132103
132193
132201
132221
132335
132505
132551
132631
132907
132931
133051
133069
133121
133203
133253
133287
133313
133411
133585
133665
133673
133731
133807
133887
133939
134189
134211
134217
134233
134245
134323
134425
134433
134491
134521
134539
134549
134583
134671
134833
134945
134953
134989
135037
135067
135071
135083
135109
135125
135131
135275
135359
135381
135501
135525
135567
135617
135623
135633
135695
135761
135765
135807
135847
135989
135997
136001
136015
136117
136151
136187
136209
136229
136271
136285
136301
136351
136477
136519
136533
136569
136589
136721
136801
136807
136835
136949
136991
137105
137135
137183
137201
137287
137481
137575
137679
137683
137743
137763
137783
137835
137881
137929
138105
138135
138287
138323
138343
138349
138379
138417
138421
138487
138527
138603
138611
138703
138727
138737
138921
138939
139073
139083
139115
139127
139313
139315
139351
139527
139593
139615
139645
139655
139873
139909
139955
139993
140065
140075
140085
140149
140213
140259
140277
140291
140381
140457
140567
140677
140803
140917
141071
141131
141159
141191
141197
141205
141263
141297
141313
141389
141409
141415
141525
141605
141607
141621
141721
141735
141811
141893
141901
141911
141995
142107
142261
142267
142303
142427
142431
142577
142579
142625
142809
142937
142985
143101
143337
143341
143361
143371
143477
143529
143599
143795
143819
143833
144023
144131
144145
144149
144227
144255
144353
144469
144567
144641
144703
144733
144741
144829
144869
144979
145001
145013
145027
145079
145101
145105
145127
145139
145151
145187
145259
145301
145359
145395
145457
145509
145579
145609
145699
145801
145863
145909
145949
145971
146045
146211
146217
146253
146265
146307
146337
146359
146397
146517
146563
146569
146621
146699
146761
146775
146869
146931
146939
146973
147017
147239
147275
147335
147339
147393
147439
147511
147523
147695
147713
147779
147787
147831
147931
147933
147937
147961
148027
148035
148087
148143
148183
148189
148239
148241
148335
148381
148413
148501
148533
148555
148557
148611
148617
148653
148675
148701
148763
148919
148961
149013
149105
149169
149177
149191
149199
149219
149245
149271
149277
149327
149333
149401
149531
149585
149729
149789
149799
149827
149879
149993
150027
150057
150169
150171
150253
150309
150421
150439
150459
150463
150483
150535
150557
150581
150591
150597
150627
150649
150679
150731
150763
150831
150883
150895
150945
150971
151033
151061
151115
151149
151197
151201
151333
151347
151357
151405
151473
151571
151611
151665
151677
151779
151805
151865
151999
152191
152289
152323
152327
152355
152383
152387
152483
152523
152605
152753
152765
152793
152841
152865
152919
152947
152953
153511
153529
153547
153613
153723
153783
153785
153837
154033
154149
154173
154239
154287
154393
154401
154419
154529
154531
154537
154565
154611
154691
154733
154827
154945
155077
155095
155111
155135
155233
155285
155291
155359
155393
155405
155475
155529
155573
155579
155595
155601
155685
155703
155707
155711
155785
155789
155829
155881
155951
156003
156079
156191
156257
156299
156469
156717
156727
156751
156765
156843
156859
156881
156949
156983
157005
157141
157251
157261
157285
157317
157395
157409
157469
157493
157495
157567
157611
157647
157713
157731
157775
157863
157891
157901
157911
157923
157953
158035
158087
158213
158303
158311
158351
158375
158385
158389
158407
158427
158481
158551
158559
158563
158571
158723
158803
158871
158907
159057
159215
159339
159425
159447
159451
159501
159505
159511
159691
159719
159857
159961
159997
160089
160151
160235
160267
160367
160437
160473
160627
160653
160667
160679
160681
160711
160769
160823
160933
160941
161009
161011
161033
161059
161123
161185
161187
161193
161217
161257
161423
161465
161481
161563
161631
161661
161693
161799
161809
161825
161839
161845
161995
162005
162089
162091
162101
162155
162209
162255
162389
162471
162541
162543
162645
162693
162737
162761
162831
162895
162899
162919
163031
163125
163147
163179
163233
163365
163369
163603
163627
163749
163765
163767
163797
163831
163905
163965
163977
164009
164211
164275
164293
164311
164329
164389
164475
164477
164487
164515
164631
164689
164717
164785
164875
164929
164931
165079
165241
165249
165363
165471
165583
165591
165623
165651
165781
165823
165883
165989
166043
166071
166153
166155
166271
166359
166365
166373
166425
166511
166513
166537
166559
166585
166621
166645
166731
166767
167041
167077
167145
167149
167225
167313
167351
167405
167415
167475
167515
167529
167535
167603
167651
167767
167785
167859
167907
167981
167991
167999
168077
168083
168161
168237
168251
168431
168485
168511
168515
168527
168669
168719
168925
168933
168989
169021
169491
169529
169669
169739
169841
169955
170059
170137
170167
170171
170199
170239
170245
170305
170307
170309
170349
170379
170437
170453
170551
170591
170689
170691
170711
170717
170729
170755
170867
171105
171217
171265
171269
171301
171393
171447
171493
171667
171687
171717
171801
171803
171841
171885
171925
171933
171969
171975
172067
172077
172111
172201
172235
172295
172361
172367
172579
172603
172613
172617
172647
172653
172691
172731
172761
172783
172863
172983
173211
173237
173331
173353
173365
173447
173461
173511
173599
173725
173827
173943
174001
174051
174147
174191
174213
174301
174331
174359
174413
174647
174781
174851
174853
174875
174887
174985
174993
175277
175295
175301
175351
175369
175523
175533
175567
175573
175597
175677
175823
175911
175923
175929
175959
175987
176043
176099
176127
176175
176187
176275
176357
176359
176375
176421
176575
176635
176651
176709
176757
176761
176817
176853
176945
176977
177009
177081
177095
177279
177285
177337
177349
177387
177407
177419
177423
177427
177461
177469
177497
177571
177631
177735
177747
177753
177885
177889
177929
177995
178005
178065
178121
178233
178261
178281
178339
178351
178421
178437
178443
178445
178577
178681
178723
178769
178853
178885
178899
178901
178927
179063
179071
179091
179175
179191
179207
179281
179313
179355
179409
179543
179627
179653
179679
179715
179881
179909
180033
180075
180085
180155
180251
180279
180301
180549
180655
180727
180777
180801
180809
180815
180843
180909
181067
181161
181189
181329
181381
181417
181423
181479
181545
181547
181719
181821
181849
181881
181891
181997
182025
182063
182083
182095
182301
182443
182563
182569
182581
182673
182731
182783
182819
182837
182849
182857
182911
182937
182951
182953
182973
183053
183055
183177
183219
183337
183371
183379
183391
183411
183449
183509
183549
183639
183643
183761
183801
183851
183881
183895
183959
184079
184081
184101
184153
184203
184297
184429
184473
184495
184501
184519
184527
184533
184555
184587
184661
184717
184735
184821
184885
184887
184925
184941
184973
185049
185191
185301
185381
185453
185621
185693
185729
185747
185863
185905
185939
186049
186117
186149
186165
186181
186199
186243
186279
186363
186409
186455
186473
186531
186619
186775
186781
186787
186811
186839
186851
186857
186935
186977
186979
187013
187021
187027
187047
187069
187099
187103
187309
187311
187399
187507
187541
187551
187761
187767
187825
187849
187929
187971
187993
188193
188253
188399
188459
188529
188533
188627
188641
188713
188739
188751
188799
188843
188857
188867
188871
188899
188907
188913
189009
189057
189089
189121
189125
189155
189237
189249
189287
189327
189365
189409
189415
189423
189451
189453
189485
189521
189581
189621
189623
189629
189641
189653
189721
189755
189769
189773
189775
189833
189975
190123
190151
190213
190343
190411
190481
190501
190535
190543
190605
190675
190703
190739
190741
190749
190759
190785
190813
190821
190837
190895
190903
190929
191061
191165
191321
191325
191383
191429
191457
191553
191565
191589
191593
191619
191675
191725
191839
191845
191875
191897
191905
192051
192163
192183
192277
192353
192369
192423
192427
192441
192549
192571
192657
192727
192743
192757
192801
192929
193007
193051
193177
193299
193329
193331
193419
193601
193699
193759
193797
193801
193939
193953
193971
194003
194031
194111
194141
194259
194411
194435
194777
194787
194847
194865
194883
194935
194971
195013
195117
195175
195177
195201
195269
195271
195351
195355
195391
195411
195567
195625
195825
195839
195847
195859
195977
195983
196013
196199
196229
196293
196337
196403
196421
196465
196527
196555
196561
196633
196831
196835
196863
196887
196897
196937
196995
197019
197185
197237
197327
197435
197467
197541
197577
197703
197757
197779
197963
198003
198009
198115
198227
198239
198369
198477
198559
198603
198629
198709
198753
198801
198825
198839
198849
198921
198953
198983
198995
199011
199019
199029
199137
199147
199247
199253
199255
199267
199317
199335
199521
199523
199543
199561
199613
199653
199699
199717
199847
199965
200003
200105
200235
200423
200425
200431
200613
200783
200833
200875
200877
200881
200901
200975
201097
201137
201167
201183
201211
201237
201239
201253
201293
201389
201519
201675
201771
201781
201941
201995
202039
202067
202313
202403
202447
202539
202593
202597
202721
202789
202891
202921
203113
203127
203213
203255
203309
203365
203431
203447
203565
203595
203619
203663
203701
203773
203783
203833
203991
204023
204061
204109
204175
204369
204447
204461
204547
204567
204573
204575
204595
204613
204627
204655
204659
204679
204687
204705
204885
204955
204969
204971
205055
205193
205227
205349
205399
205407
205423
205469
205495
205567
205579
205683
205689
205787
205837
205975
206001
206039
206071
206089
206143
206163
206243
206261
206283
206335
206375
206379
206407
206417
206419
206437
206459
206567
206683
206705
206713
206895
206987
207149
207245
207273
207275
207355
207363
207473
207579
207583
207585
207783
207945
207971
208009
208103
208135
208159
208161
208189
208241
208267
208269
208331
208339
208385
208553
208615
208643
208651
208655
208671
208679
208771
208847
208925
209129
209171
209219
209273
209287
209401
209411
209431
209445
209505
209563
209577
209593
209653
209699
209709
209817
209835
209837
210009
210307
210355
210443
210547
210583
210589
210881
210959
210981
211015
211041
211093
211179
211191
211207
211235
211241
211281
211297
211319
211347
211363
211385
211399
211417
211475
211497
211645
211703
211727
211777
211789
211791
211819
211919
211943
211969
211977
212033
212067
212069
212071
212091
212155
212199
212317
212333
212339
212373
212401
212531
212601
212667
212703
212721
212735
212747
212841
212891
212927
213011
213025
213065
213073
213117
213167
213311
213335
213427
213453
213505
213535
213633
213695
213889
213957
214017
214063
214089
214147
214169
214187
214189
214205
214225
214237
214241
214383
214483
214537
214563
214709
214729
214759
214763
214939
214947
214957
215057
215063
215125
215239
215357
215373
215481
215529
215613
215615
215719
215731
215771
215835
215875
215951
215997
216073
216149
216191
216219
216235
216253
216285
216313
216381
216469
216519
216527
216553
216589
216703
216741
216745
216785
216833
216881
216927
217005
217049
217183
217337
217489
217579
217653
217725
217837
217949
217963
217967
218061
218127
218347
218397
218413
218447
218557
218695
218721
218735
218829
218855
218889
219029
219049
219259
219401
219439
219443
219781
219805
219895
219921
219939
220079
220107
220143
220203
220247
220319
220407
220413
220455
220483
220497
220503
220549
220581
220757
220787
220865
220909
220945
221053
221055
221103
221185
221193
221327
221469
221505
221539
221769
221865
221989
221997
222049
222113
222133
222141
222155
222251
222321
222327
222485
222489
222599
222623
222647
222875
222897
222903
222971
222977
222979
223079
223099
223125
223209
223211
223215
223347
223375
223385
223545
223603
223641
223659
223689
223763
223913
223937
224023
224101
224231
224257
224281
224343
224355
224357
224361
224415
224495
224499
224541
224593
224649
224651
224693
224747
224765
224793
224975
225101
225213
225243
225267
225275
225335
225417
225459
225467
225513
225539
225599
225737
225823
225847
225881
225903
225905
225999
226085
226133
226191
226233
226295
226371
226493
226561
226599
226885
226927
226931
226983
227071
227091
227099
227135
227165
227181
227191
227223
227253
227267
227283
227319
227357
227359
227361
227393
227403
227405
227449
227455
227483
227497
227549
227573
227603
227645
227709
227741
227757
227821
227831
227857
227869
227977
228035
228145
228223
228369
228485
228493
228529
228539
228543
228565
228757
228799
228805
228873
228933
229113
229129
229233
229255
229281
229287
229291
229297
229343
229347
229415
229489
229583
229659
229673
229709
229869
230099
230107
230167
230175
230243
230283
230303
230319
230331
230459
230477
230513
230533
230609
230651
230683
230777
230817
230887
230901
230959
230971
231005
231055
231095
231127
231167
231289
231327
231359
231481
231525
231539
231597
231631
231825
231887
232015
232097
232099
232229
232377
232433
232437
232453
232459
232485
232535
232559
232571
232605
232639
232649
232697
232769
232797
232799
232807
232833
232849
232957
232971
233165
233181
233237
233283
233291
233357
233389
233419
233455
233483
233491
233591
233593
233659
233697
233741
233761
233875
233921
234119
234155
234219
234269
234393
234473
234655
234661
234793
234815
234819
234829
234943
234975
234999
235047
235343
235351
235475
235573
235591
235599
235671
235759
235793
235807
235875
235881
235919
236001
236173
236199
236313
236339
236349
236381
236399
236445
236473
236589
236681
236707
236753
236791
236985
236997
237051
237201
237305
237505
237795
237819
237837
237873
237985
238009
238061
238079
238081
238149
238217
238587
238591
238899
238973
238983
238999
239079
239107
239123
239163
239181
239185
239225
239229
239263
239305
239425
239543
239549
239607
239613
239665
239805
239821
239867
239873
239889
239921
239943
239969
240013
240027
240125
240331
240413
240469
240551
240651
240853
240859
240901
240913
240939
240963
241067
241131
241145
241163
241199
241277
241283
241303
241409
241431
241557
241633
241677
241727
241763
241773
241879
242083
242249
242281
242289
242343
242421
242511
242531
242553
242557
242759
242769
242773
242793
242855
242969
242975
243021
243119
243177
243309
243483
243567
243583
243701
243721
243769
243827
243887
243891
243893
243907
243915
243919
243981
243993
244123
244163
244241
244249
244275
244325
244443
244451
244481
244541
244599
244609
244627
244719
244843
244929
245005
245117
245173
245217
245287
245357
245419
245433
245445
245505
245523
245591
245679
245719
245745
245801
245879
245887
245897
245917
246053
246073
246081
246087
246129
246143
246171
246187
246265
246333
246351
246383
246471
246645
246765
246821
246875
246965
246979
247193
247285
247309
247315
247337
247349
247375
247397
247439
247445
247485
247523
247541
247681
247703
247717
247723
247751
247761
247773
247791
247899
247923
247953
247955
247973
248015
248017
248109
248163
248187
248235
248323
248391
248409
248529
248585
248605
248679
248707
248711
248789
248869
248877
248991
249057
249123
249133
249157
249265
249389
249431
249603
249687
249691
249769
249779
249869
249903
249909
249969
250039
250087
250101
250159
250163
250179
250213
250245
250261
250367
250449
250465
250511
250553
250649
250653
250687
250691
250753
250771
250795
250837
250921
250965
251007
251075
251557
251579
251613
251647
251691
251771
251821
251833
251847
251853
251869
251891
251927
251963
251985
252005
252033
252105
252169
252281
252283
252487
252587
252631
252687
252747
252771
252803
252929
252967
253051
253059
253097
253165
253257
253371
253563
253565
253571
253681
253713
253743
253765
253865
253871
253967
254025
254083
254091
254281
254367
254377
254493
254641
254701
254973
255117
255277
255361
255383
255403
255439
255489
255515
255587
255635
255661
255687
255705
255799
255901
255907
255921
255943
255995
256073
256113
256129
256273
256335
256347
256453
256459
256515
256529
256561
256571
256597
256609
256639
256685
256821
256835
256865
256909
256967
257035
257047
257059
257073
257135
257221
257229
257237
257425
257465
257477
257495
257511
257523
257659
257691
257753
257755
257777
257795
257855
257905
257981
258103
258115
258125
258135
258143
258215
258297
258439
258513
258541
258595
258709
258775
258901
259025
259147
259189
259263
259265
259277
259337
259339
259355
259427
259497
259519
259551
259637
259653
259673
259951
259969
260083
260093
260163
260189
260197
260219
260241
260291
260361
260397
260431
260437
260525
260567
260579
260591
260647
260987
261031
261099
261117
261149
261181
261195
261257
261295
261359
261455
261481
261487
261525
261675
261719
261739
261765
261835
261941
261981
262001
262037
262059
262177
262203
262205
262209
262241
262469
262493
262521
262553
262585
262651
262683
262779
262833
262841
262873
262961
263081
263123
263157
263197
263221
263253
263307
263417
263429
263533
263555
263629
263651
263657
263731
263775
263837
263901
263921
263995
264045
264129
264135
264141
264153
264157
264191
264235
264275
264369
264413
264425
264427
264525
264699
264775
264835
264901
265117
265227
265259
265317
265393
265395
265431
265485
265489
265527
265553
265659
265739
265921
266039
266069
266119
266157
266193
266283
266341
266379
266437
266455
266617
266675
266725
266901
266951
266957
266959
267031
267055
267121
267153
267195
267247
267303
267305
267331
267333
267345
267423
267427
267525
267621
267631
267645
267947
267967
268009
268121
268133
268197
268303
268317
268367
268397
268407
268481
268483
268523
268553
268617
268655
268693
268703
268893
268907
268987
269003
269007
269021
269081
269089
269105
269183
269269
269283
269309
269357
269417
269435
269459
269567
269741
269845
269849
269937
269949
269957
269963
270019
270065
270183
270217
270225
270265
270283
270365
270433
270445
270613
270633
270639
270691
270797
270847
270919
270929
270961
270977
270989
271021
271031
271113
271187
271429
271443
271613
271659
271699
271715
271741
271805
271885
271907
272011
272035
272121
272267
272297
272323
272335
272363
272393
272543
272593
272725
272743
272839
272849
272883
272933
273039
273063
273069
273115
273125
273147
273201
273243
273257
273261
273271
273315
273377
273393
273417
273443
273479
273549
273567
273571
273619
273641
273659
273685
273783
273925
274057
274109
274115
274251
274331
274359
274473
274505
274559
274595
274757
274795
274913
274939
275065
275295
275303
275321
275529
275615
275617
275739
275843
275891
276049
276085
276127
276165
276313
276345
276347
276423
276427
276499
276511
276649
276665
276677
276747
276791
276807
276809
276815
276983
276991
277019
277069
277075
277191
277203
277233
277241
277373
277495
277539
277589
277657
277695
277727
277729
277775
277815
277823
277891
277901
277903
277961
278037
278193
278205
278275
278325
278357
278395
278417
278455
278487
278535
278567
278593
278631
278719
278753
278787
278853
278867
278891
278911
278941
279047
279051
279153
279155
279161
279163
279277
279307
279339
279355
279417
279463
279545
279551
279555
279589
279659
279725
279763
279773
279775
279787
279877
279921
280023
280033
280095
280097
280125
280141
280157
280241
280249
280273
280325
280333
280409
280519
280535
280617
280671
280701
280745
280803
280881
280901
280959
280965
280991
280997
281013
281023
281057
281101
281213
281315
281397
281423
281505
281529
281603
281769
281967
282035
282069
282103
282149
282191
282273
282309
282369
282427
282457
282491
282493
282507
282571
282641
282853
282975
283015
283037
283045
283061
283095
283129
283275
283313
283325
283385
283427
283471
283537
283809
283825
283909
284033
284043
284117
284295
284347
284401
284419
284429
284583
284591
284609
284647
284827
284913
284927
284981
285007
285045
285067
285083
285275
285313
285383
285395
285449
285463
285525
285537
285545
285551
285611
285615
285657
285667
285697
285779
285803
285843
285919
285947
285969
285993
286013
286089
286123
286165
286173
286175
286221
286271
286317
286331
286393
286431
286439
286565
286599
286621
286635
286639
286645
286685
286711
286721
286745
286749
286761
286779
286815
286817
286831
286879
286895
287037
287127
287179
287225
287235
287265
287273
287511
287543
287597
287807
287817
287853
287913
288043
288069
288087
288123
288245
288297
288313
288359
288431
288443
288449
288495
288499
288635
288667
288711
288713
288757
288781
288873
288877
288915
288941
288971
289013
289139
289157
289239
289285
289319
289333
289389
289475
289531
289599
289739
289743
289801
289811
289933
290035
290133
290141
290223
290285
290297
290483
290661
290671
290673
290677
290687
290807
290881
291029
291057
291095
291253
291297
291365
291383
291467
291501
291525
291565
291675
291813
291855
291957
292043
292093
292191
292207
292223
292335
292415
292417
292473
292491
292541
292665
292723
292733
292741
292761
292915
292981
293047
293119
293173
293215
293221
293345
293351
293415
293457
293493
293513
293531
293623
293747
293903
293907
293919
293949
294081
294089
294115
294125
294185
294359
294377
294581
294707
294863
294913
294955
294975
295039
295113
295197
295229
295237
295303
295363
295365
295371
295445
295449
295461
295595
295599
295685
295703
295785
295909
295931
296001
296003
296055
296093
296229
296251
296321
296325
296331
296335
296417
296431
296551
296555
296605
296643
296673
296717
296731
296747
296781
296813
296899
296923
297001
297097
297251
297297
297321
297375
297489
297501
297609
297717
297763
297805
297817
297837
297851
297855
297875
297901
298079
298093
298151
298301
298331
298369
298429
298487
298601
298641
298659
298711
298757
298855
298867
298881
298923
298963
299007
299175
299253
299313
299373
299389
299401
299549
299553
299579
299623
299729
299741
299841
299955
299995
300077
300133
300205
300263
300281
300301
300311
300319
300333
300353
300355
300411
300447
300499
300507
300555
300605
300641
300691
300791
300883
300969
300999
301005
301047
301059
301211
301267
301277
301339
301411
301447
301461
301513
301557
301569
301591
301623
301711
301799
301833
301889
301971
302025
302033
302041
302289
302339
302393
302403
302419
302463
302533
302547
302551
302593
302669
302687
302705
302755
302791
302823
302937
303057
303165
303305
303341
303491
303495
303501
303563
303579
303599
303701
303705
303709
303803
303811
303825
303949
303969
304263
304285
304495
304551
304609
304611
304701
304731
304747
304921
304975
304997
305005
305159
305173
305227
305297
305445
305501
305537
305551
305741
305865
305933
306011
306017
306037
306043
306143
306325
306367
306489
306519
306529
306591
306727
306773
306823
306851
306897
307099
307133
307167
307205
307225
307261
307299
307309
307319
307483
307531
307549
307681
307719
307785
307787
307795
307895
307937
307979
308011
308089
308115
308253
308475
308491
308595
308619
308647
308837
308845
308983
309015
309071
309143
309147
309157
309279
309335
309415
309423
309453
309609
309611
309631
309671
309865
309877
309901
309931
309951
309997
310007
310119
310171
310203
310221
310315
310397
310587
310749
310765
310879
310979
311103
311105
311173
311265
311275
311311
311409
311419
311431
311511
311541
311543
311599
311601
311607
311635
311645
311657
311675
311683
311685
311697
311715
312047
312423
312499
312503
312561
312639
312879
312933
312961
313073
313173
313251
313279
313315
313349
313359
313367
313489
313537
313575
313587
313695
313769
313783
313789
313869
313879
313919
313935
313971
313981
314021
314119
314143
314147
314157
314219
314297
314301
314305
314317
314375
314381
314457
314459
314479
314561
314631
314653
314805
314837
314875
314965
315015
315017
315049
315057
315095
315135
315163
315189
315221
315249
315267
315355
315363
315371
315435
315461
315609
315621
315713
315737
315739
315799
315837
315857
315863
315889
315953
315961
315979
315985
316061
316097
316135
316155
316191
316259
316277
316301
316315
316343
316403
316421
316445
316527
316579
316603
316633
316637
316649
316691
316723
316743
316823
316887
316913
316943
316979
316989
316995
316999
317043
317055
317067
317229
317265
317351
317395
317589
317617
317625
317677
317713
317815
317853
317907
317931
317941
317945
317999
318013
318031
318055
318125
318139
318143
318209
318267
318283
318301
318475
318499
318511
318535
318557
318595
318689
318717
318739
318841
318851
318863
318923
318937
318941
319157
319283
319347
319371
319419
319477
319479
319627
319637
319647
319689
319721
319889
319929
320011
320067
320123
320351
320379
320389
320427
320519
320521
320527
320653
320673
320687
320729
320755
320791
320803
320875
320915
320965
321063
321149
321177
321281
321345
321363
321373
321415
321495
321505
321539
321617
321639
321669
321683
321711
321735
321793
321813
321825
321829
322005
322011
322041
322155
322227
322441
322445
322613
322615
322631
322695
322877
322901
322939
323007
323009
323057
323107
323121
323125
323205
323215
323371
323373
323391
323393
323421
323433
323459
323603
323663
323721
323801
323813
323817
323851
323887
324013
324045
324081
324151
324201
324205
324377
324403
324411
324443
324463
324545
324719
324761
324773
324791
324835
324839
324901
325041
325057
325253
325305
325369
325409
325509
325641
325693
325703
325831
325855
325895
325917
326023
326029
326031
326185
326219
326317
326365
326403
326459
326499
326517
326597
326601
326685
326689
326699
326717
326801
326899
327037
327069
327107
327171
327307
327485
327493
327533
327617
327661
327689
327695
327741
327851
327875
327959
327973
327975
328013
328327
328399
328415
328535
328657
328709
328723
328861
328913
328997
329013
329125
329145
329171
329207
329213
329227
329239
329305
329317
329341
329419
329477
329503
329533
329541
329645
329649
329699
329727
329981
329983
330213
330245
330291
330335
330369
330407
330547
330555
330737
330739
330759
330763
330769
330773
330783
330911
331087
331143
331229
331319
331345
331399
331465
331521
331585
331637
331705
331769
331837
331841
331959
331965
331995
332037
332091
332209
332211
332213
332263
332273
332281
332349
332555
332577
332601
332703
332713
332861
332867
332915
332943
332989
333033
333119
333169
333179
333181
333219
333279
333401
333429
333489
333535
333631
333851
333885
333909
333935
334043
334089
334149
334157
334213
334273
334373
334383
334491
334565
334569
334619
334655
334681
334683
334749
334755
334845
334953
335017
335315
335333
335395
335439
335473
335515
335663
335771
336013
336105
336203
336255
336263
336389
336437
336507
336511
336633
336643
336647
336673
336725
336745
336763
336825
336837
337007
337061
337081
337139
337205
337313
337371
337405
337473
337517
337523
337589
337695
337723
337787
337825
337911
338063
338163
338191
338327
338357
338415
338483
338649
338695
338753
338773
338869
339065
339141
339209
339235
339263
339393
339405
339483
339499
339513
339573
339671
339701
339733
339785
339839
339845
339851
339853
339889
339927
339985
339987
340023
340025
340065
340141
340203
340205
340223
340255
340325
340357
340497
340543
340545
340567
340611
340633
340649
340667
340673
340691
340873
340883
340955
341029
341223
341273
341277
341349
341383
341443
341445
341449
341451
341513
341559
341741
341785
341833
341839
341843
341907
341943
341983
342125
342129
342207
342367
342411
342519
342545
342629
342637
342767
342913
342967
343149
343191
343209
343229
343331
343353
343403
343407
343417
343445
343477
343499
343531
343673
343751
343773
343809
343901
343919
344075
344173
344193
344217
344449
344515
344533
344537
344551
344601
344619
344677
344749
344795
344797
344921
344927
344943
344965
344979
345027
345051
345073
345077
345101
345125
345139
345199
345289
345305
345325
345341
345427
345531
345589
345615
345709
345719
345795
345809
345859
345901
345927
346001
346053
346293
346379
346405
346437
346517
346589
346683
346831
346883
346915
346921
346961
346973
347033
347093
347107
347185
347263
347413
347439
347555
347559
347567
347573
347591
347621
347627
347679
347697
347735
347771
347941
348141
348145
348187
348207
348243
348353
348413
348677
348703
348713
348813
348843
348947
348953
349037
349049
349099
349125
349157
349159
349305
349423
349455
349497
349545
349611
349615
349729
349869
349935
350007
350145
350153
350173
350181
350191
350329
350333
350363
350457
350485
350529
350597
350633
350693
350741
350755
350853
350919
350935
351083
351117
351137
351311
351367
351375
351393
351399
351409
351475
351549
351783
351851
351879
351907
351943
351999
352023
352039
352119
352121
352243
352399
352419
352639
352675
352707
352721
352825
352845
352849
353065
353075
353111
353189
353377
353533
353547
353563
353677
353883
353903
353977
354077
354087
354093
354121
354155
354185
354265
354297
354317
354331
354341
354347
354355
354359
354473
354589
354747
354799
354823
354839
354853
354867
354921
354945
354967
355103
355115
355129
355155
355245
355443
355457
355589
355605
355607
355683
355749
355763
356085
356123
356169
356177
356223
356243
356279
356293
356297
356299
356367
356375
356383
356483
356545
356585
356643
356935
356971
356985
357053
357233
357349
357357
357363
357395
357409
357571
357635
357661
357697
357739
357833
357877
357951
357987
357989
358015
358077
358085
358089
358097
358107
358129
358131
358195
358229
358239
358335
358371
358407
358471
358509
358521
358621
358665
358677
358711
358743
358797
358887
358921
358937
358973
359033
359041
359069
359173
359381
359387
359439
359629
359635
359669
359677
359691
359763
359857
359899
360111
360145
360185
360333
360459
360495
360549
360633
360635
360637
360673
360687
360735
360791
360839
360847
360925
360927
360975
360985
361045
361137
361191
361207
361255
361347
361397
361461
361517
361535
361559
361577
361583
361621
361639
361663
361757
361809
361825
361969
362085
362225
362231
362239
362271
362339
362367
362421
362495
362501
362527
362573
362675
362699
362785
362797
362903
362945
363027
363085
363265
363503
363629
363671
363737
363751
363777
363787
363799
363859
363969
363991
364025
364051
364073
364095
364297
364341
364379
364729
364741
364829
364947
364997
365007
365021
365205
365269
365377
365407
365417
365449
365455
365489
365499
365507
365525
365535
365597
365679
365747
365791
365877
365941
365943
365987
366025
366045
366189
366229
366459
366487
366539
366545
366555
366559
366611
366793
366853
366913
366915
366951
367039
367089
367119
367123
367151
367285
367361
367397
367451
367469
367497
367509
367645
367669
367705
367711
367765
367825
367857
367933
367937
368071
368097
368099
368101
368191
368199
368409
368419
368421
368559
368573
368741
368867
368913
368935
368959
368981
369023
369133
369181
369267
369293
369319
369327
369337
369413
369415
369579
369643
369683
369749
369797
369899
369983
369987
370087
370117
370137
370145
370163
370185
370263
370393
370461
370593
370675
370699
370763
370921
370981
371007
371187
371357
371475
371543
371661
371671
371807
371877
371883
371959
371969
372039
372059
372087
372101
372181
372185
372253
372271
372319
372393
372407
372463
372469
372497
372657
372765
372811
372867
372897
372983
373021
373051
373073
373175
373183
373225
373249
373289
373349
373379
373411
373525
373583
373673
373759
373785
373791
373813
373845
373947
374069
374151
374197
374297
374379
374403
374423
374441
374503
374513
374529
374881
374967
375113
375131
375183
375269
375309
375363
375373
375461
375475
375535
375587
375607
375637
375665
375667
375819
375877
375971
375977
376065
376123
376125
376179
376187
376195
376201
376337
376469
376675
376687
376753
376781
376787
376855
376869
376925
376995
377003
377041
377077
377109
377161
377173
377201
377211
377229
377257
377537
377551
377595
377739
377751
377779
377809
377853
377995
378035
378075
378123
378145
378293
378411
378413
378419
378463
378489
378511
378521
378631
378645
378651
378655
378713
378869
378871
378877
378907
378917
378921
378941
379133
379171
379263
379363
379449
379473
379495
379567
379627
379685
379689
379779
379837
379931
379949
379963
379999
380093
380145
380147
380153
380213
380301
380321
380447
380471
380563
380627
380667
380795
380907
381043
381205
381209
381225
381263
381289
381319
381365
381443
381517
381571
381607
381673
381865
381891
381895
382015
382085
382145
382165
382205
382259
382321
382365
382387
382411
382439
382461
382489
382547
382599
382663
382765
382797
382841
382851
382853
382863
382927
383009
383101
383171
383183
383249
383359
383387
383521
383547
383737
383771
383851
383983
384081
384127
384229
384261
384451
384495
384513
384515
384555
384557
384687
384821
384839
384867
385165
385185
385199
385323
385399
385439
385443
385519
385623
385629
385633
385665
385677
385703
385745
385809
385837
385851
385897
385901
385939
386001
386057
386101
386245
386247
386281
386349
386351
386505
386523
386549
386583
386619
386631
386643
386695
386743
386765
386867
386931
387013
387109
387143
387241
387271
387299
387389
387479
387503
387605
387627
387629
387641
387699
387819
387821
387867
387917
387985
388079
388189
388197
388227
388255
388291
388295
388349
388403
388415
388503
388529
388573
388587
388603
388617
388673
388779
388981
389053
389063
389137
389171
389201
389331
389337
389361
389565
389673
389713
389721
389775
389847
390015
390051
390123
390137
390151
390161
390165
390175
390193
390245
390561
390631
390643
390669
390707
390747
390823
390919
391073
391281
391301
391311
391397
391459
391509
391541
391549
391553
391575
391591
391649
391657
391733
391751
391809
391945
392073
392085
392087
392149
392225
392265
392359
392433
392461
392561
392653
392665
392729
392755
392823
392931
392985
393075
393261
393275
393339
393375
393461
393543
393593
393595
393609
393705
393717
393767
393779
393855
393879
394013
394025
394159
394199
394309
394331
394363
394439
394683
394689
394807
394963
394971
394987
394991
395117
395163
395177
395235
395311
395325
395329
395339
395469
395593
395595
395623
395689
395701
395725
395737
395943
396075
396099
396123
396177
396359
396453
396475
396537
396547
396643
396709
396743
396753
396805
396829
396837
396881
396901
396907
396937
397023
397081
397193
397203
397211
397241
397287
397515
397535
397555
397733
397791
397895
397905
397947
397987
398159
398189
398199
398203
398259
398269
398379
398401
398423
398429
398435
398449
398465
398475
398509
398581
398591
398659
398749
398877
398959
398979
398983
399049
399159
399187
399343
399453
399479
399545
399591
399627
399791
399795
399855
399883
399891
399949
400041
400071
400093
400111
400133
400205
400231
400325
400329
400331
400411
400427
400453
400525
400625
400667
400705
400865
400919
400993
401029
401051
401193
401199
401213
401219
401299
401333
401369
401413
401439
401615
401653
401679
401731
401937
402159
402243
402257
402261
402343
402377
402393
402577
402737
402759
402793
402809
402823
402825
402903
402967
402969
403011
403027
403037
403079
403085
403205
403285
403295
403299
403387
403449
403515
403527
403559
403579
403595
403619
403701
403751
403755
403811
403929
403981
404041
404061
404069
404137
404203
404217
404267
404301
404441
404511
404579
404687
404767
404813
404825
404863
404925
405145
405173
405257
405351
405363
405395
405533
405553
405597
405627
405685
405691
405711
405873
405885
405895
405909
405963
406059
406115
406123
406213
406225
406339
406387
406521
406543
406575
406621
406625
406677
406697
406743
406747
406803
406817
406827
406931
406937
406989
407005
407055
407177
407181
407215
407237
407239
407249
407301
407309
407321
407373
407507
407601
407607
407741
407773
407869
407871
407877
407885
407907
407923
407973
408015
408043
408053
408065
408093
408167
408177
408189
408191
408233
408297
408345
408355
408391
408475
408547
408553
408561
408753
408795
408851
408919
408979
408993
409055
409155
409255
409297
409363
409411
409429
409563
409647
409671
409789
409803
409849
409969
410089
410125
410203
410305
410363
410467
410479
410491
410843
410917
410919
410931
410979
410989
411117
411119
411253
411353
411437
411563
411587
411705
411707
411777
411791
411805
411909
411923
412027
412067
412139
412149
412201
412239
412275
412339
412401
412411
412437
412443
412509
412537
412589
412613
412735
412839
412871
412927
413031
413075
413107
413451
413523
413569
413639
413705
413707
413715
413885
413889
413895
413901
413905
413911
414067
414093
414165
414211
414219
414277
414359
414397
414493
414665
414701
414745
414833
414945
415053
415067
415113
415117
415139
415159
415183
415247
415333
415337
415357
415533
415577
415627
415669
415683
415773
415837
415861
415905
415943
415967
416033
416105
416137
416215
416217
416231
416253
416275
416327
416521
416621
416793
416879
416931
416935
417007
417209
417297
417315
417331
417381
417575
417577
417617
417657
417739
417883
417961
417995
418057
418063
418097
418167
418241
418251
418359
418373
418405
418455
418549
418565
418709
418849
418933
418967
419015
419081
419131
419139
419255
419369
419379
419429
419459
419487
419503
419617
419661
419813
420001
420025
420039
420045
420195
420227
420245
420313
420325
420351
420383
420395
420425
420451
420509
420531
420579
420593
420629
420645
420781
420803
420865
421153
421159
421181
421187
421275
421375
421377
421427
421577
421651
421665
421709
421715
421893
421901
421981
422023
422103
422109
422139
422141
422179
422225
422249
422251
422253
422417
422421
422473
422589
422633
422673
422733
422787
422811
422829
422893
422919
422921
422925
422941
422959
422973
423013
423087
423137
423189
423217
423295
423401
423543
423545
423601
423755
423799
423833
423891
423971
423985
424091
424149
424159
424219
424447
424451
424571
424819
424859
424867
424891
424949
425025
425031
425051
425141
425289
425297
425323
425333
425413
425453
425467
425469
425673
425715
425719
425759
425773
425805
425813
425857
425935
425945
426037
426195
426197
426271
426325
426353
426383
426453
426469
426473
426589
426689
426797
426833
426861
426885
426991
427003
427033
427373
427383
427385
427391
427405
427467
427515
427561
427565
427807
427849
427863
427961
427985
427997
428021
428117
428245
428249
428277
428367
428401
428433
428463
428467
428595
428733
428747
428749
428829
428939
428943
428991
429045
429049
429093
429101
429141
429345
429405
429441
429473
429475
429509
429513
429525
429541
429723
429813
429871
429925
429987
430019
430063
430077
430113
430253
430307
430353
430375
430387
430495
430551
430645
430665
430669
430679
430769
430953
431059
431069
431075
431155
431215
431223
431245
431309
431323
431345
431377
431569
431589
431601
431627
431707
431785
431797
431887
431891
431947
431951
432015
432031
432045
432067
432179
432255
432307
432341
432347
432539
432607
432725
432735
432823
432895
432921
432943
433039
433145
433149
433191
433193
433301
433401
433475
433493
433505
433579
433613
433633
433681
433755
433757
433767
433919
433951
433995
434017
434073
434135
434145
434175
434207
434325
434409
434447
434465
434511
434551
434581
434585
434603
434743
434777
434793
434803
434915
434917
434921
434973
434989
435055
435081
435189
435307
435325
435357
435397
435421
435443
435539
435637
435651
435691
435693
435819
435893
435907
435935
436053
436103
436169
436221
436231
436377
436379
436393
436447
436533
436579
436619
436629
436691
436765
436791
436925
436953
436977
436985
436991
436995
437531
437623
437663
437665
437703
437749
437905
437937
437939
437977
438011
438059
438089
438093
438153
438173
438333
438407
438449
438497
438537
438601
438607
438933
439019
439105
439135
439219
439239
439253
439255
439265
439275
439301
439363
439481
439563
439609
439703
439769
439791
439887
439913
439927
440093
440097
440199
440235
440265
440293
440405
440453
440461
440579
440623
440671
440909
440961
440977
441023
441035
441095
441163
441421
441447
441545
441547
441649
441731
441781
441803
441839
441879
441957
441969
442041
442089
442211
442227
442233
442247
442277
442317
442321
442341
442353
442355
442443
442449
442481
442605
442613
442617
442643
442711
442713
442793
442861
442937
443069
443081
443089
443095
443119
443229
443397
443495
443501
443543
443607
443613
443645
443651
443663
443737
443767
443791
443881
443911
444109
444271
444313
444341
444357
444393
444529
444567
444577
444623
444653
444719
444933
444965
444979
445041
445171
445231
445329
445337
445471
445657
445751
445809
445839
446059
446103
446205
446321
446407
446431
446459
446465
446513
446619
446641
446939
446943
446963
447131
447269
447283
447343
447365
447449
447521
447595
447655
447747
447833
447855
447871
447875
447903
447919
448059
448107
448133
448237
448253
448383
448433
448469
448505
448639
448715
448801
448817
448823
448841
448875
448925
448975
448995
449229
449257
449289
449307
449329
449353
449385
449445
449477
449507
449509
449515
449581
449583
449587
449657
449659
449745
449753
449763
449801
449807
450049
450161
450259
450315
450317
450481
450785
450815
450821
451045
451061
451085
451111
451183
451231
451291
451357
451427
451437
451573
451575
451615
451655
451679
451779
451785
451875
451981
452037
452043
452119
452235
452321
452343
452407
452417
452705
452825
452879
452885
452949
453273
453369
453593
453629
453637
453691
453799
453939
454155
454159
454237
454259
454315
454383
454421
454437
454551
454589
454615
454705
454835
455005
455017
455049
455083
455093
455129
455153
455185
455375
455459
455463
455487
455491
455515
455571
455723
455759
455767
455807
455883
456019
456041
456077
456123
456249
456313
456327
456387
456425
456529
456649
456675
456747
456811
456837
456879
456887
456899
456967
456981
456985
457041
457075
457331
457357
457361
457417
457435
457447
457523
457593
457631
457641
457663
457813
457825
457861
457877
458023
458045
458185
458217
458285
458349
458511
458577
458623
458681
458687
458787
458815
458835
458869
459269
459357
459381
459435
459441
459473
459529
459565
459617
459675
459755
459763
459769
459781
459827
459851
459863
459887
459889
459921
459995
460053
460063
460085
460095
460139
460173
460279
460289
460325
460363
460375
460457
460727
460781
460783
460839
460845
460977
461177
461187
461253
461447
461469
461499
461569
461607
461621
461649
461673
461687
461703
461849
461885
461911
461955
461957
461963
462005
462125
462265
462459
462521
462731
462749
462857
462863
462893
462949
463025
463089
463107
463225
463353
463391
463419
463445
463513
463555
463575
463625
463633
463639
463691
463813
463819
463863
463877
463883
463895
463933
463947
463961
464113
464129
464143
464209
464257
464363
464397
464441
464603
464605
464629
464669
464687
464689
464781
464927
464939
464997
465021
465043
465067
465109
465123
465139
465147
465173
465245
465255
465363
465377
465413
465503
465507
465569
465573
465665
465689
465917
466015
466021
466025
466031
466037
466133
466195
466209
466225
466261
466263
466361
466429
466499
466577
466675
466765
466885
466921
466931
466983
467053
467077
467139
467183
467189
467297
467309
467321
467433
467451
467483
467519
467705
467729
467761
467839
467867
467871
467959
467999
468063
468187
468223
468331
468463
468473
468475
468605
468619
468667
468845
468865
468939
468947
469001
469033
469071
469261
469347
469351
469397
469517
469667
469671
469679
469723
469755
469775
469873
469895
470089
470147
470199
470227
470235
470265
470287
470389
470421
470463
470573
470611
470667
470753
470757
470823
471017
471153
471165
471269
471415
471435
471481
471661
471707
471733
471743
471773
471923
471979
471997
472105
472157
472179
472239
472277
472365
472377
472625
472663
472757
472861
472949
473037
473179
473191
473251
473461
473587
473657
473813
473895
473949
473977
474021
474053
474125
474153
474161
474251
474287
474313
474361
474379
474401
474403
474411
474541
474797
474875
474879
474933
474995
475011
475059
475081
475299
475303
475333
475339
475441
475499
475615
475617
475623
475649
475679
475761
475857
475879
475881
475939
475963
476035
476049
476229
476265
476271
476279
476283
476323
476329
476453
476601
476699
476745
476753
476757
476847
476949
476961
476993
477093
477175
477223
477253
477391
477451
477513
477519
477527
477671
477677
477925
477977
478023
478025
478033
478109
478179
478193
478355
478357
478395
478435
478495
478497
478559
478607
478627
478719
478801
478829
478865
478895
478925
478939
478961
478969
478997
479277
479281
479375
479385
479427
479461
479531
479537
479583
479625
479745
479755
479767
479913
480187
480221
480263
480287
480291
480307
480345
480433
480527
480549
480579
480635
480695
480823
480831
480947
481021
481073
481257
481435
481449
481541
481561
481605
481637
481679
481717
481723
481873
481887
481985
482009
482053
482079
482087
482219
482313
482319
482439
482471
482495
482565
482577
482649
482689
482729
482801
482825
482925
483043
483081
483097
483149
483159
483173
483179
483219
483233
483275
483329
483359
483409
483425
483497
483577
483581
483643
483723
483807
483849
484003
484095
484127
484175
484207
484221
484391
484455
484583
484625
484655
484701
484795
484803
484811
484835
484845
484853
484877
484947
485053
485137
485151
485203
485223
485259
485373
485395
485425
485501
485675
485737
485815
485855
485891
485959
485967
485999
486027
486099
486167
486223
486263
486585
486623
486651
486709
486735
486923
487027
487171
487209
487303
487369
487377
487389
487473
487513
487539
487557
487583
487729
487747
487751
487789
487823
487861
488019
488021
488045
488069
488239
488249
488391
488419
488551
488565
488567
488593
488629
488721
488751
488761
488865
488987
489027
489259
489281
489387
489469
489489
489567
489625
489629
489639
489651
489657
489703
489803
489841
489891
489939
490139
490317
490419
490471
490491
490555
490587
490745
490761
490831
490861
490955
490983
490989
491001
491149
491287
491289
491293
491299
491323
491429
491463
491467
491539
491567
491693
491855
491873
491893
491923
491951
491991
492027
492193
492211
492273
492277
492361
492387
492663
492787
492835
492867
492893
492937
492983
493019
493083
493175
493313
493359
493373
493449
493471
493659
493693
493789
493893
493899
494009
494101
494183
494225
494325
494393
494407
494499
494527
494661
494705
494717
494757
494885
494893
494931
495045
495187
495201
495207
495233
495317
495341
495361
495371
495379
495391
495401
495415
495459
495491
495573
495611
495629
495657
495659
495695
495761
496023
496053
496055
496107
496293
496411
496413
496421
496439
496511
496553
496633
496649
496739
496763
496803
496921
496939
496997
497081
497087
497109
497217
497287
497301
497323
497359
497511
497579
497611
497649
497717
497833
498003
498143
498149
498165
498271
498337
498403
498409
498521
498523
498585
498621
498681
498715
498757
498785
498827
498873
498945
498995
499125
499151
499221
499227
499233
499341
499345
499383
499421
499439
499521
499525
499527
499565
499567
499581
499629
499751
499765
499787
499971
500011
500019
500085
500089
500119
500179
500225
500253
500303
500329
500365
500431
500693
500705
500713
500779
500817
500847
500941
500969
501003
501009
501075
501297
501409
501473
501513
501549
501551
501601
501655
501667
501675
501683
501699
501715
501725
501759
501817
501843
501885
501917
501949
501963
502019
502069
502085
502125
502179
502181
502231
502385
502431
502483
502489
502543
502551
502557
502615
502645
502663
502685
502701
502801
502811
502887
502921
502933
502993
503001
503065
503129
503229
503279
503325
503405
503439
503453
503535
503593
503637
503689
503699
503783
503861
503991
504071
504149
504227
504239
504293
504325
504385
504389
504395
504481
504493
504519
504585
504629
504641
504651
504693
504697
504761
504881
504907
505069
505165
505191
505225
505337
505375
505379
505409
505469
505617
505693
505749
505923
506159
506177
506179
506249
506265
506267
506337
506393
506425
506435
506451
506495
506575
506645
506675
506705
506713
506729
506731
506891
506921
506959
507033
507073
507103
507165
507235
507341
507433
507443
507585
507623
507685
507701
507703
507771
507781
507813
507845
507851
507985
508185
508201
508247
508273
508443
508501
508533
508657
508721
508741
508847
508903
508963
509021
509025
509047
509105
509165
509325
509349
509417
509447
509475
509501
509503
509553
509613
509635
509669
509685
509729
509823
509831
509847
510001
510005
510017
510049
510117
510251
510273
510299
510367
510381
510391
510429
510489
510525
510551
510559
510769
510771
510937
510965
510971
511055
511069
511093
511213
511289
511335
511341
511371
511497
511531
511535
511609
511613
511799
511861
512001
512047
512125
512165
512365
512465
512817
512827
512913
512921
513021
513029
513051
513069
513087
513233
513459
513751
513765
513787
513981
514029
514067
514191
514259
514271
514309
514319
514375
514401
514493
514525
514633
514655
514669
514747
514757
514817
514829
514851
514859
514865
514915
514961
515029
515047
515059
515177
515275
515281
515289
515295
515303
515415
515427
515457
515493
515539
515569
515595
515621
515657
515689
515755
515807
515813
515937
516025
516045
516057
516133
516247
516291
516337
516349
516353
516441
516469
516471
516519
516525
516527
516547
516551
516617
516663
516773
516897
516931
516967
516987
516993
517091
517161
517193
517229
517359
517433
517489
517509
517527
517553
517567
517585
517587
517597
517605
517609
517639
517689
517749
517779
517781
517807
517817
517851
517959
517993
518029
518071
518141
518217
518221
518231
518267
518327
518345
518351
518357
518377
518721
518799
518829
518911
519031
519069
519079
519097
519129
519139
519197
519345
519441
519521
519545
519667
519687
519703
519805
519829
519929
520057
520071
520087
520105
520155
520201
520205
520209
520269
520271
520287
520339
520411
520473
520481
520501
520525
520657
520687
520705
520723
520867
520887
520951
521011
521079
521133
521145
521207
521271
521295
521327
521331
521363
521401
521411
521609
521709
521763
521779
521827
521893
522033
522055
522225
522273
522335
522363
522385
522453
522513
522685
522751
522931
523037
523105
523157
523207
523239
523299
523307
523363
523527
523531
523667
523697
523719
523763
523787
523835
523847
523873
523997
524155
524161
524511
524549
524635
524661
524739
524787
524801
524881
524883
524971
524985
525025
525165
525243
525265
525319
525335
525635
525667
525697
525715
525761
525863
525909
526293
526299
526305
526493
526547
526651
526693
526789
526797
526807
526817
526839
526847
526871
526919
526961
527015
527067
527101
527111
527203
527287
527295
527421
527437
527463
527487
527497
527513
527521
527527
527673
527727
527921
527939
527961
528089
528109
528403
528415
528427
528433
528441
528473
528527
528553
528577
528617
528649
528671
528675
528685
528813
528965
528973
529079
529087
529341
529373
529455
529515
529611
529613
529619
529729
529779
529789
529817
529875
529929
529987
530025
530411
530477
530517
530573
530587
530661
530679
530691
530725
530857
530863
530869
530961
530975
530999
531011
531037
531093
531097
531125
531171
531181
531231
531331
531427
531447
531457
531575
531651
531781
531861
531919
532085
532237
532241
532283
532295
532311
532373
532411
532555
532561
532573
532621
532689
532755
532761
532843
532889
533005
533051
533053
533063
533151
533173
533211
533213
533257
533317
533323
533401
533471
533487
533561
533565
533579
533585
533601
533607
533747
533791
533835
533913
533915
533977
534011
534025
534121
534329
534417
534447
534567
534629
534651
534711
534713
534751
534833
534949
535139
535217
535435
535457
535483
535627
535695
535739
535881
536015
536051
536083
536167
536309
536381
536413
536583
536669
536855
536869
536885
536957
537021
537025
537033
537051
537071
537099
537169
537229
537247
537281
537285
537397
537495
537569
537589
537685
537707
537747
537761
537785
537791
537861
537869
537975
538085
538197
538317
538337
538363
538425
538433
538519
538653
538695
538725
538761
539047
539051
539099
539119
539131
539199
539329
539341
539347
539381
539455
539499
539537
539611
539647
539665
539899
540011
540063
540069
540079
540085
540139
540257
540491
540605
540629
540689
540699
540793
540841
540861
540879
540889
540893
540895
540901
541059
541079
541115
541175
541233
541283
541375
541381
541411
541455
541645
541653
541659
541697
541705
541859
541889
541923
542021
542109
542231
542351
542363
542403
542419
542593
542641
542657
542727
542763
542775
542787
542807
542927
542949
542989
542999
543021
543023
543305
543363
543387
543427
543433
543455
543509
543573
543579
543745
543789
543803
543839
543863
543885
544005
544159
544281
544293
544375
544401
544413
544555
544589
544607
544661
544709
544725
544753
544763
544773
544799
544801
544813
544839
544861
544955
544975
545005
545035
545047
545123
545189
545231
545341
545399
545421
545423
545549
545553
545743
545863
545869
545999
546009
546013
546071
546079
546189
546351
546471
546505
546529
546539
546635
546639
546705
546901
546929
546989
547021
547023
547073
547075
547105
547133
547345
547359
547385
547521
547553
547645
547679
547699
547723
547759
547897
548007
548049
548099
548221
548229
548497
548641
548731
548745
548853
548927
549011
549035
549113
549185
549237
549319
549391
549413
549709
549951
549973
550065
550079
550217
550363
550377
550399
550457
550567
550571
550593
550659
550763
550769
550793
550831
550859
550923
550949
550975
551047
551123
551147
551149
551175
551265
551383
551427
551441
551581
551583
551653
551657
551707
551727
551921
551941
551963
552027
552031
552087
552115
552137
552167
552221
552383
552427
552465
552529
552587
552633
552673
552703
552713
552763
552979
553095
553135
553223
553265
553283
553285
553363
553407
553447
553475
553523
553541
553569
553589
553619
553653
553691
553797
553873
553959
553961
554027
554043
554147
554177
554179
554185
554265
554699
554711
554767
554799
554805
554877
554939
554995
555023
555083
555121
555123
555195
555203
555227
555323
555449
555509
555511
555591
555643
555713
555833
555881
555967
555975
555999
556021
556035
556039
556123
556171
556213
556257
556299
556339
556385
556585
556651
556659
556669
556757
556817
556871
556873
556925
556957
556991
557057
557063
557169
557195
557247
557259
557289
557333
557379
557435
557447
557521
557533
557751
557849
557873
557907
557973
558261
558311
558323
558419
558447
558687
558769
558781
558889
559125
559199
559205
559295
559329
559449
559489
559593
559601
559659
559673
559699
559915
559931
559945
559987
560101
560165
560173
560187
560197
560269
560283
560347
560387
560437
560503
560513
560607
560761
560765
560801
560949
560961
561019
561147
561227
561283
561285
561383
561427
561493
561627
561683
561741
561749
561859
561953
561959
561987
562053
562139
562177
562253
562371
562395
562563
562635
562713
562755
562779
562789
562799
562907
562985
563071
563111
563167
563265
563363
563437
563457
563463
563471
563587
563591
563611
563653
563677
563699
563727
563757
563789
563803
563885
563915
563937
563947
563975
564037
564135
564381
564427
564647
564707
564777
564825
564831
564905
564927
565011
565161
565195
565209
565347
565471
565489
565629
565693
565757
565765
565783
565799
565811
565825
565877
565915
565923
565937
565959
565977
566071
566139
566215
566243
566299
566339
566455
566541
566567
566599
566603
566621
566631
566633
566673
566797
566831
566881
566981
567045
567049
567083
567085
567249
567285
567375
567385
567461
567533
567619
567709
567845
567879
567929
567959
567979
568011
568115
568165
568227
568231
568311
568317
568403
568405
568415
568449
568519
568599
568613
568641
568709
568767
568773
568793
568823
568837
568891
568917
568959
568971
569009
569025
569163
569293
569385
569397
569415
569421
569537
569589
569623
569643
569751
569755
569939
569975
570003
570015
570071
570081
570127
570143
570219
570241
570257
570279
570337
570355
570497
570537
570667
570779
570783
570813
570877
570951
571033
571047
571065
571237
571241
571297
571373
571463
571557
571595
571665
571669
571677
571691
571707
571711
571829
571871
571915
571939
572007
572017
572033
572047
572057
572139
572167
572209
572273
572303
572553
572591
572713
572775
573039
573085
573097
573115
573197
573253
573311
573549
573569
573625
573771
573795
573863
573887
573895
574007
574029
574067
574149
574159
574165
574207
574313
574343
574387
574393
574401
574427
574451
574557
574563
574665
574775
574919
574983
575021
575037
575051
575057
575103
575105
575171
575275
575295
575315
575369
575379
575443
575537
575599
575635
575731
575793
575933
575975
575989
576003
576017
576047
576127
576217
576265
576339
576351
576453
576507
576527
576553
576559
576633
576687
576759
576773
576811
576951
576993
577053
577091
577097
577167
577171
577197
577199
577311
577423
577437
577529
577675
577679
577789
577883
578045
578287
578341
578389
578451
578531
578607
578611
578653
578843
578865
578869
578883
578925
578949
578997
579007
579049
579075
579091
579183
579253
579285
579297
579301
579441
579543
579549
579663
579667
579683
579689
579757
579805
579871
579879
579899
580003
580035
580087
580097
580269
580313
580349
580355
580357
580377
580445
580487
580489
580555
580561
580619
580635
580653
580667
580747
580757
580857
581001
581023
581065
581163
581223
581387
581521
581603
581609
581691
581745
581801
581847
581897
581939
581961
582009
582023
582123
582141
582169
582179
582195
582233
582235
582275
582409
582417
582461
582553
582567
582639
582701
582849
582889
582899
583267
583341
583401
583429
583459
583487
583523
583543
583555
583561
583575
583631
583643
583749
583861
583901
584119
584141
584145
584249
584255
584267
584287
584289
584295
584323
584385
584389
584399
584439
584485
584531
584597
584603
584625
584657
584747
584787
584835
584845
585005
585093
585151
585263
585417
585427
585535
585675
585821
585883
586001
586053
586113
586167
586235
586259
586263
586431
586533
586537
586625
586661
586699
586703
586727
586751
586759
586827
586873
586947
586953
586987
586991
587011
587019
587031
587073
587143
587249
587455
587531
587541
587589
587617
587627
587635
587663
587815
587825
587845
587857
587975
588129
588135
588167
588245
588279
588299
588355
588389
588455
588483
588531
588543
588563
588603
588639
588657
588681
588687
588959
589071
589085
589141
589249
589343
589411
589457
589461
589475
589507
589649
589783
589789
589895
589907
589915
590007
590037
590047
590109
590191
590213
590243
590331
590407
590475
590565
590593
590615
590665
590741
590755
590871
590955
590995
591003
591019
591075
591161
591227
591301
591315
591405
591423
591463
591467
591507
591591
591609
591651
591885
591947
592013
592015
592127
592141
592181
592199
592311
592313
592329
592357
592449
592481
592555
592557
592575
592589
592685
592703
592757
592805
592823
592847
592881
593209
593211
593273
593397
593423
593425
593519
593537
593545
593583
593587
593619
593663
593763
593811
593823
593845
593887
593921
594011
594013
594025
594039
594149
594231
594427
594557
594587
594635
594719
594771
594777
594791
594933
594973
595063
595139
595209
595219
595273
595399
595483
595703
595725
595757
595761
595785
595789
595835
595873
595881
595883
595887
595933
595957
595985
596021
596065
596127
596299
596459
596543
596581
596599
596729
596847
596851
596901
596965
597059
597095
597133
597149
597315
597375
597401
597445
597485
597717
597775
597827
597865
597961
597965
597995
598021
598059
598181
598197
598401
598437
598531
598537
598581
598675
598805
598965
599145
599261
599267
599277
599295
599323
599359
599455
599483
599607
599613
599621
599747
599809
599879
599971
600005
600043
600267
600505
600603
600699
600761
600805
600905
600931
600939
600953
601027
601033
601087
601091
601305
601317
601413
601473
601507
601529
601727
601779
601781
601803
601831
601847
601863
601979
601989
602003
602043
602075
602133
602147
602199
602203
602213
602215
602249
602269
602273
602275
602283
602327
602407
602413
602531
602571
602661
602665
602705
602741
602963
603033
603037
603187
603189
603219
603241
603261
603269
603331
603435
603441
603477
603491
603765
603781
603801
603833
603919
603925
603975
604109
604155
604165
604191
604257
604263
604319
604431
604517
604809
604893
604935
604957
605071
605085
605157
605191
605273
605307
605495
605547
605609
605639
605743
605765
605771
605867
605895
605965
605973
606017
606047
606079
606117
606169
606263
606343
606373
606493
606501
606721
606785
606879
607047
607127
607375
607543
607559
607651
607691
607773
607795
607849
607867
607997
608011
608083
608179
608441
608495
608625
608815
608861
608959
609061
609071
609081
609167
609367
609607
609715
609745
609789
609927
609989
610041
610069
610171
610219
610371
610655
610799
610805
610841
610921
610967
611171
611181
611187
611263
611269
611271
611315
611515
611521
611563
611581
611661
611773
611779
611789
611889
611903
611917
612175
612193
612231
612259
612261
612269
612287
612369
612423
612443
612519
612547
612573
612591
612603
612655
612677
612717
612723
612753
612759
612811
612835
612855
612881
612887
613161
613205
613211
613255
613503
613587
613767
613917
614049
614145
614233
614235
614275
614337
614375
614429
614451
614471
614499
614511
614653
614707
614737
614785
614807
614897
614947
614975
615011
615041
615095
615109
615147
615287
615293
615357
615359
615371
615389
615401
615403
615411
615509
615537
615615
615659
615695
615697
615735
615809
615835
615865
615943
615957
616071
616115
616167
616181
616187
616209
616265
616305
616391
616541
616581
616715
616717
616719
616991
617003
617179
617225
617419
617489
617507
617563
617607
617729
617775
617837
617915
617993
618061
618101
618235
618247
618249
618285
618337
618361
618415
618591
618643
618681
618693
618747
618897
618935
618979
619019
619049
619119
619151
619165
619209
619269
619331
619443
619547
619637
619707
619729
619745
619773
619821
619959
620009
620119
620169
620305
620309
620365
620459
620497
620501
620533
620547
620549
620647
620695
620773
620803
620861
620901
620915
621041
621055
621077
621285
621355
621397
621453
621593
621601
621625
621633
621657
621673
621675
621699
621709
621771
621805
621845
621999
622037
622051
622117
622141
622339
622465
622481
622509
622619
622697
622849
623075
623421
623551
623653
623727
623737
623809
623917
623937
623943
624001
624009
624023
624265
624439
624593
624619
624689
624825
624901
624975
624987
624993
625045
625197
625245
625345
625367
625483
625529
625541
625561
625629
625655
625699
625803
625843
625851
625935
626029
626109
626207
626235
626259
626331
626355
626383
626463
626479
626517
626603
626699
626741
626779
626781
626895
626913
626977
626981
627105
627141
627143
627213
627321
627331
627365
627403
627443
627587
627661
627767
627855
627949
627975
628079
628171
628185
628187
628189
628255
628275
628293
628353
628405
628589
628619
628761
628779
628789
628793
628927
629095
629115
629189
629195
629217
629237
629245
629265
629309
629319
629357
629473
629521
629523
629609
629613
629725
629731
629753
629795
629827
629843
629891
629923
629971
629997
630025
630037
630041
630083
630133
630177
630193
630265
630283
630367
630381
630419
630421
630425
630547
630637
630703
630727
630841
630919
631047
631067
631163
631233
631277
631399
631481
631625
631659
631669
631745
631879
632027
632145
632149
632211
632429
632455
632483
632493
632543
632577
632637
632661
632691
632881
632979
633023
633029
633039
633075
633117
633141
633205
633299
633523
633663
633725
633919
634101
634229
634247
634389
634527
634591
634605
634719
634959
635003
635067
635213
635243
635255
635261
635335
635431
635443
635515
635533
635919
635931
636065
636129
636259
636281
636283
636325
636367
636403
636467
636497
636501
636513
636543
636563
636667
636733
636735
636751
636757
636801
636823
636849
636873
636909
636977
637049
637113
637125
637127
637255
637631
637701
637713
637839
638001
638091
638167
638171
638285
638365
638437
638449
638453
638455
638515
638519
638545
638555
638633
638689
638751
638755
638767
638845
638869
638931
638977
639001
639003
639085
639117
639215
639229
639319
639391
639407
639463
639471
639495
639727
639739
639895
640041
640093
640115
640169
640187
640193
640203
640271
640313
640357
640367
640389
640541
640599
640605
640613
640677
640699
640709
640755
640873
640959
641029
641071
641083
641143
641219
641223
641281
641341
641429
641439
641451
641537
641785
641857
641905
641915
641937
641995
642045
642059
642187
642319
642329
642377
642443
642603
642613
642679
642711
642775
642827
642931
642975
642977
643063
643191
643201
643209
643297
643299
643385
643415
643441
643451
643483
643489
643557
643577
643605
643705
643901
643979
643983
644023
644145
644221
644261
644307
644375
644491
644993
645021
645347
645405
645499
645645
645703
645733
645751
645787
645837
645873
646053
646105
646173
646299
646521
646591
646611
646633
646645
646675
646713
646743
646891
646933
646963
647007
647049
647209
647551
647577
647583
647599
647605
647645
647663
647675
647705
647707
647723
647855
647947
647949
648003
648069
648165
648181
648189
648447
648461
648519
648525
648575
648661
648679
648927
649031
649037
649091
649099
649115
649149
649163
649317
649359
649401
649485
649555
649673
649677
649699
649719
649793
649925
649929
649959
650137
650147
650173
650223
650239
650283
650309
650345
650521
650653
650659
650761
650763
650765
650835
650853
650883
650929
650967
651047
651087
651093
651107
651111
651121
651165
651217
651237
651269
651413
651469
651607
651625
651649
651653
651733
651743
651759
651791
651899
651953
652005
652109
652119
652175
652181
652185
652213
652253
652383
652389
652421
652449
652453
652507
652511
652573
652603
652637
652673
652721
652727
652735
652773
652841
653103
653165
653191
653225
653425
653513
653539
653543
653545
653613
653727
653739
653753
653797
653859
653865
653881
653957
654083
654165
654175
654199
654249
654315
654367
654405
654435
654559
654577
654605
654961
655009
655047
655135
655197
655245
655397
655477
655491
655517
655555
655557
655623
655821
655857
655923
655925
655955
656035
656069
656083
656123
656381
656383
656405
656423
656545
656557
656599
656749
656763
656831
656971
657037
657045
657051
657061
657069
657107
657117
657373
657467
657483
657495
657673
657701
657707
657765
657773
657859
658035
658121
658123
658139
658149
658151
658157
658195
658253
658401
658431
658529
658545
658601
658669
658777
658815
658921
658935
658987
658991
659151
659181
659305
659349
659365
659389
659407
659413
659499
659515
659587
659595
659707
659729
659733
659783
659807
659823
659897
659947
659949
659965
659987
659997
660019
660025
660151
660209
660311
660403
660429
660433
660495
660591
660667
660739
660743
660849
660887
660893
660897
660933
660951
660961
661217
661225
661341
661353
661447
661467
661519
661571
661597
661637
661663
661675
661731
661737
661831
661875
662007
662179
662245
662337
662373
662481
662505
662549
662633
662709
662987
663005
663031
663099
663103
663135
663191
663203
663229
663405
663593
663639
663691
663821
663839
663971
664077
664149
664195
664207
664227
664231
664265
664297
664321
664341
664403
664605
664657
664837
664847
664851
664939
665007
665065
665115
665323
665331
665371
665427
665513
665555
665603
665673
666033
666059
666093
666099
666187
666219
666227
666297
666475
666543
666557
666607
666617
666677
666693
666745
666771
666781
666805
666859
666889
666963
666971
667145
667183
667231
667253
667323
667343
667351
667353
667475
667581
667813
667835
667885
667937
667971
668043
668255
668277
668361
668365
668369
668415
668471
668509
668761
668807
668865
668873
668921
668977
669017
669131
669191
669261
669373
669411
669477
669763
669885
669941
669961
669967
669997
670017
670097
670101
670123
670161
670205
670261
670267
670305
670529
670545
670561
670587
670691
670745
670749
670771
670917
670943
670981
671207
671209
671213
671239
671325
671355
671417
671457
671463
671499
671581
671619
671859
671887
671897
671927
672001
672017
672047
672075
672129
672217
672239
672257
672305
672373
672409
672779
672835
672839
672891
672915
672961
672979
673013
673109
673169
673217
673223
673281
673299
673321
673343
673415
673427
673439
673533
673565
673575
673609
673655
673801
673899
673919
673997
674187
674241
674245
674313
674485
674501
674581
674839
674885
674887
674999
675007
675131
675147
675191
675285
675311
675335
675347
675487
675547
675557
675613
675705
675727
675749
675763
675797
675835
675933
675935
675945
675995
676019
676033
676079
676085
676169
676269
676375
676471
676623
676705
676863
676877
676891
676903
676941
677051
677141
677171
677265
677333
677603
677651
677707
677727
677765
677787
677879
677971
677989
677997
678005
678045
678221
678251
678259
678267
678281
678299
678325
678479
678501
678515
678577
678599
678619
678699
678741
678777
678833
678901
679005
679087
679093
679133
679169
679193
679195
679265
679289
679295
679301
679405
679461
679635
679877
679961
679965
679971
679973
679997
680029
680057
680153
680223
680371
680555
680637
680641
680649
680663
680745
680771
680915
681013
681053
681095
681107
681253
681473
681539
681551
681557
681593
681655
681727
681777
681789
681885
681919
681927
681951
681971
682051
682087
682163
682175
682219
682303
682387
682421
682523
682589
682691
682777
682785
682793
682865
682871
682963
682975
683169
683185
683239
683257
683275
683315
683367
683487
683491
683503
683523
683633
683801
683811
683853
683889
683921
683961
683971
684069
684071
684223
684239
684243
684259
684465
684591
684619
684649
684667
684673
684823
684917
684923
684983
685011
685199
685201
685247
685257
685287
685409
685431
685439
685573
685619
685999
686063
686071
686147
686183
686265
686355
686399
686401
686445
686577
686607
686969
687059
687117
687137
687271
687307
687327
687333
687449
687573
687629
687681
687779
687805
687827
687983
688175
688201
688227
688233
688237
688271
688323
688391
688413
688453
688479
688619
688661
688663
688685
688815
688861
688975
689199
689285
689427
689467
689569
689687
689701
689731
689873
689901
689923
689935
690115
690159
690167
690177
690345
690477
690559
690561
690581
690597
690599
690633
690637
690711
690753
690877
690971
691191
691287
691399
691411
691425
691431
691545
691603
691609
691637
691693
691725
691817
691905
691983
692113
692177
692199
692245
692265
692337
692371
692393
692425
692429
692715
692727
692763
692769
692795
692859
692903
692921
693005
693057
693067
693171
693201
693221
693237
693415
693467
693547
693591
693629
693685
693707
693753
693767
693909
693925
694085
694105
694163
694237
694279
694333
694479
694717
694761
694837
694877
694981
695029
695191
695199
695201
695239
695269
695271
695319
695383
695391
695521
695609
695659
695697
695717
695725
695805
695911
696105
696169
696213
696263
696359
696381
696387
696439
696679
696733
696817
696897
696901
696907
697039
697067
697075
697147
697221
697311
697315
697455
697567
697575
697599
697673
697771
697797
697903
697913
697925
697973
698065
698087
698177
698199
698357
698441
698447
698465
698535
698565
698623
698957
698987
699031
699079
699257
699337
699345
699353
699387
699543
699557
699647
699727
699829
699943
699983
700055
700057
700131
700171
700229
700327
700375
700379
700463
700547
700573
700595
700667
700685
700701
700705
700737
700781
700919
700929
700979
701001
701021
701119
701133
701203
701223
701237
701287
701499
701507
701649
701661
701693
701713
701903
701913
701921
701925
702037
702085
702249
702353
702437
702443
702643
702645
702783
702853
702863
702897
702921
702923
702947
702953
702969
702985
703013
703051
703073
703151
703155
703237
703257
703353
703465
703565
703625
703669
703825
703865
703921
703947
704001
704061
704209
704235
704255
704277
704279
704291
704397
704665
704693
704809
704855
704861
704911
704937
705007
705109
705177
705181
705381
705419
705517
705551
705697
705757
705789
705807
705865
705909
705939
706005
706077
706081
706125
706165
706187
706271
706355
706435
706437
706515
706539
706759
706783
706851
706915
707007
707035
707179
707329
707339
707351
707355
707489
707505
707519
707521
707577
707583
707749
707841
707859
707931
707987
708117
708263
708325
708391
708415
708601
708697
708713
708795
708905
708937
708979
708985
708987
708991
709035
709065
709109
709157
709207
709295
709313
709345
709461
709541
709593
709615
709621
709657
709883
709999
710127
710143
710161
710221
710389
710415
710423
710431
710455
710465
710525
710541
710591
710615
710633
710659
710773
710809
710903
710969
710977
710981
710993
711005
711069
711075
711125
711221
711231
711253
711293
711351
711357
711451
711463
711471
711585
711591
711677
711729
711757
711819
711879
711919
711949
711951
711959
711971
711997
712023
712029
712167
712179
712211
712257
712275
712359
712401
712515
712555
712583
712587
712641
712673
712723
712879
712897
712941
712989
713133
713253
713329
713475
713495
713499
713533
713537
713543
713753
713767
713871
713891
713913
714319
714397
714537
714659
714697
714753
714809
714817
714877
714879
714911
714947
715141
715165
715177
715195
715199
715203
715273
715289
715311
715393
715399
715407
715531
715583
715587
715655
715777
715917
716023
716051
716059
716067
716087
716183
716259
716277
716291
716363
716791
716913
717089
717125
717251
717409
717449
717465
717491
717511
717553
717599
717635
717693
717801
717803
717905
717911
717933
718007
718019
718135
718147
718151
718291
718311
718489
718561
718591
718647
718661
718861
718875
718929
718989
718993
719005
719021
719037
719165
719261
719457
719531
719603
719669
719697
719771
719877
720117
720137
720189
720193
720231
720357
720379
720387
720403
720421
720513
720515
720545
720547
720549
720551
720609
720657
720921
720961
720993
721051
721083
721195
721207
721209
721277
721363
721387
721483
721507
721737
721803
721815
722143
722269
722315
722353
722363
722429
722503
722521
722551
722561
722589
722635
722677
722685
722687
722725
722735
722779
722795
722797
722803
722833
722835
722839
722859
722923
722997
723027
723051
723109
723161
723225
723577
723605
723739
723779
723825
723855
723991
724055
724229
724237
724275
724301
724525
724565
724567
724577
724727
724741
724913
724987
725081
725187
725197
725247
725331
725343
725373
725413
725441
725453
725535
725581
725597
725599
725635
725707
725713
725745
725767
725779
725947
725969
725981
725985
726101
726169
726173
726335
726345
726465
726595
726651
726667
726763
726773
726783
726789
726877
726977
727003
727013
727063
727145
727263
727279
727347
727363
727561
727697
727735
727743
727753
727759
727919
727991
728087
728105
728265
728279
728317
728367
728391
728427
728493
728523
728575
728669
728671
728739
728865
728933
729005
729017
729019
729029
729069
729125
729205
729307
729379
729423
729461
729469
729501
729595
729651
729677
729729
729735
729739
729781
729785
729933
729973
729991
730005
730037
730097
730169
730233
730397
730523
730525
730683
730737
730757
730835
730869
730921
730959
730965
730969
730983
730997
731033
731049
731063
731065
731113
731369
731393
731485
731487
731527
731733
731737
731765
731801
731821
731841
731933
731947
731949
731989
732069
732157
732359
732375
732497
732513
732597
732885
732897
732911
733043
733045
733067
733097
733099
733121
733131
733139
733143
733179
733213
733295
733573
733643
733655
733731
733745
733815
733837
734015
734059
734087
734143
734285
734303
734311
734427
734463
734511
734515
734605
734631
734641
734687
734739
734841
734857
734915
734937
734951
734957
734961
734963
734965
735081
735101
735137
735169
735295
735365
735369
735431
735463
735555
735583
735599
735657
735697
735713
735721
735737
735817
735877
735983
736059
736067
736085
736145
736151
736181
736283
736289
736313
736439
736497
736565
736583
736625
736641
736653
736665
736675
736783
736801
736845
736861
736907
736923
737001
737029
737095
737135
737249
737335
737527
737557
737679
737693
737857
737953
738003
738007
738131
738143
738195
738367
738443
738453
738471
738501
738529
738557
738571
738637
738655
738657
738843
738899
738907
738939
739017
739055
739179
739239
739349
739399
739421
739511
739687
739693
739699
739721
739725
739851
739879
739921
739959
739995
740017
740067
740191
740205
740207
740217
740263
740269
740331
740333
740339
740343
740353
740361
740375
740511
740545
740779
740829
740891
740943
740979
741115
741181
741295
741507
741541
741587
741671
741773
741815
741897
741951
741975
742001
742041
742053
742091
742111
742125
742153
742257
742305
742397
742427
742431
742467
742557
742573
742583
742717
742767
742795
742817
742829
742901
743019
743053
743081
743199
743275
743327
743335
743349
743361
743371
743443
743481
743521
743571
743597
743735
743897
743963
744321
744373
744375
744403
744431
744481
744567
744575
744587
744611
744657
744667
744669
744707
744755
744777
744827
744845
744873
744939
745041
745063
745107
745113
745117
745123
745195
745249
745253
745337
745443
745505
745509
745515
745541
745649
745711
745733
745845
745915
745943
746001
746035
746153
746165
746173
746199
746237
746247
746269
746279
746341
746367
746401
746425
746427
746549
746663
746667
746683
746699
746905
746929
746937
747215
747345
747377
747409
747535
747605
747619
747623
747715
747747
747763
747769
747871
747877
747943
747975
748027
748029
748039
748047
748061
748149
748177
748179
748393
748457
748545
748561
748603
748625
748651
748653
748673
748677
748717
748727
748743
748813
748865
749051
749131
749147
749307
749323
749327
749331
749527
749551
749867
749939
749999
750057
750077
750083
750117
750245
750465
750473
750677
750733
750791
750871
750915
750941
750973
750981
751103
751139
751153
751165
751183
751193
751257
751459
751507
751659
751661
751715
751729
751761
752019
752025
752335
752437
752453
752485
752573
752635
752725
752967
753013
753023
753029
753051
753097
753119
753169
753279
753375
753453
753465
753483
753683
753695
753729
753793
753801
753875
753877
753931
753933
753993
754047
754137
754211
754225
754247
754271
754481
754525
754531
754631
754669
754933
754937
754991
755079
755149
755155
755285
755395
755419
755423
755435
755483
755531
755613
755813
755849
755943
756027
756323
756349
756397
756401
756435
756595
756615
756649
756671
756701
756827
756833
756987
757023
757267
757369
757387
757425
757555
757595
757643
757735
757811
758055
758063
758105
758111
758149
758157
758199
758227
758285
758379
758399
758411
758417
758645
758757
758847
758999
759159
759213
759223
759243
759295
759355
759391
759437
759439
759445
759473
759593
759611
759681
759689
759705
759885
759887
759939
759941
760091
760095
760163
760207
760265
760329
760393
760431
760449
760465
760587
760601
760635
760713
760753
760825
760853
760895
760959
761025
761119
761161
761197
761243
761433
761445
761479
761563
761641
761649
761651
761919
761925
761927
762057
762061
762091
762151
762193
762227
762243
762341
762453
762505
762611
762635
762705
762707
762811
762819
763007
763029
763089
763091
763123
763175
763293
763553
763587
763619
763641
763649
763665
763669
763703
763707
763839
763919
764061
764067
764247
764285
764319
764393
764445
764513
764673
764869
764889
764913
764933
764963
764981
765001
765103
765247
765485
765489
765493
765511
765553
765701
765743
765817
765879
765925
765941
765947
765971
766225
766321
766323
766385
766537
766651
766675
766677
766695
766829
766843
766887
766891
766941
766957
766987
767067
767087
767149
767291
767329
767389
767465
767475
767577
767729
767741
767813
767959
767965
767981
768009
768015
768021
768029
768103
768147
768227
768251
768257
768287
768297
768299
768323
768381
768419
768429
768617
768663
768675
768737
768783
768785
768801
768869
768931
769047
769073
769241
769347
769373
769421
769429
769435
769493
769537
769705
769793
769823
769977
770009
770023
770079
770105
770149
770157
770167
770203
770227
770295
770315
770327
770333
770363
770465
770597
770633
770647
770725
770749
770763
770821
770833
771101
771331
771431
771501
771543
771587
771641
771691
771827
771913
772099
772111
772115
772133
772243
772339
772417
772449
772543
772583
772591
772653
772685
772715
772733
772743
772755
772909
773061
773155
773219
773247
773403
773451
773501
773615
773655
773845
773879
773903
773985
774063
774141
774153
774167
774183
774215
774225
774259
774277
774351
774365
774419
774439
774457
774563
774607
774629
774663
774671
774783
774865
774945
774981
775027
775047
775123
775125
775217
775235
775237
775299
775397
775491
775555
775619
775671
775735
775797
775809
775843
775897
775905
775941
776047
776053
776115
776215
776291
776359
776413
776419
776471
776487
776575
776579
776595
776603
776613
776635
776727
776729
776799
776961
777063
777075
777207
777317
777369
777387
777397
777417
777503
777511
777517
777549
777563
777613
777853
777979
778077
778231
778241
778295
778319
778341
778381
778451
778517
778623
778643
778749
778845
778877
779283
779285
779303
779315
779329
779449
779457
779461
779463
779477
779553
779611
779679
779881
779979
779981
780001
780261
780271
780301
780363
780427
780549
780599
780653
780665
780737
780865
781007
781103
781123
781279
781321
781361
781367
781431
781463
781511
781697
781791
781979
782037
782041
782067
782097
782327
782363
782405
782437
782455
782893
782937
782999
783143
783203
783237
783251
783253
783267
783289
783343
783425
783463
783481
783491
783509
783613
783675
783677
783695
783699
783735
783751
783851
784027
784091
784095
784105
784207
784213
784257
784293
784365
784371
784437
784441
784575
784771
784789
784839
784881
784887
784891
784995
784997
785119
785183
785197
785225
785259
785339
785373
785411
785423
785547
785563
785605
785643
785699
785703
785721
785899
785997
786175
786191
786265
786315
786323
786373
786463
786513
786567
786597
786633
786659
786671
786701
786805
786881
786939
786947
787015
787153
787215
787269
787331
787345
787359
787753
787821
787865
787935
787941
788111
788157
788183
788225
788227
788293
788417
788561
788583
788619
788633
788639
788781
788825
788827
788851
788861
788865
788877
788901
788919
788985
789161
789193
789227
789407
789425
789483
789501
789621
789623
789699
789745
789787
789867
789961
789983
790079
790179
790201
790295
790355
790467
790553
790557
790579
790581
790591
790599
790645
790741
790769
790905
790915
790999
791223
791291
791305
791391
791495
791559
791581
791585
791615
791629
791823
791835
791929
791933
791969
792037
792093
792115
792133
792189
792303
792343
792377
792549
792577
792683
792797
792799
792805
792843
792861
792903
792909
793011
793095
793103
793225
793305
793363
793445
793455
793459
793469
793473
793569
793595
793617
793619
793623
793687
793707
793727
793729
793765
793883
793889
793939
793947
793981
794041
794043
794089
794283
794307
794337
794393
794425
794445
794513
794517
794577
794581
794585
794591
794639
794729
794847
794879
794883
794937
795033
795209
795213
795231
795627
795695
795783
795791
795823
795943
795973
796207
796321
796335
796449
796517
796643
796651
796757
796775
796893
797147
797331
797383
797405
797587
797639
797653
797701
797785
797823
797831
797915
798037
798113
798147
798177
798211
798245
798249
798489
798539
798569
798641
798751
798797
798805
798861
798871
798915
798985
798995
799101
799179
799269
799359
799485
799501
799549
799553
799581
799593
799597
799773
799841
799895
799909
799935
800041
800061
800129
800179
800191
800253
800651
800731
800803
800857
800953
800965
801105
801131
801181
801295
801333
801509
801561
801591
801603
801665
801761
801797
801813
801877
801909
801925
801937
802071
802093
802169
802331
802473
802497
802541
802575
802605
802635
802659
802661
802693
802733
802737
802739
802807
802809
802843
802937
802983
802991
803079
803135
803161
803165
803173
803339
803507
803601
803649
803681
803725
803741
803807
803851
803929
803979
804019
804023
804039
804073
804131
804277
804291
804333
804461
804557
804655
804675
804719
804771
804799
804807
804869
804873
804927
805003
805013
805261
805327
805473
805547
805569
805677
805705
805715
805849
805877
806091
806157
806255
806349
806355
806399
806443
806465
806511
806545
806559
806617
806623
806653
806833
806869
806895
806933
807035
807061
807079
807237
807273
807395
807399
807449
807503
807627
807755
807775
807815
807909
807995
808057
808165
808211
808229
808279
808293
808313
808411
808489
808555
808593
808619
808683
808779
808783
808801
808815
808833
808859
808869
808909
808927
809065
809089
809103
809145
809151
809159
809199
809205
809221
809223
809231
809309
809337
809359
809487
809503
809539
809545
809551
809571
809619
809753
809795
809809
809843
809853
809961
809985
810015
810131
810153
810557
810575
810635
810645
810677
810703
810791
810909
811041
811049
811091
811131
811139
811195
811219
811279
811285
811299
811463
811567
811655
811661
811721
811739
811881
811905
811915
811961
811979
812011
812199
812221
812299
812373
812431
812433
812473
812663
813023
813025
813049
813083
813127
813155
813177
813183
813349
813401
813441
813709
813765
813805
813877
813929
813937
813967
813999
814035
814129
814185
814245
814257
814317
814337
814385
814419
814423
814679
814739
814821
814935
814953
814965
814973
814983
815069
815103
815149
815249
815259
815367
815387
815425
815601
815633
815689
815785
815809
815849
815939
815957
815985
816267
816281
816313
816335
816345
816347
816351
816405
816471
816537
816583
816589
816633
816717
816739
816747
816801
816877
816923
817013
817175
817325
817335
817485
817549
817635
817683
817689
817771
817879
817893
817987
818011
818109
818171
818287
818325
818379
818403
818411
818479
818507
818577
818645
818657
818673
818693
818719
818751
818813
818845
818903
818969
819071
819085
819201
819225
819255
819451
819459
819473
819483
819677
819851
819893
820003
820055
820135
820171
820189
820191
820193
820291
820393
820649
820653
820655
820713
820811
820819
820847
820895
821067
821069
821123
821129
821311
821347
821413
821511
821563
821581
821589
821611
821623
821675
821679
821789
821795
821957
822027
822043
822163
822273
822317
822391
822487
822657
822779
822781
822815
822907
823029
823057
823147
823155
823215
823235
823247
823289
823309
823331
823359
823437
823519
823521
823553
823561
823587
823591
823777
823913
824001
824011
824047
824191
824235
824241
824281
824413
824505
824717
824719
824741
824805
824841
824881
824913
824923
824925
825065
825079
825111
825113
825123
825203
825479
825517
825599
825665
825841
826019
826165
826167
826193
826215
826293
826303
826347
826413
826419
826431
826447
826553
826647
826727
826749
826925
827037
827049
827053
827227
827305
827389
827449
827471
827483
827591
827645
827723
827771
827863
828019
828099
828189
828211
828223
828273
828307
828319
828331
828365
828389
828403
828405
828421
828483
828491
828569
828687
828725
828733
828779
828957
829073
829123
829157
829199
829277
829421
829513
829575
829771
829835
829905
829925
829949
829955
830133
830137
830259
830297
830327
830381
830405
830421
830501
830573
830595
830673
830697
830783
830809
830837
830887
830905
830923
830933
830987
831009
831111
831177
831195
831279
831343
831419
831477
831485
831569
831587
831605
831641
831687
831737
831767
831775
831877
831881
831933
831979
831995
832083
832093
832201
832231
832263
832289
832341
832551
832555
832611
832643
832739
832749
832929
832993
832995
833043
833051
833093
833135
833187
833215
833269
833311
833363
833395
833409
833529
833561
833621
833635
833707
834013
834035
834201
834283
834481
834573
834745
834885
834991
835003
835047
835089
835109
835169
835255
835269
835273
835457
835479
835485
835501
835641
835725
835743
835755
835795
835833
835857
836019
836025
836109
836125
836181
836239
836323
836329
836339
836349
836375
836479
836521
836561
836707
836735
836739
836755
836819
836841
836887
836925
836933
836945
836951
837013
837123
837127
837149
837277
837315
837327
837365
837389
837445
837459
837605
837751
837853
837883
837889
837965
838101
838105
838141
838153
838243
838301
838315
838359
838361
838363
838445
838503
838509
838573
838639
838673
838761
838769
838921
838955
839019
839147
839235
839259
839303
839323
839339
839359
839609
839611
839693
839741
839809
839843
839865
839981
840015
840029
840399
840509
840537
840625
840651
840737
840753
840773
840797
840933
841081
841275
841289
841383
841395
841425
841431
841439
841497
841695
841737
841823
841955
842233
842263
842353
842371
842379
842449
842653
842819
842847
842859
842899
842917
842969
843053
843085
843213
843405
843437
843525
843535
843633
843667
843679
843763
843925
843931
843941
844081
844131
844241
844271
844285
844335
844445
844473
844615
844649
844829
844843
844875
844883
844917
844929
844941
844993
845065
845227
845255
845295
845305
845349
845455
845531
845593
845603
845633
845767
845865
845919
845985
846049
846105
846119
846139
846155
846193
846215
846219
846221
846251
846253
846255
846341
846405
846465
846555
846891
846961
847113
847125
847225
847235
847319
847371
847413
847537
847579
847759
847901
847937
847953
847989
847997
848015
848075
848079
848093
848175
848239
848403
848435
848533
848573
848665
848675
848685
848707
848739
848761
848865
848885
849027
849063
849073
849085
849253
849301
849371
849373
849439
849443
849531
849575
849671
849673
849683
849827
849907
849937
849939
850015
850115
850183
850195
850199
850221
850231
850359
850561
850643
850659
850683
850799
850823
850847
850849
851085
851091
851235
851243
851279
851361
851545
851547
851649
851805
851865
851955
851957
852065
852079
852161
852199
852275
852325
852331
852365
852383
852397
852539
852595
852599
852609
852631
852683
852719
852827
852861
852865
852867
852917
853029
853141
853159
853201
853247
853365
853401
853403
853415
853493
853591
853609
853835
853879
853889
854099
854157
854203
854295
854399
854441
854455
854545
854635
854651
854727
854813
854887
854945
854991
855045
855061
855065
855143
855259
855297
855339
855395
855405
855421
855441
855491
855509
855511
855531
855557
855581
855701
855733
855735
855775
855869
855897
855961
856089
856213
856243
856275
856403
856409
856699
856729
856865
856889
856925
857153
857179
857229
857539
857591
857647
857657
857825
857959
857963
858057
858065
858067
858087
858223
858331
858349
858385
858421
858485
858655
858763
858823
858929
858989
859023
859043
859161
859461
859543
859613
859621
859673
859843
859897
859903
859919
859923
860037
860227
860233
860275
860377
860443
860543
860623
860641
860671
860695
860717
860739
860747
860807
860817
860879
861065
861095
861107
861203
861213
861231
861239
861285
861319
861395
861467
861543
861783
862083
862237
862239
862271
862435
862437
862443
862471
862511
862639
862691
862753
862803
862825
863013
863093
863123
863271
863397
863451
863453
863559
863583
863589
863599
863687
863741
863833
863841
863849
863871
863889
863911
863925
863995
864249
864479
864505
864535
864575
864585
864625
864811
864813
864853
864935
865075
865083
865461
865611
865671
865699
865849
865853
865887
865909
866009
866209
866267
866299
866331
866333
866475
866515
866517
866677
866681
866783
866907
867001
867003
867059
867137
867143
867281
867303
867317
867359
867363
867449
867469
867575
867579
867719
867735
867777
867891
867979
868093
868097
868119
868203
868221
868263
868467
868535
868613
868617
868691
868773
868791
868891
868975
868991
869209
869337
869361
869425
869467
869515
869613
869629
869715
869739
869745
869821
869835
869917
870059
870069
870079
870189
870193
870267
870437
870449
870455
870481
870507
870569
870641
870697
870703
870721
870757
870831
870849
870895
870899
870931
870975
871035
871037
871047
871097
871121
871255
871283
871441
871477
871537
871617
871717
871801
871807
871861
871893
871973
871995
872023
872037
872053
872063
872071
872111
872229
872299
872343
872591
872603
872705
872765
872783
872799
872859
872887
872985
873029
873209
873265
873277
873285
873335
873353
873411
873437
873461
873463
873473
873507
873575
873591
873653
873677
873749
873773
873889
873929
873933
873963
874071
874085
874137
874197
874235
874285
874455
874551
874709
874899
874913
874983
874997
875059
875195
875215
875257
875293
875311
875411
875417
875849
875879
875925
875933
875943
876075
876141
876175
876273
876363
876397
876585
876607
876643
876671
876697
876699
876979
877057
877329
877427
877429
877537
877607
877651
877661
877665
877717
877739
877761
877779
877789
877835
877855
877909
877973
877983
877995
878011
878105
878115
878137
878325
878439
878461
878599
878733
878739
878759
878835
878919
879063
879079
879099
879191
879197
879229
879289
879293
879327
879379
879395
879407
879473
879517
879555
879585
879711
879795
879803
879947
879971
879993
880001
880125
880219
880275
880299
880335
880347
880355
880359
880367
880377
880401
880407
880437
880505
880575
880579
880835
880881
880995
881019
881101
881175
881227
881245
881333
881401
881461
881543
881609
881627
881715
881951
881985
882003
882005
882029
882047
882101
882115
882121
882197
882205
882287
882297
882335
882395
882415
882503
882563
882591
882621
882651
882697
882797
882813
883095
883103
883209
883335
883605
883713
883753
883829
883899
884025
884075
884169
884267
884301
884363
884399
884425
884521
884547
884587
884599
884847
884893
885035
885057
885059
885071
885089
885163
885233
885247
885337
885387
885393
885457
885487
885589
885593
885633
885645
885659
885703
885705
885843
885927
885941
886133
886163
886361
886419
886469
886483
886527
886581
886601
886739
886791
886817
886867
886911
886965
886969
886995
886997
887033
887059
887069
887137
887177
887237
887395
887403
887581
887751
887753
887761
887819
887831
887899
887911
887955
887973
888009
888083
888085
888189
888223
888233
888279
888283
888305
888439
888523
888657
888671
888709
888731
888793
888931
889053
889091
889103
889387
889469
889497
889533
889573
889585
889595
889623
889693
889711
889755
889773
889775
889883
889967
889979
890131
890171
890217
890491
890663
890769
890807
890845
890863
890999
891113
891187
891195
891213
891351
891377
891419
891527
891535
891597
891645
891651
891655
891697
891705
891725
891951
891995
891999
892097
892177
892211
892213
892301
892359
892393
892437
892449
892479
892487
892607
892689
892735
892791
892891
892899
893065
893081
893091
893115
893193
893197
893291
893305
893371
893395
893489
893507
893569
893787
893985
894157
894195
894247
894265
894405
894421
894533
894551
894621
894675
894723
894823
894929
894935
895059
895095
895109
895121
895235
895325
895375
895409
895445
895461
895479
895663
895693
895723
895771
895807
895895
895913
895931
895949
895957
895997
896069
896309
896311
896363
896489
896603
896689
896761
896783
896887
896891
897165
897209
897363
897395
897405
897483
897655
897659
897699
897717
897733
897741
897749
897797
897857
897915
897933
898023
898069
898135
898137
898207
898227
898273
898393
898415
898421
898451
898715
898767
898785
898913
898955
899039
899049
899225
899507
899583
899711
899731
899741
899799
899801
900037
900073
900081
900161
900187
900253
900315
900427
900507
900531
900563
900721
900753
900763
900767
900785
900997
901151
901173
901177
901195
901551
901631
901647
901917
901935
901977
901981
902089
902107
902139
902343
902367
902529
902659
902741
902743
902779
902833
902869
902919
902933
903031
903093
903203
903249
903255
903281
903399
903537
903581
903645
903659
903765
903919
903933
903969
904057
904071
904077
904089
904155
904223
904225
904463
904481
904601
904647
904727
904735
904775
904979
905109
905177
905203
905209
905277
905395
905521
905535
905561
905569
905635
905689
905753
905793
905809
905823
905989
906005
906083
906289
906329
906471
906589
906611
906779
906785
906871
906913
906997
907063
907119
907149
907219
907295
907303
907363
907381
907385
907391
907447
907473
907629
907859
908009
908141
908143
908201
908273
908423
908479
908495
908531
908591
908601
908605
908617
908643
908687
908691
908929
908983
909019
909087
909119
909177
909207
909217
909511
909573
909667
909777
909785
909851
909947
909997
910029
910051
910055
910149
910183
910259
910323
910429
910459
910481
910525
910535
910653
910729
910731
910817
911097
911301
911427
911433
911493
911535
911735
911773
911813
911881
911893
911921
912099
912115
912131
912151
912237
912321
912357
912441
912579
912787
912831
912963
912975
913531
913551
913553
913603
913645
913649
913699
913711
913835
914053
914057
914075
914103
914151
914325
914487
914531
914563
914607
914621
914681
914707
914739
914785
914823
914877
915015
915063
915179
915197
915219
915253
915287
915333
915433
915459
915559
915645
915673
915679
915779
915801
915813
915859
915927
915959
915971
916015
916115
916133
916347
916385
916499
916517
916569
916643
916737
916827
916943
916973
917005
917103
917149
917219
917259
917347
917351
917547
917617
917641
917649
917735
917755
917835
917843
917875
917949
917969
918003
918181
918219
918283
918337
918391
918413
918525
918601
918679
918685
918691
918695
918701
918877
918943
918967
918981
918989
918991
919005
919147
919149
919177
919185
919199
919203
919237
919265
919291
919333
919343
919381
919391
919447
919757
919827
919887
920033
920051
920119
920147
920159
920239
920325
920389
920397
920503
920517
920613
920641
920699
920707
920751
920807
920821
920823
921129
921145
921207
921227
921289
921387
921427
921485
921487
921527
921605
921633
921651
921659
921769
921981
922061
922155
922171
922181
922197
922267
922293
922445
922575
922707
922713
922815
922821
922855
922867
922977
923025
923285
923393
923405
923447
923475
923553
923655
923717
923781
923823
923901
923941
923993
924007
924105
924223
924335
924373
924413
924511
924521
924603
924609
924633
924651
924663
924685
924699
924725
924757
924821
924835
924975
924983
925029
925201
925225
925233
925305
925315
925495
925535
925537
925769
925839
925869
925897
925939
925975
925979
926027
926047
926109
926187
926237
926247
926269
926385
926465
926479
926487
926537
926633
926657
926667
926673
926721
926737
926741
926831
926891
926901
927007
927077
927197
927213
927281
927311
927353
927401
927427
927471
927529
927609
927719
927789
927873
927985
927999
928089
928119
928217
928243
928249
928381
928545
928621
928643
928657
928685
928709
928777
928871
928943
929049
929065
929131
929211
929213
929229
929231
929291
929317
929321
929371
929395
929469
929543
929575
929631
929707
929827
929933
930035
930065
930115
930423
930507
930509
930513
930671
930677
930709
930979
930993
931013
931019
931035
931045
931049
931163
931173
931241
931275
931291
931295
931337
931355
931371
931427
931509
931599
931741
931757
931765
931815
931821
931863
931877
931911
931947
931949
932073
932131
932253
932317
932371
932437
932529
932537
932545
932581
932715
932787
932837
932847
932919
932945
932957
933093
933153
933233
933311
933387
933455
933581
933641
933657
933709
933743
933779
933843
933851
933931
934069
934099
934133
934217
934339
934375
934425
934441
934465
934551
934579
934601
934753
934765
934789
935005
935113
935137
935171
935239
935387
935421
935557
935563
935667
935759
935765
935769
935877
935883
935895
936045
936077
936079
936081
936151
936335
936429
936475
936603
936617
936711
936767
936821
936849
936851
937121
937177
937243
937253
937295
937487
937517
937591
937747
937933
937955
937959
937965
937973
938161
938199
938265
938463
938479
938483
938607
938611
938663
938723
938741
938745
938749
938755
938841
938865
938901
938935
939045
939059
939151
939163
939191
939197
939257
939277
939291
939299
939543
939641
939643
939839
939907
939955
939973
940009
940059
940103
940115
940165
940209
940213
940217
940257
940279
940313
940359
940413
940433
940441
940455
940463
940495
940539
940623
940681
940699
940733
940745
940801
940825
940871
940927
940987
941065
941083
941087
941089
941121
941147
941183
941257
941321
941327
941397
941567
941589
941637
941651
941777
941893
941943
941945
941953
941993
942031
942079
942197
942227
942229
942305
942489
942673
942721
942761
942835
942841
942849
942871
942879
942889
942911
942951
942955
943057
943059
943087
943095
943127
943143
943239
943303
943309
943369
943523
943605
943713
943805
943827
943849
943885
943907
943909
943951
944027
944221
944231
944271
944297
944365
944547
944589
944603
944613
944657
944683
944805
944865
944935
944977
945011
945185
945209
945305
945313
945345
945355
945365
945387
945421
945529
945587
945589
945597
945641
945659
945691
945809
945823
945825
945911
945961
946035
946059
946169
946195
946299
946331
946361
946367
946417
946451
946485
946583
946691
946703
946831
946915
947013
947095
947279
947281
947329
947471
947475
947481
947535
947571
947617
947647
947707
947857
947859
947933
948179
948351
948353
948545
948565
948631
948649
948867
948911
948915
949127
949251
949273
949303
949379
949401
949441
949459
949523
949557
949605
949609
949631
949659
949715
949719
949725
949727
949861
949931
950017
950049
950141
950199
950243
950313
950341
950447
950465
950627
950709
950737
950745
950773
951013
951121
951135
951139
951167
951181
951213
951243
951353
951469
951491
951549
951563
951671
951847
951883
951957
951969
952041
952073
952091
952225
952379
952419
952467
952561
952643
952677
952695
952719
952755
952791
952897
953029
953267
953317
953345
953387
953417
953483
953503
953553
953643
953743
953807
953849
953951
953979
953981
954151
954307
954479
954569
954765
954771
954865
954907
954911
954925
954965
955015
955049
955053
955071
955075
955079
955217
955233
955273
955425
955559
955601
955729
955853
955871
955875
955881
955935
955999
956019
956021
956081
956187
956427
956449
956453
956519
956565
956581
956617
956671
956705
956707
956787
957179
957243
957279
957415
957451
957637
957641
957685
957745
957765
957861
957971
957981
958011
958127
958249
958295
958351
958687
958827
958881
958895
958909
958985
959023
959057
959127
959231
959303
959369
959467
959477
959609
959625
959709
959727
959823
959879
959941
959953
960013
960019
960057
960079
960097
960179
960185
960207
960221
960285
960295
960393
960403
960445
960509
960559
960697
960701
960711
960793
960817
960845
961107
961169
961237
961245
961359
961363
961367
961379
961429
961477
961529
961559
961689
961759
961823
961829
962187
962315
962545
962603
962619
962657
962685
962793
962821
963073
963113
963167
963235
963307
963315
963363
963391
963399
963453
963551
963679
963709
963787
963801
963825
963867
964003
964085
964163
964201
964219
964273
964293
964331
964409
964669
964697
964733
964767
964819
964823
964845
964935
964995
965225
965233
965243
965261
965315
965337
965423
965433
965517
965629
965647
965693
965743
965811
965845
966023
966049
966127
966159
966351
966495
966497
966537
966605
966743
966783
966859
967079
967241
967277
967281
967421
967431
967509
967511
967521
967613
967699
967737
967787
967795
967817
967905
967939
967979
968003
968053
968069
968165
968193
968231
968243
968377
968461
968673
968707
968747
968821
968889
968893
968901
968941
969051
969055
969063
969101
969209
969445
969521
969571
969611
969647
969683
969767
969773
969805
969889
969963
969999
970027
970193
970223
970327
970397
970533
970567
970647
970679
970779
970877
970913
970979
970983
971009
971077
971133
971163
971171
971261
971385
971455
971469
971655
971733
971753
971869
971893
971935
972053
972105
972241
972247
972323
972381
972497
972543
972547
972581
972657
972683
972803
972823
972867
972883
972917
973001
973101
973127
973147
973183
973273
973325
973373
973389
973407
973417
973445
973471
973503
973509
973605
973639
973657
973847
974035
974163
974183
974263
974275
974283
974445
974519
974537
974567
974577
974591
974599
974645
974689
974699
974721
974821
974825
974839
974847
974899
975031
975065
975125
975147
975151
975347
975389
975475
975497
975521
975531
975745
975813
975821
975845
975975
976049
976117
976137
976243
976349
976495
976629
976679
976683
976775
976847
977031
977207
977209
977377
977397
977487
977593
977609
977725
977727
977739
977777
978063
978087
978251
978305
978313
978335
978347
978475
978503
978805
978907
978933
978937
978957
979125
979129
979157
979179
979227
979251
979275
979277
979309
979391
979545
979555
979603
979629
979721
979919
980089
980091
980117
980163
980195
980221
980325
980353
980389
980415
980437
980577
980629
980635
980649
980687
980699
980745
980753
980891
980955
981021
981035
981171
981173
981223
981267
981443
981555
981617
981671
981679
981701
981773
981785
981851
981895
981943
982015
982107
982121
982129
982139
982143
982175
982355
982509
982513
982675
982695
982705
982791
982809
982837
982903
982933
982955
983083
983171
983203
983205
983379
983389
983393
983411
983439
983475
983497
983591
983633
983787
983839
983849
983867
983893
983921
983973
983995
984047
984091
984139
984151
984275
984291
984357
984371
984381
984519
984549
984589
984629
984649
984767
984999
985131
985135
985173
985269
985277
985297
985343
985357
985397
985401
985415
985485
985537
985691
985757
985767
985809
986095
986111
986125
986183
986205
986247
986271
986313
986417
986599
986667
986701
987075
987143
987231
987293
987345
987359
987459
987469
987481
987551
987607
987657
987683
987695
987713
987733
987741
987767
987799
987825
987897
987919
987947
987969
988003
988005
988007
988049
988099
988107
988139
988297
988337
988455
988489
988609
988657
988673
988727
988787
988907
988979
989035
989061
989335
989415
989475
989597
989607
989621
989623
989699
989709
989779
989781
989887
989897
989903
989953
989987
989995
990053
990103
990183
990197
990257
990317
990331
990413
990423
990441
990465
990485
990489
990503
990535
990563
990573
990625
990699
990725
990733
990751
990799
990945
990995
991027
991035
991067
991089
991177
991193
991269
991297
991339
991543
991581
991681
991765
991777
991801
991837
991839
991961
991987
992123
992125
992127
992147
992195
992423
992481
992489
992513
992589
992787
992949
993047
993145
993159
993195
993209
993327
993389
993427
993475
993693
993725
993741
993753
993805
993851
993941
993957
993983
994045
994051
994077
994193
994211
994277
994293
994297
994361
994369
994385
994771
994921
994955
994995
995037
995105
995125
995221
995307
995317
995333
995405
995501
995607
995643
995699
995749
995773
995793
995831
995885
996071
996075
996219
996221
996273
996275
996299
996431
996479
996503
996739
996769
996797
996895
996909
996967
996981
997047
997121
997261
997269
997307
997437
997445
997681
997725
997845
997889
997963
998231
998283
998341
998383
998443
998445
998483
998557
998601
998755
998759
998841
998877
998933
999087
999165
999179
999273
999311
999319
999369
999409
999635
999675
999765
999889
999995
999999
