# proven primes: b with (b^16+1)/2 prime (APR-CL), block [1000000,2000000)
1000157
1000211
1000357
1000397
1000401
1000431
1000519
1000617
1000755
1000787
1000855
1000889
1000899
1000935
1000957
1001063
1001211
1001309
1001333
1001379
1001417
1001429
1001443
1001449
1001527
1001811
1001919
1001945
1001993
1001995
1002091
1002183
1002299
1002337
1002451
1002583
1002601
1002641
1002703
1002705
1002727
1002817
1002823
1002885
1003079
1003109
1003121
1003141
1003171
1003181
1003195
1003227
1003249
1003255
1003275
1003303
1003319
1003339
1003403
1003477
1003513
1003521
1003663
1003697
1003739
1003843
1003879
1003893
1004085
1004123
1004145
1004201
1004257
1004325
1004347
1004375
1004575
1004625
1004695
1004785
1004797
1004899
1005021
1005087
1005143
1005205
1005405
1005479
1005509
1005543
1005587
1005655
1005683
1005757
1005775
1005837
1006051
1006063
1006243
1006303
1006309
1006381
1006443
1006607
1006629
1006661
1006731
1006769
1006861
1006877
1006891
1006975
1007045
1007145
1007155
1007175
1007261
1007287
1007297
1007341
1007357
1007489
1007513
1007671
1007717
1007729
1007781
1007799
1007889
1008021
1008113
1008427
1008607
1008659
1008747
1008795
1008903
1009015
1009079
1009135
1009283
1009289
1009403
1009489
1009517
1009601
1009651
1009711
1009737
1009797
1009893
1009917
1009953
1009985
1010193
1010309
1010357
1010535
1010561
1010605
1010725
1010769
1010881
1010947
1011203
1011241
1011281
1011381
1011393
1011479
1011487
1011519
1011599
1011649
1011801
1011805
1011807
1011965
1011993
1011999
1012139
1012155
1012259
1012297
1012387
1012399
1012509
1012575
1012601
1012605
1012609
1012639
1012667
1012671
1012771
1012827
1012837
1012839
1012885
1012911
1012961
1013031
1013053
1013107
1013173
1013285
1013349
1013363
1013637
1013671
1013693
1013725
1013783
1013807
1013829
1013869
1013891
1013997
1014003
1014025
1014041
1014145
1014149
1014267
1014417
1014429
1014525
1014531
1014547
1014679
1014739
1014749
1014775
1014797
1014823
1015047
1015049
1015109
1015163
1015187
1015241
1015277
1015335
1015429
1015561
1015597
1015665
1015843
1016101
1016155
1016229
1016681
1016697
1016759
1016781
1016797
1016863
1016877
1016951
1017039
1017053
1017121
1017143
1017195
1017229
1017233
1017363
1017415
1017465
1017487
1017495
1017499
1017517
1017573
1017577
1017635
1017685
1017907
1017935
1018055
1018315
1018353
1018451
1018493
1018549
1018595
1018637
1018671
1018801
1018809
1018827
1018887
1018899
1018911
1019237
1019287
1019349
1019367
1019369
1019487
1019519
1019583
1019663
1019699
1019729
1019801
1019961
1019971
1020011
1020037
1020049
1020127
1020135
1020293
1020419
1020457
1020613
1020621
1020649
1020661
1020837
1020877
1020921
1020939
1021017
1021107
1021111
1021291
1021403
1021469
1021489
1021533
1021579
1021617
1021669
1021739
1021791
1021837
1021895
1021897
1021951
1021971
1022001
1022083
1022147
1022269
1022469
1022503
1022533
1022545
1022565
1022587
1022649
1022673
1022719
1022761
1022771
1022785
1022797
1023059
1023097
1023159
1023179
1023189
1023323
1023367
1023469
1023569
1023709
1023715
1023769
1023785
1023803
1023883
1023969
1023993
1024029
1024065
1024091
1024117
1024121
1024169
1024367
1024395
1024415
1024449
1024479
1024501
1024549
1024601
1024609
1024617
1024619
1024721
1024723
1024747
1024793
1024821
1024827
1024927
1025001
1025007
1025107
1025121
1025125
1025177
1025277
1025321
1025449
1025513
1025523
1025543
1025581
1025597
1025845
1025907
1026023
1026049
1026149
1026285
1026353
1026365
1026383
1026483
1026535
1026549
1026631
1026643
1026689
1026743
1026789
1026799
1026941
1027053
1027061
1027125
1027159
1027173
1027189
1027217
1027245
1027261
1027279
1027345
1027403
1027421
1027425
1027433
1027451
1027453
1027467
1027473
1027697
1027707
1027779
1027917
1027921
1027927
1027969
1028079
1028101
1028127
1028203
1028215
1028387
1028433
1028589
1028601
1028683
1028819
1028911
1028929
1028977
1029075
1029079
1029113
1029187
1029291
1029307
1029389
1029493
1029553
1029661
1029755
1029789
1029941
1030019
1030025
1030035
1030037
1030117
1030305
1030337
1030357
1030367
1030439
1030505
1030637
1030679
1030715
1030817
1030829
1030831
1030905
1030919
1031077
1031109
1031139
1031183
1031269
1031393
1031437
1031537
1031911
1031917
1031969
1032031
1032065
1032073
1032133
1032145
1032185
1032279
1032283
1032363
1032387
1032443
1032493
1032509
1032539
1032577
1032629
1032665
1032721
1032727
1032759
1032891
1032991
1033037
1033041
1033135
1033145
1033219
1033319
1033401
1033409
1033487
1033549
1033561
1033635
1033655
1033745
1033801
1034133
1034337
1034371
1034593
1034755
1034771
1034853
1034917
1035015
1035081
1035147
1035159
1035189
1035271
1035331
1035371
1035541
1035599
1035619
1035631
1035739
1035757
1035801
1035921
1035977
1036031
1036111
1036229
1036291
1036339
1036443
1036481
1036485
1036525
1036621
1036671
1036725
1036783
1036817
1036829
1036851
1036933
1036955
1036957
1037023
1037103
1037127
1037277
1037343
1037393
1037553
1037667
1037739
1037787
1037817
1037825
1037853
1037893
1037895
1037973
1038035
1038065
1038077
1038085
1038217
1038227
1038229
1038251
1038347
1038573
1038679
1038691
1038771
1038913
1038965
1038973
1038993
1039015
1039149
1039287
1039363
1039415
1039421
1039463
1039499
1039603
1039657
1039717
1039799
1039887
1039893
1039921
1039927
1039961
1040027
1040217
1040237
1040259
1040263
1040287
1040335
1040383
1040427
1040437
1040513
1040721
1040787
1040801
1040821
1040871
1040889
1040939
1040967
1041033
1041139
1041155
1041189
1041263
1041301
1041421
1041529
1041575
1041665
1041685
1041701
1041721
1041789
1041875
1041949
1041977
1042039
1042057
1042209
1042263
1042383
1042491
1042665
1042727
1042823
1042831
1042883
1042937
1042955
1042957
1043029
1043111
1043199
1043293
1043385
1043493
1043497
1043505
1043627
1043759
1043779
1043791
1043805
1043843
1043855
1043879
1043939
1044013
1044017
1044069
1044109
1044217
1044317
1044443
1044457
1044507
1044567
1044725
1044795
1044837
1044847
1044885
1044931
1044937
1044995
1045073
1045125
1045179
1045319
1045385
1045483
1045487
1045515
1045541
1045549
1045581
1045671
1045769
1045807
1045821
1045885
1045963
1045969
1046011
1046109
1046147
1046209
1046231
1046497
1046589
1046591
1046605
1046627
1046735
1046737
1046783
1046807
1046933
1046981
1046995
1047119
1047129
1047171
1047217
1047273
1047359
1047377
1047443
1047605
1047633
1047693
1047735
1047769
1047853
1047903
1047953
1047991
1048117
1048147
1048151
1048161
1048221
1048241
1048369
1048603
1048655
1048675
1048721
1048741
1048759
1048933
1048975
1049005
1049231
1049351
1049379
1049405
1049483
1049493
1049505
1049565
1049577
1049639
1049643
1049907
1050009
1050023
1050047
1050217
1050321
1050343
1050347
1050351
1050401
1050407
1050463
1050547
1050729
1050745
1050763
1050765
1050841
1050851
1050863
1050867
1050897
1051019
1051089
1051107
1051149
1051225
1051253
1051269
1051281
1051351
1051483
1051829
1051953
1052079
1052093
1052111
1052133
1052221
1052251
1052265
1052291
1052297
1052335
1052375
1052393
1052397
1052479
1052485
1052623
1052667
1052703
1052731
1052875
1053001
1053043
1053053
1053119
1053147
1053237
1053275
1053373
1053407
1053415
1053505
1053565
1053587
1053609
1053615
1053655
1053673
1053819
1053963
1054063
1054075
1054087
1054139
1054249
1054271
1054393
1054581
1054657
1054739
1054811
1054881
1054937
1054949
1055073
1055083
1055095
1055101
1055141
1055271
1055285
1055395
1055523
1055555
1055579
1055627
1055637
1055639
1055661
1055907
1056071
1056079
1056219
1056237
1056259
1056373
1056477
1056527
1056547
1056567
1056571
1056583
1056607
1056675
1056897
1056925
1056987
1057023
1057059
1057143
1057421
1057491
1057505
1057531
1057533
1057537
1057591
1057601
1057657
1057673
1057681
1057703
1057763
1057787
1057853
1057885
1057897
1057921
1057923
1057973
1058005
1058167
1058245
1058307
1058313
1058383
1058403
1058407
1058493
1058517
1058535
1058547
1058557
1058827
1058937
1059021
1059025
1059053
1059061
1059219
1059271
1059283
1059287
1059301
1059327
1059387
1059495
1059599
1059613
1059619
1059655
1059677
1059689
1059717
1059815
1059833
1059923
1059927
1060105
1060175
1060375
1060403
1060417
1060457
1060461
1060585
1060591
1060599
1060601
1060651
1060655
1060745
1060785
1060817
1060949
1060975
1061021
1061139
1061209
1061223
1061229
1061269
1061277
1061343
1061423
1061445
1061449
1061489
1061539
1061545
1061653
1061729
1061733
1061763
1061799
1061849
1061853
1061897
1061967
1062111
1062161
1062279
1062375
1062401
1062409
1062431
1062639
1062797
1062841
1063027
1063091
1063185
1063217
1063265
1063321
1063357
1063437
1063519
1063525
1063537
1063561
1063641
1063715
1063745
1063755
1063865
1063881
1064199
1064231
1064277
1064407
1064439
1064471
1064495
1064549
1064575
1064945
1064973
1065027
1065035
1065049
1065091
1065163
1065307
1065423
1065543
1065563
1065611
1065663
1065681
1065731
1065789
1065871
1065911
1065957
1066153
1066237
1066251
1066325
1066443
1066447
1066523
1066525
1066537
1066609
1066617
1066795
1066839
1066911
1066929
1066997
1067005
1067183
1067189
1067353
1067379
1067521
1067559
1067685
1067697
1067769
1067791
1067833
1067953
1067977
1068003
1068013
1068177
1068259
1068301
1068305
1068331
1068335
1068361
1068365
1068509
1068529
1068609
1068671
1068681
1068687
1068729
1068769
1068917
1068937
1069101
1069133
1069139
1069245
1069315
1069335
1069533
1069687
1069733
1069815
1069895
1069919
1070047
1070079
1070139
1070147
1070175
1070183
1070357
1070381
1070385
1070393
1070413
1070577
1070581
1070621
1070759
1070873
1070893
1070903
1071001
1071041
1071071
1071095
1071113
1071155
1071239
1071263
1071277
1071291
1071405
1071437
1071491
1071499
1071541
1071573
1071613
1071653
1071739
1071821
1071883
1071893
1072333
1072337
1072367
1072379
1072577
1072587
1072593
1072615
1072629
1072795
1072799
1072831
1072861
1072935
1072981
1072999
1073007
1073031
1073051
1073123
1073125
1073229
1073289
1073323
1073363
1073501
1073543
1073591
1073623
1073703
1073751
1073931
1073977
1073987
1074103
1074265
1074505
1074533
1074631
1074719
1074721
1074769
1074849
1074851
1074929
1074975
1075013
1075145
1075149
1075337
1075383
1075443
1075487
1075533
1075537
1075567
1075569
1075647
1075751
1075859
1075929
1076031
1076057
1076071
1076189
1076233
1076341
1076395
1076511
1076571
1076599
1076737
1076861
1077029
1077041
1077075
1077167
1077197
1077269
1077299
1077401
1077629
1077677
1077759
1077777
1077783
1078035
1078079
1078139
1078141
1078169
1078211
1078223
1078291
1078481
1078533
1078541
1078601
1078641
1078735
1078817
1078825
1078945
1079027
1079069
1079103
1079235
1079369
1079443
1079449
1079489
1079607
1079663
1079681
1079715
1079751
1079769
1079783
1079819
1079977
1080003
1080023
1080157
1080183
1080311
1080451
1080505
1080563
1080611
1080687
1080787
1080795
1080809
1080911
1081003
1081005
1081009
1081101
1081129
1081149
1081195
1081215
1081235
1081241
1081271
1081321
1081327
1081477
1081515
1081563
1081695
1081787
1081809
1081815
1081851
1081863
1081931
1081969
1081979
1082021
1082047
1082095
1082119
1082229
1082245
1082265
1082329
1082335
1082349
1082429
1082433
1082507
1082509
1082519
1082557
1082665
1082689
1082705
1082787
1082829
1082871
1082875
1083077
1083133
1083283
1083327
1083385
1083451
1083453
1083501
1083585
1083597
1083715
1083851
1083909
1084001
1084033
1084239
1084295
1084365
1084433
1084451
1084601
1084607
1084749
1084821
1084869
1084947
1084959
1085049
1085051
1085067
1085139
1085213
1085235
1085237
1085419
1085441
1085473
1085539
1085593
1085777
1085801
1085819
1085843
1085857
1085911
1085995
1086007
1086157
1086165
1086167
1086223
1086263
1086313
1086321
1086365
1086409
1086457
1086501
1086555
1086599
1086831
1086861
1086863
1087169
1087237
1087249
1087273
1087507
1087527
1087571
1087573
1087661
1087711
1087723
1087737
1087921
1087947
1087985
1088011
1088025
1088051
1088137
1088217
1088301
1088371
1088539
1088599
1088713
1088763
1088921
1088959
1088963
1089003
1089041
1089095
1089165
1089227
1089285
1089321
1089325
1089565
1089615
1089703
1089751
1089783
1089821
1089883
1089939
1090055
1090161
1090167
1090263
1090359
1090433
1090445
1090469
1090491
1090545
1090797
1090825
1090959
1091069
1091105
1091135
1091299
1091323
1091349
1091371
1091385
1091461
1091481
1091595
1091655
1091667
1091761
1091865
1091885
1091979
1092049
1092127
1092155
1092191
1092257
1092309
1092343
1092457
1092493
1092523
1092579
1092599
1092601
1092603
1092633
1092795
1092899
1092949
1092957
1092979
1093003
1093005
1093023
1093033
1093161
1093185
1093289
1093323
1093351
1093367
1093393
1093419
1093563
1093581
1093813
1093845
1093851
1093931
1093943
1094263
1094271
1094319
1094325
1094519
1094681
1094711
1094751
1094771
1094841
1094851
1095021
1095097
1095157
1095189
1095195
1095225
1095241
1095293
1095297
1095301
1095345
1095677
1095697
1095741
1095747
1095755
1095835
1095847
1096261
1096553
1096587
1096597
1096599
1096639
1096647
1096673
1096725
1097273
1097281
1097345
1097351
1097449
1097457
1097557
1097699
1097911
1097939
1097975
1098009
1098067
1098151
1098159
1098197
1098227
1098241
1098369
1098407
1098417
1098467
1098503
1098513
1098551
1098581
1098583
1098599
1098653
1098733
1098755
1098807
1099017
1099021
1099047
1099075
1099145
1099317
1099333
1099339
1099371
1099459
1099471
1099619
1099625
1099631
1099633
1099695
1099801
1099807
1099813
1099815
1099937
1100037
1100131
1100141
1100213
1100217
1100309
1100329
1100379
1100483
1100503
1100513
1100545
1100563
1100569
1100747
1100809
1100815
1100839
1100857
1100963
1100989
1101069
1101231
1101233
1101239
1101291
1101315
1101413
1101631
1101641
1101647
1101661
1101769
1101951
1102009
1102065
1102119
1102227
1102297
1102337
1102421
1102467
1102471
1102491
1102559
1102607
1102637
1102647
1102661
1102669
1102697
1102701
1102853
1102901
1102943
1102947
1103063
1103087
1103137
1103187
1103317
1103349
1103415
1103529
1103633
1103751
1103773
1103829
1103871
1103955
1104085
1104091
1104173
1104503
1104513
1104599
1104621
1104631
1104635
1104675
1105055
1105103
1105107
1105147
1105189
1105205
1105259
1105333
1105373
1105439
1105449
1105461
1105507
1105619
1105637
1105677
1105685
1105757
1105765
1105767
1105809
1105833
1105965
1105977
1106093
1106163
1106241
1106277
1106347
1106349
1106379
1106399
1106473
1106537
1106545
1106845
1106867
1106951
1106953
1107023
1107043
1107159
1107163
1107183
1107205
1107251
1107287
1107463
1107493
1107787
1107855
1108081
1108111
1108115
1108121
1108125
1108133
1108289
1108387
1108435
1108495
1108529
1108565
1108599
1108601
1108625
1108649
1108651
1108675
1108703
1108801
1108945
1108965
1109019
1109089
1109135
1109181
1109265
1109317
1109381
1109405
1109595
1109701
1109713
1109841
1109845
1109961
1110075
1110167
1110403
1110415
1110439
1110555
1110761
1110765
1110797
1110827
1110923
1110979
1111149
1111235
1111391
1111423
1111427
1111533
1111567
1111627
1111635
1111811
1111825
1111835
1111871
1111973
1112243
1112325
1112411
1112679
1112681
1112703
1112709
1112859
1112883
1112885
1112897
1112937
1113031
1113145
1113151
1113169
1113189
1113193
1113197
1113205
1113283
1113331
1113333
1113379
1113457
1113479
1113517
1113527
1113621
1113723
1113807
1113839
1113923
1113937
1113943
1113955
1114055
1114103
1114443
1114459
1114537
1114571
1114577
1114663
1114897
1115019
1115083
1115307
1115393
1115457
1115589
1115593
1115599
1115623
1115767
1115779
1115785
1115831
1115897
1116011
1116153
1116171
1116195
1116215
1116275
1116501
1116573
1116655
1116703
1116753
1116969
1116973
1117083
1117093
1117127
1117225
1117361
1117387
1117529
1117541
1117593
1117641
1117643
1117729
1117889
1117921
1117985
1117993
1118039
1118051
1118061
1118105
1118127
1118183
1118185
1118299
1118335
1118439
1118451
1118463
1118637
1118715
1118757
1118787
1118911
1119145
1119163
1119197
1119247
1119251
1119293
1119301
1119315
1119381
1119403
1119549
1119573
1119603
1119769
1119871
1119903
1119909
1119969
1120019
1120069
1120081
1120189
1120231
1120247
1120269
1120381
1120479
1120519
1120649
1120779
1120839
1120989
1121309
1121431
1121455
1121465
1121493
1121611
1121615
1121665
1121683
1121743
1121781
1121813
1121817
1121843
1121927
1121929
1121983
1122057
1122091
1122175
1122211
1122265
1122333
1122509
1122543
1122563
1122567
1122585
1122589
1122651
1122711
1122725
1122735
1122913
1122945
1123087
1123115
1123169
1123217
1123251
1123269
1123303
1123335
1123361
1123405
1123487
1123543
1123551
1123755
1123789
1123875
1123883
1123971
1124025
1124037
1124039
1124057
1124061
1124119
1124125
1124261
1124269
1124303
1124317
1124365
1124383
1124397
1124433
1124537
1124543
1124559
1124585
1124601
1124639
1124641
1124885
1124907
1124981
1125103
1125173
1125179
1125329
1125403
1125419
1125459
1125483
1125485
1125491
1125493
1125575
1125659
1125693
1125717
1125729
1125787
1125891
1125973
1126005
1126019
1126073
1126087
1126097
1126211
1126259
1126261
1126275
1126343
1126367
1126373
1126463
1126483
1126619
1126677
1126765
1126793
1126833
1126887
1127039
1127079
1127115
1127179
1127215
1127225
1127229
1127275
1127293
1127303
1127347
1127433
1127501
1127639
1127763
1127803
1127859
1127879
1127891
1127999
1128001
1128023
1128025
1128125
1128141
1128153
1128251
1128281
1128313
1128321
1128353
1128369
1128375
1128387
1128477
1128527
1128661
1128663
1128685
1128693
1128697
1128869
1128877
1128923
1128925
1129067
1129097
1129127
1129221
1129317
1129335
1129427
1129581
1129627
1129699
1129711
1129741
1129915
1129921
1129953
1130203
1130267
1130335
1130433
1130517
1130529
1130531
1130545
1130579
1130619
1130631
1130703
1130723
1130833
1130855
1130935
1131085
1131207
1131241
1131257
1131295
1131337
1131373
1131441
1131461
1131561
1131595
1131635
1131645
1131663
1131687
1131721
1131723
1131737
1131829
1131963
1131993
1132085
1132155
1132163
1132233
1132277
1132299
1132329
1132419
1132535
1132549
1132619
1132781
1132831
1132901
1132963
1132971
1132983
1133243
1133307
1133309
1133325
1133347
1133421
1133535
1133557
1133645
1133713
1133913
1133983
1134031
1134041
1134165
1134239
1134311
1134321
1134327
1134345
1134365
1134585
1134593
1134631
1134727
1134733
1134859
1134873
1134875
1134975
1134997
1135115
1135253
1135291
1135313
1135401
1135407
1135579
1135627
1135633
1135637
1135775
1135839
1135979
1135993
1136027
1136047
1136049
1136075
1136151
1136237
1136379
1136417
1136491
1136549
1136565
1136673
1136813
1136841
1136845
1136865
1136999
1137043
1137233
1137239
1137245
1137469
1137535
1137579
1137627
1137745
1137867
1137907
1137933
1137957
1138019
1138031
1138149
1138201
1138257
1138353
1138395
1138539
1138597
1138645
1138755
1138759
1138777
1138787
1138839
1138883
1138891
1138921
1138957
1138995
1139077
1139181
1139205
1139367
1139375
1139397
1139437
1139455
1139693
1139767
1139781
1139809
1139811
1139821
1139895
1139901
1139949
1139951
1140141
1140223
1140233
1140305
1140379
1140389
1140431
1140491
1140605
1140659
1140663
1140679
1140693
1140757
1140873
1141015
1141047
1141075
1141193
1141267
1141295
1141343
1141423
1141491
1141495
1141657
1141713
1141717
1141729
1141809
1141843
1141861
1141873
1141883
1141893
1141907
1141913
1141933
1142007
1142039
1142051
1142067
1142193
1142299
1142351
1142363
1142487
1142561
1142643
1142687
1142693
1142731
1142851
1142911
1142975
1143023
1143031
1143087
1143209
1143221
1143229
1143387
1143459
1143469
1143477
1143621
1143745
1143749
1143835
1143905
1143943
1144011
1144015
1144051
1144101
1144223
1144365
1144409
1144441
1144609
1144623
1144683
1144699
1144833
1144913
1144951
1145053
1145129
1145145
1145173
1145179
1145225
1145235
1145301
1145323
1145337
1145347
1145351
1145537
1145597
1145741
1145775
1145921
1145931
1145945
1146037
1146041
1146163
1146257
1146315
1146377
1146533
1146569
1146581
1146653
1146705
1146729
1146733
1146839
1146893
1147047
1147129
1147153
1147171
1147197
1147303
1147389
1147395
1147417
1147701
1147727
1147863
1148045
1148055
1148091
1148105
1148109
1148125
1148157
1148193
1148239
1148279
1148285
1148371
1148423
1148437
1148505
1148565
1148683
1148685
1148841
1148853
1148873
1148883
1149033
1149041
1149065
1149225
1149277
1149337
1149393
1149447
1149587
1149649
1149675
1149719
1149751
1149859
1149985
1150113
1150219
1150227
1150355
1150403
1150519
1150811
1150837
1150887
1150921
1151159
1151197
1151285
1151387
1151403
1151465
1151471
1151519
1151523
1151571
1151597
1151799
1151803
1151837
1151897
1151997
1152077
1152175
1152183
1152295
1152311
1152413
1152575
1152597
1152633
1152745
1152783
1152821
1152869
1152927
1152929
1152953
1152979
1152989
1153105
1153127
1153239
1153619
1153635
1153711
1153745
1153841
1153879
1153917
1153927
1154149
1154203
1154241
1154271
1154335
1154421
1154495
1154689
1154789
1154871
1154887
1154897
1154899
1155015
1155055
1155105
1155171
1155235
1155247
1155269
1155271
1155285
1155355
1155469
1155495
1155555
1155649
1155693
1155757
1155959
1156021
1156023
1156043
1156089
1156105
1156151
1156159
1156281
1156349
1156351
1156407
1156425
1156437
1156499
1156543
1156589
1156731
1156801
1156843
1156849
1156977
1157019
1157081
1157087
1157089
1157129
1157145
1157293
1157367
1157383
1157387
1157389
1157421
1157457
1157501
1157539
1157719
1157797
1157825
1157873
1157883
1157885
1157891
1157901
1157929
1158083
1158181
1158221
1158389
1158391
1158459
1158471
1158527
1158567
1158609
1158689
1158729
1158763
1158785
1158939
1158969
1158991
1158993
1159071
1159125
1159231
1159285
1159383
1159459
1159481
1159627
1159657
1159671
1159675
1159715
1159785
1159793
1159885
1159913
1160019
1160027
1160045
1160157
1160181
1160207
1160243
1160311
1160319
1160347
1160447
1160449
1160477
1160493
1160557
1160717
1160719
1160739
1160815
1160883
1160971
1161003
1161057
1161179
1161189
1161383
1161421
1161445
1161463
1161531
1161537
1161563
1161581
1161721
1161745
1161775
1161801
1161865
1161919
1162031
1162085
1162243
1162301
1162303
1162325
1162355
1162401
1162443
1162541
1162605
1162643
1162657
1162679
1162703
1162755
1162765
1162825
1162847
1162861
1162945
1162965
1163025
1163111
1163121
1163123
1163137
1163223
1163249
1163307
1163321
1163339
1163609
1163691
1163695
1163783
1163843
1163903
1163967
1163973
1163985
1164003
1164097
1164205
1164323
1164329
1164447
1164469
1164559
1164671
1164685
1164743
1164863
1164877
1164965
1165073
1165093
1165153
1165181
1165229
1165437
1165509
1165561
1165659
1165681
1165685
1165699
1165795
1165861
1165879
1165939
1165987
1166025
1166059
1166099
1166105
1166119
1166149
1166157
1166205
1166263
1166293
1166447
1166543
1166571
1166663
1166681
1166685
1166933
1167177
1167191
1167383
1167457
1167553
1167567
1167577
1167607
1167651
1167689
1167759
1167785
1167799
1168049
1168085
1168177
1168289
1168309
1168347
1168351
1168375
1168583
1168763
1168829
1168983
1168995
1169047
1169081
1169117
1169137
1169233
1169277
1169321
1169353
1169461
1169463
1169553
1169555
1169609
1169739
1169805
1169817
1169877
1169891
1169997
1170313
1170323
1170397
1170523
1170535
1170653
1170683
1170791
1170803
1170937
1170951
1170981
1171025
1171087
1171155
1171163
1171253
1171371
1171379
1171485
1171851
1171997
1172007
1172209
1172239
1172341
1172505
1172699
1172707
1172729
1172739
1172777
1172783
1172829
1172841
1172929
1173093
1173127
1173283
1173295
1173307
1173317
1173329
1173335
1173349
1173399
1173411
1173433
1173521
1173701
1173711
1173729
1173761
1173791
1173801
1173921
1173935
1173973
1174051
1174063
1174217
1174305
1174309
1174323
1174439
1174659
1174743
1174823
1175009
1175095
1175119
1175157
1175171
1175337
1175371
1175505
1175565
1175671
1175731
1175755
1175787
1175813
1175867
1175871
1175875
1175881
1175905
1176147
1176161
1176205
1176381
1176421
1176535
1176557
1176583
1176777
1176813
1176925
1176995
1177013
1177055
1177177
1177229
1177239
1177263
1177353
1177443
1177505
1177571
1177585
1177621
1177687
1177781
1177849
1177867
1177991
1178039
1178041
1178063
1178089
1178149
1178233
1178367
1178421
1178507
1178529
1178575
1178583
1178589
1178849
1178859
1178915
1178941
1179037
1179083
1179193
1179239
1179301
1179309
1179369
1179477
1179505
1179553
1179573
1179627
1179635
1179675
1179703
1179895
1179899
1179901
1179987
1179991
1179999
1180009
1180063
1180149
1180197
1180207
1180239
1180261
1180291
1180479
1180525
1180547
1180745
1180913
1181085
1181133
1181159
1181209
1181305
1181319
1181325
1181437
1181439
1181509
1181535
1181551
1181583
1181589
1181623
1181627
1181637
1181799
1181815
1181933
1181935
1182043
1182103
1182263
1182271
1182311
1182369
1182401
1182425
1182455
1182461
1182551
1182603
1182623
1182695
1182707
1182747
1182775
1182877
1182975
1182995
1183033
1183071
1183073
1183085
1183135
1183149
1183359
1183413
1183481
1183565
1183567
1183647
1183681
1183713
1183873
1184043
1184057
1184111
1184163
1184165
1184379
1184413
1184715
1184721
1184765
1185117
1185137
1185181
1185251
1185485
1185525
1185535
1185619
1185703
1185727
1185895
1186017
1186059
1186113
1186129
1186133
1186253
1186313
1186341
1186407
1186429
1186463
1186467
1186591
1186695
1186739
1186741
1186807
1186851
1186863
1186917
1186983
1186985
1187047
1187083
1187147
1187161
1187197
1187301
1187345
1187381
1187387
1187603
1187609
1187661
1187715
1187779
1187915
1188079
1188207
1188331
1188429
1188437
1188537
1188607
1188727
1188749
1188771
1188905
1188929
1188995
1189017
1189075
1189141
1189167
1189181
1189217
1189249
1189415
1189577
1189635
1189963
1189991
1190017
1190019
1190087
1190173
1190251
1190325
1190337
1190521
1190581
1190589
1190607
1190729
1190755
1190785
1190795
1190805
1190815
1190851
1191005
1191147
1191279
1191353
1191371
1191443
1191499
1191579
1191595
1191707
1191961
1192039
1192059
1192395
1192439
1192557
1192627
1192633
1192637
1192653
1192691
1192721
1192729
1192847
1192903
1193091
1193141
1193173
1193235
1193329
1193385
1193441
1193479
1193563
1193603
1193621
1193635
1193657
1193741
1193851
1193963
1194061
1194123
1194161
1194243
1194329
1194335
1194475
1194479
1194623
1194727
1194741
1194825
1194851
1194869
1194879
1194941
1194945
1195003
1195015
1195075
1195137
1195347
1195371
1195439
1195503
1195551
1195683
1195695
1195711
1195853
1196105
1196317
1196385
1196401
1196413
1196437
1196543
1196631
1196657
1196899
1196901
1196921
1196937
1196959
1196987
1197001
1197019
1197023
1197169
1197235
1197259
1197297
1197409
1197467
1197471
1197539
1197785
1197813
1197849
1197853
1197891
1197915
1198105
1198181
1198185
1198225
1198259
1198375
1198491
1198501
1198643
1198653
1198739
1198741
1198819
1198903
1199007
1199017
1199055
1199097
1199105
1199205
1199227
1199367
1199379
1199441
1199549
1199581
1199589
1199605
1199647
1199731
1199739
1199743
1199817
1199973
1199991
1200089
1200091
1200137
1200325
1200357
1200381
1200415
1200571
1200607
1200613
1200631
1200663
1200873
1200895
1201019
1201077
1201143
1201145
1201305
1201399
1201413
1201485
1201607
1201613
1201657
1201661
1201743
1201793
1201809
1201863
1201941
1202029
1202051
1202089
1202095
1202119
1202153
1202493
1202515
1202585
1202593
1202611
1202767
1202779
1202825
1202829
1202841
1202981
1203211
1203253
1203261
1203311
1203399
1203429
1203457
1203661
1203713
1203763
1203781
1203921
1203927
1203961
1204323
1204359
1204467
1204511
1204667
1204761
1204797
1204869
1204945
1204949
1205009
1205063
1205219
1205329
1205349
1205499
1205563
1205595
1205603
1205607
1205631
1205675
1205763
1205801
1205819
1205899
1205919
1205929
1206259
1206289
1206293
1206357
1206365
1206413
1206425
1206459
1206493
1206539
1206589
1206647
1206653
1206717
1206847
1206945
1206963
1207021
1207027
1207055
1207141
1207149
1207273
1207297
1207303
1207353
1207359
1207429
1207537
1207585
1207637
1207655
1207801
1207845
1207933
1207947
1207951
1208143
1208185
1208303
1208383
1208561
1208593
1208787
1208879
1209005
1209009
1209041
1209173
1209207
1209251
1209675
1209693
1209699
1209863
1209891
1209919
1210005
1210083
1210159
1210213
1210251
1210277
1210309
1210313
1210425
1210551
1210557
1210587
1210643
1210649
1210917
1210961
1211013
1211019
1211231
1211233
1211237
1211327
1211363
1211373
1211505
1211531
1211543
1211659
1211675
1211879
1211911
1211929
1211935
1211939
1211977
1212091
1212155
1212171
1212273
1212371
1212379
1212557
1212615
1212629
1212635
1212655
1212799
1213021
1213061
1213091
1213167
1213179
1213215
1213219
1213259
1213385
1213387
1213431
1213443
1213467
1213475
1213495
1213499
1213565
1213635
1213677
1213721
1213737
1213905
1213971
1214009
1214143
1214153
1214237
1214293
1214345
1214381
1214419
1214435
1214465
1214585
1214601
1214707
1214799
1214829
1214843
1214913
1214929
1214973
1215031
1215141
1215177
1215301
1215503
1215517
1215591
1215741
1215763
1215771
1215851
1215943
1215961
1215975
1215985
1216067
1216145
1216193
1216333
1216345
1216419
1216467
1216557
1216607
1216647
1216673
1216675
1216737
1216853
1216941
1216961
1217073
1217171
1217205
1217215
1217317
1217409
1217455
1217559
1217569
1217707
1217817
1217903
1218109
1218137
1218191
1218335
1218363
1218425
1218449
1218553
1218621
1218755
1218769
1218811
1218909
1218973
1219061
1219067
1219127
1219143
1219153
1219183
1219297
1219313
1219343
1219395
1219449
1219537
1219641
1219653
1219875
1219897
1220033
1220049
1220087
1220145
1220235
1220275
1220309
1220343
1220351
1220407
1220453
1220533
1220793
1220829
1220839
1220873
1220955
1220961
1220999
1221019
1221035
1221047
1221057
1221137
1221209
1221251
1221255
1221353
1221577
1221597
1221643
1221775
1221809
1221853
1221917
1222029
1222043
1222229
1222237
1222253
1222279
1222337
1222389
1222403
1222467
1222539
1222601
1222703
1222711
1222803
1222883
1223081
1223117
1223283
1223285
1223425
1223537
1223567
1223587
1223651
1223809
1224119
1224269
1224351
1224377
1224383
1224617
1224641
1224775
1224787
1224803
1224823
1224911
1225005
1225069
1225081
1225103
1225197
1225213
1225263
1225341
1225397
1225555
1225653
1225685
1225777
1225807
1225855
1225917
1225999
1226033
1226107
1226133
1226289
1226357
1226429
1226455
1226465
1226561
1226621
1226673
1226693
1226905
1227061
1227169
1227409
1227527
1227737
1227769
1227805
1227873
1227899
1228141
1228165
1228167
1228197
1228247
1228249
1228279
1228285
1228347
1228367
1228481
1228607
1228613
1228623
1228717
1228757
1228889
1228909
1228919
1228985
1228997
1229051
1229131
1229167
1229215
1229267
1229305
1229313
1229335
1229353
1229377
1229443
1229485
1229507
1229549
1229755
1229841
1229849
1229877
1229945
1229957
1230065
1230151
1230237
1230423
1230429
1230467
1230583
1230599
1230641
1230645
1230679
1230817
1230945
1230951
1230967
1231085
1231111
1231293
1231397
1231551
1231603
1231671
1231689
1231695
1231713
1231717
1231727
1231785
1231925
1231931
1231949
1232059
1232067
1232105
1232229
1232353
1232369
1232453
1232529
1232597
1232611
1232615
1232719
1232741
1232833
1232883
1233037
1233079
1233095
1233111
1233147
1233249
1233347
1233511
1233573
1233637
1233645
1233687
1233767
1233779
1233969
1234023
1234047
1234055
1234069
1234091
1234121
1234201
1234213
1234241
1234265
1234271
1234293
1234313
1234369
1234423
1234559
1234575
1234767
1234769
1234773
1234871
1234893
1235017
1235063
1235139
1235181
1235233
1235307
1235349
1235419
1235503
1235525
1235575
1235617
1235619
1235645
1235709
1235915
1236013
1236047
1236057
1236067
1236201
1236275
1236277
1236371
1236513
1236599
1236691
1236753
1236755
1236797
1236799
1236861
1236891
1236977
1236983
1237125
1237203
1237239
1237285
1237291
1237321
1237327
1237433
1237569
1237715
1237735
1237815
1237949
1238061
1238085
1238097
1238179
1238285
1238291
1238303
1238385
1238393
1238399
1238411
1238491
1238557
1238595
1238601
1238661
1238679
1238681
1238823
1238827
1238835
1238841
1238845
1238855
1238915
1238981
1238985
1239079
1239085
1239197
1239207
1239255
1239287
1239369
1239401
1239463
1239471
1239537
1239551
1239581
1239643
1239689
1239707
1239733
1239759
1239793
1239833
1239847
1239877
1239891
1239893
1239919
1240243
1240263
1240357
1240421
1240461
1240613
1240621
1240641
1240721
1240743
1240817
1240825
1240853
1240899
1240969
1241003
1241015
1241045
1241129
1241301
1241401
1241459
1241513
1241575
1241615
1241679
1241701
1241757
1241767
1241827
1241859
1241915
1241959
1242011
1242075
1242095
1242139
1242159
1242289
1242359
1242407
1242417
1242489
1242599
1242707
1242801
1242803
1242849
1242855
1242863
1242981
1243001
1243005
1243135
1243167
1243195
1243263
1243331
1243549
1243557
1243627
1243633
1243673
1243805
1243855
1243891
1243999
1244025
1244033
1244065
1244283
1244415
1244429
1244519
1244525
1244539
1244551
1244609
1244623
1244657
1244709
1244809
1244881
1244905
1244929
1245077
1245083
1245089
1245091
1245093
1245107
1245125
1245141
1245183
1245253
1245279
1245373
1245449
1245483
1245551
1245563
1245575
1245577
1245587
1245617
1245639
1245657
1245675
1245695
1245703
1245767
1245775
1245949
1245961
1246045
1246051
1246427
1246439
1246825
1246859
1246967
1247047
1247117
1247133
1247167
1247197
1247217
1247337
1247513
1247531
1247597
1247623
1247629
1247653
1247743
1247751
1247767
1247775
1247777
1247807
1247811
1247893
1247909
1247913
1247919
1247989
1248055
1248157
1248159
1248193
1248207
1248363
1248367
1248383
1248513
1248519
1248575
1248581
1248619
1248681
1248697
1248731
1248859
1248913
1248957
1248989
1248997
1249077
1249155
1249253
1249263
1249279
1249391
1249513
1249597
1249625
1249833
1250027
1250087
1250095
1250101
1250135
1250151
1250229
1250451
1250465
1250477
1250657
1250701
1250735
1250871
1251139
1251171
1251217
1251251
1251259
1251329
1251357
1251471
1251543
1251559
1251589
1251603
1251659
1251737
1251781
1251845
1251921
1251973
1252011
1252035
1252135
1252147
1252167
1252195
1252249
1252255
1252297
1252367
1252371
1252405
1252465
1252507
1252517
1252781
1252867
1252881
1252895
1252899
1252923
1252959
1253007
1253009
1253069
1253179
1253201
1253231
1253263
1253267
1253297
1253345
1253439
1253499
1253535
1253611
1253677
1253693
1253807
1253839
1254005
1254329
1254369
1254409
1254417
1254587
1254751
1254833
1254877
1254907
1255045
1255097
1255301
1255333
1255361
1255593
1255747
1255765
1255867
1255909
1255999
1256093
1256135
1256167
1256387
1256425
1256431
1256437
1256481
1256585
1256603
1256685
1256807
1256813
1256827
1256837
1256897
1256911
1256963
1257037
1257061
1257079
1257093
1257131
1257149
1257243
1257255
1257339
1257423
1257427
1257449
1257451
1257803
1258029
1258057
1258077
1258171
1258199
1258223
1258237
1258437
1258471
1258487
1258531
1258573
1258623
1258719
1258757
1258939
1258985
1258995
1259021
1259033
1259085
1259101
1259207
1259313
1259327
1259361
1259387
1259521
1259619
1259659
1259689
1259727
1259729
1259821
1259833
1260063
1260067
1260227
1260245
1260253
1260397
1260427
1260429
1260439
1260455
1260563
1260583
1260587
1260701
1260777
1260879
1260885
1260901
1261001
1261021
1261033
1261047
1261229
1261277
1261303
1261307
1261315
1261387
1261497
1261541
1261613
1261693
1261739
1261773
1261809
1261837
1261923
1262185
1262205
1262255
1262257
1262381
1262407
1262417
1262457
1262601
1262631
1262721
1262733
1262805
1262879
1263109
1263217
1263221
1263271
1263361
1263365
1263561
1263781
1263791
1263835
1263857
1264013
1264015
1264147
1264197
1264209
1264323
1264403
1264445
1264523
1264527
1264563
1264589
1264659
1264661
1264713
1264781
1264883
1264965
1265021
1265027
1265105
1265161
1265167
1265263
1265371
1265521
1265551
1265569
1265581
1265631
1265635
1265685
1265797
1265819
1265897
1265915
1265949
1266213
1266331
1266473
1266493
1266539
1266569
1266653
1266691
1266727
1266815
1267011
1267039
1267099
1267143
1267185
1267197
1267209
1267221
1267243
1267315
1267379
1267409
1267497
1267521
1267531
1267543
1267711
1267715
1267717
1267805
1267851
1267855
1267947
1268027
1268091
1268121
1268165
1268311
1268361
1268437
1268493
1268551
1268601
1268655
1268659
1268707
1268761
1268781
1268863
1268963
1269043
1269077
1269109
1269119
1269133
1269197
1269213
1269423
1269465
1269547
1269553
1269611
1269625
1269699
1269729
1269851
1269891
1270045
1270129
1270219
1270233
1270315
1270467
1270693
1270725
1270775
1270789
1270819
1270877
1270979
1271071
1271181
1271203
1271223
1271239
1271285
1271291
1271313
1271375
1271579
1271641
1271811
1271881
1272081
1272095
1272115
1272259
1272267
1272289
1272301
1272331
1272357
1272445
1272453
1272485
1272493
1272641
1272663
1272739
1272775
1272863
1272917
1272969
1273037
1273061
1273067
1273219
1273223
1273283
1273389
1273451
1273573
1273797
1273911
1273937
1273989
1274205
1274459
1274519
1274563
1274579
1274605
1274633
1274655
1274727
1274877
1274985
1275001
1275005
1275123
1275153
1275179
1275233
1275255
1275303
1275319
1275393
1275493
1275509
1275517
1275541
1275555
1275575
1275639
1275841
1275925
1275991
1276033
1276067
1276121
1276193
1276217
1276231
1276299
1276321
1276327
1276363
1276397
1276551
1276595
1276613
1276673
1276731
1276771
1276861
1276983
1277019
1277061
1277069
1277107
1277139
1277271
1277319
1277333
1277357
1277437
1277455
1277499
1277549
1277561
1277619
1277659
1277697
1277749
1277769
1277775
1277841
1277937
1277959
1277999
1278015
1278029
1278061
1278063
1278083
1278205
1278289
1278339
1278373
1278379
1278413
1278427
1278497
1278539
1278623
1278637
1278691
1278763
1278787
1278977
1279117
1279129
1279139
1279143
1279155
1279183
1279315
1279321
1279533
1279581
1279645
1279667
1279707
1279715
1279717
1279721
1279857
1279901
1279959
1280025
1280107
1280213
1280521
1280553
1280633
1280819
1280853
1280935
1280981
1281015
1281029
1281097
1281259
1281371
1281381
1281547
1281621
1281729
1281807
1281945
1281953
1281965
1282393
1282473
1282529
1282587
1282685
1282695
1282715
1282761
1282767
1282789
1282821
1282835
1282883
1282909
1282945
1283007
1283025
1283147
1283159
1283195
1283431
1283477
1283557
1283709
1283723
1283725
1283789
1283811
1283827
1283839
1283891
1284027
1284159
1284183
1284253
1284307
1284375
1284387
1284389
1284409
1284483
1284499
1284533
1284633
1284883
1284889
1284897
1284955
1285051
1285071
1285175
1285235
1285387
1285621
1285631
1285717
1285919
1286117
1286119
1286139
1286179
1286313
1286409
1286455
1286641
1286655
1286881
1286897
1286931
1286953
1286957
1287017
1287043
1287049
1287117
1287391
1287473
1287529
1287573
1287583
1287663
1287739
1287837
1287909
1287951
1287989
1288019
1288343
1288377
1288577
1288639
1288671
1288779
1288815
1288865
1288937
1288939
1289045
1289081
1289157
1289189
1289191
1289239
1289295
1289303
1289329
1289337
1289383
1289461
1289591
1289673
1289713
1289735
1289745
1289793
1289797
1289835
1289901
1289937
1290043
1290121
1290165
1290187
1290203
1290241
1290263
1290281
1290291
1290461
1290559
1290581
1290611
1290623
1290675
1290721
1290797
1290801
1290975
1291005
1291043
1291061
1291157
1291205
1291247
1291323
1291379
1291397
1291437
1291469
1291483
1291515
1291519
1291569
1291613
1291657
1291687
1291701
1291723
1291765
1291981
1292071
1292115
1292203
1292283
1292379
1292435
1292465
1292499
1292663
1292703
1292709
1292817
1292849
1292903
1292913
1292925
1292935
1292983
1292999
1293019
1293097
1293177
1293261
1293283
1293287
1293337
1293431
1293605
1293663
1293701
1293715
1293791
1293951
1293987
1294013
1294141
1294171
1294181
1294209
1294227
1294271
1294311
1294425
1294469
1294513
1294519
1294529
1294547
1294597
1294615
1294623
1294681
1294697
1294759
1294761
1294769
1294869
1295085
1295103
1295113
1295117
1295233
1295339
1295341
1295379
1295399
1295431
1295433
1295627
1295695
1295717
1295755
1295835
1295845
1295881
1295967
1296013
1296093
1296331
1296493
1296601
1296673
1296707
1296719
1296729
1296735
1296867
1296905
1296961
1297043
1297127
1297185
1297207
1297261
1297267
1297357
1297441
1297545
1297579
1297583
1297587
1297617
1297697
1297707
1297725
1297779
1297813
1297913
1297959
1298031
1298065
1298097
1298273
1298289
1298305
1298333
1298369
1298403
1298405
1298429
1298595
1298643
1298747
1298945
1299009
1299027
1299063
1299411
1299435
1299447
1299519
1299545
1299643
1299649
1299703
1299721
1299761
1299823
1299825
1299947
1299977
1300001
1300011
1300309
1300317
1300399
1300477
1300485
1300665
1300691
1300801
1301011
1301065
1301281
1301331
1301409
1301427
1301447
1301485
1301489
1301515
1301557
1301587
1301625
1301655
1301665
1301707
1301717
1301789
1301897
1301949
1302193
1302257
1302283
1302361
1302381
1302441
1302455
1302475
1302481
1302551
1302663
1302669
1302697
1302813
1302947
1303051
1303083
1303135
1303197
1303207
1303249
1303267
1303295
1303333
1303403
1303527
1303567
1303705
1303815
1303837
1303867
1303875
1303927
1303935
1303997
1304031
1304151
1304259
1304269
1304289
1304301
1304333
1304429
1304461
1304481
1304569
1304651
1304661
1304665
1304671
1304709
1304791
1304955
1304977
1305001
1305271
1305305
1305567
1305587
1305613
1305643
1305651
1305743
1305807
1305889
1305893
1305923
1305927
1305993
1306005
1306035
1306037
1306047
1306061
1306067
1306287
1306337
1306413
1306509
1306565
1306611
1306673
1306703
1306751
1306801
1306895
1306955
1306957
1307097
1307107
1307271
1307283
1307425
1307553
1307557
1307619
1307673
1307743
1307779
1307787
1307825
1307849
1307863
1307945
1307997
1308007
1308043
1308105
1308133
1308203
1308237
1308263
1308307
1308383
1308409
1308477
1308521
1308527
1308571
1308615
1308621
1308665
1308759
1308797
1308827
1308883
1308901
1308907
1309003
1309029
1309145
1309177
1309219
1309231
1309253
1309291
1309677
1309733
1309909
1309969
1309985
1310045
1310091
1310141
1310275
1310315
1310391
1310429
1310471
1310617
1310633
1310749
1310799
1310805
1310887
1311037
1311105
1311151
1311255
1311273
1311359
1311391
1311415
1311457
1311469
1311587
1311715
1311729
1311781
1311901
1311909
1311923
1311961
1312051
1312181
1312187
1312263
1312319
1312407
1312557
1312595
1312597
1312643
1312709
1312713
1312791
1312935
1312949
1313091
1313139
1313159
1313265
1313281
1313295
1313387
1313479
1313499
1313531
1313707
1313745
1313821
1313937
1313945
1313953
1314053
1314221
1314317
1314359
1314375
1314529
1314557
1314651
1314659
1314721
1314823
1315013
1315065
1315117
1315261
1315377
1315603
1315619
1315659
1315709
1315895
1315955
1315987
1316031
1316175
1316181
1316249
1316391
1316393
1316399
1316457
1316473
1316479
1316509
1316531
1316555
1316655
1316833
1316835
1316875
1316913
1316957
1317051
1317093
1317171
1317219
1317235
1317303
1317317
1317331
1317335
1317535
1317615
1317623
1317649
1317723
1317745
1317847
1317857
1317929
1317951
1317975
1318009
1318075
1318129
1318329
1318401
1318417
1318459
1318511
1318661
1318679
1318769
1318847
1318877
1318887
1318923
1318935
1319013
1319023
1319119
1319143
1319315
1319335
1319357
1319361
1319481
1319553
1319619
1319773
1319793
1319869
1319917
1319929
1319953
1319959
1320037
1320177
1320185
1320259
1320343
1320351
1320425
1320493
1320649
1320703
1320711
1320767
1320775
1320809
1320887
1320937
1321025
1321047
1321051
1321135
1321149
1321189
1321239
1321287
1321387
1321449
1321455
1321475
1321527
1321601
1321743
1321823
1321859
1321893
1321911
1321917
1321951
1321987
1322097
1322243
1322301
1322309
1322353
1322399
1322573
1322583
1322691
1322713
1322739
1322829
1322939
1322987
1322997
1323063
1323085
1323089
1323117
1323161
1323171
1323269
1323279
1323297
1323347
1323367
1323485
1323491
1323497
1323499
1323529
1323563
1323589
1323703
1323727
1323855
1323879
1323931
1323965
1323975
1324019
1324035
1324155
1324265
1324325
1324599
1324623
1324661
1324673
1324791
1324809
1324847
1324891
1325117
1325179
1325239
1325241
1325429
1325437
1325447
1325503
1325567
1325581
1325631
1325667
1326043
1326091
1326163
1326183
1326193
1326205
1326461
1326467
1326471
1326477
1326493
1326499
1326701
1326713
1326819
1326849
1326875
1327025
1327041
1327075
1327129
1327161
1327169
1327183
1327187
1327233
1327353
1327429
1327583
1327635
1327637
1327649
1327709
1327723
1327729
1327749
1327837
1327839
1327955
1328071
1328081
1328117
1328125
1328285
1328305
1328317
1328475
1328507
1328559
1328619
1328623
1328691
1328711
1328747
1328809
1328851
1328949
1329093
1329121
1329155
1329227
1329279
1329283
1329367
1329377
1329397
1329469
1329507
1329555
1329633
1329679
1329691
1329913
1330027
1330265
1330343
1330427
1330499
1330589
1330605
1330667
1330677
1330781
1330819
1330845
1331047
1331215
1331289
1331349
1331409
1331511
1331535
1331691
1331697
1331811
1331841
1331921
1331947
1332007
1332041
1332069
1332105
1332137
1332187
1332213
1332235
1332317
1332319
1332379
1332419
1332507
1332543
1332645
1332851
1332975
1333011
1333013
1333073
1333077
1333167
1333185
1333257
1333279
1333443
1333517
1333529
1333587
1333671
1333677
1333725
1333745
1333901
1334003
1334017
1334123
1334141
1334173
1334259
1334275
1334319
1334363
1334579
1334583
1334621
1334927
1334937
1334975
1335025
1335069
1335091
1335209
1335277
1335309
1335327
1335373
1335495
1335523
1335535
1335567
1335641
1335655
1335679
1335779
1335843
1335861
1335867
1335881
1335957
1335983
1336161
1336167
1336213
1336251
1336261
1336267
1336277
1336373
1336423
1336439
1336513
1336639
1336751
1336863
1336941
1336977
1337155
1337217
1337243
1337317
1337377
1337387
1337437
1337457
1337785
1337841
1337851
1337895
1337913
1338047
1338179
1338221
1338245
1338373
1338397
1338557
1338575
1338699
1338807
1338835
1338837
1338901
1338995
1339015
1339067
1339089
1339173
1339267
1339403
1339839
1339993
1340039
1340233
1340265
1340311
1340411
1340459
1340573
1340581
1340583
1340625
1340707
1340787
1340839
1340879
1340921
1340965
1340969
1340975
1341027
1341081
1341109
1341161
1341217
1341267
1341289
1341307
1341381
1341563
1341595
1341699
1341787
1341889
1342021
1342045
1342103
1342115
1342117
1342195
1342213
1342249
1342255
1342303
1342359
1342373
1342393
1342475
1342519
1342571
1342593
1342645
1342663
1342671
1342673
1342679
1342685
1342691
1342727
1342803
1342867
1343003
1343053
1343185
1343209
1343243
1343335
1343427
1343441
1343447
1343473
1343489
1343493
1343653
1343691
1343705
1343803
1343843
1343911
1343927
1343935
1344005
1344191
1344209
1344345
1344531
1344561
1344611
1344643
1344685
1344705
1344767
1344783
1344785
1344897
1344905
1344965
1344973
1344979
1345033
1345037
1345049
1345051
1345061
1345083
1345115
1345219
1345221
1345257
1345287
1345319
1345329
1345337
1345367
1345503
1345897
1345963
1346009
1346033
1346071
1346073
1346169
1346227
1346311
1346413
1346445
1346469
1346475
1346513
1346525
1346587
1346625
1346651
1346721
1346847
1346849
1346861
1346885
1347039
1347065
1347243
1347377
1347449
1347451
1347499
1347555
1347567
1347581
1347631
1347689
1347827
1347851
1348031
1348107
1348215
1348267
1348273
1348379
1348497
1348649
1348699
1348833
1348859
1348877
1348879
1348893
1348907
1348965
1348975
1349055
1349101
1349125
1349231
1349257
1349381
1349393
1349423
1349459
1349615
1349811
1349831
1349837
1349933
1349957
1350029
1350067
1350085
1350139
1350217
1350267
1350289
1350355
1350375
1350549
1350579
1350707
1350737
1350787
1350839
1350903
1350927
1350975
1350991
1351047
1351091
1351105
1351107
1351189
1351233
1351237
1351357
1351395
1351399
1351615
1351679
1351693
1351757
1351867
1351899
1352011
1352069
1352105
1352177
1352301
1352653
1352677
1352721
1352741
1352819
1352857
1352917
1352941
1352955
1353015
1353077
1353117
1353175
1353197
1353253
1353319
1353365
1353371
1353373
1353429
1353477
1353591
1353703
1353793
1353839
1353847
1353935
1353939
1354023
1354087
1354089
1354121
1354147
1354153
1354199
1354291
1354317
1354339
1354349
1354447
1354703
1354785
1354801
1354805
1354817
1354823
1354835
1354933
1354939
1355001
1355139
1355257
1355267
1355407
1355417
1355445
1355597
1355647
1355765
1355937
1355945
1356039
1356045
1356237
1356261
1356291
1356315
1356319
1356455
1356475
1356571
1356617
1356627
1356645
1356659
1356663
1356667
1356703
1356803
1356819
1356871
1356937
1357015
1357021
1357095
1357101
1357135
1357197
1357211
1357223
1357307
1357315
1357407
1357443
1357449
1357477
1357551
1357605
1357647
1357685
1357767
1357809
1357895
1357911
1357959
1357967
1357993
1358053
1358103
1358105
1358157
1358161
1358195
1358273
1358469
1358791
1358809
1358829
1358881
1359059
1359093
1359099
1359135
1359191
1359223
1359271
1359337
1359451
1359491
1359789
1359841
1359865
1359903
1359911
1359989
1360053
1360213
1360219
1360301
1360345
1360365
1360451
1360517
1360539
1360553
1360607
1360633
1360703
1360737
1360807
1360863
1360877
1360889
1361007
1361033
1361065
1361099
1361117
1361127
1361199
1361255
1361275
1361401
1361461
1361545
1361579
1361647
1361683
1361699
1361729
1361889
1361985
1362079
1362123
1362165
1362177
1362397
1362485
1362533
1362577
1362775
1362821
1362855
1362875
1362911
1362915
1362985
1363079
1363153
1363177
1363237
1363337
1363393
1363459
1363493
1363551
1363673
1363687
1363733
1363799
1363815
1363853
1364011
1364109
1364183
1364235
1364255
1364503
1364509
1364543
1364547
1364591
1364617
1364637
1364643
1364901
1364941
1364981
1365221
1365271
1365285
1365315
1365329
1365477
1365573
1365623
1365655
1365733
1365801
1366001
1366011
1366029
1366049
1366053
1366061
1366113
1366165
1366183
1366325
1366379
1366381
1366383
1366413
1366519
1366583
1366617
1366681
1366713
1366791
1366827
1366889
1366951
1366965
1367113
1367211
1367285
1367335
1367337
1367343
1367425
1367479
1367497
1367509
1367545
1367669
1367793
1367813
1367989
1367991
1367999
1368073
1368207
1368225
1368259
1368319
1368335
1368361
1368385
1368547
1368583
1368621
1368655
1368707
1368745
1368751
1368831
1368923
1368999
1369055
1369101
1369167
1369227
1369257
1369267
1369301
1369453
1369467
1369529
1369537
1369565
1369721
1369731
1369739
1369899
1369907
1369933
1369963
1370023
1370057
1370113
1370157
1370175
1370195
1370219
1370263
1370275
1370311
1370343
1370561
1370623
1370647
1370667
1370771
1370857
1370879
1370913
1370941
1370991
1371071
1371131
1371135
1371145
1371217
1371283
1371347
1371351
1371403
1371407
1371417
1371559
1371633
1371651
1371695
1371737
1371833
1371835
1371879
1371959
1371961
1371971
1371983
1372145
1372151
1372171
1372235
1372247
1372261
1372339
1372353
1372443
1372567
1372673
1372703
1372891
1372897
1372951
1373003
1373217
1373221
1373357
1373419
1373427
1373441
1373531
1373555
1373741
1373771
1373805
1373885
1373929
1373933
1373941
1374089
1374197
1374203
1374331
1374527
1374579
1374661
1374695
1374757
1374975
1375085
1375169
1375259
1375369
1375411
1375485
1375495
1375623
1375645
1375739
1375749
1375759
1375763
1375767
1375861
1375879
1375981
1376155
1376271
1376327
1376343
1376381
1376465
1376469
1376565
1376653
1376717
1376813
1376915
1377035
1377145
1377157
1377243
1377353
1377377
1377395
1377435
1377453
1377707
1377735
1377871
1377901
1377925
1377983
1377987
1378073
1378075
1378133
1378165
1378203
1378225
1378305
1378561
1378593
1378789
1378985
1379085
1379087
1379103
1379123
1379149
1379261
1379281
1379377
1379535
1379621
1379637
1379643
1379857
1379951
1379965
1380147
1380207
1380333
1380425
1380439
1380471
1380479
1380509
1380539
1380583
1380609
1380973
1380999
1381005
1381033
1381047
1381059
1381063
1381071
1381181
1381297
1381301
1381399
1381441
1381475
1381581
1381643
1381703
1381765
1381767
1381825
1381863
1381933
1381937
1382003
1382023
1382035
1382141
1382179
1382185
1382189
1382255
1382325
1382339
1382421
1382455
1382559
1382603
1382607
1382697
1382709
1382723
1382783
1382815
1382819
1382845
1382855
1382955
1383003
1383125
1383171
1383179
1383233
1383307
1383353
1383443
1383455
1383517
1383585
1383715
1383789
1383817
1383953
1383973
1384053
1384125
1384151
1384199
1384249
1384251
1384261
1384291
1384455
1384499
1384563
1384571
1384619
1384661
1384737
1384869
1384923
1385025
1385053
1385069
1385195
1385403
1385545
1385563
1385609
1385635
1385725
1385895
1385905
1386077
1386143
1386213
1386319
1386421
1386465
1386491
1386513
1386523
1386553
1386655
1386669
1386679
1386683
1386743
1386797
1387121
1387211
1387221
1387255
1387293
1387295
1387329
1387355
1387377
1387505
1387561
1387569
1387639
1387681
1387835
1387841
1387865
1387973
1388075
1388119
1388159
1388179
1388231
1388279
1388369
1388445
1388491
1388495
1388545
1388689
1388713
1388749
1388921
1388925
1388951
1388975
1389003
1389011
1389053
1389097
1389125
1389131
1389277
1389317
1389367
1389407
1389429
1389455
1389503
1389581
1389597
1389619
1389657
1389717
1389725
1389895
1389935
1390075
1390139
1390145
1390207
1390375
1390381
1390889
1391027
1391055
1391103
1391249
1391367
1391433
1391469
1391505
1391539
1391673
1391777
1391785
1391787
1391817
1391863
1391891
1392113
1392201
1392217
1392295
1392335
1392351
1392379
1392391
1392495
1392505
1392525
1392725
1393025
1393081
1393161
1393197
1393235
1393255
1393337
1393361
1393367
1393379
1393401
1393443
1393461
1393487
1393519
1393533
1393613
1393663
1393687
1393793
1393851
1393965
1394049
1394133
1394143
1394187
1394365
1394425
1394507
1394521
1394545
1394591
1394665
1394761
1394837
1394849
1394921
1394959
1394969
1394995
1395007
1395167
1395191
1395263
1395329
1395335
1395443
1395489
1395499
1395621
1395743
1395773
1395861
1395865
1396015
1396017
1396053
1396249
1396377
1396381
1396399
1396413
1396471
1396493
1396649
1396809
1396821
1396833
1396873
1397007
1397017
1397059
1397109
1397159
1397185
1397371
1397393
1397407
1397411
1397423
1397473
1397535
1397575
1397605
1397677
1397867
1397903
1397995
1398185
1398253
1398291
1398325
1398443
1398461
1398467
1398691
1398815
1398819
1398935
1398937
1399029
1399089
1399175
1399231
1399325
1399417
1399445
1399549
1399575
1399619
1399725
1399905
1400007
1400063
1400141
1400163
1400317
1400367
1400429
1400717
1400785
1400845
1400879
1400881
1401033
1401039
1401167
1401173
1401183
1401191
1401255
1401419
1401433
1401579
1401601
1401637
1401749
1401829
1401881
1401893
1401915
1401935
1401953
1402023
1402053
1402063
1402097
1402185
1402235
1402385
1402421
1402441
1402465
1402579
1402587
1402741
1402743
1402753
1402801
1402821
1402967
1403313
1403337
1403339
1403467
1403477
1403497
1403627
1403767
1403831
1403903
1403937
1403939
1403979
1403999
1404015
1404137
1404275
1404281
1404479
1404511
1404513
1404679
1404753
1404767
1404801
1404807
1404875
1404891
1404937
1404949
1405001
1405099
1405103
1405147
1405157
1405169
1405231
1405295
1405523
1405687
1405697
1405739
1405771
1405831
1405875
1405901
1405919
1405923
1405953
1406073
1406277
1406401
1406407
1406523
1406541
1406603
1406641
1406793
1406915
1406917
1406971
1407093
1407119
1407161
1407173
1407369
1407413
1407431
1407465
1407497
1407501
1407511
1407607
1407707
1407729
1407763
1407769
1407819
1407821
1407853
1407873
1407875
1407931
1407933
1407963
1408017
1408031
1408085
1408135
1408225
1408515
1408655
1408723
1408769
1408973
1409033
1409125
1409195
1409303
1409311
1409339
1409469
1409507
1409683
1409697
1409755
1409789
1409795
1409993
1410005
1410063
1410093
1410139
1410165
1410261
1410277
1410289
1410355
1410371
1410479
1410517
1410551
1410577
1410585
1410649
1410669
1410775
1410839
1410843
1410855
1410873
1410891
1410967
1410983
1411161
1411483
1411503
1411511
1411521
1411527
1411643
1411737
1411775
1411961
1411969
1412123
1412153
1412211
1412413
1412511
1412579
1412643
1412649
1412729
1412817
1412859
1412869
1412897
1412927
1412943
1412983
1413017
1413093
1413101
1413197
1413269
1413543
1413567
1413643
1413831
1413833
1413857
1413875
1413921
1414137
1414155
1414221
1414333
1414437
1414439
1414555
1414625
1414793
1414801
1414813
1414863
1414941
1415061
1415089
1415207
1415309
1415335
1415363
1415381
1415459
1415477
1415623
1415665
1415737
1415823
1415841
1415895
1415899
1415907
1416081
1416097
1416105
1416111
1416209
1416241
1416253
1416281
1416345
1416411
1416423
1416619
1416629
1416647
1416761
1416813
1416863
1416865
1416887
1416955
1416997
1417035
1417129
1417169
1417195
1417251
1417257
1417263
1417291
1417303
1417329
1417343
1417393
1417519
1417633
1417673
1417693
1417717
1417745
1417935
1418019
1418075
1418083
1418157
1418205
1418249
1418293
1418305
1418307
1418391
1418407
1418487
1418585
1418679
1418695
1418841
1419147
1419353
1419361
1419393
1419437
1419689
1419717
1419851
1419901
1419919
1419947
1419967
1419981
1419989
1420007
1420037
1420065
1420111
1420153
1420455
1420511
1420515
1420755
1420865
1420955
1420965
1420991
1421009
1421071
1421203
1421223
1421265
1421281
1421391
1421395
1421441
1421621
1421849
1421853
1421879
1421901
1421929
1421959
1421987
1422019
1422045
1422061
1422215
1422229
1422371
1422497
1422567
1422569
1422587
1422717
1422723
1422821
1422861
1422867
1423081
1423183
1423197
1423211
1423263
1423305
1423325
1423471
1423559
1423575
1423579
1423599
1423625
1423731
1423771
1423841
1423853
1423899
1423927
1423953
1423959
1423975
1423983
1424121
1424167
1424169
1424203
1424227
1424237
1424401
1424451
1424453
1424511
1424573
1424583
1424637
1424643
1424665
1424697
1424751
1424849
1424869
1424965
1424969
1424973
1425015
1425137
1425151
1425229
1425285
1425365
1425465
1425517
1425539
1425561
1425729
1425797
1425843
1425915
1425965
1426227
1426259
1426279
1426321
1426353
1426409
1426435
1426443
1426591
1426619
1426651
1426741
1426749
1426765
1426787
1426875
1427005
1427017
1427075
1427081
1427103
1427135
1427275
1427343
1427377
1427615
1427679
1427681
1427717
1427759
1427783
1427801
1427839
1427873
1427911
1427969
1428073
1428099
1428301
1428303
1428405
1428445
1428503
1428621
1428717
1428797
1428811
1428837
1428917
1428957
1428965
1428973
1428997
1429013
1429225
1429229
1429247
1429383
1429457
1429471
1429481
1429529
1429547
1429587
1429625
1429685
1429797
1429829
1429953
1430133
1430207
1430291
1430351
1430357
1430519
1430543
1430693
1430747
1430825
1430829
1430869
1430897
1430943
1431019
1431117
1431195
1431209
1431619
1431623
1431683
1431749
1431767
1431793
1431829
1431997
1432023
1432027
1432165
1432195
1432215
1432305
1432403
1432417
1432649
1432665
1432733
1432739
1432743
1432845
1432849
1432859
1432875
1432975
1433007
1433025
1433051
1433189
1433279
1433315
1433329
1433433
1433507
1433509
1433513
1433541
1433643
1433693
1433695
1433717
1433779
1433781
1433795
1433969
1434055
1434105
1434149
1434217
1434241
1434251
1434315
1434321
1434407
1434423
1434433
1434483
1434543
1434823
1434863
1434933
1435055
1435163
1435433
1435453
1435491
1435503
1435665
1435689
1435721
1435767
1435777
1435821
1435887
1435895
1436067
1436117
1436149
1436169
1436189
1436195
1436311
1436355
1436381
1436459
1436529
1436539
1436543
1436597
1436801
1436873
1436897
1436905
1436959
1437137
1437273
1437389
1437411
1437429
1437467
1437527
1437601
1437793
1437841
1437887
1437915
1437967
1437969
1438023
1438105
1438111
1438117
1438121
1438175
1438295
1438327
1438419
1438699
1438891
1438899
1438919
1438931
1439019
1439033
1439053
1439271
1439297
1439555
1439625
1439771
1439867
1440077
1440135
1440169
1440195
1440221
1440269
1440289
1440379
1440389
1440429
1440467
1440493
1440543
1440675
1440749
1440859
1440865
1440875
1440913
1440999
1441113
1441187
1441291
1441429
1441457
1441579
1441625
1441699
1441809
1441825
1441845
1441979
1442013
1442325
1442401
1442449
1442483
1442541
1442545
1442563
1442585
1442621
1442789
1442803
1442925
1442993
1442999
1443001
1443031
1443101
1443145
1443275
1443299
1443419
1443547
1443745
1443785
1443827
1443979
1443981
1443999
1444027
1444035
1444051
1444063
1444079
1444087
1444107
1444123
1444241
1444257
1444351
1444377
1444405
1444453
1444519
1444553
1444607
1444687
1444693
1444915
1444929
1444939
1444953
1444997
1445013
1445027
1445073
1445217
1445287
1445293
1445373
1445579
1445605
1445607
1445631
1445667
1445679
1445717
1445723
1445807
1445839
1445841
1445903
1445943
1445969
1446061
1446155
1446211
1446277
1446291
1446359
1446415
1446451
1446465
1446487
1446643
1446813
1446825
1446837
1446845
1446859
1446867
1446891
1446997
1447017
1447063
1447103
1447217
1447225
1447335
1447343
1447517
1447599
1447725
1447733
1447791
1447795
1447849
1447851
1447929
1448123
1448201
1448217
1448257
1448323
1448371
1448379
1448599
1448605
1448631
1448683
1448867
1448873
1448927
1448979
1449131
1449201
1449233
1449301
1449325
1449387
1449399
1449405
1449455
1449779
1449835
1450031
1450279
1450365
1450375
1450391
1450393
1450445
1450551
1450641
1450969
1450987
1451027
1451091
1451257
1451307
1451325
1451349
1451355
1451565
1451591
1451695
1451707
1451729
1451919
1451937
1451961
1451983
1452001
1452005
1452089
1452117
1452243
1452297
1452307
1452327
1452371
1452403
1452431
1452561
1452597
1452599
1452611
1452651
1452731
1452773
1452819
1452887
1452897
1453011
1453053
1453099
1453167
1453245
1453277
1453283
1453289
1453315
1453325
1453329
1453451
1453487
1453505
1453527
1453593
1453621
1453645
1453681
1453811
1453949
1453965
1454071
1454079
1454149
1454253
1454281
1454331
1454369
1454465
1454489
1454537
1454591
1454613
1454823
1454845
1454885
1454897
1454899
1454969
1454975
1455279
1455309
1455345
1455377
1455419
1455561
1455711
1455741
1455759
1455881
1455945
1455963
1456065
1456067
1456155
1456203
1456277
1456287
1456329
1456365
1456415
1456431
1456505
1456581
1456703
1456753
1457013
1457037
1457063
1457119
1457143
1457193
1457279
1457429
1457607
1457615
1457641
1457701
1457745
1457763
1457781
1457805
1457917
1457969
1457997
1458113
1458217
1458469
1458593
1458897
1458953
1458971
1459039
1459043
1459045
1459177
1459211
1459253
1459499
1459545
1459607
1459615
1459693
1459759
1459823
1459909
1459945
1459955
1459965
1459971
1460151
1460245
1460277
1460313
1460329
1460343
1460383
1460401
1460515
1460525
1460669
1460717
1460739
1460967
1461023
1461135
1461269
1461311
1461375
1461397
1461437
1461561
1461747
1461897
1461979
1462001
1462077
1462189
1462201
1462231
1462259
1462349
1462393
1462411
1462475
1462579
1462605
1462667
1462867
1462923
1463055
1463075
1463311
1463371
1463461
1463573
1463609
1463629
1463747
1463753
1463769
1463825
1463923
1464011
1464021
1464023
1464027
1464097
1464231
1464241
1464247
1464515
1464667
1464707
1464809
1464815
1464841
1464857
1464921
1464973
1464997
1465001
1465081
1465093
1465169
1465339
1465353
1465445
1465609
1465683
1465803
1465939
1466239
1466361
1466365
1466393
1466435
1466447
1466485
1466569
1466637
1466693
1466697
1466711
1466809
1466891
1466909
1466919
1467133
1467223
1467237
1467319
1467389
1467433
1467463
1467477
1467495
1467587
1467621
1467631
1467669
1467719
1467941
1468045
1468057
1468081
1468293
1468407
1468533
1468555
1468673
1468775
1468791
1468989
1469123
1469145
1469341
1469421
1469439
1469469
1469553
1469565
1469603
1469711
1469761
1469945
1469977
1470045
1470083
1470155
1470211
1470293
1470445
1470473
1470535
1470613
1470701
1470731
1470775
1470851
1470909
1470937
1470991
1471299
1471307
1471313
1471399
1471521
1471539
1471581
1471671
1471691
1471871
1471967
1472061
1472157
1472165
1472195
1472423
1472633
1472689
1472725
1472805
1472881
1472905
1472945
1472961
1473015
1473085
1473205
1473229
1473239
1473251
1473319
1473457
1473553
1473635
1473671
1473699
1473793
1473855
1473969
1473981
1474039
1474191
1474207
1474227
1474243
1474521
1474557
1474593
1474695
1474819
1474923
1474967
1474997
1475013
1475167
1475263
1475283
1475285
1475295
1475347
1475511
1475589
1475905
1475909
1476067
1476115
1476241
1476257
1476307
1476387
1476441
1476449
1476617
1476631
1476641
1476695
1476881
1476939
1477007
1477025
1477149
1477151
1477175
1477213
1477267
1477397
1477399
1477415
1477443
1477661
1477705
1477773
1477895
1477953
1477991
1478049
1478099
1478221
1478509
1478709
1478741
1478883
1478889
1479073
1479203
1479245
1479335
1479363
1479441
1479479
1479545
1479547
1479699
1479713
1479775
1479837
1479889
1480055
1480099
1480111
1480127
1480249
1480309
1480383
1480567
1480613
1480651
1480683
1480771
1480773
1480781
1480789
1480815
1480835
1480957
1480995
1481001
1481011
1481385
1481463
1481541
1481591
1481621
1481651
1481743
1481783
1481851
1482099
1482157
1482189
1482225
1482235
1482245
1482283
1482347
1482355
1482363
1482449
1482521
1482579
1482601
1482685
1482719
1482721
1482783
1482799
1482801
1482901
1483077
1483093
1483121
1483137
1483231
1483243
1483285
1483287
1483303
1483345
1483409
1483447
1483639
1483675
1483711
1483727
1483857
1483885
1483893
1484065
1484095
1484211
1484215
1484255
1484347
1484385
1484459
1484481
1484505
1484559
1484599
1484661
1484675
1484755
1484843
1484847
1484849
1484861
1484889
1484959
1485069
1485095
1485191
1485211
1485221
1485279
1485281
1485543
1485553
1485617
1485685
1485689
1485797
1485851
1485873
1485903
1485917
1486035
1486041
1486045
1486065
1486139
1486153
1486213
1486401
1486427
1486441
1486523
1486531
1486595
1486643
1486707
1486725
1486967
1487217
1487277
1487381
1487433
1487597
1487675
1487783
1487817
1487897
1487927
1488171
1488217
1488277
1488327
1488343
1488371
1488401
1488535
1488565
1488579
1488599
1488791
1488939
1488945
1488991
1489049
1489227
1489241
1489265
1489273
1489307
1489353
1489421
1489441
1489459
1489547
1489549
1489569
1489679
1489755
1489817
1490049
1490153
1490255
1490267
1490357
1490361
1490419
1490519
1490529
1490549
1490559
1490717
1490829
1490837
1490843
1490893
1490979
1491009
1491069
1491071
1491087
1491105
1491127
1491143
1491191
1491275
1491277
1491513
1491593
1491619
1491707
1491789
1491847
1491895
1491983
1492103
1492143
1492161
1492357
1492647
1492809
1492873
1492877
1492921
1493041
1493047
1493105
1493179
1493203
1493207
1493363
1493373
1493445
1493599
1493631
1493711
1493729
1493823
1493875
1493933
1493961
1493987
1494103
1494241
1494247
1494561
1494565
1494567
1494587
1494637
1494657
1494721
1494763
1494861
1494877
1494879
1494991
1495025
1495075
1495079
1495087
1495101
1495151
1495231
1495253
1495291
1495311
1495537
1495545
1495573
1495797
1495825
1495839
1495851
1495855
1495859
1495927
1495975
1496043
1496135
1496163
1496201
1496213
1496311
1496349
1496409
1496509
1496557
1496623
1496677
1496715
1496717
1496749
1496815
1496855
1496871
1497025
1497081
1497089
1497119
1497169
1497197
1497335
1497341
1497483
1497523
1497525
1497565
1497679
1497721
1497833
1497841
1498071
1498213
1498289
1498305
1498333
1498373
1498375
1498391
1498483
1498509
1498649
1498655
1498675
1498835
1498851
1499003
1499031
1499119
1499143
1499179
1499453
1499457
1499467
1499479
1499501
1499559
1499607
1499701
1499823
1499851
1499905
1499979
1500011
1500029
1500061
1500123
1500159
1500285
1500369
1500385
1500395
1500547
1500587
1500625
1500785
1500893
1500925
1500979
1501035
1501081
1501089
1501209
1501225
1501245
1501263
1501271
1501283
1501351
1501487
1501535
1501565
1501573
1501737
1501765
1501779
1502101
1502155
1502159
1502167
1502271
1502333
1502489
1502509
1502515
1502551
1502663
1502667
1502811
1502817
1503065
1503115
1503145
1503173
1503217
1503367
1503425
1503515
1503529
1503683
1503715
1503719
1503755
1503801
1503899
1503941
1503975
1504011
1504047
1504097
1504117
1504235
1504355
1504395
1504413
1504531
1504579
1504637
1504659
1504841
1504853
1504861
1504879
1504881
1504965
1504973
1504981
1505039
1505173
1505225
1505235
1505419
1505435
1505473
1505481
1505525
1505593
1505605
1505639
1505779
1505857
1505975
1506087
1506111
1506121
1506127
1506313
1506401
1506425
1506435
1506485
1506499
1506501
1506539
1506557
1506645
1506725
1506769
1506827
1506829
1506895
1506899
1506949
1506983
1506999
1507071
1507085
1507207
1507419
1507571
1507605
1507659
1507745
1507763
1507801
1507859
1507889
1507967
1507993
1508195
1508241
1508429
1508447
1508703
1508871
1508927
1508931
1509127
1509149
1509159
1509211
1509239
1509299
1509321
1509567
1509587
1509607
1509615
1509655
1509673
1509697
1509811
1509993
1510161
1510169
1510177
1510237
1510263
1510401
1510443
1510455
1510475
1510505
1510639
1510643
1510673
1510679
1510701
1510715
1510905
1511001
1511007
1511055
1511155
1511181
1511195
1511223
1511251
1511301
1511307
1511449
1511491
1511557
1511587
1511591
1511731
1512057
1512089
1512217
1512247
1512253
1512271
1512287
1512313
1512335
1512463
1512481
1512521
1512639
1512701
1512707
1512715
1512751
1512833
1512933
1512959
1512995
1513039
1513295
1513403
1513419
1513479
1513487
1513623
1513757
1513777
1513829
1513937
1513939
1514087
1514091
1514117
1514335
1514351
1514391
1514393
1514435
1514469
1514509
1514517
1514525
1514527
1514547
1514623
1514755
1514761
1514801
1514853
1514867
1514909
1515227
1515405
1515457
1515521
1515533
1515567
1515571
1515631
1515639
1515657
1515827
1515885
1515911
1515925
1515933
1515963
1516053
1516085
1516099
1516169
1516209
1516379
1516399
1516499
1516537
1516577
1516645
1516655
1516689
1516699
1516869
1516883
1516921
1516971
1516999
1517027
1517073
1517121
1517129
1517209
1517287
1517339
1517425
1517427
1517443
1517453
1517507
1517549
1517561
1517605
1517783
1517791
1517839
1517851
1517897
1517929
1517997
1518003
1518157
1518179
1518331
1518333
1518337
1518381
1518399
1518607
1518611
1518639
1518705
1518849
1518857
1518955
1519101
1519103
1519201
1519287
1519351
1519443
1519523
1519541
1519565
1519569
1519625
1519639
1519695
1519703
1519879
1519885
1519897
1519919
1519973
1519985
1520073
1520075
1520079
1520149
1520163
1520175
1520201
1520683
1520701
1520759
1520793
1520801
1520827
1520955
1520963
1521049
1521201
1521267
1521435
1521515
1521563
1521649
1521739
1521775
1521785
1521811
1521841
1521901
1521947
1521973
1522097
1522115
1522147
1522307
1522359
1522413
1522517
1522583
1522625
1522635
1522711
1522893
1522961
1522975
1522993
1523001
1523033
1523061
1523091
1523111
1523167
1523285
1523319
1523345
1523367
1523451
1523453
1523459
1523583
1523641
1523717
1523725
1523871
1523893
1523913
1523957
1523971
1523979
1524071
1524217
1524279
1524317
1524331
1524411
1524429
1524477
1524525
1524537
1524547
1524593
1524883
1524887
1524939
1524975
1525215
1525223
1525233
1525249
1525313
1525341
1525429
1525439
1525713
1525781
1525863
1525961
1525977
1525991
1526005
1526041
1526085
1526145
1526189
1526303
1526339
1526419
1526453
1526483
1526489
1526659
1526685
1526693
1526801
1526817
1526839
1526873
1526881
1526927
1526963
1527035
1527159
1527211
1527327
1527353
1527405
1527445
1527483
1527569
1527707
1527739
1527781
1527803
1527839
1527959
1528015
1528167
1528253
1528289
1528317
1528335
1528539
1528551
1528553
1528555
1528683
1528733
1528747
1528821
1528857
1528925
1528951
1529139
1529173
1529183
1529455
1529481
1529607
1529631
1529703
1529713
1529805
1529965
1529993
1530067
1530355
1530499
1530603
1530617
1530627
1530689
1530757
1530789
1530875
1530947
1530973
1531049
1531107
1531155
1531241
1531295
1531365
1531399
1531419
1531467
1531545
1531613
1531803
1531821
1531845
1531863
1531873
1531877
1531903
1531933
1531939
1531975
1532031
1532041
1532065
1532147
1532199
1532259
1532433
1532455
1532465
1532493
1532499
1532587
1532723
1533063
1533197
1533275
1533351
1533469
1533475
1533575
1533733
1533787
1533799
1533803
1533823
1533839
1533955
1533957
1533967
1533971
1533979
1534251
1534267
1534343
1534359
1534375
1534381
1534433
1534451
1534533
1534539
1534619
1534641
1534649
1534731
1534767
1534927
1535119
1535171
1535221
1535223
1535295
1535317
1535405
1535427
1535431
1535473
1535493
1535525
1535621
1535757
1535761
1535839
1535883
1535887
1535933
1535995
1536273
1536421
1536457
1536665
1536717
1536745
1536793
1536833
1536837
1536907
1537101
1537127
1537215
1537217
1537243
1537289
1537297
1537379
1537467
1537491
1537629
1537913
1537921
1537995
1538063
1538223
1538225
1538263
1538363
1538575
1538695
1538715
1538791
1538897
1538903
1539095
1539153
1539245
1539253
1539257
1539297
1539325
1539343
1539385
1539479
1539607
1539751
1539765
1539775
1540109
1540275
1540311
1540471
1540585
1540645
1540659
1540713
1540731
1540751
1540773
1540861
1540881
1540929
1540985
1541023
1541079
1541083
1541345
1541359
1541371
1541463
1541511
1541553
1541589
1541613
1541717
1541721
1541877
1542009
1542023
1542143
1542153
1542201
1542273
1542463
1542495
1542535
1542547
1542705
1542781
1542799
1542869
1543053
1543097
1543155
1543189
1543233
1543481
1543513
1543573
1543605
1543609
1543633
1543699
1543847
1543869
1543913
1543945
1543947
1543997
1544005
1544051
1544203
1544311
1544331
1544359
1544423
1544473
1544525
1544641
1544713
1544807
1544811
1544823
1544825
1544917
1544995
1545049
1545095
1545131
1545217
1545437
1545483
1545517
1545561
1545591
1545671
1545705
1545879
1545977
1546027
1546075
1546167
1546223
1546265
1546391
1546541
1546565
1546607
1546621
1546979
1547097
1547211
1547231
1547259
1547287
1547291
1547359
1547373
1547379
1547563
1547617
1547621
1547627
1547645
1547773
1547779
1547821
1547917
1547957
1548105
1548163
1548233
1548261
1548303
1548375
1548675
1548741
1548789
1548815
1548821
1548927
1548993
1549053
1549105
1549111
1549133
1549185
1549241
1549267
1549377
1549389
1549431
1549461
1549535
1549537
1549637
1549643
1549661
1549689
1549893
1550065
1550139
1550155
1550159
1550195
1550205
1550233
1550249
1550329
1550581
1550743
1550777
1550803
1550823
1550845
1550871
1550909
1550999
1551033
1551039
1551077
1551079
1551253
1551393
1551531
1551619
1551641
1551695
1551707
1551759
1551813
1551895
1551917
1551941
1551947
1552169
1552259
1552329
1552335
1552405
1552437
1552453
1552485
1552607
1552685
1552745
1552813
1552895
1552939
1552961
1552995
1553071
1553105
1553155
1553223
1553277
1553347
1553371
1553687
1553783
1553817
1553875
1553879
1553971
1554001
1554031
1554039
1554233
1554239
1554247
1554255
1554279
1554323
1554385
1554389
1554433
1554583
1554617
1554703
1554705
1554937
1555121
1555233
1555273
1555309
1555399
1555479
1555517
1555527
1555541
1555567
1555611
1555679
1555799
1555819
1555929
1555963
1556021
1556127
1556163
1556209
1556379
1556397
1556423
1556427
1556439
1556497
1556543
1556641
1556747
1556771
1556817
1556875
1556915
1556943
1557001
1557037
1557085
1557163
1557237
1557261
1557319
1557445
1557475
1557527
1557565
1557587
1557599
1557639
1557787
1557789
1557863
1557879
1557927
1557981
1558043
1558051
1558195
1558239
1558257
1558273
1558487
1558621
1558635
1558697
1558733
1558793
1558805
1558923
1559001
1559145
1559237
1559377
1559437
1559443
1559477
1559571
1559631
1559785
1559873
1559983
1560029
1560095
1560171
1560293
1560301
1560353
1560509
1560545
1560579
1560695
1560735
1560743
1560837
1561015
1561039
1561047
1561197
1561203
1561263
1561299
1561311
1561315
1561365
1561445
1561483
1561609
1561673
1561675
1561693
1561707
1561881
1561889
1561897
1561981
1562125
1562193
1562221
1562367
1562419
1562447
1562453
1562503
1562609
1562629
1562669
1562817
1562829
1562873
1562887
1562997
1563045
1563075
1563163
1563223
1563289
1563309
1563311
1563397
1563631
1563873
1563991
1564021
1564101
1564173
1564269
1564275
1564295
1564309
1564341
1564381
1564407
1564511
1564757
1564829
1564847
1564927
1565035
1565111
1565121
1565203
1565239
1565279
1565385
1565393
1565439
1565467
1565473
1565597
1565617
1565645
1565667
1565709
1565721
1565759
1565773
1565845
1565873
1565919
1565929
1566159
1566191
1566247
1566253
1566327
1566435
1566451
1566485
1566523
1566685
1566743
1566761
1566829
1566921
1567095
1567119
1567147
1567225
1567385
1567435
1567463
1567529
1567771
1567785
1568037
1568055
1568073
1568081
1568103
1568131
1568287
1568313
1568323
1568417
1568571
1568641
1568643
1568661
1568741
1568759
1568769
1568793
1568813
1568817
1568931
1568993
1569051
1569055
1569125
1569179
1569209
1569235
1569239
1569281
1569289
1569303
1569387
1569411
1569517
1569573
1569613
1569641
1569725
1569763
1569881
1569883
1569889
1569999
1570193
1570219
1570231
1570251
1570373
1570495
1570553
1570649
1570789
1570847
1570879
1570941
1570947
1570971
1571223
1571351
1571405
1571703
1571837
1571941
1571995
1572101
1572119
1572145
1572175
1572219
1572333
1572345
1572359
1572435
1572451
1572453
1572455
1572529
1572539
1572547
1572563
1572589
1572659
1572663
1572759
1572911
1572917
1572921
1572945
1572947
1572963
1573013
1573147
1573261
1573281
1573357
1573443
1573447
1573459
1573511
1573519
1573531
1573605
1573691
1573705
1573715
1573727
1573813
1573833
1574127
1574145
1574285
1574335
1574347
1574395
1574529
1574597
1574641
1574651
1574689
1574725
1574783
1574817
1574845
1574875
1574975
1575025
1575037
1575139
1575279
1575489
1575491
1575497
1575653
1575659
1575673
1575695
1575729
1575749
1575751
1575757
1575999
1576009
1576021
1576103
1576145
1576161
1576167
1576253
1576341
1576371
1576383
1576467
1576469
1576473
1576529
1576535
1576675
1576679
1576727
1576927
1577029
1577091
1577247
1577307
1577357
1577361
1577443
1577489
1577701
1577793
1577803
1577811
1577947
1578005
1578019
1578027
1578029
1578033
1578039
1578247
1578255
1578277
1578281
1578355
1578419
1578433
1578437
1578551
1578577
1578627
1578735
1578803
1578883
1578977
1579039
1579049
1579113
1579201
1579217
1579301
1579337
1579371
1579435
1579439
1579453
1579587
1579591
1579609
1579653
1579701
1579727
1579767
1579879
1579883
1579887
1579941
1580011
1580073
1580093
1580135
1580143
1580145
1580171
1580229
1580403
1580407
1580421
1580423
1580517
1580557
1580621
1580629
1580679
1580753
1581001
1581027
1581067
1581121
1581171
1581199
1581213
1581221
1581369
1581475
1581479
1581525
1581547
1581579
1581815
1581827
1581835
1581863
1582031
1582111
1582113
1582227
1582265
1582279
1582353
1582423
1582427
1582447
1582473
1582523
1582675
1582737
1582773
1582847
1582997
1583089
1583159
1583173
1583207
1583703
1583713
1583715
1583743
1583759
1584095
1584177
1584187
1584373
1584433
1584459
1584493
1584811
1584823
1584933
1585021
1585227
1585263
1585283
1585303
1585335
1585339
1585393
1585491
1585649
1585659
1585747
1585787
1585817
1585843
1585897
1585947
1585961
1586047
1586049
1586069
1586169
1586231
1586447
1586453
1586457
1586549
1586561
1586607
1586637
1586655
1586685
1586691
1586705
1586775
1586821
1586847
1586873
1586899
1586923
1586953
1586969
1587003
1587023
1587187
1587539
1587541
1587723
1587757
1587775
1587809
1587965
1588191
1588235
1588315
1588359
1588437
1588473
1588573
1588681
1588771
1588893
1588967
1589013
1589089
1589159
1589195
1589241
1589309
1589339
1589595
1589695
1589731
1589799
1589909
1589953
1590007
1590021
1590059
1590221
1590323
1590337
1590347
1590381
1590383
1590429
1590459
1590533
1590621
1590919
1591091
1591113
1591231
1591283
1591311
1591393
1591457
1591587
1591709
1591735
1591775
1591801
1591809
1591865
1591889
1591917
1591951
1591981
1592053
1592121
1592191
1592215
1592335
1592353
1592361
1592535
1592541
1592649
1592667
1592715
1592813
1592827
1592893
1593101
1593121
1593123
1593133
1593163
1593469
1593649
1593693
1593723
1593749
1593831
1593957
1594135
1594221
1594227
1594519
1594643
1594659
1594667
1594693
1594729
1594931
1595029
1595053
1595075
1595127
1595175
1595253
1595345
1595403
1595421
1595491
1595699
1595859
1595905
1596059
1596151
1596157
1596201
1596247
1596269
1596329
1596419
1596465
1596511
1596525
1596631
1596649
1596783
1596793
1596831
1596837
1596925
1597019
1597055
1597095
1597167
1597177
1597215
1597233
1597295
1597311
1597403
1597445
1597505
1597603
1597655
1597675
1597693
1597749
1597759
1597761
1597781
1597843
1597903
1597913
1597957
1597965
1598123
1598179
1598201
1598533
1598589
1598651
1598697
1598819
1598839
1598875
1598901
1598927
1598939
1598957
1599099
1599103
1599241
1599253
1599275
1599373
1599595
1599869
1599951
1600111
1600119
1600257
1600283
1600467
1600493
1600635
1600651
1600659
1600723
1600779
1600791
1600795
1600839
1600987
1601011
1601021
1601023
1601045
1601129
1601395
1601621
1601797
1601867
1601951
1602087
1602125
1602151
1602225
1602271
1602283
1602329
1602393
1602539
1602569
1602595
1602607
1602661
1602719
1602723
1602791
1602839
1603031
1603175
1603195
1603231
1603419
1603437
1603557
1603693
1603719
1603745
1603813
1603859
1603885
1603887
1603983
1604045
1604163
1604171
1604229
1604469
1604655
1604659
1604695
1604719
1604769
1604777
1604859
1604941
1604945
1604977
1605001
1605077
1605159
1605193
1605227
1605337
1605363
1605471
1605491
1605535
1605635
1605655
1605717
1605773
1605833
1605949
1605993
1606111
1606121
1606127
1606133
1606281
1606429
1606535
1606597
1606679
1606805
1606821
1606881
1607061
1607083
1607329
1607355
1607437
1607613
1607687
1607695
1607703
1607707
1607825
1607837
1607953
1608105
1608151
1608307
1608561
1608569
1608617
1608735
1608769
1608807
1608821
1608859
1608865
1608877
1608921
1608933
1608951
1609135
1609189
1609327
1609377
1609381
1609559
1609623
1609707
1609723
1609773
1609819
1609839
1609933
1610005
1610099
1610115
1610289
1610365
1610383
1610677
1610701
1610741
1610757
1610771
1610867
1610883
1610919
1610987
1610989
1611075
1611079
1611113
1611135
1611153
1611235
1611267
1611637
1611747
1611773
1611849
1611947
1611967
1612107
1612113
1612163
1612165
1612329
1612407
1612519
1612541
1612577
1612625
1612633
1612637
1612661
1612707
1612857
1613057
1613081
1613085
1613093
1613191
1613291
1613307
1613389
1613427
1613471
1613545
1613597
1613675
1613703
1613783
1613925
1613959
1613967
1614021
1614065
1614089
1614091
1614291
1614345
1614365
1614395
1614691
1614745
1614863
1614939
1615097
1615333
1615455
1615509
1615551
1615619
1615643
1615875
1615989
1616029
1616055
1616185
1616371
1616437
1616531
1616649
1616715
1616735
1616773
1616889
1616949
1616965
1616991
1616993
1617033
1617069
1617169
1617193
1617269
1617365
1617375
1617585
1617763
1617939
1618079
1618101
1618325
1618385
1618427
1618537
1618607
1618621
1618793
1618833
1618913
1618923
1619037
1619081
1619093
1619153
1619207
1619231
1619245
1619265
1619335
1619399
1619413
1619569
1619573
1619601
1619611
1619691
1619739
1619895
1620055
1620105
1620117
1620175
1620215
1620235
1620323
1620335
1620353
1620469
1620515
1620523
1620529
1620539
1620603
1620647
1620931
1620945
1620971
1620991
1621135
1621205
1621235
1621273
1621501
1621541
1621587
1621651
1621673
1621693
1621799
1621829
1621853
1621861
1621875
1621955
1622067
1622185
1622217
1622223
1622243
1622323
1622337
1622341
1622379
1622415
1622439
1622459
1622513
1622551
1622625
1622637
1622695
1622709
1622777
1622851
1622999
1623013
1623105
1623175
1623219
1623221
1623239
1623269
1623419
1623471
1623575
1623601
1623677
1623791
1623845
1623889
1623917
1623959
1624057
1624059
1624251
1624287
1624313
1624347
1624563
1624635
1624783
1624823
1625025
1625051
1625167
1625225
1625323
1625333
1625403
1625535
1625611
1625687
1626077
1626141
1626167
1626203
1626301
1626373
1626383
1626391
1626401
1626465
1626473
1626489
1626657
1626693
1626729
1626751
1626791
1626905
1626945
1626969
1627025
1627035
1627051
1627079
1627081
1627139
1627177
1627365
1627383
1627569
1627619
1627653
1627657
1627759
1627955
1628017
1628091
1628237
1628245
1628583
1628589
1628597
1628653
1628657
1628671
1628795
1628797
1628877
1628975
1629107
1629139
1629225
1629255
1629303
1629327
1629401
1629417
1629439
1629587
1629691
1629785
1629833
1629841
1629847
1629891
1629923
1629939
1629977
1630209
1630301
1630333
1630415
1630455
1630523
1630527
1630573
1630579
1630599
1630685
1630707
1630737
1630769
1630851
1630863
1630923
1630925
1631031
1631077
1631091
1631125
1631131
1631139
1631241
1631363
1631427
1631467
1631469
1631503
1631575
1631581
1631589
1631611
1631635
1631647
1631685
1631699
1631799
1631897
1631959
1631989
1632003
1632015
1632021
1632175
1632269
1632309
1632319
1632355
1632375
1632505
1632699
1632727
1632743
1632753
1632895
1632947
1632951
1633009
1633057
1633075
1633083
1633133
1633153
1633207
1633211
1633259
1633263
1633333
1633441
1633453
1633571
1633645
1633657
1633755
1633763
1633775
1633831
1633839
1633875
1633897
1634085
1634433
1634467
1634471
1634483
1634557
1634595
1634631
1634691
1634703
1634739
1634839
1634953
1634979
1634991
1634997
1635081
1635117
1635191
1635211
1635235
1635311
1635389
1635399
1635617
1635639
1635759
1635813
1635897
1635961
1636003
1636017
1636087
1636093
1636167
1636193
1636205
1636225
1636299
1636413
1636421
1636447
1636479
1636557
1636563
1636677
1636743
1636777
1636831
1636883
1637021
1637141
1637157
1637215
1637327
1637365
1637393
1637727
1637809
1637883
1638007
1638113
1638331
1638339
1638367
1638519
1638541
1638549
1638577
1638605
1638623
1638627
1638731
1638791
1638797
1638823
1638847
1638913
1639181
1639185
1639193
1639199
1639337
1639397
1639441
1639445
1639461
1639531
1639569
1639627
1639687
1639693
1639721
1639803
1639845
1639853
1639965
1640147
1640169
1640179
1640213
1640271
1640275
1640427
1640435
1640463
1640481
1640493
1640565
1640585
1640641
1640729
1640741
1640829
1640917
1641011
1641015
1641057
1641131
1641133
1641207
1641225
1641227
1641239
1641255
1641311
1641403
1641413
1641449
1641461
1641471
1641523
1641569
1641607
1641637
1641669
1641687
1641723
1641915
1641993
1641995
1642045
1642117
1642193
1642325
1642373
1642443
1642563
1642571
1642593
1642611
1642709
1642777
1642805
1642945
1642955
1642991
1643073
1643089
1643147
1643281
1643417
1643433
1643489
1643515
1643533
1643639
1643677
1643751
1643761
1643771
1643965
1643987
1644013
1644127
1644189
1644245
1644349
1644401
1644535
1644711
1644755
1644829
1645093
1645103
1645111
1645123
1645129
1645185
1645203
1645249
1645281
1645393
1645501
1645505
1645561
1645821
1645863
1645895
1645901
1645939
1645983
1646015
1646137
1646143
1646173
1646195
1646251
1646279
1646305
1646455
1646657
1646781
1646783
1646809
1646817
1646867
1646879
1646969
1646981
1647075
1647093
1647095
1647097
1647133
1647175
1647303
1647369
1647411
1647497
1647561
1647581
1647631
1647739
1647815
1647819
1647827
1647837
1647845
1647883
1647889
1647925
1647973
1648071
1648087
1648385
1648433
1648493
1648777
1648901
1649047
1649381
1649387
1649393
1649491
1649495
1649541
1649583
1649597
1649609
1649669
1649711
1649859
1649945
1649993
1649995
1650055
1650105
1650135
1650165
1650207
1650221
1650235
1650239
1650419
1650555
1650589
1650649
1650653
1650707
1650719
1650767
1650805
1650839
1650879
1650903
1650927
1650933
1650961
1651109
1651131
1651161
1651245
1651505
1651545
1651621
1651747
1651887
1651897
1651933
1651983
1652021
1652087
1652205
1652309
1652377
1652431
1652435
1652501
1652539
1652695
1652815
1652833
1652905
1652981
1653057
1653095
1653195
1653283
1653327
1653405
1653429
1653497
1653533
1653545
1653575
1653635
1653651
1653683
1653687
1653731
1653801
1653849
1653851
1653857
1653867
1653883
1653997
1654041
1654135
1654159
1654191
1654213
1654291
1654503
1654537
1654577
1654601
1654635
1654651
1654817
1655109
1655135
1655167
1655185
1655243
1655291
1655389
1655449
1655521
1655525
1655571
1655583
1655799
1655815
1655829
1655847
1655883
1655947
1655951
1655969
1656041
1656107
1656137
1656161
1656235
1656263
1656293
1656345
1656487
1656535
1656625
1656673
1656739
1656769
1656801
1656889
1656993
1657099
1657159
1657233
1657471
1657479
1657503
1657757
1657765
1657795
1657809
1657837
1657849
1657859
1657983
1658069
1658091
1658113
1658153
1658309
1658343
1658499
1658591
1658635
1658725
1658833
1658847
1658865
1658889
1659029
1659087
1659091
1659103
1659121
1659141
1659257
1659269
1659401
1659403
1659449
1659493
1659497
1659647
1659673
1659847
1659911
1659965
1660027
1660195
1660219
1660247
1660251
1660257
1660457
1660833
1660851
1660899
1660943
1660969
1661049
1661055
1661123
1661197
1661207
1661441
1661487
1661491
1661503
1661567
1661605
1661675
1661715
1661757
1661809
1661821
1661835
1661933
1661955
1662003
1662033
1662077
1662189
1662193
1662245
1662303
1662339
1662375
1662461
1662527
1662541
1662617
1662633
1662665
1662677
1662803
1662809
1662883
1662907
1662963
1662971
1662975
1663121
1663127
1663187
1663241
1663307
1663349
1663369
1663455
1663547
1663571
1663631
1663741
1663909
1663917
1663935
1664091
1664097
1664125
1664153
1664285
1664329
1664357
1664399
1664411
1664523
1664577
1664593
1664737
1664797
1664903
1664947
1665125
1665139
1665175
1665313
1665409
1665429
1665459
1665495
1665539
1665749
1665773
1665781
1665865
1665903
1665983
1666069
1666075
1666239
1666259
1666273
1666327
1666433
1666607
1666849
1666901
1666921
1667019
1667055
1667079
1667103
1667221
1667259
1667301
1667373
1667413
1667425
1667447
1667465
1667593
1667797
1667835
1667855
1667899
1667927
1668023
1668061
1668169
1668175
1668201
1668227
1668289
1668335
1668399
1668577
1668579
1668767
1668859
1669007
1669031
1669145
1669205
1669341
1669395
1669441
1669493
1669611
1669649
1669705
1669761
1669823
1669931
1669977
1670041
1670067
1670233
1670267
1670269
1670341
1670701
1670861
1670885
1670961
1671087
1671121
1671153
1671197
1671217
1671231
1671253
1671261
1671263
1671293
1671317
1671451
1671455
1671533
1671577
1671591
1671759
1671807
1671895
1671981
1671999
1672101
1672161
1672187
1672197
1672199
1672245
1672317
1672319
1672517
1672597
1672645
1672665
1672683
1672691
1672701
1672743
1672765
1672829
1672897
1672919
1672953
1673007
1673029
1673145
1673169
1673283
1673303
1673315
1673423
1673519
1673533
1673539
1673611
1673653
1673835
1673927
1673935
1674047
1674061
1674073
1674119
1674137
1674259
1674303
1674379
1674393
1674405
1674501
1674519
1674577
1674665
1674813
1674819
1674825
1674843
1674907
1675045
1675049
1675077
1675101
1675125
1675177
1675219
1675239
1675281
1675437
1675517
1675525
1675555
1675579
1675601
1675639
1675673
1675707
1675787
1675879
1675887
1675917
1675967
1675971
1676063
1676243
1676253
1676297
1676389
1676523
1676565
1676573
1676619
1676641
1676645
1676659
1676669
1676719
1676731
1676829
1676849
1676883
1676947
1677017
1677055
1677069
1677071
1677287
1677295
1677315
1677335
1677357
1677621
1677659
1677695
1677777
1678051
1678303
1678463
1678523
1678541
1678643
1678689
1678711
1678827
1678975
1679067
1679079
1679109
1679273
1679295
1679313
1679339
1679485
1679487
1679495
1679531
1679571
1679577
1679587
1679595
1679757
1679883
1680111
1680197
1680261
1680299
1680323
1680467
1680477
1680517
1680589
1680613
1680653
1680769
1680837
1680863
1680925
1681001
1681063
1681239
1681245
1681275
1681319
1681401
1681433
1681477
1681603
1681695
1681753
1681969
1682059
1682061
1682077
1682079
1682145
1682161
1682239
1682253
1682273
1682319
1682361
1682515
1682577
1682763
1682829
1682877
1682915
1682965
1682985
1682987
1683165
1683265
1683399
1683555
1683763
1683783
1683855
1683999
1684115
1684163
1684283
1684367
1684419
1684533
1684611
1684643
1684707
1684785
1684847
1684885
1684893
1684983
1684989
1685053
1685143
1685191
1685279
1685387
1685401
1685547
1685561
1685659
1685737
1685741
1685763
1685865
1685887
1685901
1685933
1685955
1685971
1686013
1686077
1686201
1686329
1686349
1686369
1686409
1686437
1686441
1686453
1686477
1686593
1686601
1686605
1686625
1686637
1686639
1686659
1686745
1686937
1686953
1686959
1687039
1687077
1687089
1687195
1687307
1687309
1687321
1687389
1687401
1687425
1687461
1687519
1687589
1687597
1687679
1687747
1687847
1687997
1688135
1688191
1688197
1688219
1688277
1688345
1688361
1688399
1688415
1688447
1688491
1688493
1688529
1688555
1688569
1688577
1688585
1688589
1688659
1688779
1688785
1688903
1688907
1689017
1689055
1689063
1689085
1689097
1689137
1689157
1689273
1689335
1689345
1689377
1689383
1689417
1689471
1689521
1689605
1689747
1689751
1689829
1689833
1689963
1689965
1690023
1690159
1690181
1690241
1690455
1690503
1690521
1690545
1690775
1690813
1690975
1690987
1690991
1691001
1691025
1691109
1691115
1691141
1691205
1691315
1691333
1691371
1691411
1691421
1691493
1691499
1691615
1691833
1691835
1692141
1692151
1692189
1692343
1692381
1692535
1692671
1692693
1692725
1692729
1692735
1692771
1692803
1692859
1693023
1693143
1693219
1693265
1693317
1693383
1693443
1693619
1693641
1693679
1693723
1693797
1693815
1693843
1693885
1693903
1693961
1694017
1694241
1694293
1694317
1694405
1694423
1694583
1694761
1694773
1694777
1694799
1695003
1695059
1695065
1695209
1695263
1695267
1695317
1695371
1695383
1695477
1695643
1695719
1695785
1695843
1695847
1695931
1695981
1696137
1696297
1696361
1696363
1696419
1696443
1696811
1696885
1696959
1696983
1697019
1697023
1697059
1697077
1697105
1697331
1697333
1697337
1697497
1697505
1697613
1697637
1697929
1698021
1698051
1698065
1698303
1698369
1698495
1698501
1698701
1698739
1698859
1698977
1699015
1699219
1699231
1699259
1699271
1699345
1699425
1699719
1699789
1699833
1699839
1699845
1699991
1700037
1700193
1700251
1700305
1700377
1700453
1700519
1700587
1700645
1700717
1700719
1700879
1700997
1701007
1701057
1701139
1701163
1701177
1701379
1701427
1701473
1701515
1701521
1701539
1701545
1701933
1701937
1701959
1702019
1702063
1702161
1702199
1702533
1702585
1702587
1702631
1702635
1702663
1702779
1702969
1702989
1703037
1703043
1703241
1703293
1703309
1703343
1703473
1703483
1703813
1703975
1704043
1704065
1704079
1704091
1704337
1704443
1704501
1704541
1704565
1704581
1704663
1704683
1704735
1704771
1704899
1704909
1705037
1705137
1705213
1705249
1705295
1705341
1705357
1705471
1705507
1705611
1705619
1705639
1705753
1705945
1705953
1706071
1706227
1706279
1706287
1706295
1706329
1706425
1706477
1706531
1706543
1706855
1706903
1706935
1707171
1707215
1707257
1707335
1707351
1707391
1707411
1707427
1707435
1707459
1707547
1707589
1707709
1707777
1707789
1707855
1707941
1708067
1708141
1708333
1708379
1708429
1708465
1708537
1708543
1708565
1708645
1708661
1708731
1708801
1708941
1708985
1709017
1709051
1709055
1709103
1709137
1709155
1709229
1709317
1709339
1709347
1709429
1709449
1709539
1709729
1709743
1709835
1709863
1710115
1710121
1710151
1710221
1710317
1710413
1710427
1710457
1710463
1710497
1710509
1710557
1710581
1710603
1710687
1710733
1710855
1710857
1710939
1711139
1711155
1711191
1711195
1711247
1711433
1711623
1711663
1711765
1711797
1711807
1711899
1711971
1712021
1712075
1712159
1712203
1712301
1712329
1712411
1712423
1712453
1712471
1712477
1712573
1712601
1712643
1712653
1712747
1712789
1712897
1712923
1713053
1713123
1713127
1713139
1713223
1713399
1713561
1713589
1713695
1713765
1713795
1713799
1713829
1713861
1713941
1713947
1714083
1714103
1714145
1714181
1714191
1714199
1714263
1714277
1714299
1714357
1714657
1714723
1714751
1714771
1714869
1714921
1714943
1714967
1714977
1714983
1715063
1715095
1715253
1715257
1715275
1715345
1715347
1715429
1715471
1715723
1715727
1715795
1715843
1715865
1715941
1716051
1716309
1716321
1716343
1716351
1716447
1716491
1716539
1716619
1716829
1716993
1717133
1717305
1717345
1717449
1717511
1717539
1717547
1717707
1717715
1717749
1717895
1718021
1718279
1718349
1718369
1718393
1718567
1718597
1718643
1718671
1718699
1718705
1718877
1718883
1718889
1718913
1718961
1719329
1719421
1719437
1719513
1719641
1719753
1719767
1719889
1719911
1719921
1719979
1720011
1720021
1720181
1720191
1720227
1720285
1720383
1720423
1720525
1720561
1720593
1720723
1720801
1720819
1720927
1721013
1721135
1721205
1721321
1721379
1721415
1721581
1721651
1721765
1721783
1721789
1721887
1721933
1721947
1722051
1722129
1722209
1722259
1722349
1722381
1722403
1722417
1722445
1722499
1722569
1722691
1722769
1722809
1722819
1722827
1722883
1723015
1723211
1723291
1723317
1723497
1723595
1723617
1723801
1723981
1724057
1724065
1724255
1724355
1724473
1724503
1724553
1724559
1724565
1724601
1724653
1724733
1724755
1724823
1724841
1724945
1724961
1725081
1725317
1725431
1725467
1725475
1725713
1725933
1726019
1726077
1726117
1726147
1726243
1726247
1726333
1726357
1726391
1726397
1726435
1726489
1726493
1726527
1726565
1726693
1726707
1726835
1726867
1726881
1726989
1726993
1727061
1727153
1727193
1727355
1727363
1727409
1727429
1727447
1727489
1727541
1727581
1727627
1727645
1727875
1727951
1727985
1728023
1728049
1728113
1728165
1728251
1728271
1728317
1728337
1728527
1728549
1728751
1728847
1728915
1728981
1729023
1729107
1729157
1729175
1729225
1729289
1729331
1729407
1729429
1729439
1729505
1729609
1729619
1729691
1729789
1729863
1729887
1730077
1730149
1730383
1730391
1730471
1730477
1730633
1730679
1730705
1730745
1730797
1730889
1730895
1731057
1731067
1731097
1731261
1731295
1731391
1731403
1731423
1731481
1731523
1731535
1731579
1731607
1731609
1731633
1731927
1731961
1731967
1731989
1732067
1732131
1732305
1732307
1732321
1732349
1732355
1732373
1732379
1732383
1732429
1732445
1732639
1732649
1732817
1732897
1733005
1733233
1733277
1733493
1733501
1733509
1733559
1733563
1733615
1733693
1733973
1733989
1734011
1734191
1734201
1734223
1734269
1734325
1734517
1734555
1734771
1734915
1734963
1734971
1735013
1735185
1735195
1735379
1735409
1735475
1735493
1735521
1735611
1735627
1735813
1735827
1735921
1735923
1735935
1735977
1735985
1736019
1736071
1736085
1736135
1736269
1736287
1736337
1736375
1736509
1736525
1736655
1736667
1736825
1737011
1737129
1737239
1737261
1737331
1737357
1737381
1737403
1737433
1737465
1737479
1737601
1737619
1737681
1737853
1737961
1738043
1738073
1738103
1738145
1738247
1738249
1738335
1738355
1738397
1738459
1738463
1738495
1738557
1738661
1738663
1738681
1738735
1738737
1738739
1738781
1738797
1738837
1739049
1739259
1739319
1739421
1739563
1739567
1739601
1739749
1739763
1739783
1739851
1739989
1740045
1740097
1740193
1740277
1740563
1740569
1740959
1741041
1741303
1741331
1741333
1741435
1741507
1741743
1741905
1741935
1741973
1742035
1742039
1742145
1742167
1742185
1742223
1742355
1742429
1742465
1742567
1742823
1742835
1742855
1742903
1742993
1743093
1743155
1743185
1743191
1743259
1743269
1743315
1743359
1743385
1743407
1743469
1743591
1743637
1743665
1743829
1743867
1743955
1744023
1744031
1744059
1744219
1744257
1744367
1744407
1744729
1744735
1744793
1744811
1744925
1744983
1745109
1745263
1745281
1745353
1745465
1745511
1745551
1745605
1745637
1745769
1745847
1745953
1746091
1746123
1746189
1746201
1746313
1746329
1746347
1746367
1746459
1746559
1746619
1746621
1746639
1746767
1746785
1746961
1747011
1747027
1747163
1747311
1747363
1747395
1747431
1747529
1747531
1747577
1747595
1747599
1747673
1747675
1747681
1747711
1747719
1747731
1747751
1747753
1747761
1747779
1747825
1747971
1748037
1748111
1748267
1748517
1748685
1748699
1748743
1748775
1748805
1748911
1748933
1748937
1748975
1748991
1749185
1749195
1749305
1749323
1749333
1749357
1749469
1749919
1750009
1750069
1750133
1750207
1750219
1750283
1750321
1750347
1750365
1750401
1750541
1750613
1750755
1750845
1750987
1751069
1751139
1751153
1751163
1751435
1751457
1751535
1751633
1751659
1751685
1751771
1751823
1751931
1751943
1751965
1752025
1752053
1752075
1752117
1752203
1752235
1752281
1752323
1752405
1752409
1752445
1752613
1752645
1752661
1752691
1752789
1752839
1752883
1752919
1752949
1753149
1753169
1753171
1753173
1753183
1753195
1753221
1753285
1753465
1753565
1753615
1753681
1753699
1753701
1753739
1753869
1753897
1753939
1753963
1753969
1753975
1753979
1754341
1754363
1754423
1754445
1754507
1754575
1754579
1754589
1754633
1754683
1754939
1755009
1755091
1755133
1755521
1755951
1756071
1756207
1756223
1756325
1756385
1756411
1756513
1756573
1756621
1756751
1756761
1756799
1756841
1756879
1756969
1757043
1757051
1757221
1757255
1757281
1757363
1757397
1757445
1757479
1757537
1757553
1757567
1757635
1757641
1757677
1757827
1757875
1757989
1758019
1758223
1758337
1758439
1758641
1758669
1758751
1758773
1758799
1758805
1758811
1758945
1759351
1759545
1759585
1759665
1759789
1759801
1759867
1759939
1760089
1760303
1760403
1760445
1760503
1760533
1760641
1760721
1760745
1760769
1760793
1760833
1760913
1761093
1761099
1761189
1761205
1761231
1761265
1761347
1761441
1761491
1761551
1761591
1761601
1761613
1761671
1761693
1761711
1761737
1761767
1761805
1761843
1761849
1761933
1762001
1762383
1762393
1762411
1762457
1762465
1762513
1762531
1762579
1762687
1762721
1762825
1762871
1763101
1763151
1763155
1763165
1763195
1763361
1763473
1763493
1763597
1763661
1763669
1763687
1763707
1763831
1763921
1763933
1763959
1763977
1764017
1764027
1764155
1764213
1764231
1764241
1764307
1764377
1764437
1764467
1764489
1764535
1764621
1764761
1764771
1764909
1764929
1764963
1765083
1765115
1765131
1765171
1765173
1765215
1765281
1765407
1765409
1765483
1765577
1765593
1765701
1765971
1766009
1766015
1766041
1766077
1766139
1766207
1766247
1766261
1766285
1766287
1766375
1766443
1766473
1766527
1766561
1766607
1766613
1766795
1766947
1766959
1767033
1767049
1767089
1767121
1767167
1767199
1767261
1767297
1767327
1767463
1767473
1767621
1767633
1767753
1767775
1767875
1768375
1768487
1768499
1768545
1768613
1768715
1768787
1768807
1768835
1768977
1769263
1769269
1769365
1769389
1769457
1769523
1769553
1769573
1769607
1769709
1769711
1769815
1769849
1769923
1769991
1770067
1770115
1770237
1770267
1770345
1770351
1770371
1770407
1770449
1770479
1770493
1770523
1770553
1770653
1770687
1770753
1770791
1770803
1770833
1770849
1770861
1770869
1770891
1770939
1771025
1771099
1771145
1771237
1771255
1771273
1771325
1771585
1771667
1771695
1771703
1771795
1771839
1771841
1772029
1772095
1772349
1772395
1772467
1772643
1772701
1772885
1772895
1772961
1773071
1773089
1773267
1773289
1773297
1773301
1773321
1773367
1773377
1773459
1773467
1773475
1773511
1773551
1773555
1773717
1773741
1773759
1773953
1773985
1774007
1774083
1774201
1774215
1774221
1774259
1774271
1774319
1774357
1774377
1774507
1774543
1774579
1774711
1774773
1775073
1775075
1775083
1775105
1775113
1775121
1775265
1775327
1775435
1775459
1775561
1775575
1775617
1775625
1775685
1775699
1775741
1775753
1775775
1775839
1775881
1775965
1776091
1776231
1776239
1776255
1776259
1776277
1776307
1776435
1776455
1776485
1776501
1776539
1776547
1776555
1776603
1776631
1776681
1776817
1776819
1776847
1776933
1777079
1777135
1777205
1777251
1777283
1777317
1777443
1777481
1777591
1777615
1777623
1777643
1777695
1777733
1777801
1777803
1777891
1777925
1777975
1778103
1778107
1778143
1778193
1778239
1778245
1778283
1778411
1778569
1778679
1778871
1778883
1778897
1778963
1778995
1779085
1779131
1779169
1779239
1779297
1779337
1779505
1779523
1779525
1779765
1779809
1779853
1780045
1780071
1780115
1780227
1780279
1780321
1780377
1780391
1780427
1780437
1780543
1780585
1780639
1780677
1780735
1780773
1780909
1780929
1781087
1781093
1781105
1781113
1781139
1781261
1781291
1781293
1781347
1781437
1781449
1781461
1781737
1781767
1781779
1781855
1781965
1781981
1782051
1782115
1782137
1782173
1782497
1782531
1782675
1782703
1782763
1782971
1783015
1783025
1783053
1783133
1783137
1783157
1783369
1783409
1783419
1783437
1783733
1783737
1783793
1783819
1783851
1783863
1783901
1783931
1783999
1784035
1784071
1784081
1784099
1784195
1784301
1784355
1784377
1784391
1784511
1784589
1784691
1784741
1784825
1785059
1785095
1785157
1785211
1785235
1785275
1785309
1785383
1785411
1785505
1785547
1785783
1786337
1786399
1786525
1786605
1786719
1786877
1786895
1787039
1787049
1787063
1787067
1787165
1787225
1787507
1787509
1787517
1787605
1787683
1787815
1787867
1787901
1787907
1787957
1787993
1788001
1788003
1788027
1788077
1788105
1788119
1788281
1788481
1788501
1788519
1788535
1788623
1788849
1788901
1788971
1789015
1789029
1789069
1789091
1789099
1789139
1789285
1789293
1789299
1789531
1789743
1789755
1789787
1789791
1789917
1789929
1789959
1790077
1790079
1790103
1790121
1790139
1790219
1790237
1790255
1790305
1790313
1790343
1790443
1790491
1790563
1790593
1790605
1790607
1790615
1790645
1790691
1790743
1790847
1791215
1791363
1791405
1791509
1791587
1791711
1791713
1791793
1791827
1791889
1791907
1792005
1792015
1792083
1792151
1792199
1792379
1792461
1792473
1792543
1792571
1792645
1792713
1792869
1792889
1792913
1792927
1792977
1793133
1793327
1793473
1793515
1793567
1793601
1793687
1793813
1794029
1794037
1794121
1794205
1794217
1794271
1794291
1794323
1794353
1794427
1794513
1794599
1794743
1794785
1794797
1794911
1794921
1794929
1794993
1795061
1795161
1795235
1795241
1795247
1795317
1795411
1795453
1795511
1795563
1795617
1795725
1795821
1795827
1795849
1795855
1795893
1795939
1795945
1795979
1796017
1796043
1796091
1796111
1796181
1796215
1796295
1796307
1796401
1796419
1796527
1796543
1796545
1796585
1796599
1796693
1796749
1796947
1796989
1797045
1797299
1797303
1797399
1797419
1797437
1797491
1797503
1797505
1797547
1797561
1797615
1797665
1797677
1797687
1797709
1797789
1797953
1797977
1797979
1797991
1798005
1798041
1798105
1798239
1798369
1798467
1798605
1798633
1798645
1798665
1798677
1798685
1798727
1798745
1798859
1798927
1798933
1799269
1799307
1799311
1799329
1799335
1799357
1799441
1799451
1799513
1799553
1799565
1799715
1799727
1799775
1799803
1799845
1799979
1800003
1800035
1800065
1800131
1800211
1800239
1800259
1800341
1800343
1800399
1800419
1800553
1800613
1800615
1800819
1800821
1800861
1800887
1800893
1800967
1800983
1800993
1801037
1801117
1801123
1801133
1801203
1801211
1801233
1801241
1801263
1801379
1801511
1801675
1801843
1801951
1802031
1802119
1802169
1802181
1802207
1802225
1802239
1802243
1802245
1802349
1802427
1802563
1802691
1802809
1802865
1803035
1803051
1803133
1803187
1803217
1803313
1803343
1803381
1803557
1803713
1803741
1803777
1803797
1803833
1803877
1803915
1803925
1803941
1804001
1804091
1804119
1804135
1804143
1804175
1804301
1804513
1804685
1804813
1804857
1804927
1804943
1804975
1804999
1805011
1805013
1805055
1805061
1805191
1805195
1805229
1805317
1805387
1805401
1805417
1805567
1805619
1805805
1806091
1806105
1806277
1806287
1806323
1806443
1806485
1806491
1806499
1806545
1806737
1806759
1806827
1806833
1806873
1806877
1806881
1806917
1806919
1807019
1807135
1807149
1807157
1807231
1807399
1807409
1807715
1807765
1807843
1807851
1807871
1807879
1807891
1807901
1807943
1807983
1807991
1808153
1808253
1808307
1808317
1808381
1808383
1808459
1808497
1808507
1808667
1808693
1808703
1808733
1808803
1808845
1808945
1808971
1809029
1809049
1809111
1809147
1809155
1809185
1809255
1809269
1809319
1809391
1809529
1809611
1809799
1809819
1809981
1809985
1810019
1810055
1810073
1810245
1810247
1810319
1810405
1810587
1810631
1810833
1810845
1810965
1811001
1811093
1811131
1811143
1811191
1811207
1811259
1811289
1811307
1811341
1811395
1811465
1811469
1811863
1811885
1811997
1812177
1812187
1812197
1812307
1812359
1812387
1812433
1812531
1812533
1812557
1812699
1812729
1812747
1812765
1813013
1813053
1813289
1813397
1813411
1813413
1813417
1813433
1813527
1813609
1813697
1813763
1813819
1813875
1813917
1813953
1813991
1814019
1814165
1814187
1814209
1814367
1814373
1814397
1814467
1814475
1814645
1814687
1814733
1814747
1814773
1814847
1814849
1814885
1815171
1815243
1815377
1815417
1815423
1815439
1815453
1815475
1815567
1815633
1815661
1815751
1815803
1815835
1816033
1816035
1816411
1816425
1816443
1816511
1816537
1816575
1816947
1816979
1817083
1817139
1817151
1817193
1817197
1817233
1817255
1817361
1817533
1817569
1817589
1817599
1817609
1817617
1817823
1817879
1817889
1817913
1817917
1818143
1818161
1818163
1818333
1818345
1818359
1818497
1818557
1818655
1818657
1818701
1818803
1818825
1818873
1818937
1818955
1819051
1819053
1819085
1819145
1819169
1819199
1819479
1819687
1819711
1819729
1819957
1820003
1820005
1820011
1820043
1820123
1820129
1820469
1820531
1820649
1820655
1820703
1820719
1820761
1820893
1820925
1820995
1821005
1821007
1821459
1821549
1821637
1821675
1821811
1821871
1821891
1821945
1821959
1822019
1822233
1822265
1822317
1822415
1822451
1822477
1822495
1822497
1822527
1822587
1822605
1822749
1822815
1822827
1822849
1822851
1822853
1822925
1822965
1823065
1823075
1823083
1823125
1823413
1823505
1823511
1823513
1823567
1823601
1823629
1823785
1823787
1823815
1823823
1823949
1824063
1824175
1824209
1824247
1824273
1824367
1824403
1824411
1824419
1824461
1824463
1824573
1824705
1824733
1824739
1824747
1824955
1824973
1825011
1825103
1825105
1825121
1825169
1825211
1825227
1825261
1825361
1825363
1825385
1825481
1825493
1825519
1825557
1825561
1825621
1825653
1825759
1825841
1825887
1825985
1826009
1826011
1826013
1826021
1826095
1826181
1826183
1826315
1826407
1826411
1826419
1826437
1826463
1826537
1826601
1826613
1826643
1826657
1826661
1826715
1826743
1826805
1826899
1826989
1827071
1827085
1827119
1827153
1827221
1827365
1827433
1827517
1827633
1827745
1827781
1827851
1827925
1827933
1827949
1827965
1827979
1827989
1828047
1828053
1828127
1828215
1828253
1828299
1828329
1828337
1828369
1828437
1828503
1828539
1828573
1828631
1828635
1828749
1828757
1828805
1828867
1828885
1828925
1829061
1829161
1829213
1829219
1829229
1829243
1829329
1829583
1829647
1829701
1829717
1829729
1829771
1829829
1829867
1829949
1830083
1830173
1830201
1830317
1830363
1830385
1830425
1830437
1830511
1830637
1830669
1830673
1830815
1830987
1831013
1831037
1831131
1831145
1831167
1831191
1831259
1831269
1831303
1831307
1831377
1831439
1831455
1831489
1831551
1831603
1831651
1831735
1831849
1831903
1832151
1832237
1832249
1832441
1832495
1832567
1832771
1832833
1832915
1832921
1832985
1833015
1833035
1833065
1833209
1833239
1833337
1833357
1833383
1833533
1833581
1833745
1833795
1833977
1833991
1834011
1834047
1834059
1834069
1834099
1834101
1834157
1834263
1834299
1834343
1834553
1834619
1834759
1834805
1834879
1834883
1834913
1835161
1835327
1835359
1835439
1835451
1835531
1835537
1835633
1835663
1835677
1835703
1835727
1835821
1835935
1836031
1836157
1836267
1836291
1836331
1836363
1836425
1836427
1836685
1836913
1836949
1836985
1837017
1837127
1837255
1837457
1837483
1837485
1837521
1837583
1837585
1837611
1837873
1837935
1837995
1838137
1838241
1838259
1838273
1838369
1838409
1838433
1838465
1838521
1838539
1838625
1838653
1838737
1838807
1838933
1838999
1839023
1839067
1839097
1839099
1839119
1839125
1839163
1839291
1839301
1839305
1839345
1839361
1839513
1839631
1839675
1839725
1839775
1839793
1839805
1839849
1839925
1839975
1839985
1840051
1840069
1840119
1840237
1840363
1840389
1840817
1840853
1841043
1841045
1841091
1841325
1841469
1841487
1841555
1841723
1841725
1841821
1841965
1842023
1842087
1842163
1842185
1842211
1842219
1842231
1842289
1842307
1842339
1842357
1842359
1842431
1842551
1842583
1842589
1842635
1842753
1842763
1842769
1842821
1842837
1842843
1842927
1842929
1842987
1843085
1843199
1843255
1843331
1843375
1843399
1843449
1843517
1843565
1843719
1843763
1843767
1843803
1843809
1843847
1844137
1844201
1844225
1844237
1844257
1844315
1844417
1844569
1844601
1844723
1844803
1845005
1845087
1845163
1845253
1845285
1845293
1845307
1845343
1845465
1845481
1845523
1845641
1845727
1845799
1845837
1845927
1845939
1845953
1846007
1846019
1846051
1846165
1846251
1846339
1846347
1846397
1846411
1846573
1846587
1846611
1846627
1846677
1846901
1847039
1847041
1847057
1847273
1847281
1847309
1847549
1847627
1847635
1847757
1847793
1847837
1847911
1847929
1848059
1848087
1848133
1848149
1848157
1848321
1848443
1848521
1848643
1848659
1848715
1848783
1848805
1848815
1848823
1848833
1848905
1848909
1848953
1849057
1849079
1849237
1849267
1849269
1849283
1849299
1849571
1849623
1849637
1849741
1849801
1849817
1849843
1849909
1849945
1850073
1850081
1850139
1850239
1850243
1850375
1850389
1850399
1850401
1850471
1850475
1850519
1850539
1850767
1850783
1850831
1850917
1851213
1851227
1851247
1851471
1851529
1851699
1851717
1851757
1851791
1851809
1851881
1851883
1851977
1852011
1852013
1852117
1852121
1852193
1852209
1852355
1852401
1852413
1852503
1852521
1852613
1852669
1852727
1852811
1852853
1852855
1852947
1853027
1853101
1853331
1853447
1853581
1853663
1853703
1853867
1853907
1854211
1854295
1854305
1854381
1854393
1854611
1854631
1854715
1854719
1854847
1854869
1854913
1854917
1854941
1855017
1855103
1855113
1855125
1855127
1855213
1855263
1855275
1855283
1855311
1855331
1855341
1855399
1855449
1855457
1855539
1855639
1855683
1855815
1855877
1855927
1856263
1856275
1856299
1856307
1856359
1856391
1856399
1856427
1856471
1856527
1856595
1856655
1856669
1856671
1856771
1856775
1856871
1857103
1857125
1857135
1857199
1857233
1857273
1857353
1857443
1857539
1857575
1857839
1857847
1857891
1857899
1857933
1857951
1858059
1858097
1858109
1858261
1858351
1858467
1858553
1858563
1858675
1858735
1858823
1858829
1858869
1858937
1859109
1859173
1859273
1859313
1859393
1859419
1859441
1859479
1859519
1859755
1859775
1859779
1859791
1859893
1859959
1859961
1859999
1860057
1860099
1860163
1860165
1860293
1860395
1860413
1860445
1860499
1860519
1860539
1860579
1860643
1860711
1860935
1861055
1861089
1861129
1861343
1861407
1861483
1861601
1861659
1861787
1861939
1861951
1861953
1862039
1862043
1862071
1862119
1862125
1862153
1862189
1862221
1862227
1862461
1862541
1862553
1862581
1862627
1862679
1862739
1862747
1862837
1862961
1862973
1862999
1863031
1863055
1863073
1863081
1863365
1863403
1863461
1863683
1863711
1863717
1863903
1863915
1864005
1864035
1864367
1864429
1864437
1864609
1864631
1864757
1864811
1864837
1864875
1864901
1864915
1864921
1864943
1864995
1865051
1865231
1865293
1865305
1865315
1865431
1865479
1865489
1865497
1865687
1865709
1865731
1865793
1865797
1865885
1866207
1866263
1866275
1866279
1866285
1866291
1866375
1866739
1866741
1866761
1866825
1866853
1866949
1866971
1866999
1867025
1867031
1867039
1867077
1867079
1867103
1867157
1867177
1867193
1867255
1867359
1867391
1867431
1867547
1867591
1867735
1867945
1867989
1867993
1867999
1868059
1868127
1868319
1868575
1868581
1868609
1868755
1868991
1869053
1869061
1869069
1869095
1869105
1869111
1869119
1869227
1869367
1869469
1869575
1869603
1869613
1869617
1869627
1869653
1869687
1869707
1869731
1869809
1869845
1870117
1870195
1870217
1870317
1870609
1870685
1870785
1870827
1870845
1870895
1870957
1870983
1870997
1871117
1871327
1871427
1871521
1871627
1871677
1871759
1871819
1871869
1871877
1871889
1871955
1871999
1872091
1872113
1872143
1872261
1872295
1872299
1872359
1872377
1872403
1872409
1872415
1872495
1872537
1872609
1872705
1872713
1872735
1872739
1872859
1872875
1872981
1873053
1873087
1873097
1873099
1873131
1873247
1873267
1873497
1873555
1873603
1873683
1873761
1873785
1873811
1873943
1873979
1874089
1874141
1874217
1874243
1874299
1874317
1874333
1874341
1874367
1874549
1874683
1874705
1874721
1874787
1874819
1874841
1874911
1874983
1875025
1875133
1875227
1875229
1875385
1875435
1875457
1875613
1875615
1875675
1875703
1875745
1875851
1875915
1875985
1876017
1876069
1876077
1876157
1876183
1876207
1876345
1876359
1876395
1876451
1876457
1876501
1876533
1876573
1876637
1876671
1876723
1876857
1876941
1877057
1877109
1877159
1877241
1877519
1877531
1877559
1877569
1877575
1877615
1877701
1877715
1877723
1877829
1877871
1878033
1878117
1878259
1878281
1878315
1878321
1878335
1878351
1878393
1878423
1878505
1878527
1878603
1878605
1878649
1878669
1878925
1878943
1879079
1879181
1879361
1879423
1879461
1879547
1879607
1879679
1879761
1879777
1879845
1879983
1880069
1880079
1880147
1880177
1880219
1880239
1880289
1880309
1880451
1880517
1880595
1880603
1880675
1880695
1880715
1880773
1880815
1881003
1881049
1881097
1881117
1881161
1881465
1881579
1881693
1881707
1881803
1881991
1882101
1882201
1882229
1882515
1882527
1882533
1882819
1882863
1883013
1883105
1883193
1883255
1883259
1883269
1883367
1883443
1883567
1883593
1883595
1883647
1883717
1883727
1883767
1883813
1883861
1883929
1884099
1884143
1884207
1884287
1884393
1884435
1884469
1884529
1884685
1884831
1884999
1885005
1885019
1885057
1885059
1885107
1885199
1885207
1885233
1885263
1885265
1885279
1885287
1885315
1885319
1885323
1885371
1885511
1885565
1885591
1885647
1885715
1885803
1885843
1886039
1886321
1886337
1886347
1886565
1886637
1886681
1886723
1886733
1886787
1886813
1886815
1886855
1886925
1887049
1887237
1887263
1887297
1887329
1887433
1887537
1887567
1887593
1887599
1887663
1887667
1887673
1887677
1887789
1887813
1887839
1887913
1887975
1887985
1888017
1888041
1888079
1888141
1888185
1888227
1888369
1888457
1888619
1888681
1888697
1888757
1888781
1888821
1888981
1889027
1889039
1889049
1889089
1889093
1889159
1889175
1889209
1889221
1889279
1889351
1889379
1889383
1889431
1889759
1889785
1889837
1889973
1890033
1890061
1890081
1890103
1890133
1890195
1890229
1890253
1890441
1890471
1890503
1890533
1890539
1890621
1890683
1890703
1890929
1891025
1891085
1891173
1891185
1891303
1891465
1891497
1891589
1891651
1891715
1891725
1891727
1891893
1891927
1891953
1892069
1892135
1892141
1892291
1892335
1892387
1892445
1892465
1892549
1892561
1892665
1892695
1892815
1892843
1892889
1892955
1892963
1892977
1893023
1893049
1893061
1893091
1893099
1893249
1893279
1893317
1893659
1893667
1893731
1893817
1893963
1893975
1894037
1894137
1894143
1894243
1894263
1894269
1894397
1894417
1894427
1894435
1894449
1894577
1894579
1894637
1894703
1894763
1894787
1894885
1894893
1894965
1894989
1895073
1895087
1895121
1895153
1895229
1895243
1895257
1895369
1895527
1895789
1895833
1895849
1895875
1895877
1895939
1896011
1896021
1896115
1896147
1896171
1896265
1896347
1896501
1896557
1896641
1896769
1896847
1896875
1896935
1897079
1897093
1897135
1897187
1897223
1897227
1897241
1897261
1897329
1897431
1897535
1897545
1897623
1897633
1897693
1897729
1897799
1897827
1897873
1897897
1897959
1898049
1898095
1898207
1898229
1898263
1898307
1898315
1898385
1898491
1898567
1898709
1898713
1898753
1898761
1898789
1898791
1898833
1898859
1898863
1898987
1899331
1899405
1899465
1899557
1899831
1899843
1899867
1899885
1899957
1899989
1900019
1900155
1900219
1900259
1900261
1900321
1900383
1900397
1900453
1900477
1900507
1900519
1900547
1900577
1900617
1900621
1900707
1900741
1900821
1900927
1900947
1901005
1901223
1901225
1901305
1901415
1901507
1901641
1901649
1901691
1901765
1901813
1901869
1901903
1901933
1901961
1901981
1902083
1902085
1902149
1902171
1902201
1902293
1902369
1902615
1902751
1902753
1902787
1902931
1903365
1903489
1903503
1903815
1903963
1904003
1904099
1904267
1904293
1904411
1904419
1904515
1904523
1904579
1904677
1904767
1904783
1904825
1904853
1904917
1904987
1905001
1905047
1905055
1905123
1905165
1905241
1905267
1905315
1905317
1905349
1905441
1905467
1905483
1905555
1905673
1905687
1905711
1905785
1905795
1906013
1906165
1906265
1906287
1906401
1906417
1906449
1906541
1906637
1906679
1906797
1906865
1906887
1907101
1907103
1907165
1907187
1907219
1907241
1907255
1907329
1907425
1907487
1907629
1907731
1907735
1907743
1907765
1907861
1907891
1907973
1908025
1908343
1908347
1908355
1908369
1908415
1908437
1908491
1908519
1908621
1908851
1908853
1908881
1908937
1908945
1909019
1909141
1909311
1909327
1909407
1909461
1909467
1909507
1909551
1909573
1909585
1909589
1909591
1909615
1909617
1909641
1909773
1909793
1909809
1909847
1909893
1909929
1910027
1910031
1910101
1910109
1910207
1910253
1910471
1910587
1910601
1910663
1911015
1911127
1911247
1911253
1911261
1911361
1911509
1911525
1911603
1911617
1911627
1911669
1911729
1911761
1911779
1911809
1912005
1912265
1912319
1912337
1912339
1912403
1912435
1912475
1912477
1912531
1912557
1912571
1912631
1912639
1912941
1912953
1913011
1913017
1913025
1913227
1913231
1913269
1913309
1913387
1913515
1913537
1913579
1913615
1913625
1913651
1913817
1913869
1913881
1913895
1914021
1914113
1914205
1914225
1914231
1914237
1914351
1914371
1914393
1914481
1914829
1914903
1914935
1914999
1915081
1915199
1915261
1915421
1915525
1915531
1915573
1915581
1915621
1915729
1915749
1915757
1915773
1915783
1915821
1915833
1916009
1916089
1916147
1916153
1916227
1916469
1916495
1916537
1916547
1916573
1916607
1916673
1916815
1916987
1917069
1917079
1917189
1917199
1917201
1917211
1917281
1917375
1917403
1917423
1917453
1917459
1917473
1917519
1917651
1917723
1917773
1917777
1917877
1917975
1918239
1918333
1918359
1918373
1918435
1918515
1918563
1918601
1918607
1918653
1918713
1918759
1918845
1919081
1919181
1919253
1919281
1919475
1919735
1919765
1919777
1919835
1919971
1920025
1920045
1920055
1920159
1920177
1920239
1920307
1920359
1920435
1920485
1920745
1920843
1920853
1920973
1920999
1921047
1921069
1921071
1921111
1921123
1921219
1921263
1921275
1921343
1921457
1921757
1921775
1921851
1921885
1921919
1921921
1921989
1922019
1922109
1922201
1922339
1922381
1922593
1922623
1922659
1922705
1922929
1922959
1922977
1923127
1923213
1923331
1923339
1923353
1923377
1923399
1923439
1923479
1923495
1923543
1923663
1923695
1923779
1923793
1923809
1923811
1923823
1923865
1923905
1923911
1923931
1923979
1924119
1924139
1924171
1924191
1924485
1924495
1924679
1924701
1924723
1924773
1924825
1924855
1924875
1925009
1925041
1925077
1925175
1925191
1925233
1925249
1925531
1925541
1925623
1925677
1925737
1925801
1925903
1926047
1926127
1926191
1926243
1926407
1926411
1926511
1926525
1926533
1926567
1926579
1926611
1926613
1926631
1926767
1926861
1926911
1927143
1927355
1927463
1927543
1927587
1927605
1927673
1927679
1927695
1927789
1927811
1927837
1928053
1928113
1928159
1928245
1928265
1928279
1928313
1928343
1928377
1928421
1928439
1928447
1928869
1928933
1928939
1928979
1929201
1929229
1929241
1929319
1929423
1929519
1929525
1929529
1929549
1929607
1929621
1929625
1929777
1929871
1929947
1930027
1930035
1930105
1930325
1930329
1930373
1930469
1930489
1930505
1930711
1930789
1930965
1930981
1931087
1931175
1931267
1931275
1931303
1931449
1931481
1931489
1931649
1931773
1931867
1931879
1932305
1932319
1932325
1932331
1932341
1932347
1932475
1932543
1932549
1932563
1932599
1932631
1932663
1932721
1932793
1932951
1932977
1933043
1933059
1933101
1933103
1933181
1933199
1933225
1933235
1933395
1933505
1933561
1933657
1933687
1933763
1933825
1933947
1934001
1934101
1934127
1934187
1934285
1934543
1934557
1934595
1934601
1934675
1934677
1934703
1934715
1934773
1934859
1934871
1934875
1934979
1935059
1935077
1935125
1935231
1935343
1935447
1935543
1935567
1935653
1935691
1935749
1935827
1935893
1935899
1935935
1935985
1936019
1936047
1936125
1936231
1936267
1936419
1936437
1936533
1936543
1936643
1936729
1936999
1937005
1937083
1937315
1937337
1937395
1937447
1937473
1937487
1937509
1937527
1937703
1937725
1937835
1937851
1937861
1938013
1938059
1938073
1938171
1938193
1938229
1938295
1938487
1938509
1938533
1938555
1938645
1938679
1938765
1938771
1938815
1938861
1939137
1939321
1939335
1939361
1939383
1939391
1939421
1939467
1939599
1939683
1939927
1939959
1939985
1940315
1940499
1940503
1940541
1940609
1940653
1940715
1940745
1940761
1941165
1941179
1941187
1941225
1941305
1941355
1941457
1941527
1941535
1941547
1941639
1941659
1941673
1941685
1941715
1941775
1941837
1941839
1941925
1941951
1941987
1942137
1942177
1942233
1942271
1942279
1942349
1942399
1942401
1942417
1942511
1942533
1942557
1942563
1942579
1942593
1942651
1942763
1942777
1942901
1942921
1942989
1942997
1943015
1943175
1943217
1943347
1943355
1943461
1943557
1943675
1943693
1943701
1943791
1943891
1943913
1943921
1944099
1944121
1944153
1944229
1944379
1944463
1944535
1944623
1944635
1944717
1944741
1944775
1944865
1944979
1945005
1945151
1945215
1945231
1945249
1945323
1945333
1945461
1945521
1945537
1945583
1945667
1945773
1945811
1945829
1945879
1945899
1945917
1945953
1945993
1946135
1946219
1946411
1946445
1946455
1946495
1946585
1946649
1946679
1946683
1946705
1946753
1946913
1947001
1947025
1947031
1947129
1947177
1947227
1947235
1947267
1947313
1947433
1947471
1947517
1947631
1947681
1947713
1947719
1947761
1947843
1947969
1948029
1948033
1948035
1948037
1948053
1948147
1948187
1948229
1948241
1948299
1948315
1948367
1948621
1948625
1948631
1948651
1948727
1948823
1948917
1948945
1948985
1948989
1949117
1949251
1949263
1949281
1949387
1949393
1949491
1949537
1949611
1949761
1949765
1949803
1949809
1949953
1950035
1950047
1950089
1950103
1950111
1950125
1950183
1950221
1950239
1950277
1950317
1950379
1950393
1950445
1950489
1950533
1950657
1950683
1950727
1950755
1950783
1950825
1950847
1950855
1950901
1950929
1950961
1951119
1951147
1951225
1951597
1951769
1951877
1951915
1951947
1951957
1951963
1951993
1952041
1952053
1952173
1952213
1952275
1952283
1952303
1952327
1952333
1952445
1952529
1952569
1952903
1952937
1953069
1953083
1953099
1953107
1953127
1953193
1953289
1953325
1953419
1953553
1953585
1953597
1953691
1953783
1953813
1953879
1954033
1954199
1954355
1954359
1954363
1954391
1954447
1954527
1954557
1954597
1954673
1954719
1954739
1954859
1954877
1954897
1954927
1954937
1954955
1954959
1954971
1954979
1955089
1955095
1955125
1955133
1955169
1955189
1955235
1955301
1955303
1955309
1955315
1955321
1955367
1955459
1955709
1955775
1955899
1955935
1955987
1956017
1956279
1956305
1956327
1956337
1956409
1956419
1956469
1956493
1956581
1956679
1956741
1956757
1956893
1957385
1957483
1957567
1957593
1957619
1957661
1957701
1957733
1957751
1957789
1957837
1957885
1957909
1957923
1958177
1958235
1958351
1958381
1958389
1958409
1958425
1958473
1958595
1958611
1958725
1958775
1958795
1958879
1958971
1959193
1959211
1959361
1959379
1959395
1959471
1959485
1959577
1959677
1959759
1959803
1959831
1959955
1960057
1960149
1960165
1960193
1960241
1960305
1960341
1960393
1960473
1960511
1960579
1960649
1960651
1960675
1960743
1960753
1960941
1960951
1961041
1961109
1961113
1961119
1961169
1961179
1961185
1961259
1961265
1961267
1961371
1961487
1961667
1961781
1962043
1962077
1962275
1962293
1962389
1962489
1962505
1962639
1962671
1962723
1962725
1962759
1962773
1962809
1962843
1962861
1962889
1962917
1963037
1963053
1963201
1963289
1963507
1963509
1963511
1963547
1963549
1963629
1963647
1963725
1963859
1963905
1963937
1964015
1964051
1964055
1964065
1964113
1964237
1964307
1964337
1964351
1964355
1964395
1964537
1964541
1964621
1964723
1964749
1964873
1964983
1964989
1965021
1965025
1965069
1965113
1965259
1965261
1965667
1965749
1965773
1965819
1965909
1965931
1965993
1966081
1966157
1966293
1966301
1966379
1966415
1966467
1966475
1966537
1966711
1966731
1966751
1966883
1966939
1966997
1967027
1967073
1967085
1967193
1967411
1967463
1967701
1967735
1967743
1967757
1967783
1967821
1967921
1968173
1968221
1968287
1968525
1968553
1968761
1968777
1968853
1968857
1969021
1969083
1969131
1969133
1969253
1969263
1969289
1969355
1969409
1969467
1969571
1969671
1969795
1969829
1969887
1969905
1969941
1970011
1970053
1970117
1970215
1970249
1970263
1970289
1970543
1970605
1970701
1970835
1970841
1970843
1970867
1970927
1970947
1970955
1971005
1971135
1971217
1971349
1971451
1971531
1971533
1971543
1971653
1971763
1971805
1971853
1971913
1971919
1972043
1972189
1972237
1972239
1972261
1972297
1972387
1972477
1972503
1972511
1972613
1972691
1972793
1972947
1972987
1973029
1973037
1973051
1973103
1973175
1973199
1973201
1973311
1973319
1973527
1973573
1973647
1973663
1973859
1973913
1973925
1973975
1974053
1974131
1974147
1974157
1974191
1974277
1974427
1974451
1974473
1974515
1974571
1974637
1974673
1974719
1974837
1974933
1975007
1975013
1975017
1975297
1975403
1975431
1975777
1975817
1975965
1976011
1976051
1976061
1976089
1976197
1976235
1976255
1976271
1976275
1976281
1976367
1976561
1976573
1976761
1976763
1976779
1976959
1976961
1977097
1977113
1977173
1977205
1977211
1977425
1977551
1977623
1977669
1977745
1977769
1977809
1977877
1978329
1978387
1978505
1978521
1978541
1978585
1978635
1978713
1978807
1978957
1979027
1979073
1979241
1979423
1979461
1979485
1979505
1979671
1979687
1979723
1979737
1979755
1979805
1979917
1979953
1979981
1980035
1980063
1980145
1980165
1980181
1980243
1980315
1980327
1980351
1980377
1980423
1980603
1980719
1980749
1980949
1980955
1981031
1981045
1981113
1981295
1981305
1981325
1981499
1981509
1981515
1981537
1981553
1981715
1981741
1981963
1982003
1982019
1982063
1982171
1982185
1982209
1982227
1982253
1982299
1982323
1982397
1982425
1982655
1982751
1982771
1982847
1982849
1982853
1982881
1982953
1982961
1983037
1983157
1983203
1983237
1983269
1983321
1983353
1983359
1983391
1983667
1983779
1983785
1983815
1983951
1984005
1984061
1984139
1984239
1984333
1984335
1984355
1984409
1984459
1984555
1984729
1984739
1984749
1985023
1985037
1985193
1985217
1985237
1985299
1985381
1985391
1985407
1985411
1985493
1985525
1985603
1985637
1985643
1985701
1985745
1985955
1986057
1986175
1986181
1986389
1986571
1986613
1986659
1986669
1986791
1986819
1986853
1986875
1986887
1986913
1986945
1987067
1987083
1987149
1987499
1987557
1987611
1987613
1987619
1987687
1987695
1987725
1987747
1987783
1987799
1987839
1987871
1987891
1987905
1987915
1987947
1987997
1988059
1988153
1988247
1988267
1988279
1988425
1988565
1988671
1988689
1988871
1989065
1989069
1989129
1989267
1989279
1989361
1989445
1989487
1989503
1989563
1989603
1989699
1989769
1989817
1989885
1989929
1989949
1990005
1990081
1990235
1990243
1990259
1990271
1990355
1990445
1990539
1990667
1990721
1990807
1990925
1991095
1991215
1991323
1991367
1991435
1991571
1991603
1991803
1991913
1992107
1992145
1992291
1992301
1992349
1992375
1992475
1992479
1992517
1992575
1992801
1992839
1992857
1992909
1992929
1992999
1993035
1993163
1993191
1993195
1993247
1993267
1993393
1993407
1993445
1993463
1993507
1993517
1993557
1993647
1993695
1993705
1993727
1993755
1993787
1993813
1993817
1993833
1993933
1993947
1993971
1993975
1993997
1994169
1994205
1994307
1994405
1994477
1994579
1994609
1994627
1994687
1994699
1994725
1994751
1994873
1994949
1995171
1995191
1995279
1995321
1995343
1995453
1995501
1995509
1995621
1995669
1995757
1995763
1995777
1995831
1995943
1995957
1995975
1995993
1996063
1996083
1996097
1996163
1996297
1996395
1996477
1996511
1996631
1996743
1996819
1996953
1996971
1997073
1997109
1997119
1997201
1997241
1997693
1997705
1997759
1997795
1997911
1997927
1997945
1997953
1998101
1998147
1998301
1998495
1998497
1998515
1998547
1998781
1998805
1999061
1999085
1999231
1999395
1999479
1999523
1999811
1999937
1999969
