# proven primes: b with (b^16+1)/2 prime (aprcl), block [10000000,11000000)
10000091
10000299
10000469
10000585
10000661
10000861
10000893
10000965
10000973
10000987
10001041
10001055
10001079
10001147
10001313
10001323
10001325
10001369
10001469
10001557
10001829
10001935
10001987
10002037
10002375
10002555
10002557
10002859
10003053
10003125
10003161
10003187
10003227
10003385
10003497
10003563
10003575
10003683
10003733
10003843
10003897
10003923
10003955
10003959
10003977
10004287
10004329
10004333
10004435
10004497
10004531
10004615
10004651
10004653
10004699
10004807
10004835
10004847
10004933
10005059
10005121
10005137
10005261
10005465
10005659
10005755
10005829
10005937
10005945
10005997
10006017
10006059
10006073
10006091
10006095
10006111
10006147
10006243
10006295
10006305
10006321
10006373
10006477
10006515
10006677
10006727
10006773
10006789
10006987
10006989
10007183
10007243
10007307
10007313
10007387
10007405
10007603
10007613
10007691
10007737
10007787
10007877
10007911
10008035
10008047
10008095
10008145
10008445
10008499
10008519
10008545
10008671
10008711
10008751
10009025
10009027
10009117
10009201
10009227
10009233
10009513
10009553
10009623
10009865
10009925
10010185
10010223
10010241
10010267
10010291
10010401
10010411
10010427
10010523
10010617
10010699
10010729
10010945
10011143
10011281
10011295
10011349
10011369
10011493
10011525
10011533
10011661
10011729
10011763
10011817
10011839
10011893
10011921
10011987
10012041
10012099
10012119
10012131
10012147
10012181
10012193
10012401
10012453
10012607
10012613
10012693
10012809
10012891
10013033
10013267
10013313
10013447
10013779
10013809
10013821
10013913
10013927
10014029
10014043
10014109
10014115
10014135
10014165
10014207
10014381
10014433
10014439
10014513
10014555
10014629
10014683
10014707
10014855
10015083
10015115
10015279
10015369
10015457
10015505
10015539
10015557
10015823
10015839
10015869
10015891
10015967
10016067
10016179
10016309
10016315
10016441
10016467
10016547
10016611
10016691
10016761
10016801
10016923
10017009
10017045
10017061
10017159
10017199
10017443
10017465
10017587
10017745
10017749
10017755
10017769
10017851
10017857
10017873
10017973
10018103
10018165
10018195
10018327
10018333
10018341
10018397
10018453
10018457
10018537
10018651
10018657
10018689
10018749
10018933
10018953
10019029
10019059
10019091
10019153
10019267
10019427
10019541
10019557
10019633
10019669
10019705
10019877
10020035
10020043
10020065
10020069
10020099
10020171
10020237
10020497
10020577
10021091
10021113
10021207
10021353
10021433
10021507
10021861
10021899
10022159
10022187
10022251
10022529
10022639
10022711
10022751
10022789
10022795
10022847
10022869
10023019
10023213
10023277
10023309
10023319
10023367
10023411
10023415
10023489
10023559
10023561
10023563
10023663
10023775
10023777
10023779
10023975
10023987
10024127
10024197
10024253
10024267
10024327
10024469
10024477
10024523
10024549
10024761
10024787
10024869
10025249
10025327
10025333
10025351
10025395
10025461
10025617
10025679
10025751
10025791
10025829
10025927
10025951
10026025
10026081
10026261
10026291
10026361
10026455
10026753
10026815
10026855
10027005
10027027
10027043
10027137
10027221
10027265
10027281
10027331
10027349
10027365
10027595
10027623
10027705
10027831
10027857
10028067
10028269
10028319
10028417
10028583
10028601
10028603
10028609
10028647
10028677
10028839
10028841
10028891
10028989
10029007
10029009
10029019
10029033
10029039
10029279
10029309
10029321
10029437
10029473
10029483
10029521
10029533
10029547
10029575
10029593
10029653
10029727
10029797
10029823
10030095
10030113
10030147
10030177
10030217
10030247
10030269
10030309
10030345
10030351
10030551
10030699
10030735
10030835
10030877
10030891
10030905
10030991
10031003
10031093
10031101
10031129
10031229
10031295
10031309
10031319
10031331
10031347
10031385
10031463
10031471
10031497
10031551
10031567
10031669
10031727
10031763
10031815
10031949
10031991
10032067
10032155
10032203
10032251
10032351
10032359
10032415
10032431
10032455
10032745
10032757
10032823
10032953
10033089
10033187
10033249
10033327
10033357
10033557
10033573
10033591
10033663
10033685
10033765
10033895
10033945
10033975
10033989
10034079
10034275
10034349
10034353
10034417
10034421
10034585
10034603
10034703
10034857
10034867
10034965
10034979
10035033
10035053
10035099
10035229
10035467
10035483
10035531
10035631
10035649
10035659
10035777
10035893
10035965
10036005
10036031
10036079
10036083
10036191
10036225
10036307
10036309
10036323
10036361
10036383
10036391
10036403
10036405
10036533
10036585
10036673
10036691
10036701
10036773
10036783
10036881
10036917
10037009
10037035
10037147
10037157
10037183
10037197
10037201
10037207
10037219
10037243
10037251
10037349
10037357
10037363
10037469
10037593
10037603
10037635
10037653
10037833
10037843
10037865
10037873
10038307
10038353
10038359
10038411
10038473
10038675
10038699
10038785
10038875
10038943
10038997
10039017
10039029
10039033
10039077
10039143
10039145
10039275
10039303
10039393
10039495
10039517
10039527
10039531
10039669
10039743
10039769
10039805
10039879
10039895
10039941
10040129
10040233
10040379
10040523
10040577
10040693
10040729
10040751
10040785
10040923
10040939
10040957
10040967
10041167
10041181
10041189
10041279
10041299
10041319
10041397
10041415
10041455
10041467
10041531
10041643
10041661
10041725
10041733
10041835
10041921
10042053
10042247
10042291
10042295
10042325
10042351
10042413
10042463
10042525
10042529
10042569
10042595
10042621
10042665
10042897
10043081
10043219
10043251
10043367
10043377
10043441
10043469
10043479
10043585
10043639
10043667
10043733
10043755
10043769
10043821
10043935
10043949
10043957
10043967
10043975
10043979
10044061
10044121
10044145
10044185
10044243
10044279
10044345
10044389
10044415
10044519
10044713
10044883
10044897
10044993
10045051
10045067
10045211
10045395
10045485
10045491
10045563
10045743
10045773
10045791
10045837
10045859
10045871
10046153
10046167
10046199
10046331
10046343
10046441
10046521
10046557
10046565
10046825
10046829
10046855
10046905
10046945
10046957
10047035
10047075
10047253
10047257
10047299
10047397
10047639
10047757
10048059
10048063
10048189
10048221
10048239
10048277
10048339
10048371
10048535
10048609
10048627
10048785
10048935
10049045
10049477
10049601
10049615
10049673
10049723
10049855
10049869
10049933
10049947
10049949
10050067
10050179
10050193
10050197
10050385
10050443
10050501
10050527
10050541
10050555
10050631
10050677
10050703
10050743
10050747
10050799
10050831
10050835
10050923
10050995
10050999
10051019
10051083
10051103
10051105
10051109
10051127
10051169
10051251
10051321
10051355
10051363
10051419
10051475
10051551
10051559
10051615
10051627
10051673
10051765
10051787
10051951
10052057
10052093
10052193
10052273
10052351
10052451
10052489
10052551
10052653
10052729
10052751
10052853
10052865
10052927
10052995
10053027
10053041
10053139
10053199
10053285
10053397
10053461
10053467
10053505
10053561
10053663
10053743
10053769
10053849
10053867
10053897
10054003
10054023
10054033
10054097
10054197
10054207
10054219
10054277
10054285
10054487
10054553
10054633
10054647
10054705
10054733
10054863
10054867
10054899
10055019
10055143
10055239
10055337
10055415
10055439
10055445
10055521
10055569
10055585
10055941
10055949
10056011
10056015
10056419
10056451
10056493
10056539
10056621
10056651
10056707
10056717
10056719
10056749
10056799
10056805
10056985
10057169
10057219
10057225
10057377
10057397
10057477
10057507
10057655
10057773
10057837
10058041
10058221
10058599
10058659
10058885
10058947
10059003
10059129
10059191
10059239
10059283
10059417
10059443
10059649
10059711
10059713
10059723
10059837
10059923
10059981
10060229
10060263
10060265
10060271
10060315
10060329
10060349
10060377
10060555
10060617
10060667
10060685
10060703
10060705
10060779
10060865
10060913
10060929
10061001
10061087
10061109
10061179
10061253
10061365
10061447
10061515
10061557
10061783
10061893
10061899
10061913
10061975
10061987
10062009
10062017
10062111
10062139
10062151
10062213
10062279
10062397
10062471
10062475
10062537
10062571
10062765
10062809
10062863
10063093
10063183
10063243
10063401
10063441
10063715
10063749
10063791
10063799
10063863
10063909
10063937
10063991
10064015
10064033
10064129
10064177
10064185
10064219
10064293
10064355
10064447
10064473
10064509
10064519
10064543
10064555
10064567
10064605
10064707
10064727
10064865
10064941
10064945
10064985
10065035
10065091
10065169
10065173
10065183
10065263
10065377
10065497
10065539
10065701
10065825
10065863
10065875
10066025
10066115
10066139
10066265
10066273
10066279
10066417
10066595
10066617
10066633
10066721
10066755
10066783
10066829
10066845
10066891
10066893
10066911
10067105
10067209
10067235
10067239
10067247
10067249
10067263
10067471
10067549
10067587
10067593
10067741
10067775
10067953
10068031
10068253
10068315
10068321
10068327
10068411
10068477
10068499
10068563
10068673
10068769
10068773
10068975
10069015
10069095
10069149
10069157
10069183
10069247
10069279
10069467
10069587
10069723
10069777
10069883
10069953
10069973
10069983
10070157
10070179
10070205
10070231
10070239
10070245
10070259
10070341
10070343
10070429
10070771
10070893
10071091
10071145
10071273
10071283
10071285
10071303
10071321
10071351
10071429
10071585
10071671
10071721
10071731
10071817
10071819
10071895
10071901
10071977
10072211
10072505
10072625
10072633
10072679
10072863
10072885
10073001
10073161
10073163
10073265
10073285
10073303
10073331
10073335
10073347
10073365
10073371
10073401
10073421
10073457
10073463
10073565
10073657
10073683
10073725
10073729
10073733
10073833
10073913
10073961
10074041
10074125
10074143
10074189
10074215
10074361
10074767
10074821
10074907
10075005
10075013
10075023
10075063
10075099
10075249
10075269
10075309
10075475
10075477
10075525
10075527
10075559
10075675
10076011
10076029
10076171
10076195
10076197
10076245
10076301
10076377
10076515
10076521
10076539
10076673
10076741
10077071
10077113
10077175
10077183
10077283
10077365
10077425
10077459
10077527
10077597
10077627
10077817
10077871
10077995
10078199
10078215
10078241
10078269
10078279
10078337
10078359
10078361
10078387
10078401
10078627
10078689
10078793
10078833
10078835
10078867
10078883
10078929
10078981
10078995
10079039
10079065
10079085
10079233
10079295
10079311
10079323
10079341
10079391
10079489
10079491
10079513
10079521
10079567
10079575
10079813
10079843
10079887
10079889
10079987
10080057
10080059
10080135
10080169
10080333
10080427
10080467
10080589
10080667
10080699
10080787
10080863
10080923
10081051
10081233
10081245
10081315
10081413
10081519
10081713
10081763
10081815
10081835
10081845
10081877
10082143
10082165
10082181
10082239
10082245
10082277
10082525
10082649
10082653
10082725
10082753
10083089
10083221
10083223
10083465
10083631
10083711
10083869
10083921
10084023
10084077
10084115
10084137
10084177
10084341
10084423
10084509
10084579
10084715
10084775
10084777
10084961
10085085
10085087
10085103
10085165
10085187
10085189
10085235
10085251
10085267
10085275
10085327
10085359
10085379
10085389
10085563
10085651
10085683
10085701
10085889
10085961
10086095
10086527
10086613
10086695
10086805
10086861
10086877
10086889
10086907
10086911
10087035
10087109
10087115
10087141
10087165
10087175
10087221
10087283
10087307
10087345
10087415
10087509
10087547
10087587
10087613
10087797
10087831
10087919
10088047
10088341
10088357
10088489
10088495
10088587
10088847
10088993
10089007
10089045
10089171
10089181
10089191
10089229
10089257
10089263
10089327
10089359
10089429
10089463
10089479
10089499
10089525
10089527
10089609
10089663
10089807
10089879
10089937
10089975
10089983
10090013
10090053
10090105
10090125
10090215
10090279
10090295
10090533
10090629
10090655
10090755
10090787
10090829
10090857
10091081
10091093
10091101
10091113
10091153
10091191
10091245
10091249
10091251
10091313
10091519
10091573
10091699
10091721
10091771
10091783
10091889
10091995
10092001
10092027
10092153
10092229
10092339
10092343
10092473
10092485
10092503
10092505
10092615
10092623
10092695
10092735
10092739
10092845
10092885
10092971
10093055
10093157
10093165
10093177
10093181
10093225
10093245
10093253
10093287
10093663
10093805
10093821
10093855
10093879
10093919
10093933
10093981
10094047
10094235
10094293
10094331
10094499
10094501
10094539
10094591
10094631
10094703
10094919
10095007
10095219
10095261
10095267
10095301
10095383
10095533
10095583
10095665
10095675
10095845
10095863
10095963
10096007
10096039
10096139
10096223
10096257
10096267
10096457
10096577
10096655
10096773
10096945
10096959
10096963
10097005
10097039
10097061
10097065
10097113
10097121
10097193
10097215
10097217
10097225
10097227
10097247
10097353
10097431
10097457
10097705
10097761
10097973
10098003
10098005
10098009
10098067
10098147
10098187
10098207
10098243
10098269
10098403
10098501
10098567
10098577
10098597
10098865
10098887
10098901
10098905
10098929
10099005
10099037
10099079
10099085
10099171
10099177
10099199
10099211
10099291
10099325
10099405
10099433
10099655
10099711
10099787
10099871
10099881
10100015
10100139
10100149
10100157
10100209
10100217
10100303
10100415
10100453
10100575
10100617
10100643
10100701
10100715
10100725
10100945
10101015
10101039
10101153
10101161
10101203
10101263
10101357
10101591
10101601
10101653
10101655
10101875
10101915
10101955
10102027
10102039
10102043
10102119
10102165
10102197
10102263
10102335
10102355
10102393
10102565
10102695
10102733
10102835
10102921
10102953
10103101
10103191
10103245
10103255
10103359
10103369
10103491
10103537
10103541
10103567
10103605
10103829
10103851
10103885
10103983
10104027
10104113
10104123
10104167
10104371
10104419
10104429
10104475
10104487
10104569
10104655
10104679
10104789
10104797
10104853
10105171
10105173
10105235
10105423
10105559
10105581
10105605
10105657
10105693
10105783
10105805
10105939
10105957
10105969
10106081
10106175
10106259
10106345
10106455
10106621
10106659
10106709
10106801
10106853
10106879
10106911
10106917
10107021
10107071
10107113
10107167
10107219
10107235
10107307
10107327
10107409
10107483
10107515
10107553
10107605
10107659
10107679
10107681
10107739
10107749
10107797
10108069
10108111
10108123
10108153
10108181
10108191
10108213
10108229
10108285
10108321
10108331
10108467
10108527
10108561
10108623
10108685
10108761
10108843
10108845
10108861
10108899
10108927
10109071
10109097
10109143
10109179
10109185
10109187
10109241
10109259
10109299
10109309
10109329
10109375
10109521
10109629
10109631
10109667
10109685
10109701
10109713
10109757
10109891
10109965
10109975
10110001
10110091
10110133
10110197
10110231
10110471
10110487
10110579
10110625
10110777
10110787
10110849
10110991
10111027
10111051
10111107
10111165
10111177
10111317
10111373
10111443
10111489
10111627
10111653
10111703
10111761
10111859
10111889
10111949
10111977
10112061
10112071
10112127
10112143
10112229
10112255
10112283
10112479
10112527
10112627
10112801
10112903
10112907
10112917
10112921
10112953
10112987
10113003
10113025
10113059
10113117
10113135
10113251
10113293
10113507
10113643
10113669
10113693
10113711
10113855
10113867
10113979
10114117
10114373
10114581
10114585
10114663
10114729
10114785
10115013
10115053
10115079
10115089
10115125
10115137
10115177
10115193
10115273
10115355
10115385
10115389
10115435
10115445
10115455
10115489
10115519
10115541
10115757
10115773
10115789
10115899
10115947
10115989
10116011
10116159
10116169
10116309
10116373
10116507
10116519
10116601
10116695
10116705
10116819
10116821
10116869
10116929
10116949
10116977
10117015
10117105
10117111
10117233
10117263
10117449
10117451
10117463
10117535
10117709
10117729
10117885
10117979
10118135
10118191
10118293
10118295
10118303
10118311
10118347
10118365
10118599
10118813
10118843
10118853
10118951
10119003
10119019
10119155
10119267
10119273
10119319
10119421
10119449
10119535
10119539
10119697
10119723
10119971
10120183
10120313
10120323
10120325
10120357
10120395
10120429
10120519
10120619
10120673
10120803
10120833
10120895
10120995
10121039
10121261
10121325
10121335
10121483
10121515
10121573
10121589
10121667
10121791
10121839
10121853
10121923
10121971
10122071
10122121
10122183
10122361
10122387
10122471
10122517
10122825
10122885
10123091
10123121
10123123
10123137
10123209
10123221
10123223
10123237
10123285
10123311
10123477
10123551
10123707
10123711
10123889
10124003
10124027
10124037
10124221
10124231
10124255
10124381
10124401
10124459
10124581
10124811
10124885
10124897
10124941
10125103
10125141
10125145
10125199
10125219
10125223
10125381
10125515
10125601
10125607
10125625
10125643
10125801
10125877
10125951
10126009
10126071
10126083
10126127
10126209
10126219
10126241
10126283
10126293
10126303
10126341
10126395
10126441
10126519
10126821
10126829
10126837
10126893
10126979
10127069
10127091
10127097
10127161
10127191
10127271
10127381
10127491
10127493
10127541
10127781
10127907
10128101
10128117
10128119
10128167
10128261
10128273
10128329
10128367
10128655
10128773
10128823
10128887
10128917
10128993
10129029
10129091
10129097
10129153
10129297
10129409
10129575
10129611
10129639
10129913
10129937
10130061
10130107
10130205
10130275
10130471
10130473
10130479
10130535
10130581
10130779
10130833
10130897
10130935
10131251
10131293
10131299
10131349
10131435
10131481
10131495
10131579
10131647
10131649
10131683
10131749
10132013
10132113
10132343
10132487
10132491
10132525
10132583
10132599
10132631
10132767
10132775
10132823
10133005
10133099
10133177
10133291
10133299
10133331
10133611
10133683
10133701
10133869
10133889
10133939
10133971
10134075
10134159
10134187
10134211
10134391
10134409
10134425
10134535
10134585
10134635
10134789
10134867
10134939
10134941
10134961
10135029
10135125
10135153
10135159
10135253
10135263
10135313
10135333
10135443
10135491
10135533
10135573
10135609
10135625
10135727
10135753
10135833
10135877
10135949
10135971
10136135
10136213
10136349
10136459
10136503
10136789
10136801
10136865
10136891
10136903
10136991
10137073
10137075
10137081
10137097
10137173
10137187
10137623
10137667
10137793
10137831
10137895
10137899
10138019
10138113
10138143
10138203
10138209
10138275
10138303
10138331
10138419
10138447
10138451
10138585
10138691
10138901
10139013
10139107
10139185
10139205
10139277
10139319
10139385
10139437
10139443
10139501
10139669
10139751
10139885
10139887
10139993
10140053
10140193
10140239
10140299
10140359
10140373
10140541
10140573
10140579
10140597
10140607
10140617
10140753
10140803
10140855
10140859
10140873
10140937
10140983
10141123
10141139
10141155
10141183
10141191
10141243
10141313
10141337
10141389
10141391
10141457
10141469
10141657
10141699
10141753
10141809
10141853
10141857
10141859
10142141
10142151
10142223
10142425
10142489
10142593
10142599
10142617
10142659
10142701
10142837
10142841
10142999
10143061
10143149
10143225
10143247
10143289
10143423
10143495
10143545
10143557
10143635
10143663
10143675
10143737
10143759
10143799
10143883
10143905
10143943
10143947
10143971
10143995
10144059
10144165
10144221
10144229
10144233
10144355
10144459
10144461
10144465
10144639
10144679
10144723
10144863
10144867
10144879
10144943
10145035
10145115
10145223
10145247
10145485
10145531
10145625
10146091
10146207
10146283
10146313
10146351
10146353
10146483
10146523
10146553
10146659
10146679
10146739
10146755
10146825
10146841
10146893
10146993
10147035
10147077
10147127
10147265
10147341
10147377
10147479
10147533
10147537
10147549
10147563
10147591
10147745
10147843
10147875
10147941
10148133
10148173
10148269
10148381
10148409
10148535
10148625
10148727
10148859
10149143
10149191
10149193
10149341
10149361
10149365
10149377
10149445
10149455
10149499
10149601
10149603
10149651
10149681
10149861
10149959
10150041
10150047
10150063
10150159
10150177
10150199
10150217
10150269
10150345
10150465
10150471
10150483
10150825
10150853
10150863
10150979
10150991
10151071
10151085
10151111
10151239
10151247
10151297
10151331
10151403
10151833
10151857
10151863
10151907
10151973
10152073
10152095
10152239
10152325
10152351
10152375
10152439
10152489
10152555
10152603
10152651
10152681
10152691
10152843
10152895
10152909
10152929
10152973
10153029
10153141
10153249
10153337
10153409
10153567
10153739
10153743
10153791
10153865
10153895
10153987
10154001
10154095
10154245
10154369
10154635
10154651
10154677
10154795
10154923
10154925
10154951
10155035
10155075
10155141
10155173
10155195
10155209
10155257
10155265
10155285
10155391
10155497
10155507
10155641
10155735
10155787
10156241
10156255
10156421
10156461
10156489
10156495
10156831
10156893
10156949
10156983
10157221
10157263
10157279
10157307
10157357
10157393
10157437
10157553
10157729
10157799
10157913
10157919
10157929
10158019
10158117
10158123
10158133
10158229
10158461
10158521
10158703
10158751
10158805
10158883
10158903
10159355
10159383
10159577
10159615
10159775
10159811
10159865
10160035
10160097
10160109
10160145
10160267
10160345
10160581
10160621
10160645
10160739
10160821
10160869
10160911
10160945
10160955
10161135
10161161
10161199
10161219
10161247
10161301
10161345
10161363
10161437
10161467
10161531
10161597
10161879
10161891
10161893
10161927
10162133
10162139
10162367
10162393
10162647
10162667
10162713
10162731
10162755
10162795
10162871
10163089
10163239
10163263
10163289
10163331
10163347
10163433
10163477
10163515
10163595
10163709
10163731
10163769
10163793
10163943
10163977
10164075
10164231
10164247
10164537
10164583
10164713
10164833
10164865
10164867
10164965
10165029
10165067
10165097
10165115
10165129
10165153
10165195
10165301
10165349
10165359
10165419
10165439
10165603
10165631
10165637
10165671
10165893
10166077
10166219
10166265
10166361
10166405
10166473
10166483
10166523
10166561
10166575
10166583
10166599
10166665
10166699
10166757
10166791
10166915
10166953
10166983
10167091
10167105
10167179
10167193
10167259
10167267
10167311
10167395
10167483
10167605
10167663
10167769
10167787
10167845
10167849
10167917
10167941
10168001
10168015
10168029
10168165
10168217
10168285
10168365
10168373
10168399
10168463
10168509
10168613
10168757
10168769
10168789
10168797
10168899
10168913
10168929
10168933
10168989
10169055
10169059
10169191
10169261
10169345
10169351
10169491
10169613
10169647
10169833
10169889
10169901
10169911
10170015
10170029
10170051
10170145
10170285
10170313
10170343
10170361
10170409
10170413
10170553
10170585
10170633
10170665
10170753
10170763
10170855
10170867
10170885
10170959
10171027
10171061
10171075
10171139
10171177
10171247
10171311
10171477
10171635
10171639
10171717
10171777
10171847
10171913
10171919
10172007
10172109
10172175
10172201
10172209
10172279
10172369
10172447
10172463
10172625
10172669
10172717
10172907
10172939
10172999
10173025
10173043
10173057
10173085
10173119
10173129
10173141
10173187
10173317
10173327
10173365
10173497
10173607
10173747
10173765
10173775
10173833
10173925
10173933
10173963
10173965
10174035
10174057
10174087
10174219
10174321
10174331
10174523
10174533
10174621
10174635
10174697
10174701
10174721
10174817
10174977
10175153
10175289
10175305
10175381
10175393
10175397
10175535
10175651
10175701
10175957
10176003
10176047
10176417
10176451
10176733
10176763
10176805
10176847
10176981
10177005
10177013
10177077
10177137
10177141
10177249
10177251
10177465
10177467
10177481
10177531
10177613
10177621
10177627
10177633
10177785
10177907
10177995
10178069
10178175
10178239
10178275
10178389
10178433
10178445
10178565
10178663
10178755
10178783
10178807
10178815
10178867
10178901
10179003
10179195
10179205
10179277
10179309
10179341
10179343
10179545
10179585
10179703
10179745
10179767
10179789
10179823
10179895
10179903
10179943
10179985
10180063
10180091
10180165
10180189
10180191
10180223
10180283
10180307
10180319
10180445
10180467
10180505
10180673
10180691
10180707
10180909
10181071
10181077
10181275
10181605
10181645
10181763
10181789
10182017
10182111
10182235
10182237
10182551
10182561
10182771
10182779
10183025
10183029
10183065
10183201
10183271
10183287
10183293
10183303
10183315
10183345
10183421
10183449
10183471
10183613
10183677
10183757
10183807
10183837
10183927
10183977
10184121
10184131
10184483
10184501
10184551
10184573
10184665
10184753
10184777
10184781
10184801
10184805
10184831
10184841
10184959
10184979
10185025
10185085
10185177
10185221
10185295
10185385
10185471
10185553
10185557
10185569
10185635
10185661
10185683
10185719
10185747
10185773
10185789
10185859
10185871
10185885
10185991
10186007
10186069
10186123
10186329
10186365
10186387
10186625
10186723
10186731
10186795
10186811
10186837
10186893
10186937
10187123
10187135
10187525
10187659
10187663
10187745
10187789
10187821
10187845
10187951
10188203
10188287
10188407
10188427
10188501
10188521
10188551
10188589
10188915
10188945
10188955
10188963
10188995
10189085
10189247
10189307
10189365
10189367
10189391
10189397
10189433
10189445
10189489
10189495
10189543
10189613
10189625
10189645
10189767
10190001
10190103
10190189
10190243
10190291
10190407
10190425
10190437
10190441
10190475
10190489
10190519
10190527
10190637
10190793
10190817
10191027
10191029
10191087
10191133
10191235
10191299
10191367
10191459
10191483
10191619
10191621
10191637
10191669
10191693
10191717
10191769
10191779
10191801
10191821
10191923
10191931
10191935
10191963
10192257
10192293
10192365
10192387
10192539
10192707
10192713
10192733
10192849
10193007
10193025
10193077
10193137
10193143
10193165
10193417
10193521
10193549
10193553
10193593
10193597
10193617
10193621
10193623
10193709
10193737
10193823
10193901
10193957
10194047
10194131
10194167
10194171
10194335
10194463
10194529
10194531
10194589
10194601
10194611
10194717
10194733
10194859
10194919
10194921
10194923
10195057
10195127
10195135
10195147
10195331
10195439
10195459
10195499
10195657
10195661
10196017
10196055
10196115
10196181
10196253
10196255
10196275
10196313
10196335
10196433
10196557
10196575
10196587
10196627
10196759
10196769
10196807
10196809
10196845
10196847
10196891
10196963
10197161
10197173
10197331
10197393
10197573
10197641
10197649
10197699
10197781
10197805
10197879
10197899
10197905
10198029
10198117
10198181
10198199
10198443
10198465
10198555
10198585
10198681
10198701
10198879
10199089
10199115
10199367
10199533
10199707
10199775
10199803
10199921
10200011
10200045
10200101
10200189
10200299
10200379
10200387
10200429
10200493
10200559
10200595
10200665
10200677
10200715
10200817
10200819
10200843
10200879
10200881
10200969
10201043
10201065
10201119
10201187
10201285
10201321
10201467
10201489
10201503
10201507
10201515
10201593
10201799
10201821
10201825
10201895
10201985
10202119
10202237
10202341
10202485
10202495
10202615
10202621
10202625
10202629
10202667
10202799
10202831
10202941
10202961
10202985
10203081
10203125
10203189
10203219
10203327
10203335
10203527
10203597
10203625
10203781
10203983
10204173
10204185
10204197
10204211
10204325
10204541
10204675
10204731
10204925
10204945
10204979
10205057
10205067
10205073
10205141
10205263
10205359
10205413
10205473
10205507
10205517
10205663
10205765
10205811
10205837
10206013
10206089
10206319
10206401
10206431
10206525
10206693
10206883
10206965
10207019
10207055
10207335
10207397
10207425
10207493
10207527
10207565
10207845
10207899
10208099
10208197
10208227
10208445
10208661
10208865
10208883
10208967
10209091
10209095
10209137
10209279
10209293
10209411
10209443
10209539
10209761
10209837
10209919
10209951
10210003
10210087
10210097
10210227
10210367
10210379
10210463
10210683
10210729
10210749
10210785
10210817
10210845
10210911
10210923
10210953
10211011
10211023
10211045
10211057
10211061
10211081
10211117
10211119
10211215
10211217
10211309
10211493
10211639
10211755
10211777
10212005
10212019
10212045
10212051
10212151
10212163
10212197
10212295
10212325
10212331
10212359
10212505
10212561
10212583
10212591
10212635
10212655
10212757
10212823
10212997
10213167
10213281
10213321
10213405
10213509
10213571
10213873
10213911
10213987
10214057
10214083
10214099
10214123
10214157
10214297
10214381
10214439
10214571
10214635
10214657
10214779
10214797
10214975
10215029
10215053
10215073
10215271
10215409
10215489
10215495
10215529
10215699
10215711
10215911
10215993
10216191
10216201
10216291
10216299
10216363
10216543
10216629
10216981
10217117
10217167
10217455
10217531
10217705
10217771
10217773
10217835
10217909
10217941
10218037
10218077
10218149
10218159
10218253
10218257
10218263
10218283
10218479
10218487
10218549
10218605
10218641
10218719
10218721
10218783
10218913
10219021
10219025
10219095
10219157
10219169
10219191
10219225
10219231
10219257
10219329
10219341
10219353
10219377
10219425
10219439
10219447
10219505
10219703
10219719
10219747
10219813
10219899
10219903
10219959
10220015
10220309
10220373
10220395
10220437
10220445
10220489
10220527
10220529
10220647
10220683
10220723
10220731
10220775
10220785
10220877
10220977
10220985
10221075
10221077
10221143
10221219
10221455
10221473
10221555
10221725
10221771
10221821
10221887
10221891
10221897
10222049
10222219
10222261
10222307
10222413
10222503
10222577
10222603
10222619
10223049
10223215
10223261
10223329
10223351
10223451
10223521
10223577
10223595
10223763
10223841
10223983
10224001
10224021
10224295
10224369
10224511
10224533
10224563
10224577
10224647
10224741
10224763
10224797
10224943
10224963
10225047
10225051
10225181
10225251
10225383
10225393
10225425
10225439
10225519
10225787
10225861
10225969
10226007
10226207
10226291
10226445
10226599
10226609
10226857
10226939
10227009
10227063
10227121
10227131
10227155
10227171
10227187
10227203
10227351
10227379
10227495
10227511
10227595
10227649
10227653
10227789
10227905
10227913
10227917
10227931
10227973
10227979
10227995
10228073
10228191
10228253
10228311
10228365
10228451
10228483
10228601
10228661
10229043
10229085
10229193
10229253
10229343
10229387
10229423
10229459
10229521
10229539
10229741
10229753
10229787
10229831
10229861
10229903
10230141
10230167
10230213
10230297
10230325
10230353
10230411
10230495
10230595
10230963
10230979
10231001
10231007
10231275
10231479
10231575
10231659
10231739
10231747
10231751
10231863
10232035
10232069
10232081
10232085
10232167
10232189
10232243
10232253
10232427
10232539
10232623
10232693
10232699
10233019
10233025
10233053
10233087
10233141
10233263
10233377
10233391
10233393
10233467
10233471
10233605
10233613
10233621
10233651
10233863
10234023
10234029
10234059
10234119
10234275
10234303
10234307
10234409
10234445
10234479
10234607
10234705
10234811
10234841
10234881
10235147
10235149
10235173
10235175
10235187
10235259
10235331
10235335
10235337
10235349
10235483
10235523
10235533
10235535
10235587
10235643
10235709
10235715
10235819
10235979
10236217
10236297
10236339
10236369
10236557
10236565
10236595
10236661
10236717
10236783
10237015
10237097
10237171
10237211
10237339
10237419
10237473
10237479
10237495
10237541
10237597
10237759
10237851
10238129
10238545
10238565
10238631
10238663
10238883
10238889
10238953
10239065
10239209
10239223
10239239
10239295
10239305
10239433
10239441
10239479
10239529
10239637
10239755
10239897
10240005
10240061
10240075
10240111
10240149
10240287
10240293
10240295
10240311
10240349
10240377
10240481
10240491
10240493
10240533
10240625
10240751
10240833
10240957
10240993
10241005
10241007
10241119
10241137
10241153
10241187
10241213
10241309
10241353
10241355
10241359
10241753
10241801
10241847
10241983
10241987
10242045
10242259
10242263
10242319
10242449
10242513
10242583
10242593
10242619
10242623
10242737
10242771
10242781
10242811
10242933
10243121
10243157
10243169
10243177
10243211
10243415
10243447
10243513
10243583
10243769
10243787
10243857
10243873
10243897
10243961
10243997
10244059
10244071
10244159
10244323
10244455
10244525
10244533
10244537
10244541
10244571
10244643
10244735
10244765
10244837
10244897
10244933
10244951
10245025
10245075
10245215
10245249
10245307
10245319
10245431
10245439
10245527
10245625
10245661
10245707
10245747
10245823
10245837
10245889
10245911
10245965
10246031
10246067
10246335
10246353
10246365
10246397
10246413
10246445
10246467
10246505
10246519
10246655
10246753
10246767
10246777
10246837
10246865
10246913
10246961
10246965
10246975
10247015
10247053
10247057
10247179
10247245
10247283
10247307
10247347
10247439
10247547
10247639
10247773
10247775
10247829
10247853
10248079
10248183
10248201
10248239
10248305
10248341
10248385
10248461
10248795
10248849
10248859
10248967
10249021
10249077
10249187
10249403
10249407
10249419
10249431
10249439
10249489
10249703
10249829
10249835
10249879
10249967
10250001
10250003
10250017
10250127
10250141
10250217
10250269
10250367
10250403
10250443
10250539
10250705
10250931
10251033
10251107
10251163
10251167
10251485
10251525
10251543
10251615
10251675
10251763
10251971
10252087
10252109
10252357
10252427
10252663
10252677
10252789
10252809
10252939
10253061
10253073
10253379
10253423
10253441
10253457
10253511
10253517
10253547
10253661
10253693
10253703
10253755
10253787
10253817
10253865
10253991
10254059
10254063
10254095
10254187
10254253
10254279
10254329
10254349
10254357
10254393
10254419
10254469
10254695
10254725
10255019
10255027
10255245
10255269
10255511
10255593
10255651
10255691
10255713
10255753
10255831
10255923
10255947
10255983
10256037
10256053
10256183
10256239
10256271
10256301
10256603
10256617
10256675
10256873
10256893
10256979
10256981
10256985
10257033
10257087
10257145
10257175
10257197
10257261
10257305
10257313
10257529
10257557
10257747
10257791
10257839
10257857
10257977
10258023
10258029
10258089
10258099
10258127
10258131
10258299
10258309
10258433
10258455
10258493
10258563
10258565
10258617
10258773
10258881
10259011
10259083
10259103
10259183
10259241
10259265
10259393
10259405
10259479
10259509
10259793
10259853
10259875
10259931
10260055
10260083
10260107
10260213
10260219
10260297
10260487
10260639
10260671
10260681
10260731
10260789
10260811
10260961
10261053
10261101
10261143
10261227
10261249
10261257
10261271
10261445
10261515
10261555
10261595
10261735
10261749
10261809
10261939
10261977
10262043
10262047
10262137
10262195
10262305
10262319
10262593
10262653
10262657
10262729
10262757
10262885
10263241
10263263
10263343
10263379
10263653
10263723
10263923
10263931
10264105
10264117
10264125
10264205
10264251
10264259
10264265
10264299
10264435
10264453
10264505
10264561
10264573
10264625
10264649
10264659
10264849
10264891
10265035
10265229
10265289
10265355
10265533
10265639
10265665
10265813
10265941
10265959
10266059
10266117
10266175
10266357
10266365
10266521
10266565
10266575
10266637
10266683
10266803
10266867
10266881
10267099
10267137
10267231
10267379
10267389
10267507
10267595
10267621
10267725
10267745
10267871
10267931
10267949
10267995
10268031
10268167
10268213
10268263
10268279
10268361
10268415
10268445
10268459
10268591
10268613
10268653
10268693
10268697
10268733
10268737
10268819
10268955
10269055
10269087
10269099
10269109
10269139
10269271
10269333
10269385
10269407
10269505
10269555
10269557
10269643
10269669
10269685
10269767
10269865
10269969
10270083
10270135
10270231
10270383
10270399
10270531
10270603
10270861
10271105
10271111
10271129
10271139
10271167
10271173
10271303
10271343
10271453
10271537
10271603
10271693
10271727
10271805
10271827
10271829
10271889
10271933
10272007
10272197
10272213
10272253
10272263
10272265
10272315
10272333
10272375
10272405
10272445
10272471
10272657
10272721
10272723
10272737
10272747
10272965
10273005
10273033
10273045
10273119
10273313
10273343
10273553
10273647
10273661
10273701
10273759
10273809
10273839
10273957
10273963
10274089
10274183
10274301
10274349
10274391
10274447
10274461
10274475
10274509
10274601
10274611
10274643
10274651
10275051
10275171
10275195
10275211
10275267
10275301
10275361
10275413
10275497
10275559
10275587
10275679
10275899
10275901
10275953
10276015
10276059
10276163
10276295
10276321
10276433
10276493
10276555
10276755
10276845
10276865
10276961
10276967
10277039
10277041
10277047
10277055
10277209
10277211
10277243
10277271
10277283
10277359
10277453
10277529
10277617
10277629
10277635
10277679
10277693
10277715
10277719
10277791
10277991
10278055
10278319
10278375
10278397
10278471
10278507
10278569
10278679
10278785
10278849
10278897
10278907
10278939
10279137
10279143
10279193
10279227
10279283
10279287
10279315
10279323
10279379
10279407
10279513
10279517
10279561
10279631
10279693
10279871
10280001
10280043
10280087
10280093
10280211
10280293
10280319
10280367
10280447
10280589
10280715
10280797
10280843
10280849
10280853
10280901
10280947
10280969
10281031
10281183
10281239
10281393
10281457
10281493
10281595
10281803
10281831
10281863
10282035
10282223
10282323
10282357
10282391
10282471
10282557
10282567
10282575
10282579
10282595
10282619
10282655
10282685
10282737
10282837
10282913
10283041
10283055
10283235
10283287
10283317
10283353
10283455
10283513
10283539
10283541
10283565
10283673
10283839
10284105
10284133
10284263
10284375
10284393
10284419
10284569
10284629
10284675
10284689
10284721
10284745
10285269
10285295
10285455
10285481
10285703
10285747
10285937
10286009
10286043
10286147
10286433
10286511
10286573
10286597
10286615
10286657
10286759
10286867
10286881
10287203
10287279
10287337
10287519
10287665
10287771
10287807
10287817
10287855
10288003
10288031
10288049
10288123
10288181
10288185
10288365
10288415
10288445
10288455
10288475
10288537
10288769
10288779
10288789
10288823
10288837
10288893
10288943
10288967
10289045
10289213
10289265
10289365
10289509
10289655
10289663
10289767
10289773
10289777
10289907
10289939
10289947
10290019
10290169
10290299
10290341
10290377
10290391
10290407
10290497
10290505
10290509
10290551
10290619
10290787
10290815
10290853
10290907
10290937
10291011
10291057
10291105
10291139
10291311
10291467
10291469
10291543
10291547
10291841
10291929
10292027
10292123
10292277
10292357
10292387
10292419
10292485
10292577
10292585
10292701
10292717
10292899
10292979
10293005
10293031
10293065
10293119
10293157
10293161
10293165
10293217
10293237
10293299
10293333
10293511
10293579
10293615
10293661
10293683
10293803
10293851
10293949
10293989
10294007
10294035
10294045
10294081
10294243
10294283
10294329
10294425
10294585
10294607
10294659
10294699
10294719
10294807
10294817
10295025
10295297
10295379
10295569
10295597
10295601
10295633
10295747
10295781
10295831
10295887
10295921
10296059
10296067
10296249
10296367
10296475
10296673
10296713
10296781
10296929
10296975
10296985
10297041
10297085
10297235
10297329
10297361
10297409
10297415
10297447
10297477
10297481
10297521
10297603
10297629
10297717
10297773
10297827
10297849
10297929
10298013
10298023
10298037
10298141
10298211
10298239
10298303
10298325
10298425
10298497
10298599
10298623
10298719
10298867
10298915
10298973
10299209
10299281
10299283
10299389
10299493
10299507
10299531
10299557
10299643
10299671
10299727
10299769
10299813
10299837
10299959
10299977
10299983
10300049
10300059
10300135
10300143
10300157
10300223
10300279
10300297
10300349
10300431
10300649
10300739
10300803
10300821
10300823
10300833
10300841
10300941
10301039
10301117
10301127
10301149
10301169
10301213
10301227
10301339
10301363
10301371
10301395
10301425
10301565
10301617
10301673
10301797
10301817
10301825
10302065
10302083
10302115
10302153
10302181
10302251
10302265
10302347
10302387
10302435
10302517
10302527
10302589
10302773
10302837
10302931
10302969
10303025
10303059
10303163
10303235
10303337
10303363
10303373
10303393
10303731
10303843
10303905
10304073
10304107
10304209
10304267
10304301
10304383
10304491
10304617
10304781
10304821
10304883
10304935
10304951
10305039
10305071
10305087
10305179
10305183
10305501
10305667
10305727
10305751
10305873
10305891
10305997
10306185
10306449
10306741
10306839
10306927
10306937
10307049
10307067
10307079
10307107
10307119
10307155
10307181
10307355
10307367
10307577
10307603
10307863
10307909
10308033
10308039
10308115
10308143
10308175
10308193
10308303
10308305
10308353
10308433
10308475
10308491
10308531
10308543
10308565
10308871
10308937
10308955
10308989
10309159
10309181
10309185
10309365
10309369
10309389
10309393
10309441
10309507
10309513
10309559
10309613
10309661
10309835
10309877
10310019
10310043
10310153
10310171
10310209
10310221
10310235
10310303
10310395
10310407
10310593
10310847
10310911
10310931
10311009
10311077
10311083
10311175
10311185
10311271
10311273
10311291
10311299
10311319
10311455
10311461
10311623
10311633
10311669
10311705
10311837
10311845
10312035
10312077
10312237
10312463
10312485
10312683
10312763
10312843
10312851
10312895
10312917
10312925
10313025
10313145
10313149
10313177
10313225
10313229
10313267
10313287
10313319
10313389
10313459
10313477
10313609
10313615
10313623
10313663
10313793
10313815
10313865
10313925
10314057
10314245
10314265
10314307
10314323
10314357
10314543
10314561
10314683
10314685
10314921
10314943
10314973
10314975
10315017
10315041
10315207
10315465
10315471
10315559
10315747
10315809
10315855
10315879
10315945
10315949
10316147
10316171
10316187
10316245
10316265
10316339
10316349
10316467
10316625
10316639
10316747
10316765
10316895
10317009
10317083
10317085
10317111
10317227
10317303
10317319
10317411
10317517
10317625
10317755
10318057
10318067
10318087
10318155
10318279
10318309
10318349
10318365
10318407
10319019
10319237
10319323
10319361
10319421
10319439
10319597
10319803
10319913
10320113
10320245
10320461
10320507
10320519
10320597
10320631
10320719
10320825
10320859
10320865
10320911
10321005
10321017
10321043
10321195
10321259
10321279
10321333
10321535
10321581
10321655
10321685
10321813
10321835
10322055
10322059
10322061
10322073
10322241
10322259
10322363
10322395
10322499
10322529
10322559
10322595
10322641
10322649
10322667
10322715
10322771
10322847
10322927
10323049
10323231
10323279
10323319
10323359
10323667
10323795
10323817
10323911
10323915
10323953
10323983
10324063
10324249
10324283
10324389
10324451
10324459
10324605
10324615
10324739
10324827
10324867
10325125
10325295
10325341
10325375
10325407
10325435
10325539
10325585
10325659
10325691
10325741
10325875
10325891
10325893
10325905
10325927
10325929
10325941
10325951
10326145
10326173
10326227
10326233
10326235
10326261
10326399
10326419
10326431
10326459
10326463
10326523
10326609
10326649
10326821
10326845
10326861
10326889
10326905
10327043
10327081
10327131
10327185
10327365
10327367
10327429
10327475
10327487
10327563
10327621
10327651
10327701
10327705
10327805
10327903
10327963
10327981
10327983
10328071
10328107
10328205
10328389
10328569
10328727
10328747
10328855
10328989
10329007
10329119
10329131
10329157
10329225
10329303
10329371
10329497
10329501
10329583
10329749
10329767
10329847
10329943
10329955
10330009
10330017
10330069
10330071
10330105
10330107
10330147
10330203
10330263
10330307
10330411
10330773
10330775
10330893
10331039
10331041
10331071
10331119
10331147
10331155
10331163
10331253
10331305
10331409
10331449
10331463
10331591
10331689
10331703
10331805
10332027
10332145
10332293
10332325
10332337
10332409
10332437
10332467
10332493
10332551
10332563
10332641
10332671
10332929
10332937
10332975
10333045
10333049
10333295
10333345
10333383
10333393
10333415
10333509
10333647
10333709
10333787
10333803
10333809
10333845
10333905
10334001
10334003
10334111
10334179
10334217
10334423
10334461
10334597
10334599
10334645
10334663
10334729
10334789
10334821
10334829
10334959
10335069
10335153
10335183
10335341
10335361
10335383
10335501
10335503
10335615
10335623
10335711
10335733
10335777
10335813
10335933
10335959
10336031
10336143
10336185
10336229
10336309
10336319
10336517
10336579
10336687
10336697
10336715
10336719
10336749
10336807
10336925
10336995
10337031
10337217
10337237
10337293
10337491
10337541
10337559
10337569
10337591
10337661
10337779
10337909
10337929
10337975
10338075
10338229
10338269
10338293
10338299
10338341
10338397
10338663
10338705
10338771
10338857
10338931
10338935
10338963
10339053
10339129
10339151
10339159
10339215
10339259
10339283
10339353
10339381
10339441
10339545
10339775
10339797
10339877
10339899
10339971
10339991
10340033
10340059
10340085
10340113
10340163
10340183
10340359
10340427
10340459
10340479
10340495
10340695
10340749
10340787
10340839
10340893
10340915
10340949
10341013
10341271
10341285
10341493
10341623
10341639
10341713
10341725
10341727
10341737
10341805
10341857
10341867
10342019
10342033
10342107
10342155
10342287
10342423
10342445
10342449
10342521
10342731
10342875
10343211
10343251
10343541
10343563
10343581
10343583
10343661
10343687
10343689
10343695
10343735
10343789
10343887
10343891
10343945
10343999
10344101
10344105
10344167
10344183
10344201
10344269
10344363
10344445
10344495
10344605
10344609
10344669
10344673
10344743
10344765
10344829
10344891
10344957
10345013
10345045
10345049
10345083
10345097
10345129
10345131
10345297
10345327
10345345
10345349
10345385
10345411
10345473
10345531
10345907
10345991
10346035
10346279
10346315
10346359
10346447
10346451
10346499
10346563
10346641
10346715
10346723
10346843
10346963
10347131
10347187
10347291
10347375
10347439
10347545
10347841
10348079
10348159
10348269
10348273
10348423
10348429
10348537
10348557
10348635
10348757
10348801
10348883
10348903
10349035
10349067
10349071
10349119
10349127
10349185
10349327
10349431
10349691
10349719
10349755
10349779
10350087
10350121
10350239
10350255
10350429
10350449
10350479
10350487
10350809
10350971
10351049
10351079
10351143
10351233
10351245
10351263
10351275
10351637
10351675
10352041
10352063
10352119
10352211
10352261
10352417
10352581
10352891
10352893
10352919
10352977
10353163
10353235
10353241
10353271
10353289
10353295
10353377
10353585
10353669
10353705
10353727
10353755
10353757
10353763
10353765
10353771
10353899
10353959
10354027
10354141
10354155
10354163
10354179
10354211
10354325
10354351
10354557
10354567
10354659
10354709
10354737
10354857
10354985
10355107
10355151
10355247
10355305
10355381
10355455
10355561
10355563
10355619
10355625
10355693
10355751
10355867
10356025
10356117
10356121
10356133
10356135
10356167
10356169
10356325
10356417
10356469
10356491
10356545
10356605
10356629
10356631
10356851
10356875
10356975
10356995
10357135
10357139
10357181
10357271
10357407
10357441
10357497
10357513
10357567
10357633
10357669
10357683
10357797
10357833
10357893
10357957
10358005
10358091
10358123
10358147
10358155
10358233
10358273
10358501
10358613
10358615
10358643
10358717
10358809
10358915
10358997
10359187
10359315
10359369
10359409
10359661
10359671
10359689
10359741
10359761
10359773
10359795
10359835
10359873
10359887
10360195
10360281
10360377
10360385
10360549
10360613
10360813
10360929
10360941
10360975
10361029
10361031
10361159
10361187
10361201
10361231
10361353
10361479
10361515
10361541
10361681
10361705
10361961
10362125
10362221
10362301
10362351
10362357
10362365
10362505
10362581
10362595
10362651
10362679
10362689
10362731
10362779
10362903
10362905
10362913
10362991
10363017
10363075
10363145
10363203
10363211
10363225
10363245
10363371
10363401
10363579
10363667
10363701
10363757
10363775
10363779
10363871
10363987
10364079
10364101
10364231
10364243
10364267
10364343
10364351
10364421
10364515
10364533
10364585
10364591
10364659
10364667
10364773
10364809
10365005
10365029
10365049
10365059
10365139
10365199
10365219
10365239
10365253
10365257
10365265
10365287
10365337
10365647
10365737
10365943
10365965
10365981
10366103
10366117
10366161
10366213
10366301
10366329
10366351
10366387
10366407
10366495
10366503
10366531
10366581
10366755
10366925
10367077
10367171
10367301
10367349
10367391
10367435
10367441
10367459
10367533
10367595
10367765
10367769
10367853
10367925
10367977
10367985
10368065
10368105
10368113
10368119
10368443
10368503
10368507
10368539
10368549
10368555
10368653
10368715
10368895
10368971
10368977
10369023
10369031
10369195
10369217
10369271
10369331
10369359
10369397
10369403
10369489
10369569
10369599
10369601
10369725
10369729
10369747
10369749
10369777
10369803
10369851
10369859
10369969
10369997
10370085
10370137
10370157
10370159
10370303
10370421
10370645
10370689
10370707
10370811
10370873
10370885
10370935
10371067
10371209
10371289
10371331
10371395
10371517
10371593
10371611
10371761
10371901
10372029
10372103
10372153
10372295
10372313
10372319
10372387
10372393
10372429
10372585
10372601
10372607
10372629
10372755
10372875
10372927
10372989
10373009
10373083
10373165
10373187
10373229
10373399
10373455
10373575
10373641
10373757
10373999
10374063
10374075
10374109
10374111
10374137
10374179
10374233
10374271
10374309
10374339
10374417
10374429
10374473
10374489
10374501
10374515
10374537
10374621
10374791
10374793
10374929
10374973
10374997
10375007
10375039
10375325
10375595
10375631
10375689
10375805
10375939
10376001
10376079
10376177
10376189
10376213
10376309
10376333
10376379
10376395
10376577
10376675
10376775
10376961
10377277
10377337
10377413
10377449
10377533
10377571
10377607
10377637
10377667
10377725
10377869
10377941
10378035
10378055
10378109
10378297
10378453
10378525
10378527
10378627
10378709
10378771
10378855
10378999
10379107
10379195
10379205
10379231
10379233
10379385
10379413
10379423
10379501
10379529
10379623
10379823
10379841
10379897
10379957
10380083
10380205
10380389
10380605
10380751
10380771
10380811
10380817
10381029
10381195
10381225
10381239
10381389
10381409
10381469
10381625
10381631
10381695
10381763
10381777
10381887
10381903
10381935
10381951
10381953
10382081
10382183
10382199
10382347
10382389
10382481
10382595
10382637
10382689
10382831
10382891
10383009
10383089
10383107
10383235
10383239
10383363
10383365
10383369
10383425
10383463
10383571
10383669
10383687
10383713
10384011
10384059
10384155
10384281
10384297
10384343
10384399
10384415
10384425
10384449
10384473
10384493
10384595
10384641
10384685
10384713
10384715
10384797
10384855
10384857
10384997
10385007
10385167
10385183
10385185
10385235
10385297
10385409
10385425
10385437
10385439
10385483
10385627
10385631
10385639
10385667
10385703
10385779
10385825
10385931
10385989
10385995
10386027
10386041
10386045
10386147
10386153
10386165
10386231
10386257
10386273
10386359
10386453
10386471
10386475
10386485
10386505
10386599
10386743
10386947
10386961
10386969
10386987
10387143
10387145
10387165
10387219
10387425
10387505
10387507
10387531
10387549
10387681
10387859
10387865
10387919
10387989
10388023
10388053
10388133
10388135
10388149
10388159
10388209
10388289
10388303
10388613
10388659
10388679
10388715
10388753
10389065
10389081
10389083
10389119
10389241
10389411
10389419
10389547
10389637
10389857
10390037
10390253
10390267
10390335
10390441
10390653
10390715
10390721
10390755
10390861
10390945
10390957
10391021
10391023
10391191
10391249
10391331
10391377
10391383
10391393
10391399
10391443
10391445
10391451
10391469
10391473
10391585
10391721
10391827
10391875
10392171
10392175
10392179
10392235
10392293
10392295
10392329
10392363
10392381
10392395
10392481
10392587
10392677
10392781
10392831
10392877
10392919
10392965
10393017
10393041
10393147
10393195
10393429
10393507
10393521
10393745
10393765
10393895
10394025
10394041
10394207
10394247
10394355
10394357
10394365
10394407
10394423
10394447
10394487
10394563
10394657
10394667
10394747
10394837
10394865
10394867
10394923
10394973
10395061
10395387
10395393
10395415
10395477
10395519
10395549
10395589
10395611
10395725
10395813
10395841
10395885
10396037
10396079
10396143
10396169
10396359
10396449
10396589
10396833
10396845
10396863
10396879
10396993
10397037
10397047
10397123
10397187
10397347
10397359
10397401
10397409
10397443
10397537
10397571
10397629
10397639
10397733
10397739
10397747
10397753
10397789
10397795
10398013
10398103
10398191
10398197
10398299
10398373
10398389
10398435
10398515
10398563
10398579
10398673
10398679
10398917
10398995
10399217
10399247
10399255
10399289
10399317
10399407
10399409
10399477
10399599
10399817
10399887
10399891
10399915
10399941
10399947
10400247
10400335
10400371
10400389
10400495
10400723
10400897
10400917
10401127
10401141
10401149
10401153
10401157
10401163
10401203
10401263
10401285
10401351
10401479
10401639
10401669
10401673
10401811
10401851
10402087
10402157
10402219
10402237
10402259
10402345
10402351
10402393
10402473
10402523
10402589
10402689
10402721
10402873
10403331
10403339
10403373
10403419
10403431
10403491
10403581
10403635
10403703
10404049
10404217
10404335
10404411
10404419
10404427
10404447
10404547
10404647
10404771
10404797
10404813
10404849
10404855
10404965
10404979
10405017
10405089
10405261
10405273
10405377
10405405
10405489
10405525
10405693
10405865
10405961
10405983
10406155
10406159
10406183
10406543
10406635
10406727
10406903
10406905
10406961
10407047
10407241
10407259
10407295
10407331
10407521
10407523
10407687
10407809
10407885
10408117
10408131
10408161
10408223
10408245
10408351
10408383
10408389
10408477
10408481
10408501
10408505
10408541
10408603
10408635
10408679
10408743
10408843
10408867
10408891
10408915
10408983
10409117
10409185
10409265
10409367
10409375
10409385
10409587
10409701
10409749
10409765
10409807
10409929
10410143
10410385
10410533
10410803
10410825
10410937
10410987
10411175
10411197
10411209
10411287
10411291
10411411
10411425
10411439
10411557
10411585
10411615
10411703
10411743
10411749
10411801
10411803
10412007
10412277
10412353
10412489
10412785
10412791
10412841
10412859
10412897
10413011
10413129
10413179
10413235
10413427
10413479
10413523
10413617
10413735
10413835
10413991
10414053
10414097
10414125
10414259
10414293
10414313
10414321
10414365
10414413
10414437
10414455
10414509
10414529
10414667
10414699
10414939
10415083
10415105
10415125
10415143
10415239
10415643
10415701
10415779
10415849
10415855
10415931
10416033
10416047
10416095
10416101
10416111
10416137
10416153
10416237
10416261
10416353
10416439
10416467
10416485
10416499
10416531
10416635
10416651
10416693
10416737
10416757
10416771
10416821
10416837
10416863
10416871
10416925
10416977
10416987
10417057
10417127
10417135
10417181
10417311
10417313
10417333
10417353
10417445
10417469
10417579
10417605
10417629
10417783
10417893
10417945
10417957
10418021
10418033
10418065
10418085
10418171
10418219
10418273
10418365
10418619
10418675
10418691
10418699
10418721
10418807
10418911
10418951
10418961
10419053
10419065
10419245
10419425
10419455
10419531
10419651
10419845
10419859
10419951
10419957
10420103
10420163
10420169
10420425
10420445
10420521
10420573
10420611
10420749
10420795
10420815
10420825
10420921
10421147
10421317
10421387
10421517
10421581
10421745
10421775
10421845
10421857
10421861
10421875
10421915
10421917
10421959
10422027
10422139
10422209
10422255
10422283
10422295
10422323
10422351
10422397
10422463
10422517
10422559
10422643
10422645
10422673
10422687
10422699
10422747
10422917
10423197
10423469
10423497
10423563
10423593
10423703
10423739
10423741
10423825
10424001
10424037
10424069
10424119
10424175
10424199
10424213
10424361
10424435
10424445
10424481
10424505
10424585
10424611
10424629
10424701
10424775
10424795
10424831
10424875
10424939
10424943
10424945
10425013
10425057
10425211
10425379
10425485
10425551
10425693
10425899
10425949
10426099
10426169
10426261
10426325
10426421
10426693
10426875
10426905
10426931
10427075
10427103
10427247
10427301
10427319
10427459
10427491
10427633
10427681
10427705
10427845
10427861
10427883
10427929
10427995
10428061
10428069
10428143
10428277
10428325
10428543
10428611
10428737
10428771
10428815
10428841
10428873
10428943
10429021
10429037
10429085
10429271
10429305
10429369
10429553
10429577
10429631
10429641
10429659
10429739
10429851
10429975
10430157
10430203
10430233
10430317
10430575
10430597
10430601
10430675
10430765
10430769
10430785
10430931
10430953
10430957
10430991
10431019
10431023
10431139
10431177
10431283
10431349
10431359
10431373
10431401
10431423
10431483
10431551
10431567
10431573
10431653
10431737
10431747
10431913
10431919
10431999
10432057
10432091
10432143
10432303
10432307
10432359
10432361
10432479
10432501
10432541
10432597
10432637
10432691
10432729
10432791
10432933
10433097
10433113
10433143
10433183
10433351
10433357
10433481
10433531
10433587
10433665
10433709
10433737
10433927
10434061
10434065
10434101
10434177
10434387
10434391
10434685
10434703
10434735
10434799
10434963
10435075
10435157
10435189
10435255
10435281
10435421
10435429
10435465
10435479
10435599
10435747
10435769
10435819
10435847
10435993
10436195
10436221
10436261
10436311
10436319
10436359
10436447
10436497
10436671
10436727
10436799
10436893
10437117
10437135
10437159
10437309
10437479
10437531
10437699
10437793
10437861
10437945
10438015
10438121
10438163
10438445
10438511
10438563
10438761
10438773
10438831
10438851
10439081
10439189
10439251
10439407
10439525
10439569
10439611
10439673
10439705
10439769
10439841
10439887
10439911
10439939
10440005
10440157
10440239
10440333
10440389
10440445
10440855
10440889
10440907
10441031
10441043
10441221
10441345
10441355
10441371
10441563
10441615
10441689
10441777
10441873
10441909
10441961
10441985
10442051
10442267
10442285
10442323
10442339
10442381
10442443
10442445
10442517
10442619
10442635
10442649
10442657
10442727
10442731
10442735
10443049
10443203
10443365
10443541
10443563
10443625
10443643
10443699
10443703
10443717
10443761
10443771
10443893
10443947
10443975
10444113
10444223
10444551
10444607
10444789
10444801
10444803
10444951
10445089
10445107
10445111
10445177
10445247
10445267
10445331
10445347
10445375
10445429
10445483
10445503
10445531
10445553
10445583
10445589
10445601
10445695
10445835
10445927
10446019
10446071
10446141
10446161
10446205
10446311
10446397
10446465
10446511
10446515
10446591
10446613
10446711
10446723
10446791
10446795
10446859
10446863
10446897
10446943
10446973
10446979
10447153
10447267
10447299
10447305
10447471
10447481
10447509
10447539
10447573
10447763
10447767
10447797
10447809
10447935
10448051
10448113
10448209
10448237
10448269
10448279
10448291
10448323
10448387
10448445
10448467
10448543
10448647
10448975
10448977
10448987
10449067
10449185
10449217
10449225
10449249
10449275
10449287
10449509
10449545
10449621
10449955
10449969
10450019
10450281
10450291
10450295
10450387
10450521
10450691
10450701
10450741
10450789
10450807
10450809
10451079
10451161
10451203
10451253
10451257
10451275
10451305
10451365
10451411
10451455
10451473
10451499
10451587
10451613
10451643
10451869
10451933
10452127
10452199
10452391
10452455
10452487
10452489
10452727
10452785
10452799
10453155
10453263
10453331
10453349
10453425
10453499
10453511
10453617
10453731
10453771
10453819
10453847
10453885
10453949
10453981
10453985
10454013
10454047
10454067
10454127
10454131
10454257
10454299
10454387
10454395
10454409
10454595
10454647
10454661
10454687
10454771
10454841
10454915
10455015
10455271
10455333
10455571
10455597
10455629
10455657
10455797
10455975
10456071
10456103
10456115
10456125
10456245
10456259
10456269
10456333
10456391
10456395
10456471
10456511
10456541
10456577
10456585
10456723
10456737
10456897
10456997
10457085
10457143
10457297
10457375
10457423
10457441
10457455
10457491
10457585
10457661
10457689
10457769
10457883
10457915
10457929
10458043
10458051
10458095
10458111
10458177
10458259
10458267
10458273
10458419
10458497
10458503
10458541
10458703
10458809
10458923
10459039
10459073
10459269
10459285
10459295
10459489
10459519
10459535
10459639
10459661
10459663
10459695
10459713
10459785
10459811
10459987
10460051
10460067
10460179
10460351
10460409
10460509
10460559
10460649
10460663
10460717
10460745
10460759
10460767
10460875
10461027
10461121
10461235
10461347
10461365
10461437
10461445
10461559
10461591
10461633
10461777
10461891
10462107
10462169
10462249
10462317
10462433
10462477
10462493
10462505
10462593
10462623
10462777
10462813
10462821
10462829
10462845
10462965
10463011
10463035
10463077
10463183
10463193
10463297
10463329
10463367
10463381
10463429
10463547
10463591
10463649
10463713
10463853
10463913
10463933
10464131
10464163
10464197
10464223
10464409
10464425
10464531
10464705
10464743
10464755
10464831
10464877
10464931
10465075
10465077
10465235
10465317
10465351
10465443
10465477
10465733
10465851
10466119
10466167
10466267
10466275
10466455
10466527
10466535
10466673
10466685
10466705
10466717
10467035
10467543
10467557
10467587
10467597
10467623
10467649
10467673
10467705
10467737
10467773
10467917
10468057
10468083
10468275
10468337
10468355
10468369
10468385
10468491
10468587
10468589
10468607
10468687
10468723
10468859
10468905
10468935
10469219
10469305
10469331
10469601
10469693
10469831
10469877
10469897
10469969
10469989
10470035
10470045
10470067
10470193
10470219
10470233
10470285
10470331
10470381
10470483
10470591
10470599
10470601
10470715
10470765
10470771
10470783
10470789
10470845
10470873
10471141
10471303
10471307
10471393
10471443
10471509
10471595
10471753
10471761
10471813
10471835
10472371
10472525
10472581
10472669
10472679
10472715
10472931
10472979
10473033
10473203
10473381
10473515
10473525
10473531
10473645
10473651
10473665
10473679
10473681
10473719
10473755
10473767
10474007
10474023
10474057
10474121
10474433
10474479
10474533
10474621
10474635
10474715
10474739
10474751
10474783
10474807
10474873
10474895
10475015
10475115
10475139
10475143
10475159
10475175
10475311
10475345
10475397
10475427
10475429
10475505
10475513
10475521
10475627
10475639
10475669
10475733
10475813
10475901
10476093
10476291
10476309
10476467
10476487
10476579
10476685
10476943
10477055
10477123
10477229
10477263
10477449
10477591
10477625
10477851
10477853
10477919
10477977
10477997
10478075
10478183
10478245
10478399
10478411
10478413
10478449
10478473
10478595
10478597
10478613
10478787
10478853
10478885
10478913
10478995
10479015
10479051
10479135
10479193
10479289
10479291
10479327
10479477
10479579
10479611
10479691
10479707
10479789
10479845
10479941
10480053
10480065
10480095
10480245
10480449
10480499
10480679
10480699
10480717
10480815
10480931
10480945
10480965
10481091
10481353
10481373
10481397
10481491
10481521
10481589
10481675
10481837
10481891
10482003
10482039
10482125
10482217
10482369
10482425
10482429
10482513
10482525
10482557
10482689
10482767
10482775
10482827
10483067
10483143
10483193
10483345
10483383
10483455
10483661
10483759
10483789
10483987
10484147
10484257
10484313
10484351
10484429
10484477
10484501
10484529
10484815
10484887
10484989
10485019
10485043
10485143
10485347
10485355
10485393
10485477
10485629
10485673
10485709
10485783
10485809
10486079
10486173
10486185
10486191
10486257
10486309
10486375
10486383
10486459
10486483
10486599
10486637
10486777
10486847
10486977
10487051
10487069
10487145
10487187
10487193
10487203
10487215
10487225
10487511
10487607
10487635
10487915
10487935
10488015
10488037
10488109
10488111
10488129
10488193
10488229
10488335
10488387
10488481
10488517
10488569
10488641
10488719
10488725
10488757
10488827
10488981
10489025
10489241
10489263
10489311
10489377
10489383
10489491
10489571
10489653
10489831
10489875
10490127
10490129
10490147
10490307
10490379
10490441
10490515
10490719
10490827
10490853
10490867
10490891
10490971
10490975
10491011
10491127
10491189
10491197
10491347
10491387
10491463
10491473
10491535
10491569
10491701
10491725
10491787
10491827
10491847
10491855
10491895
10491919
10491947
10491951
10491979
10492001
10492081
10492089
10492155
10492217
10492223
10492367
10492415
10492425
10492493
10492501
10492549
10492577
10492803
10492853
10492879
10493029
10493055
10493445
10493457
10493509
10493671
10493685
10493751
10493907
10493913
10493921
10493923
10493953
10493985
10493993
10494089
10494123
10494161
10494221
10494259
10494423
10494483
10494607
10494615
10494667
10494819
10494857
10494909
10494913
10495167
10495175
10495249
10495339
10495515
10495561
10495567
10495629
10495637
10495675
10495685
10495723
10495747
10495765
10495957
10496081
10496151
10496247
10496249
10496399
10496453
10496517
10496559
10496593
10496759
10496795
10496853
10496869
10496965
10497111
10497147
10497221
10497255
10497333
10497389
10497509
10497571
10497733
10497771
10497849
10497881
10497885
10498055
10498093
10498103
10498271
10498289
10498293
10498295
10498327
10498353
10498411
10498627
10498683
10498835
10499089
10499135
10499413
10499619
10499773
10499781
10499863
10499891
10500023
10500067
10500127
10500155
10500247
10500343
10500371
10500387
10500567
10500747
10500809
10500867
10501065
10501131
10501415
10501425
10501461
10501501
10501565
10501581
10501605
10501705
10501719
10501741
10501795
10501805
10501973
10502107
10502273
10502295
10502327
10502417
10502481
10502649
10502771
10502779
10502807
10502917
10502953
10503039
10503049
10503193
10503199
10503241
10503275
10503425
10503541
10503717
10504095
10504153
10504219
10504491
10504493
10504511
10504629
10504721
10504747
10504889
10505027
10505029
10505089
10505271
10505301
10505337
10505559
10505597
10505687
10505703
10505711
10505887
10505961
10505987
10506005
10506021
10506055
10506109
10506151
10506285
10506323
10506347
10506367
10506397
10506499
10506539
10506623
10506679
10506723
10506773
10506927
10506941
10506997
10507017
10507195
10507335
10507357
10507423
10507613
10507627
10507713
10507723
10507831
10507853
10507949
10507963
10507971
10507981
10508157
10508193
10508211
10508303
10508339
10508373
10508497
10508625
10508983
10509181
10509183
10509211
10509319
10509371
10509377
10509399
10509439
10509593
10509635
10509659
10509699
10509783
10509933
10509943
10509945
10509959
10510169
10510173
10510231
10510375
10510379
10510623
10510633
10510639
10510937
10511301
10511331
10511333
10511851
10511885
10511905
10511929
10512053
10512125
10512137
10512243
10512249
10512325
10512383
10512479
10512547
10512663
10512709
10512949
10513023
10513209
10513227
10513257
10513261
10513353
10513419
10513433
10513513
10513531
10513541
10513629
10513729
10513781
10513791
10513901
10514039
10514207
10514339
10514383
10514741
10514885
10514899
10514941
10515011
10515023
10515107
10515173
10515325
10515365
10515387
10515403
10515413
10515431
10515469
10515539
10515545
10515607
10515689
10515813
10515979
10516111
10516311
10516587
10516621
10516709
10516745
10516797
10516861
10517187
10517345
10517361
10517477
10517637
10517663
10517699
10517825
10517919
10518015
10518101
10518177
10518227
10518327
10518377
10518491
10518543
10518545
10518649
10518667
10518673
10518771
10518809
10518859
10518911
10519033
10519067
10519077
10519107
10519165
10519189
10519303
10519321
10519499
10519805
10519861
10519885
10519903
10520007
10520109
10520121
10520167
10520215
10520439
10520473
10520521
10520547
10520555
10520649
10520653
10520725
10520771
10520813
10521229
10521243
10521249
10521285
10521405
10521503
10521509
10521647
10521685
10521799
10521801
10521979
10521991
10522049
10522091
10522099
10522155
10522245
10522403
10522453
10522597
10522607
10522663
10522689
10522693
10522711
10522781
10522787
10522837
10522857
10522913
10523083
10523115
10523119
10523121
10523133
10523147
10523173
10523275
10523411
10523487
10523509
10523513
10523567
10523681
10523809
10523931
10523951
10523957
10524039
10524051
10524249
10524333
10524453
10524559
10524655
10524709
10524787
10524817
10524917
10525087
10525105
10525119
10525205
10525219
10525239
10525275
10525285
10525287
10525309
10525333
10525389
10525421
10525475
10525553
10525611
10525711
10525763
10525777
10525783
10525787
10525853
10525943
10525947
10526045
10526079
10526127
10526139
10526161
10526171
10526175
10526307
10526479
10526487
10526513
10526635
10526665
10526671
10526715
10526793
10526829
10526981
10526991
10527005
10527321
10527399
10527439
10527491
10527503
10527561
10527641
10527677
10527749
10527797
10527807
10527895
10527919
10527989
10528017
10528199
10528267
10528327
10528413
10528569
10528583
10528653
10528773
10528777
10528809
10528985
10529015
10529047
10529181
10529221
10529243
10529329
10529339
10529341
10529365
10529441
10529451
10529537
10529691
10529823
10529831
10529835
10529917
10529919
10529933
10529961
10529979
10530055
10530089
10530109
10530225
10530241
10530273
10530289
10530311
10530351
10530523
10530547
10530575
10530677
10530761
10530845
10530863
10530877
10530885
10530911
10531081
10531109
10531205
10531243
10531295
10531303
10531315
10531347
10531387
10531435
10531549
10531639
10531669
10531681
10531713
10531753
10531763
10531777
10531781
10531945
10531953
10531963
10531975
10532141
10532163
10532201
10532223
10532423
10532491
10532503
10532561
10532587
10532645
10532745
10532847
10532931
10532953
10533181
10533239
10533269
10533283
10533311
10533325
10533455
10533481
10533699
10533777
10533841
10533843
10533981
10534049
10534063
10534085
10534097
10534103
10534179
10534183
10534579
10534613
10534641
10534669
10534691
10534743
10534775
10534789
10534883
10534945
10535055
10535127
10535163
10535181
10535183
10535349
10535421
10535505
10535533
10535545
10535547
10535601
10535679
10535693
10535833
10535855
10535875
10535935
10535943
10536031
10536035
10536041
10536079
10536083
10536145
10536153
10536219
10536419
10536475
10536529
10536563
10536609
10536647
10536657
10536689
10536701
10536837
10536921
10536923
10537099
10537107
10537281
10537331
10537491
10537643
10537665
10537687
10537803
10537971
10537975
10538189
10538241
10538373
10538551
10538577
10538579
10538649
10538669
10538781
10539021
10539051
10539141
10539185
10539261
10539339
10539353
10539389
10539405
10539439
10539441
10539453
10539473
10539521
10539591
10539599
10539633
10539747
10539833
10539923
10539955
10540113
10540141
10540437
10540555
10540643
10540649
10540761
10540905
10541103
10541215
10541541
10541927
10542067
10542255
10542321
10542361
10542377
10542395
10542505
10542635
10542695
10542747
10542823
10542859
10542871
10542943
10542951
10542965
10543021
10543147
10543161
10543213
10543307
10543315
10543353
10543465
10543497
10543503
10543507
10543585
10543623
10543859
10543885
10543895
10543961
10543983
10543989
10544159
10544321
10544345
10544477
10544489
10544515
10544703
10544723
10544829
10544845
10544897
10544979
10545021
10545025
10545041
10545069
10545165
10545187
10545337
10545411
10545525
10545559
10545565
10545931
10545977
10546021
10546129
10546249
10546255
10546321
10546381
10546481
10546495
10546559
10546613
10546717
10546753
10546757
10546769
10546831
10546919
10546933
10546961
10546987
10547007
10547025
10547029
10547193
10547211
10547241
10547333
10547513
10547671
10547675
10547695
10547731
10547969
10548491
10548519
10548523
10548529
10548561
10548743
10548895
10548919
10548945
10548953
10549043
10549053
10549079
10549089
10549131
10549441
10549535
10549579
10549591
10549719
10549805
10549929
10549989
10550003
10550061
10550079
10550249
10550373
10550479
10550513
10550633
10550641
10550867
10550871
10551071
10551077
10551121
10551261
10551371
10551611
10551613
10551677
10551823
10551871
10551995
10552089
10552101
10552257
10552265
10552269
10552277
10552345
10552407
10552429
10552521
10552603
10552615
10552621
10552701
10552777
10552781
10552815
10552849
10552957
10553015
10553185
10553201
10553285
10553313
10553315
10553335
10553377
10553453
10553519
10553521
10553527
10553589
10553615
10553679
10553809
10553895
10554017
10554019
10554023
10554173
10554215
10554231
10554271
10554311
10554351
10554361
10554417
10554529
10554689
10554755
10554779
10554847
10554873
10554887
10554897
10554899
10554921
10555077
10555105
10555139
10555141
10555161
10555169
10555253
10555309
10555417
10555431
10555467
10555517
10555611
10555663
10555807
10556021
10556037
10556047
10556169
10556221
10556357
10556435
10556453
10556501
10556585
10556623
10556631
10556741
10556747
10556787
10556947
10557021
10557089
10557187
10557309
10557319
10557373
10557381
10557491
10557585
10557667
10557705
10557709
10557777
10557845
10557933
10557957
10558003
10558253
10558715
10558781
10558805
10558807
10558831
10558867
10558871
10558895
10558925
10558933
10559137
10559193
10559253
10559355
10559367
10559381
10559463
10559501
10559539
10559579
10559589
10559689
10559703
10559761
10559777
10559857
10559861
10559955
10559979
10560105
10560139
10560149
10560153
10560163
10560167
10560347
10560427
10560503
10560519
10560563
10560569
10560617
10560763
10560777
10560795
10560857
10560861
10560879
10560963
10561015
10561063
10561071
10561153
10561181
10561209
10561219
10561255
10561345
10561613
10561643
10561661
10561807
10561907
10562179
10562305
10562441
10562485
10562565
10562797
10562865
10562875
10562877
10562891
10562937
10562943
10562947
10563001
10563015
10563045
10563057
10563065
10563141
10563149
10563227
10563313
10563387
10563393
10563401
10563481
10563487
10563491
10563537
10563617
10563693
10563839
10563919
10563991
10564029
10564177
10564197
10564223
10564279
10564341
10564553
10564611
10564627
10564697
10564965
10565059
10565235
10565323
10565351
10565359
10565575
10565721
10565789
10565797
10565957
10566049
10566105
10566217
10566245
10566317
10566345
10566421
10566631
10566637
10566713
10566717
10566767
10566799
10566983
10566991
10567127
10567301
10567327
10567365
10567395
10567593
10567667
10567785
10567967
10568053
10568167
10568183
10568253
10568255
10568283
10568291
10568319
10568323
10568527
10568675
10568701
10568757
10568829
10569035
10569041
10569079
10569137
10569227
10569287
10569297
10569395
10569405
10569411
10569413
10569543
10569557
10569595
10569623
10569741
10569763
10569859
10569957
10570101
10570197
10570235
10570363
10570503
10570537
10570559
10570765
10570771
10570857
10570953
10571011
10571021
10571125
10571149
10571469
10571481
10571495
10571611
10571657
10571847
10571885
10571923
10572025
10572063
10572083
10572101
10572105
10572203
10572227
10572303
10572315
10572385
10572513
10572555
10572585
10572643
10572701
10572841
10572909
10573003
10573017
10573185
10573269
10573329
10573345
10573355
10573363
10573535
10573591
10573837
10573865
10573913
10573945
10573999
10574093
10574099
10574165
10574373
10574393
10574423
10574713
10574773
10574795
10574869
10574957
10575023
10575103
10575131
10575295
10575329
10575365
10575385
10575447
10575581
10575679
10575693
10575809
10575935
10575953
10576131
10576133
10576157
10576163
10576293
10576319
10576677
10576703
10576733
10576779
10576843
10576959
10576967
10577063
10577079
10577175
10577177
10577197
10577243
10577277
10577439
10577463
10577465
10577471
10577503
10577515
10577557
10577603
10577697
10577699
10577761
10577809
10577883
10577941
10577997
10578027
10578039
10578157
10578239
10578351
10578409
10578417
10578573
10578655
10578667
10578713
10578717
10578729
10578793
10578807
10578909
10578919
10578987
10579121
10579135
10579209
10579221
10579233
10579359
10579361
10579505
10579575
10579603
10579623
10579767
10579779
10579817
10579827
10579871
10579879
10580071
10580073
10580113
10580173
10580239
10580259
10580269
10580325
10580549
10580559
10580581
10580647
10580679
10580727
10580733
10580739
10580761
10580865
10580945
10581047
10581137
10581155
10581205
10581251
10581259
10581271
10581277
10581369
10581385
10581453
10581527
10581617
10581633
10581759
10581803
10581825
10581949
10582033
10582057
10582079
10582115
10582143
10582183
10582233
10582653
10582663
10582797
10582805
10582909
10583003
10583075
10583111
10583173
10583225
10583253
10583285
10583429
10583439
10583485
10583537
10583669
10583785
10583835
10583849
10583877
10584015
10584037
10584043
10584093
10584095
10584159
10584413
10584443
10584457
10584463
10584677
10584749
10584863
10584877
10584895
10584975
10585041
10585147
10585221
10585257
10585259
10585357
10585381
10585411
10585511
10585563
10585575
10585587
10585765
10585793
10585897
10585911
10585923
10585937
10585939
10585949
10585975
10586093
10586165
10586177
10586271
10586363
10586399
10586493
10586499
10586527
10586545
10586553
10586603
10586667
10586757
10586769
10586835
10586955
10586957
10586975
10587125
10587191
10587205
10587381
10587621
10587703
10587757
10587837
10587927
10587977
10588105
10588169
10588171
10588439
10588489
10588495
10588541
10588555
10588613
10588633
10588671
10588945
10589105
10589135
10589187
10589213
10589217
10589389
10589433
10589551
10589571
10589585
10589661
10589699
10589787
10589905
10589953
10590033
10590071
10590193
10590237
10590277
10590489
10590895
10590909
10591005
10591211
10591227
10591351
10591407
10591413
10591571
10591999
10592145
10592265
10592271
10592279
10592287
10592397
10592413
10592435
10592459
10592511
10592547
10592629
10592653
10592745
10592845
10593069
10593077
10593093
10593103
10593257
10593295
10593365
10593639
10593651
10593653
10593679
10593699
10593881
10593937
10593959
10593965
10593993
10594067
10594073
10594171
10594297
10594317
10594503
10594535
10594543
10594635
10594671
10594809
10594937
10594939
10595005
10595045
10595057
10595197
10595211
10595295
10595395
10595443
10595469
10595495
10595513
10595731
10595789
10595791
10595799
10595803
10595809
10595839
10595863
10595953
10595985
10596021
10596083
10596085
10596133
10596177
10596263
10596281
10596339
10596341
10596463
10596557
10596563
10596645
10596779
10596853
10596901
10596957
10597061
10597167
10597209
10597265
10597281
10597441
10597475
10597533
10597609
10597623
10597713
10597745
10597857
10597989
10598065
10598101
10598285
10598327
10598353
10598365
10598387
10598533
10598561
10598595
10598601
10598607
10598647
10598799
10598851
10599043
10599141
10599143
10599289
10599575
10599589
10599679
10599731
10599741
10599785
10599805
10599847
10599873
10599909
10599963
10599965
10600045
10600107
10600143
10600245
10600295
10600337
10600375
10600507
10600561
10600663
10600709
10600711
10600777
10601019
10601083
10601351
10601353
10601415
10601599
10601715
10601745
10601791
10601875
10601891
10601921
10601999
10602011
10602041
10602107
10602137
10602187
10602189
10602281
10602359
10602377
10602417
10602471
10602487
10602491
10602577
10602583
10602609
10602633
10602709
10602741
10602877
10602879
10602891
10602915
10602923
10602949
10602971
10603005
10603035
10603239
10603247
10603375
10603383
10603523
10603545
10603659
10603833
10603847
10603907
10603935
10603981
10604003
10604015
10604331
10604407
10604421
10604425
10604489
10604519
10604591
10604593
10604799
10604801
10604807
10604847
10604919
10604957
10605069
10605145
10605211
10605257
10605287
10605297
10605401
10605433
10605595
10605663
10605757
10605781
10605783
10605815
10605899
10606093
10606131
10606135
10606247
10606249
10606277
10606303
10606327
10606337
10606353
10606471
10606535
10606545
10606753
10606879
10606989
10607061
10607097
10607215
10607247
10607301
10607385
10607489
10607491
10607605
10607613
10607621
10607637
10607701
10607981
10608007
10608143
10608405
10608419
10608455
10608615
10608707
10608739
10608795
10608939
10608965
10608969
10609051
10609101
10609261
10609281
10609415
10609463
10609469
10609557
10609625
10609659
10609675
10609845
10609883
10609897
10609933
10609943
10609965
10610041
10610067
10610093
10610129
10610249
10610401
10610441
10610453
10610543
10610563
10610597
10610707
10610715
10610739
10610751
10611003
10611007
10611015
10611049
10611067
10611095
10611119
10611161
10611185
10611271
10611277
10611353
10611359
10611399
10611407
10611435
10611493
10611535
10611589
10611591
10611641
10611769
10611779
10611839
10611891
10611911
10611967
10611999
10612117
10612141
10612359
10612493
10612495
10612503
10612567
10612611
10612647
10612689
10612801
10612879
10613099
10613145
10613265
10613325
10613329
10613391
10613517
10613669
10613741
10613753
10613805
10613843
10614029
10614211
10614291
10614311
10614393
10614415
10614431
10614515
10614529
10614587
10614605
10614611
10614673
10614753
10614791
10614945
10614989
10614993
10615049
10615129
10615203
10615255
10615263
10615413
10615503
10615581
10615583
10616047
10616167
10616335
10616543
10616545
10616675
10616697
10616757
10616891
10617001
10617053
10617079
10617127
10617143
10617207
10617311
10617329
10617421
10617425
10617479
10617669
10617733
10617743
10617809
10617949
10617959
10618025
10618057
10618165
10618205
10618211
10618281
10618361
10618429
10618433
10618555
10618575
10618761
10618891
10619027
10619169
10619207
10619325
10619439
10619853
10619877
10619935
10619975
10620051
10620067
10620081
10620083
10620151
10620217
10620289
10620509
10620579
10620659
10620667
10621027
10621315
10621365
10621367
10621413
10621595
10621693
10621717
10621899
10621921
10621967
10621969
10621973
10622009
10622047
10622179
10622251
10622319
10622381
10622399
10622457
10622463
10622555
10622571
10622585
10622735
10622759
10622809
10622811
10622883
10622931
10623029
10623329
10623387
10623475
10623511
10623601
10623631
10623723
10623807
10623813
10623819
10623825
10623893
10624083
10624227
10624409
10624421
10624439
10624619
10624689
10624723
10624781
10624895
10624985
10625063
10625245
10625261
10625281
10625323
10625373
10625681
10625715
10625821
10625839
10625851
10625925
10626041
10626045
10626279
10626313
10626343
10626375
10626447
10626529
10626549
10626553
10626747
10626795
10626817
10626821
10626893
10626919
10627015
10627045
10627047
10627263
10627399
10627407
10627505
10627549
10627823
10627893
10627903
10627935
10627937
10628061
10628071
10628197
10628277
10628323
10628403
10628463
10628543
10628607
10628663
10628671
10628785
10628887
10628901
10628929
10628959
10628983
10629007
10629025
10629089
10629139
10629275
10629379
10629417
10629443
10629575
10629825
10629827
10629923
10629929
10630007
10630025
10630067
10630125
10630127
10630213
10630237
10630251
10630311
10630383
10630577
10630595
10630665
10630667
10630679
10631003
10631019
10631111
10631547
10631627
10631645
10631681
10631771
10631775
10631811
10631891
10631975
10632131
10632291
10632321
10632375
10632395
10632459
10632471
10632485
10632713
10632847
10632893
10632939
10632971
10632985
10633045
10633055
10633259
10633285
10633335
10633391
10633455
10633479
10633519
10633529
10633535
10633555
10633755
10633965
10633969
10634003
10634157
10634261
10634461
10634465
10634481
10634511
10634611
10634695
10634981
10635041
10635065
10635209
10635261
10635287
10635349
10635419
10635457
10635517
10635583
10635663
10635721
10635737
10635747
10635835
10635841
10635969
10636195
10636267
10636397
10636469
10636521
10636671
10636769
10636773
10636803
10636811
10636885
10636921
10637047
10637103
10637179
10637349
10637377
10637381
10637451
10637543
10637611
10637613
10637687
10637743
10637799
10638049
10638081
10638151
10638153
10638237
10638515
10638535
10638541
10638587
10638737
10638805
10639069
10639131
10639187
10639261
10639305
10639355
10639357
10639365
10639505
10639581
10639623
10639689
10639693
10639695
10639723
10639761
10639795
10639831
10639897
10639909
10639919
10639923
10639961
10640041
10640111
10640149
10640163
10640213
10640221
10640239
10640405
10640555
10640561
10640609
10640681
10640697
10640709
10640759
10640777
10640787
10640815
10640851
10640867
10640869
10640877
10640915
10640987
10641029
10641267
10641277
10641285
10641461
10641495
10641557
10641581
10641603
10642095
10642137
10642139
10642183
10642287
10642455
10642469
10642509
10642511
10642535
10642707
10642823
10642857
10642941
10642945
10642973
10642987
10643045
10643055
10643125
10643323
10643543
10643559
10643563
10643573
10643615
10643813
10643831
10643923
10643989
10643991
10644089
10644241
10644259
10644271
10644291
10644353
10644573
10644697
10644785
10644845
10644965
10644999
10645003
10645059
10645289
10645321
10645461
10645609
10645669
10645743
10645763
10646023
10646047
10646091
10646123
10646179
10646245
10646271
10646325
10646423
10646479
10646599
10646611
10646647
10646689
10646699
10646743
10646777
10646849
10646873
10646915
10647145
10647155
10647165
10647263
10647483
10647595
10647629
10647697
10647705
10647869
10647973
10647987
10648021
10648065
10648151
10648189
10648277
10648509
10648697
10648843
10648867
10648973
10648989
10649009
10649055
10649091
10649129
10649401
10649407
10649541
10649569
10649629
10649691
10649709
10649719
10649721
10649739
10649847
10649877
10649895
10649931
10650125
10650215
10650261
10650323
10650409
10650485
10650493
10650495
10650503
10650563
10650703
10650753
10650785
10650811
10651013
10651045
10651149
10651177
10651219
10651235
10651339
10651511
10651665
10651789
10651859
10651873
10651923
10651941
10651995
10652019
10652059
10652103
10652205
10652223
10652339
10652537
10652569
10652647
10652739
10652765
10652833
10652907
10652919
10653039
10653091
10653095
10653109
10653131
10653225
10653327
10653603
10653613
10653727
10653729
10653959
10654141
10654321
10654323
10654519
10654625
10654683
10654759
10654775
10654779
10654797
10654881
10654911
10654949
10654971
10654973
10655039
10655141
10655181
10655269
10655277
10655289
10655343
10655413
10655421
10655661
10655701
10655839
10656081
10656089
10656129
10656145
10656185
10656201
10656417
10656517
10656529
10656531
10656555
10656593
10656639
10656709
10656713
10656811
10656829
10656833
10656945
10657197
10657233
10657239
10657257
10657269
10657303
10657431
10657583
10657671
10657741
10657755
10657831
10657849
10657883
10657959
10658071
10658143
10658331
10658403
10658511
10658529
10658555
10658581
10658593
10658627
10658649
10658725
10658741
10658885
10658905
10658949
10658975
10659111
10659141
10659293
10659437
10659495
10659507
10659631
10659705
10659869
10659919
10660005
10660153
10660197
10660217
10660259
10660273
10660309
10660391
10660433
10660477
10660543
10660657
10660725
10660731
10660811
10660849
10660987
10661053
10661079
10661133
10661211
10661221
10661223
10661241
10661309
10661425
10661433
10661467
10661475
10661571
10661623
10661791
10661847
10662009
10662057
10662147
10662199
10662237
10662263
10662265
10662311
10662347
10662385
10662429
10662669
10662701
10662827
10662893
10662941
10662957
10662975
10662977
10663151
10663179
10663207
10663215
10663343
10663399
10663413
10663469
10663477
10663557
10663589
10663635
10663691
10663717
10663745
10663791
10663813
10663823
10663835
10663865
10663873
10663881
10663891
10663989
10664019
10664101
10664195
10664215
10664263
10664279
10664293
10664315
10664387
10664391
10664435
10664485
10664519
10664527
10664581
10664679
10664981
10665009
10665109
10665155
10665255
10665271
10665409
10665467
10665495
10665503
10665533
10665619
10665691
10665699
10665847
10665879
10665959
10665983
10666011
10666071
10666225
10666231
10666279
10666351
10666535
10666537
10666551
10666823
10666857
10666949
10667001
10667183
10667219
10667309
10667363
10667381
10667417
10667491
10667513
10667729
10667737
10667835
10667853
10668039
10668043
10668131
10668161
10668215
10668231
10668237
10668253
10668287
10668647
10668669
10668737
10668867
10668959
10669307
10669335
10669353
10669413
10669553
10669617
10669853
10669865
10669947
10669957
10670087
10670227
10670259
10670581
10670583
10670693
10670697
10670859
10670897
10670923
10670971
10670991
10671443
10671463
10671465
10671663
10671753
10671775
10671793
10671831
10671887
10671937
10671939
10672171
10672187
10672223
10672269
10672287
10672365
10672487
10672751
10672753
10672787
10672903
10673007
10673031
10673045
10673065
10673081
10673121
10673147
10673163
10673199
10673389
10673443
10673475
10673643
10673785
10673897
10673903
10673945
10674131
10674245
10674415
10674551
10674829
10674925
10675001
10675035
10675163
10675209
10675259
10675371
10675453
10675457
10675459
10675537
10675561
10675777
10675899
10675915
10675929
10675997
10676009
10676099
10676187
10676197
10676221
10676329
10676395
10676423
10676451
10676485
10676503
10676505
10676531
10676583
10676637
10676811
10676947
10676953
10677103
10677269
10677311
10677527
10677655
10677731
10677795
10677857
10677871
10677881
10677889
10677919
10677931
10678143
10678221
10678251
10678295
10678359
10678369
10678381
10678413
10678431
10678447
10678449
10678461
10678537
10678549
10678639
10678687
10679343
10679365
10679373
10679411
10679425
10679453
10679459
10679509
10679517
10679559
10679565
10679581
10679617
10679619
10679725
10679733
10679879
10679897
10680051
10680071
10680163
10680251
10680637
10680655
10680661
10680757
10680807
10680859
10680897
10680907
10680929
10681017
10681091
10681195
10681231
10681463
10681467
10681475
10681529
10681537
10681645
10681693
10681715
10681775
10681857
10681893
10681943
10681969
10681975
10682071
10682103
10682113
10682119
10682229
10682379
10682557
10682615
10682663
10682883
10682901
10682941
10682949
10683011
10683081
10683235
10683279
10683321
10683411
10683609
10683659
10683779
10683875
10683929
10683959
10683961
10683975
10683979
10684081
10684105
10684405
10684409
10684541
10684581
10684661
10684855
10684915
10684945
10684971
10685033
10685041
10685043
10685181
10685191
10685237
10685283
10685285
10685295
10685301
10685359
10685383
10685471
10685503
10685519
10685525
10685543
10685609
10685611
10685687
10685763
10685821
10685859
10685925
10686019
10686131
10686291
10686295
10686463
10686537
10686601
10686605
10686677
10686699
10686787
10686837
10686911
10686977
10687015
10687201
10687269
10687281
10687293
10687395
10687437
10687533
10687547
10687611
10687707
10687767
10687901
10687937
10688073
10688077
10688179
10688211
10688215
10688247
10688307
10688387
10688633
10688699
10688733
10688813
10688821
10688829
10688871
10688923
10688971
10689025
10689049
10689317
10689415
10689483
10689497
10689583
10689587
10689593
10689599
10689601
10689753
10689871
10689877
10689887
10689939
10689941
10689955
10689985
10690011
10690217
10690295
10690333
10690375
10690435
10690467
10690507
10690515
10690539
10690581
10690745
10690969
10691005
10691141
10691247
10691253
10691331
10691493
10691509
10691513
10691567
10691623
10691725
10691907
10691945
10691961
10691969
10692063
10692145
10692285
10692367
10692393
10692423
10692481
10692487
10692533
10692557
10692591
10692845
10692979
10693053
10693115
10693185
10693193
10693221
10693263
10693265
10693267
10693277
10693301
10693353
10693447
10693531
10693635
10693727
10693761
10693803
10693829
10693893
10693985
10694003
10694033
10694099
10694249
10694321
10694325
10694359
10694475
10694577
10694591
10694863
10694867
10694933
10694967
10695003
10695019
10695125
10695195
10695339
10695375
10695617
10695665
10695687
10695767
10695863
10695903
10696003
10696089
10696157
10696231
10696473
10696609
10696693
10696715
10696757
10696795
10696825
10696867
10696875
10696925
10696977
10697027
10697201
10697239
10697281
10697331
10697463
10697499
10697705
10697715
10697733
10698137
10698447
10698535
10698549
10698655
10698733
10698923
10699003
10699139
10699179
10699335
10699347
10699493
10699583
10699753
10699783
10699881
10699915
10699979
10700095
10700171
10700241
10700259
10700343
10700425
10700545
10700547
10700549
10700647
10700651
10700691
10700699
10700841
10700869
10700987
10701113
10701149
10701197
10701207
10701231
10701315
10701363
10701509
10701517
10701575
10701639
10701845
10701851
10701945
10701999
10702101
10702125
10702293
10702389
10702441
10702447
10702527
10702559
10702729
10702761
10702821
10702927
10702995
10703009
10703127
10703213
10703239
10703421
10703473
10703531
10703537
10703661
10703729
10703761
10703815
10703933
10703937
10703975
10703991
10704153
10704201
10704303
10704349
10704397
10704533
10704617
10704691
10704733
10704801
10704867
10704897
10704999
10705039
10705129
10705227
10705287
10705303
10705323
10705343
10705381
10705555
10705703
10705761
10705925
10705933
10705981
10706023
10706077
10706097
10706099
10706115
10706137
10706181
10706261
10706349
10706359
10706391
10706433
10706529
10706659
10706693
10706713
10706723
10706763
10706823
10706857
10706889
10706993
10707025
10707209
10707235
10707273
10707295
10707545
10707565
10707621
10707637
10707729
10707747
10707833
10707919
10708061
10708363
10708425
10708495
10708545
10708569
10708595
10708623
10708725
10708823
10708969
10708985
10709009
10709073
10709105
10709187
10709189
10709279
10709339
10709517
10709527
10709571
10709683
10709917
10709941
10709951
10709969
10709977
10710051
10710085
10710169
10710195
10710345
10710523
10710575
10710585
10710627
10710643
10710655
10710699
10710781
10710783
10710833
10710881
10710903
10710927
10710933
10710957
10710977
10711081
10711105
10711107
10711329
10711403
10711411
10711421
10711589
10711619
10711675
10711677
10711725
10711899
10711947
10711951
10711979
10711999
10712041
10712123
10712253
10712331
10712523
10712581
10712645
10712663
10712673
10712685
10712691
10712781
10712835
10712867
10712913
10712953
10712995
10713051
10713103
10713215
10713249
10713277
10713365
10713375
10713509
10713545
10713577
10713795
10713849
10713857
10713859
10713935
10713979
10714031
10714109
10714143
10714171
10714199
10714337
10714429
10714529
10714533
10714583
10714779
10714815
10714839
10714901
10715107
10715167
10715173
10715215
10715225
10715403
10715477
10715559
10715573
10715575
10715579
10715603
10715639
10715681
10715737
10715749
10715819
10715895
10716039
10716085
10716123
10716133
10716195
10716251
10716393
10716499
10716545
10716551
10716589
10716607
10716631
10716665
10716707
10716867
10716877
10717051
10717207
10717257
10717261
10717287
10717333
10717433
10717509
10717515
10717521
10717625
10717659
10717677
10717681
10717765
10717919
10717947
10717989
10718023
10718073
10718075
10718119
10718159
10718329
10718703
10718775
10718963
10719147
10719193
10719217
10719347
10719589
10719751
10719755
10719821
10719875
10719939
10720009
10720131
10720175
10720203
10720229
10720285
10720303
10720305
10720425
10720433
10720435
10720437
10720489
10720501
10720607
10720713
10720749
10720769
10720817
10720881
10720927
10720951
10721055
10721189
10721213
10721233
10721281
10721345
10721403
10721435
10721471
10721475
10721483
10721529
10721565
10721741
10721797
10721807
10721883
10721905
10721911
10721927
10721931
10722027
10722093
10722153
10722199
10722235
10722319
10722379
10722453
10722469
10722677
10722725
10722737
10722757
10722849
10722883
10722897
10722951
10722961
10722989
10723135
10723157
10723241
10723363
10723439
10723447
10723453
10723469
10723517
10723531
10723543
10723633
10723709
10723773
10723795
10723867
10724029
10724061
10724105
10724143
10724211
10724227
10724231
10724271
10724521
10724661
10724723
10724783
10724801
10724815
10724879
10724977
10724997
10725001
10725303
10725339
10725509
10725515
10725569
10725583
10725767
10725783
10725859
10726045
10726147
10726363
10726501
10726625
10727077
10727225
10727247
10727265
10727325
10727431
10727483
10727515
10727721
10727877
10728001
10728023
10728091
10728101
10728125
10728207
10728243
10728357
10728373
10728381
10728779
10728839
10729005
10729165
10729201
10729209
10729213
10729331
10729405
10729511
10729673
10729723
10729777
10729801
10730057
10730181
10730237
10730305
10730309
10730521
10730529
10730575
10730693
10730805
10730819
10730827
10731159
10731203
10731279
10731313
10731417
10731459
10731507
10731555
10731573
10731589
10731707
10731729
10731843
10731861
10731865
10731909
10731919
10731977
10732053
10732107
10732247
10732271
10732347
10732471
10732499
10732589
10732597
10732603
10732641
10732683
10732853
10732905
10733051
10733293
10733357
10733399
10733407
10733595
10733721
10733761
10733769
10733937
10734213
10734231
10734241
10734257
10734295
10734321
10734355
10734433
10734437
10734537
10734611
10734673
10734709
10735143
10735249
10735305
10735319
10735407
10735487
10735889
10735923
10735975
10736047
10736079
10736169
10736219
10736307
10736357
10736495
10736585
10736617
10736625
10736837
10736839
10736881
10737019
10737125
10737151
10737221
10737321
10737473
10737529
10737549
10737553
10737559
10737573
10737677
10737749
10737865
10737887
10737911
10737987
10738061
10738105
10738169
10738251
10738257
10738363
10738385
10738403
10738443
10738455
10738509
10738611
10738615
10738749
10738777
10738873
10738993
10739011
10739059
10739093
10739193
10739541
10739735
10739753
10739797
10739861
10739961
10740051
10740071
10740127
10740303
10740357
10740363
10740395
10740433
10740465
10740537
10740583
10740609
10740699
10740713
10740779
10740971
10741001
10741027
10741079
10741097
10741123
10741171
10741205
10741311
10741377
10741409
10741433
10741659
10741673
10741773
10741841
10741935
10741939
10742157
10742383
10742389
10742483
10742519
10742569
10742579
10742649
10742933
10742959
10742991
10742997
10743017
10743027
10743029
10743043
10743073
10743151
10743317
10743379
10743421
10743443
10743585
10743599
10743617
10743971
10744015
10744017
10744025
10744037
10744101
10744335
10744401
10744505
10744531
10744567
10744571
10744725
10744907
10744971
10744989
10745173
10745315
10745407
10745539
10745731
10745811
10745929
10746097
10746141
10746277
10746405
10746541
10746627
10746637
10746715
10746749
10746961
10746991
10747009
10747121
10747323
10747369
10747381
10747407
10747515
10747635
10747641
10747679
10747713
10747783
10748045
10748067
10748159
10748305
10748353
10748399
10748437
10748561
10748629
10748767
10748847
10748855
10748953
10749033
10749141
10749189
10749345
10749359
10749363
10749443
10749447
10749537
10749539
10749571
10749575
10749685
10749699
10749709
10749747
10749837
10749843
10749855
10749863
10750011
10750111
10750291
10750347
10750421
10750523
10750543
10750591
10750777
10750799
10750801
10750825
10750855
10751039
10751335
10751351
10751387
10751505
10751583
10751617
10751633
10751649
10751679
10751717
10751789
10751797
10751847
10751953
10752055
10752057
10752161
10752171
10752241
10752267
10752397
10752453
10752473
10752479
10752559
10752613
10752629
10752655
10752679
10752767
10752781
10752925
10753299
10753495
10753533
10753613
10753627
10753751
10753795
10753869
10753881
10753889
10753943
10753973
10754099
10754367
10754541
10754561
10754729
10754741
10754751
10754791
10754809
10754813
10754825
10754865
10754899
10754959
10755005
10755013
10755033
10755087
10755289
10755363
10755455
10755493
10755519
10755521
10755579
10755601
10755813
10755871
10755921
10756001
10756043
10756065
10756115
10756177
10756189
10756229
10756317
10756367
10756403
10756471
10756475
10756481
10756529
10756559
10756567
10756635
10756767
10756807
10756875
10756949
10757001
10757197
10757229
10757337
10757347
10757421
10757453
10757541
10757583
10757653
10757659
10757663
10757671
10757709
10757735
10757785
10757939
10757973
10757985
10758043
10758147
10758181
10758213
10758341
10758355
10758359
10758681
10758683
10758705
10758805
10758863
10758965
10758987
10758989
10759021
10759029
10759127
10759165
10759393
10759419
10759487
10759587
10759613
10759693
10759927
10759959
10759987
10760005
10760161
10760187
10760525
10760561
10760569
10760583
10760831
10760871
10760879
10760957
10760993
10761003
10761105
10761123
10761131
10761233
10761545
10761729
10761741
10761785
10761827
10761923
10761933
10762113
10762129
10762189
10762465
10762617
10762683
10762709
10762741
10762819
10762831
10762867
10762921
10763063
10763137
10763253
10763385
10763417
10763479
10763501
10763509
10763523
10763593
10763613
10763715
10763751
10763857
10763883
10764043
10764123
10764149
10764179
10764243
10764247
10764257
10764267
10764269
10764279
10764305
10764327
10764379
10764445
10764447
10764485
10764499
10764755
10764777
10764851
10764897
10764995
10765039
10765073
10765141
10765213
10765265
10765281
10765487
10765509
10765675
10765883
10765923
10765939
10765959
10765965
10766103
10766119
10766305
10766339
10766401
10766541
10766683
10766697
10766723
10766753
10766789
10766833
10767197
10767225
10767247
10767259
10767381
10767385
10767483
10767485
10767489
10767573
10767635
10767653
10767663
10767717
10767767
10767835
10767875
10767933
10768001
10768229
10768243
10768341
10768513
10768539
10768547
10768583
10768589
10768661
10768681
10768711
10768713
10768751
10768857
10768891
10768903
10768957
10769043
10769149
10769303
10769369
10769447
10769457
10769497
10769533
10769583
10769603
10769903
10770015
10770043
10770047
10770075
10770087
10770095
10770297
10770483
10770519
10770523
10770565
10770587
10770591
10770595
10770603
10770785
10770815
10770893
10770905
10770945
10771115
10771153
10771297
10771361
10771365
10771477
10771497
10771639
10771873
10771899
10772065
10772163
10772229
10772379
10772447
10772541
10772573
10772659
10772669
10772685
10772731
10772831
10772843
10772849
10772869
10772989
10772993
10773219
10773293
10773369
10773371
10773387
10773521
10773603
10773639
10773749
10773799
10773803
10773935
10773955
10774195
10774517
10774545
10774575
10774791
10774803
10774819
10774985
10775019
10775089
10775223
10775379
10775395
10775437
10775695
10775703
10775923
10775951
10776003
10776177
10776239
10776323
10776589
10776607
10776701
10776761
10776977
10776985
10777001
10777045
10777057
10777095
10777099
10777185
10777195
10777199
10777221
10777269
10777297
10777323
10777419
10777423
10777465
10777467
10777485
10777505
10777585
10777633
10777681
10777891
10778009
10778063
10778075
10778079
10778171
10778241
10778637
10778671
10778859
10778919
10778923
10778963
10779103
10779221
10779237
10779269
10779389
10779463
10779563
10779715
10779767
10779773
10779803
10779911
10779959
10780083
10780085
10780217
10780223
10780233
10780375
10780395
10780417
10780465
10780507
10780555
10780639
10780695
10780741
10780855
10780881
10780935
10781015
10781055
10781155
10781161
10781195
10781263
10781281
10781415
10781511
10781549
10781587
10781625
10781637
10781751
10781863
10781889
10781929
10782011
10782051
10782173
10782203
10782235
10782485
10782489
10782643
10782689
10782705
10782727
10782795
10782825
10782859
10782929
10783007
10783173
10783225
10783265
10783389
10783487
10783507
10783685
10783715
10783837
10783961
10783993
10784133
10784153
10784255
10784273
10784401
10784439
10784485
10784487
10784489
10784569
10784647
10784753
10784795
10784841
10784959
10784967
10785053
10785091
10785143
10785187
10785397
10785409
10785455
10785467
10785577
10785591
10785603
10785631
10785637
10785659
10785795
10785899
10785915
10786045
10786091
10786113
10786191
10786279
10786341
10786421
10786493
10786629
10786641
10786693
10786735
10786745
10786763
10786767
10786831
10786849
10786869
10786985
10787065
10787159
10787177
10787339
10787359
10787457
10787679
10787697
10787771
10787843
10787853
10787869
10787987
10788047
10788153
10788181
10788187
10788195
10788217
10788283
10788469
10788943
10789023
10789075
10789105
10789127
10789205
10789219
10789269
10789413
10789481
10789489
10789527
10789561
10789681
10789781
10789879
10790119
10790167
10790273
10790483
10790573
10790635
10790659
10790709
10790763
10790773
10790825
10790897
10790921
10790965
10791175
10791253
10791307
10791345
10791373
10791599
10791659
10791757
10791771
10791775
10791789
10791863
10791951
10792041
10792043
10792063
10792123
10792193
10792327
10792437
10792571
10792575
10792703
10792763
10792895
10792953
10792973
10793003
10793045
10793083
10793087
10793231
10793305
10793353
10793417
10793481
10793535
10793589
10793627
10793685
10793729
10793805
10793855
10793971
10794007
10794155
10794165
10794209
10794235
10794249
10794337
10794443
10794463
10794535
10794571
10794621
10794629
10794631
10794713
10794965
10795223
10795399
10795489
10795549
10795589
10795647
10795655
10795745
10795853
10796007
10796229
10796257
10796323
10796459
10796465
10796481
10796667
10796681
10796775
10796893
10796903
10796989
10797061
10797063
10797165
10797175
10797287
10797355
10797445
10797565
10797741
10797803
10797809
10797819
10797855
10797861
10798001
10798079
10798191
10798367
10798391
10798467
10798509
10798563
10798569
10798599
10798665
10798787
10798859
10798911
10799017
10799047
10799057
10799085
10799121
10799193
10799227
10799241
10799247
10799253
10799311
10799365
10799411
10799451
10799535
10799591
10799601
10799645
10799829
10799857
10799873
10799919
10799931
10800039
10800191
10800295
10800311
10800315
10800375
10800433
10800573
10800793
10800815
10800885
10800955
10800971
10801109
10801185
10801323
10801335
10801375
10801489
10801497
10801523
10801565
10801575
10801627
10801635
10801647
10801713
10801845
10801903
10801967
10801977
10802125
10802151
10802293
10802323
10802351
10802391
10802399
10802449
10802471
10802503
10802555
10802631
10802731
10802817
10802929
10802983
10803091
10803117
10803169
10803249
10803365
10803465
10803493
10803563
10803635
10803659
10803871
10803931
10804023
10804069
10804279
10804335
10804495
10804527
10804641
10804787
10804819
10804949
10805039
10805209
10805225
10805301
10805317
10805433
10805439
10805503
10805655
10805739
10805759
10805875
10805997
10805999
10806177
10806193
10806217
10806285
10806469
10806489
10806529
10806593
10806797
10806855
10806899
10806923
10806933
10807097
10807099
10807229
10807255
10807377
10807431
10807451
10807471
10807535
10807633
10807705
10807739
10807755
10807845
10807969
10807973
10808049
10808163
10808275
10808287
10808297
10808321
10808337
10808369
10808383
10808515
10808551
10808653
10808721
10808751
10808803
10808833
10808869
10808999
10809049
10809177
10809399
10809449
10809457
10809479
10809525
10809683
10809837
10809883
10809885
10809971
10810057
10810215
10810271
10810291
10810343
10810459
10810691
10810845
10810851
10811013
10811035
10811117
10811211
10811233
10811285
10811351
10811453
10811473
10811529
10811545
10811577
10811605
10811651
10811725
10811835
10811893
10811919
10811937
10811961
10811991
10812161
10812189
10812259
10812309
10812353
10812393
10812477
10812541
10812547
10812573
10812633
10812743
10812837
10812871
10812957
10813011
10813057
10813357
10813407
10813741
10813797
10813863
10813865
10813867
10813873
10813935
10814005
10814131
10814163
10814185
10814207
10814433
10814445
10814491
10814527
10814563
10814733
10814761
10814813
10814823
10815143
10815235
10815283
10815475
10815507
10815595
10815601
10815663
10815723
10815755
10815867
10815919
10815941
10816043
10816123
10816153
10816201
10816215
10816245
10816253
10816367
10816373
10816381
10816535
10816607
10816615
10816775
10816827
10816833
10816889
10816911
10816951
10816971
10817069
10817089
10817093
10817149
10817245
10817271
10817329
10817361
10817479
10817497
10817505
10817645
10817737
10817745
10817863
10817965
10818191
10818275
10818325
10818387
10818569
10818609
10818621
10818695
10818713
10818801
10818847
10819045
10819183
10819197
10819225
10819301
10819455
10819461
10819463
10819467
10819541
10819589
10819595
10819725
10819729
10819755
10819771
10819773
10819811
10819887
10819999
10820227
10820253
10820297
10820313
10820469
10820639
10820965
10821061
10821133
10821215
10821351
10821355
10821535
10821675
10821803
10821807
10821819
10821841
10821853
10821865
10821867
10822055
10822061
10822099
10822109
10822197
10822233
10822277
10822435
10822445
10822579
10822665
10822705
10822727
10822893
10822931
10822951
10822963
10822971
10822993
10823005
10823013
10823207
10823213
10823235
10823357
10823637
10823659
10823851
10823859
10823987
10824093
10824159
10824191
10824263
10824313
10824395
10824427
10824433
10824467
10824521
10824543
10824547
10824705
10824759
10825147
10825173
10825175
10825239
10825279
10825283
10825295
10825355
10825385
10825487
10825653
10825819
10825821
10825847
10825869
10825981
10825997
10826183
10826323
10826363
10826389
10826395
10826439
10826469
10826487
10826541
10826563
10826575
10826813
10826889
10826951
10826967
10826977
10827101
10827181
10827319
10827335
10827405
10827521
10827539
10827631
10828009
10828027
10828125
10828149
10828213
10828217
10828229
10828399
10828521
10828585
10828595
10828611
10828617
10828685
10828767
10828791
10828801
10828851
10828857
10828939
10829031
10829065
10829067
10829227
10829301
10829307
10829571
10829671
10829755
10829819
10829827
10829991
10830035
10830061
10830093
10830097
10830253
10830269
10830281
10830285
10830347
10830473
10830741
10830745
10830835
10830839
10830849
10830997
10831011
10831047
10831101
10831131
10831261
10831297
10831309
10831319
10831405
10831413
10831433
10831467
10831555
10831603
10831635
10831827
10831861
10831931
10831969
10831985
10832043
10832079
10832095
10832231
10832345
10832365
10832411
10832465
10832467
10832481
10832545
10832577
10832595
10832625
10832827
10832863
10833095
10833191
10833255
10833319
10833337
10833383
10833555
10833623
10833815
10833843
10833873
10834003
10834019
10834035
10834119
10834135
10834183
10834205
10834219
10834261
10834327
10834401
10834517
10834569
10834583
10834613
10834667
10834681
10834791
10834817
10834853
10834877
10834895
10834943
10834971
10834979
10835011
10835057
10835093
10835207
10835213
10835435
10835453
10835465
10835567
10835635
10835735
10835777
10835833
10835873
10835895
10836043
10836149
10836183
10836263
10836271
10836305
10836415
10836425
10836489
10836575
10836617
10836731
10836751
10836801
10836931
10836991
10836997
10837059
10837265
10837439
10837449
10837471
10837495
10837605
10837665
10837795
10837947
10837967
10838079
10838199
10838279
10838383
10838617
10838805
10838827
10838877
10838975
10838981
10839047
10839161
10839205
10839351
10839449
10839507
10839571
10839599
10839807
10839939
10839977
10840031
10840055
10840081
10840091
10840097
10840117
10840261
10840321
10840375
10840417
10840517
10840565
10840579
10840683
10840691
10840707
10840899
10840903
10841007
10841033
10841103
10841107
10841245
10841279
10841299
10841587
10841607
10841673
10841705
10841731
10841809
10841895
10841989
10842005
10842197
10842297
10842305
10842347
10842359
10842463
10842495
10842545
10842569
10842621
10842623
10842643
10842745
10842837
10842883
10843031
10843085
10843141
10843209
10843213
10843321
10843411
10843479
10843587
10843603
10843639
10843687
10843739
10843765
10843833
10843889
10843919
10844075
10844129
10844185
10844189
10844201
10844211
10844223
10844287
10844313
10844365
10844439
10844591
10844625
10844637
10844711
10844715
10844777
10844789
10844795
10844957
10844965
10844985
10845103
10845167
10845175
10845255
10845267
10845397
10845403
10845407
10845529
10845619
10845635
10845817
10845867
10845967
10846095
10846109
10846115
10846387
10846547
10846615
10846747
10846913
10847031
10847099
10847123
10847205
10847223
10847257
10847355
10847427
10847481
10847489
10847535
10847657
10847769
10847887
10848179
10848255
10848269
10848487
10848527
10848633
10848647
10848883
10848977
10849175
10849185
10849309
10849317
10849443
10849523
10849569
10849585
10849685
10849719
10849785
10849841
10849843
10849849
10849863
10849991
10850105
10850133
10850145
10850283
10850299
10850485
10850637
10850711
10850835
10850921
10850943
10850963
10851049
10851061
10851195
10851205
10851245
10851307
10851487
10851501
10851535
10851557
10851737
10851773
10851857
10851861
10851901
10851911
10851969
10851975
10852057
10852061
10852133
10852165
10852209
10852287
10852395
10852521
10852545
10852711
10852889
10852909
10852939
10852949
10853065
10853099
10853169
10853319
10853361
10853371
10853443
10853459
10853541
10853753
10853775
10853841
10853947
10854021
10854069
10854283
10854287
10854375
10854395
10854525
10854631
10854737
10854761
10854783
10854903
10854991
10855019
10855091
10855281
10855295
10855567
10855615
10855739
10855769
10855845
10855943
10856069
10856151
10856193
10856199
10856213
10856339
10856471
10856615
10856671
10856713
10856769
10856795
10856933
10856983
10857121
10857145
10857185
10857357
10857415
10857505
10857571
10857573
10857595
10857631
10857791
10857825
10857875
10858133
10858227
10858431
10858551
10858573
10858597
10858647
10858649
10858725
10858733
10858841
10858861
10858933
10858941
10858949
10859063
10859119
10859165
10859265
10859287
10859431
10859453
10859527
10859817
10859947
10860157
10860225
10860233
10860401
10860407
10860447
10860685
10860689
10860923
10860993
10861123
10861187
10861193
10861235
10861249
10861255
10861257
10861269
10861307
10861443
10861461
10861589
10861623
10861675
10861745
10861845
10861923
10861975
10862083
10862089
10862143
10862151
10862171
10862249
10862295
10862363
10862389
10862505
10862669
10862681
10862813
10862829
10862847
10862945
10862959
10863033
10863115
10863133
10863203
10863235
10863311
10863325
10863409
10863479
10863503
10863505
10863623
10863637
10863669
10863775
10863811
10863841
10863895
10863927
10863969
10863997
10864099
10864243
10864395
10864405
10864473
10864511
10864655
10864859
10864899
10864941
10865081
10865179
10865207
10865221
10865261
10865455
10865525
10865543
10865651
10865735
10866005
10866025
10866243
10866267
10866303
10866331
10866341
10866463
10866485
10866511
10866691
10866703
10866711
10866787
10866835
10866975
10867001
10867147
10867191
10867241
10867287
10867601
10867669
10867781
10867893
10867937
10867955
10867991
10868087
10868169
10868225
10868429
10868495
10868655
10868691
10868745
10868807
10868835
10868865
10868911
10868945
10869101
10869215
10869261
10869273
10869281
10869345
10869431
10869459
10869523
10869533
10869539
10869599
10869615
10869779
10869805
10869899
10869909
10870049
10870101
10870137
10870151
10870343
10870369
10870391
10870393
10870587
10870691
10870803
10870837
10870869
10870975
10871285
10871415
10871527
10871577
10871607
10871613
10871813
10871851
10871933
10872033
10872077
10872135
10872155
10872181
10872251
10872285
10872327
10872345
10872403
10872487
10872579
10872769
10872827
10872833
10872841
10872963
10873117
10873161
10873241
10873281
10873317
10873349
10873371
10873483
10873781
10873803
10873809
10873847
10873969
10874027
10874197
10874279
10874377
10874395
10874533
10874597
10874663
10874771
10874829
10874945
10874967
10875061
10875153
10875173
10875193
10875305
10875335
10875431
10875463
10875635
10875673
10875675
10875825
10875935
10876085
10876197
10876231
10876311
10876363
10876447
10876561
10876571
10876625
10876691
10876723
10876803
10876813
10876841
10876907
10876913
10876917
10876997
10877063
10877231
10877271
10877287
10877365
10877459
10877475
10877485
10877501
10877577
10877605
10877835
10877887
10877959
10877973
10878007
10878087
10878113
10878119
10878259
10878441
10878463
10878529
10878685
10878713
10878785
10878835
10878913
10878915
10878981
10878985
10879099
10879167
10879215
10879279
10879493
10879517
10879731
10879737
10879775
10879849
10879937
10880105
10880185
10880187
10880217
10880261
10880381
10880481
10880485
10880873
10881049
10881061
10881065
10881069
10881249
10881251
10881253
10881267
10881291
10881353
10881371
10881389
10881443
10881627
10881665
10881707
10881763
10881809
10881861
10881871
10881907
10881947
10882123
10882127
10882133
10882145
10882157
10882229
10882327
10882341
10882441
10882671
10882747
10882757
10882769
10882803
10882821
10882857
10882901
10882903
10882909
10883011
10883021
10883039
10883157
10883255
10883319
10883329
10883351
10883369
10883581
10883585
10883685
10883773
10883795
10883799
10883819
10883853
10883871
10883899
10884013
10884089
10884097
10884135
10884161
10884273
10884347
10884413
10884419
10884517
10884569
10884729
10884735
10884867
10884913
10885001
10885071
10885153
10885259
10885293
10885411
10885415
10885453
10885623
10885691
10885697
10885813
10885831
10885861
10885863
10885919
10885971
10886031
10886081
10886191
10886197
10886301
10886307
10886337
10886463
10886607
10886725
10886755
10886779
10886805
10886809
10886859
10887001
10887047
10887101
10887109
10887193
10887491
10887511
10887627
10887631
10887789
10887921
10888121
10888209
10888223
10888243
10888261
10888363
10888433
10888481
10888567
10888601
10888649
10888659
10888889
10889065
10889131
10889215
10889309
10889355
10889365
10889447
10889461
10889521
10889543
10889547
10889569
10889583
10889657
10889709
10889745
10889753
10889835
10889861
10889889
10889989
10890105
10890465
10890487
10890539
10890659
10890707
10890771
10890797
10890801
10890825
10890953
10891269
10891359
10891381
10891467
10891499
10891525
10891533
10891633
10891689
10891721
10891747
10891767
10891843
10891937
10891971
10891975
10891989
10892017
10892041
10892043
10892045
10892287
10892485
10892489
10892525
10892555
10892559
10892687
10892819
10892891
10892931
10893053
10893063
10893173
10893287
10893341
10893353
10893355
10893383
10893653
10893691
10893767
10893867
10893911
10893919
10893977
10893991
10894251
10894269
10894281
10894297
10894497
10894739
10894743
10894837
10894841
10894951
10895025
10895101
10895139
10895211
10895247
10895263
10895293
10895295
10895417
10895431
10895461
10895537
10895539
10895593
10895595
10895671
10895725
10895737
10895845
10895863
10896163
10896313
10896339
10896433
10896527
10896535
10896539
10896589
10896743
10896793
10896799
10896821
10896869
10896927
10896955
10896967
10897239
10897249
10897259
10897293
10897375
10897589
10897627
10897641
10897723
10897765
10897767
10897865
10897919
10898185
10898277
10898295
10898313
10898543
10898607
10898637
10898691
10898761
10898849
10898891
10898935
10898985
10898991
10899041
10899075
10899101
10899481
10899525
10899545
10899573
10899599
10899663
10899713
10899887
10899911
10899997
10900041
10900043
10900177
10900389
10900401
10900407
10900457
10900563
10900567
10900747
10900773
10900829
10900997
10901021
10901275
10901351
10901355
10901377
10901395
10901439
10901529
10901543
10901759
10901771
10901869
10901945
10902073
10902135
10902381
10902441
10902473
10902629
10902635
10902761
10902763
10902827
10902905
10902923
10903003
10903019
10903055
10903073
10903099
10903183
10903237
10903343
10903369
10903393
10903395
10903475
10903535
10903591
10903691
10903697
10903781
10904007
10904025
10904037
10904375
10904487
10904553
10904555
10904559
10904573
10904581
10904781
10904793
10904849
10904927
10904957
10904993
10905043
10905127
10905217
10905273
10905299
10905387
10905485
10905527
10905605
10905645
10905671
10905717
10905907
10905921
10906183
10906319
10906411
10906451
10906507
10906529
10906565
10906587
10906881
10907149
10907151
10907191
10907247
10907251
10907349
10907369
10907413
10907493
10907649
10907691
10907839
10907865
10907875
10907917
10907973
10908067
10908073
10908081
10908387
10908397
10908431
10908475
10908541
10908655
10908663
10908669
10908673
10908793
10908847
10908863
10908929
10908967
10909039
10909185
10909187
10909307
10909385
10909391
10909425
10909467
10909489
10909603
10909755
10909761
10909957
10910035
10910075
10910135
10910211
10910253
10910255
10910345
10910427
10910533
10910571
10910575
10910581
10910707
10910761
10910765
10910891
10910989
10911109
10911181
10911369
10911373
10911423
10911455
10911531
10911625
10911667
10911695
10911741
10911889
10911959
10911991
10912005
10912165
10912193
10912207
10912209
10912223
10912291
10912309
10912377
10912491
10912565
10912657
10912703
10912795
10912857
10912929
10912983
10913011
10913091
10913139
10913147
10913205
10913429
10913469
10913519
10913561
10913725
10913797
10913815
10914091
10914133
10914295
10914427
10914451
10914547
10914663
10914961
10915011
10915033
10915125
10915203
10915207
10915223
10915303
10915415
10915475
10915521
10915547
10915647
10915999
10916003
10916021
10916049
10916063
10916077
10916145
10916193
10916221
10916343
10916353
10916363
10916385
10916391
10916395
10916427
10916445
10916661
10916745
10916759
10916901
10916923
10916933
10916939
10916957
10916969
10917011
10917139
10917203
10917505
10917581
10917625
10917627
10917659
10917761
10917833
10917853
10917955
10917973
10917989
10918005
10918053
10918167
10918335
10918337
10918347
10918399
10918515
10918593
10918697
10918861
10918891
10919057
10919267
10919387
10919393
10919515
10919523
10919649
10919847
10919993
10920023
10920059
10920113
10920207
10920219
10920235
10920319
10920621
10920625
10920741
10920809
10920831
10920855
10921023
10921025
10921071
10921143
10921527
10921667
10921703
10921709
10921731
10921845
10921919
10921931
10922041
10922129
10922171
10922197
10922215
10922287
10922313
10922333
10922337
10922393
10922505
10922653
10922659
10922803
10922883
10922941
10923007
10923033
10923047
10923169
10923231
10923303
10923355
10923385
10923453
10923499
10923517
10923523
10923569
10923585
10923607
10923657
10923721
10923769
10923833
10923881
10923993
10924131
10924173
10924229
10924383
10924455
10924475
10924511
10924607
10924793
10924801
10924809
10924859
10924907
10925105
10925151
10925307
10925441
10925485
10925497
10925499
10925537
10925719
10925765
10925837
10925845
10925907
10926031
10926053
10926119
10926189
10926291
10926297
10926463
10926533
10926783
10926791
10926833
10926889
10926943
10927061
10927145
10927163
10927213
10927271
10927381
10927427
10927437
10927449
10927473
10927517
10927639
10927719
10927739
10927753
10927933
10928101
10928387
10928469
10928491
10928503
10928585
10928655
10928773
10928785
10928817
10928835
10928999
10929039
10929145
10929149
10929207
10929561
10929631
10929739
10929787
10929849
10929925
10929927
10929957
10930051
10930061
10930229
10930391
10930445
10930615
10930617
10930641
10930705
10930735
10930745
10931029
10931075
10931127
10931147
10931183
10931333
10931371
10931377
10931389
10931437
10931539
10931583
10931599
10931647
10931659
10931847
10931885
10932137
10932183
10932287
10932465
10932517
10932563
10932585
10932627
10932651
10932687
10932737
10932893
10932897
10932927
10933033
10933059
10933089
10933135
10933209
10933247
10933317
10933361
10933421
10933493
10933535
10933559
10933633
10933737
10933805
10933811
10933985
10934123
10934211
10934223
10934251
10934301
10934311
10934479
10934515
10934557
10934611
10934619
10934807
10935111
10935117
10935197
10935233
10935353
10935393
10935415
10935527
10935677
10935679
10935723
10935759
10935775
10935899
10935921
10935987
10936121
10936139
10936159
10936301
10936351
10936375
10936551
10936553
10936591
10936649
10936661
10936671
10936715
10936735
10936765
10936831
10936897
10936903
10936917
10936945
10936973
10937135
10937145
10937235
10937275
10937433
10937497
10937583
10937607
10937671
10937793
10937971
10937989
10938023
10938069
10938259
10938273
10938309
10938413
10938455
10938479
10938523
10938553
10938599
10938673
10938803
10938907
10938979
10939117
10939157
10939179
10939289
10939303
10939483
10939495
10939613
10939767
10939857
10939949
10939983
10940087
10940119
10940155
10940325
10940351
10940413
10940431
10940457
10940515
10940569
10940621
10940849
10940913
10941285
10941297
10941441
10941467
10941505
10941561
10941585
10941597
10941631
10941729
10941851
10941855
10941995
10942029
10942071
10942183
10942199
10942225
10942241
10942345
10942485
10942553
10942607
10942623
10942661
10942775
10942885
10942955
10943093
10943105
10943261
10943341
10943367
10943475
10943481
10943839
10943935
10944027
10944205
10944207
10944245
10944291
10944337
10944341
10944461
10944531
10944691
10944695
10944735
10944763
10944839
10944921
10944985
10944999
10945009
10945019
10945049
10945269
10945351
10945397
10945455
10945591
10945663
10945727
10945769
10945773
10945809
10945851
10945875
10946097
10946185
10946247
10946259
10946313
10946419
10946451
10946487
10946497
10946569
10946573
10946627
10946633
10946679
10946691
10946709
10946723
10946789
10946845
10946903
10947115
10947267
10947397
10947407
10947477
10947503
10947507
10947591
10947699
10947707
10947781
10947815
10947955
10948091
10948121
10948329
10948405
10948411
10948451
10948535
10948615
10948703
10948787
10948799
10948819
10948873
10949009
10949015
10949053
10949181
10949201
10949205
10949371
10949525
10949613
10949669
10949687
10949723
10949775
10949781
10949853
10950063
10950131
10950259
10950357
10950361
10950549
10950661
10950691
10950703
10950791
10950837
10950851
10950955
10950973
10951093
10951121
10951159
10951277
10951339
10951395
10951461
10951497
10951617
10951685
10951893
10951899
10952037
10952073
10952161
10952357
10952365
10952379
10952473
10952477
10952577
10952661
10952717
10952799
10952911
10952925
10952973
10953037
10953055
10953073
10953089
10953359
10953387
10953411
10953467
10953539
10953571
10953603
10953719
10953779
10953927
10954005
10954055
10954075
10954205
10954325
10954375
10954421
10954453
10954573
10954699
10954825
10954839
10954953
10954963
10954975
10955015
10955177
10955227
10955357
10955375
10955403
10955531
10955723
10955725
10955811
10955869
10955979
10955983
10956035
10956101
10956113
10956209
10956215
10956279
10956377
10956465
10956511
10956599
10956797
10956833
10956847
10956911
10956919
10956943
10957005
10957163
10957215
10957325
10957545
10957549
10957555
10957569
10957623
10957629
10957697
10957863
10957875
10957895
10957917
10958125
10958201
10958309
10958373
10958479
10958567
10958685
10958833
10958883
10958897
10958947
10958989
10959035
10959083
10959359
10959409
10959451
10959469
10960021
10960119
10960167
10960247
10960251
10960289
10960425
10960451
10960607
10960721
10960771
10960803
10960811
10960849
10960865
10960887
10960915
10961099
10961313
10961387
10961403
10961545
10961555
10961599
10961619
10961629
10961681
10961733
10961777
10961823
10961949
10962173
10962245
10962257
10962335
10962457
10962459
10962479
10962503
10962723
10962725
10962779
10962841
10962857
10962949
10963085
10963161
10963213
10963301
10963345
10963363
10963485
10963511
10963595
10963601
10963641
10963645
10963717
10963881
10963909
10963985
10964007
10964115
10964165
10964203
10964435
10964449
10964521
10964627
10964733
10964791
10964909
10964915
10964993
10965113
10965155
10965255
10965267
10965347
10965483
10965663
10965735
10965769
10965815
10965829
10965853
10965925
10966019
10966103
10966135
10966145
10966251
10966259
10966281
10966303
10966309
10966341
10966403
10966431
10966489
10966505
10966543
10966595
10966603
10966673
10966807
10967185
10967425
10967483
10967591
10967681
10967711
10967759
10967783
10967801
10967817
10967885
10967969
10968001
10968015
10968145
10968189
10968199
10968253
10968457
10968459
10968491
10968665
10968681
10968719
10968747
10968871
10968889
10968925
10968937
10969013
10969045
10969135
10969155
10969285
10969311
10969343
10969441
10969493
10969513
10969659
10969677
10969681
10969713
10969759
10969777
10969779
10969813
10969823
10970029
10970047
10970119
10970131
10970211
10970291
10970301
10970403
10970471
10970473
10970565
10970587
10970663
10970905
10970955
10971125
10971177
10971191
10971285
10971329
10971379
10971393
10971441
10971563
10971683
10971697
10971703
10971771
10971777
10971821
10971911
10971937
10972081
10972177
10972347
10972399
10972403
10972423
10972527
10972537
10972549
10972611
10972681
10972697
10972731
10972919
10973013
10973125
10973207
10973255
10973375
10973405
10973465
10973491
10973611
10973615
10973657
10973669
10973767
10973771
10973863
10974093
10974135
10974143
10974205
10974451
10974469
10974475
10974589
10974629
10974727
10974733
10974867
10974869
10974881
10975087
10975141
10975175
10975489
10975525
10975559
10975711
10976019
10976097
10976133
10976205
10976255
10976373
10976423
10976427
10976543
10976559
10976599
10976809
10977029
10977085
10977133
10977191
10977239
10977249
10977259
10977317
10977329
10977343
10977397
10977401
10977463
10977495
10977585
10977613
10977627
10977681
10978011
10978013
10978045
10978101
10978289
10978597
10978629
10978675
10978835
10978937
10979063
10979137
10979243
10979457
10979467
10979627
10979633
10979647
10979735
10979859
10979901
10979903
10979913
10979975
10979979
10979983
10980009
10980017
10980065
10980091
10980181
10980217
10980227
10980245
10980301
10980387
10980435
10980547
10980707
10980763
10980881
10980955
10981085
10981115
10981119
10981161
10981427
10981469
10981551
10981603
10981639
10981669
10981717
10981779
10981903
10981905
10981939
10981947
10982125
10982375
10982507
10982521
10982563
10982725
10982733
10982755
10982873
10983099
10983113
10983199
10983239
10983447
10983487
10983547
10983709
10983933
10983967
10984029
10984081
10984109
10984257
10984293
10984361
10984371
10984391
10984415
10984451
10984513
10984593
10984653
10984761
10984771
10984859
10984927
10984941
10984969
10984971
10985165
10985213
10985267
10985321
10985441
10985477
10985573
10985615
10985679
10985709
10985847
10985875
10985985
10986117
10986121
10986129
10986229
10986233
10986245
10986339
10986365
10986457
10986593
10986625
10986667
10986681
10986759
10986811
10986889
10987153
10987193
10987407
10987549
10987565
10987573
10987603
10987665
10987679
10987713
10987715
10987785
10987955
10987969
10987999
10988053
10988087
10988107
10988119
10988209
10988333
10988571
10988601
10988639
10988649
10988701
10988729
10988757
10988875
10988905
10988919
10988969
10989071
10989105
10989117
10989153
10989187
10989225
10989405
10989421
10989485
10989553
10989701
10989759
10989809
10989885
10989947
10990001
10990099
10990257
10990269
10990379
10990423
10990459
10990467
10990473
10990515
10990641
10990655
10990657
10990679
10990689
10990753
10990781
10990789
10990985
10990995
10991023
10991243
10991251
10991295
10991337
10991401
10991433
10991479
10991733
10991819
10991903
10991927
10991935
10991951
10991967
10992003
10992105
10992147
10992169
10992305
10992481
10992509
10992565
10992605
10992745
10992829
10992849
10992925
10993033
10993051
10993081
10993171
10993287
10993297
10993323
10993333
10993371
10993471
10993627
10993685
10994007
10994099
10994383
10994447
10994489
10994677
10994773
10994947
10994949
10994981
10994999
10995087
10995145
10995173
10995183
10995651
10995733
10995743
10995897
10995899
10995969
10996101
10996131
10996283
10996333
10996373
10996397
10996443
10996495
10996563
10996617
10996721
10996817
10996993
10997083
10997301
10997363
10997389
10997465
10997731
10997823
10997859
10997959
10997975
10997997
10998013
10998115
10998279
10998287
10998305
10998313
10998457
10998525
10998547
10998629
10998657
10998667
10998717
10998727
10998755
10998839
10998865
10998941
10998945
10999017
10999183
10999193
10999369
10999375
10999445
10999483
10999605
10999611
10999709
10999821
10999853
10999995
