# proven primes: b with (b^16+1)/2 prime (aprcl), block [11000000,12000000)
11000075
11000117
11000163
11000201
11000223
11000227
11000317
11000321
11000353
11000375
11000399
11000489
11000511
11000555
11000669
11000713
11000893
11001123
11001303
11001425
11001595
11001627
11001707
11001717
11001885
11002015
11002137
11002175
11002229
11002301
11002321
11002427
11002657
11002709
11002851
11002865
11003033
11003057
11003119
11003217
11003341
11003453
11003465
11003597
11003671
11003673
11004009
11004071
11004167
11004231
11004333
11004343
11004365
11004485
11004553
11004593
11004635
11004821
11004823
11004847
11004885
11004887
11004925
11004931
11005243
11005355
11005387
11005533
11005547
11005793
11005845
11005969
11005999
11006017
11006173
11006241
11006369
11006371
11006385
11006455
11006603
11006705
11006783
11006833
11006843
11007071
11007131
11007171
11007307
11007309
11007375
11007485
11007727
11007777
11007835
11007845
11007853
11007919
11007965
11008007
11008081
11008135
11008237
11008287
11008297
11008449
11008457
11008515
11008579
11008883
11008925
11008979
11009059
11009073
11009095
11009099
11009137
11009153
11009217
11009345
11009513
11009565
11009603
11009715
11009797
11009913
11009989
11010229
11010307
11010397
11010495
11010507
11010637
11010743
11010759
11010811
11010827
11010961
11011027
11011035
11011037
11011047
11011053
11011087
11011091
11011117
11011151
11011239
11011279
11011333
11011343
11011369
11011391
11011545
11011575
11011673
11011867
11011965
11011995
11012105
11012113
11012131
11012199
11012225
11012327
11012349
11012375
11012383
11012385
11012427
11012489
11012515
11012607
11012627
11012643
11012717
11012745
11012881
11012917
11012919
11012927
11012991
11013057
11013095
11013127
11013391
11013551
11013631
11013739
11013751
11013851
11013853
11014035
11014127
11014173
11014199
11014381
11014449
11014509
11014511
11014641
11014787
11014927
11015237
11015503
11015643
11015647
11015769
11015779
11015939
11015989
11016073
11016085
11016097
11016231
11016253
11016257
11016283
11016321
11016337
11016405
11016599
11016665
11016749
11016801
11016847
11016905
11017049
11017051
11017141
11017229
11017237
11017555
11017701
11017869
11017953
11018035
11018115
11018277
11018473
11018613
11018623
11018715
11018787
11018945
11018977
11019005
11019049
11019085
11019125
11019207
11019401
11019479
11019545
11019583
11019585
11019613
11019617
11019619
11019775
11019871
11019879
11019965
11020001
11020127
11020253
11020361
11020483
11020511
11020519
11020533
11020541
11020979
11021011
11021111
11021165
11021179
11021187
11021235
11021245
11021335
11021369
11021371
11021445
11021485
11021541
11021601
11021621
11021697
11021711
11021851
11021893
11021919
11021949
11021957
11022049
11022057
11022133
11022269
11022527
11022605
11022613
11022681
11022691
11022739
11022811
11022849
11022907
11022947
11022967
11022977
11023067
11023075
11023155
11023431
11023665
11023687
11023829
11023833
11024037
11024121
11024331
11024363
11024415
11024673
11024819
11024933
11025021
11025109
11025123
11025229
11025367
11025373
11025397
11025445
11025447
11025537
11025623
11025633
11025701
11025715
11025757
11025767
11025785
11025835
11025891
11025959
11025975
11025979
11025981
11026005
11026097
11026151
11026177
11026381
11026531
11026605
11026637
11026659
11026663
11026709
11026745
11026879
11026927
11027125
11027147
11027153
11027169
11027397
11027445
11027521
11027577
11027699
11027745
11028001
11028029
11028109
11028149
11028153
11028183
11028259
11028351
11028405
11028439
11028477
11028479
11028511
11028519
11028571
11028713
11028817
11028895
11028965
11029059
11029107
11029123
11029173
11029271
11029301
11029389
11029447
11029741
11029959
11030051
11030193
11030225
11030237
11030271
11030409
11030429
11030743
11030753
11030797
11030799
11030997
11031007
11031027
11031065
11031163
11031187
11031201
11031207
11031289
11031361
11031381
11031575
11031603
11031623
11031669
11031699
11031751
11031859
11031867
11032095
11032215
11032233
11032601
11032639
11032679
11032739
11032815
11032937
11032963
11032985
11033087
11033151
11033209
11033385
11033455
11033461
11033463
11033591
11033637
11033671
11033719
11033871
11033985
11034003
11034109
11034299
11034587
11034671
11034867
11035009
11035069
11035209
11035227
11035261
11035307
11035591
11035751
11035895
11035915
11035997
11036069
11036083
11036117
11036157
11036265
11036269
11036637
11036743
11036995
11037015
11037037
11037109
11037325
11037347
11037393
11037421
11037623
11037635
11037657
11037767
11037873
11037985
11038053
11038093
11038159
11038227
11038285
11038299
11038333
11038685
11038697
11038779
11038809
11038927
11039011
11039049
11039087
11039097
11039169
11039171
11039271
11039317
11039403
11039433
11039441
11039447
11039451
11039457
11039545
11039549
11039563
11039591
11039601
11039683
11039883
11039925
11039971
11039981
11040037
11040071
11040117
11040129
11040253
11040315
11040371
11040383
11040503
11040537
11040549
11040669
11040727
11041035
11041109
11041489
11041545
11041547
11041665
11041761
11041919
11041931
11041993
11042131
11042195
11042351
11042395
11042419
11042609
11042625
11042643
11042735
11042941
11042967
11043029
11043041
11043047
11043521
11043547
11043953
11044011
11044107
11044469
11044627
11044749
11044799
11044805
11044919
11044945
11045095
11045167
11045199
11045213
11045217
11045249
11045443
11045503
11045531
11045601
11045605
11045645
11045731
11045771
11045837
11045865
11045935
11045937
11046059
11046119
11046201
11046295
11046413
11046443
11046449
11046629
11046689
11046773
11046889
11046937
11047013
11047093
11047133
11047159
11047167
11047273
11047313
11047403
11047507
11047661
11047715
11047725
11047879
11047949
11047951
11048019
11048071
11048099
11048211
11048225
11048275
11048333
11048459
11048585
11048761
11048881
11048911
11048941
11048975
11049029
11049109
11049307
11049415
11049561
11049635
11049739
11049753
11049773
11049777
11049779
11049841
11049849
11049881
11050019
11050197
11050267
11050269
11050281
11050335
11050439
11050515
11050595
11050601
11050621
11050641
11050783
11050849
11050935
11050943
11051169
11051171
11051221
11051289
11051307
11051399
11051439
11051495
11051527
11051557
11051585
11051637
11051645
11051765
11051797
11051809
11051821
11051873
11051947
11052127
11052133
11052163
11052177
11052185
11052197
11052227
11052313
11052369
11052519
11052563
11052589
11052593
11052703
11052719
11052779
11052877
11052883
11052897
11052913
11052943
11052951
11052997
11053151
11053339
11053367
11053391
11053405
11053431
11053445
11053463
11053573
11053639
11053651
11053845
11053917
11054241
11054249
11054331
11054367
11054421
11054467
11054511
11054599
11054637
11054655
11054667
11054777
11054791
11054879
11054977
11055015
11055047
11055139
11055165
11055201
11055345
11055367
11055435
11055475
11055511
11055567
11055651
11055669
11055715
11055759
11055813
11055845
11055851
11055867
11055899
11056143
11056241
11056389
11056469
11056513
11056521
11056567
11056577
11056643
11056645
11056717
11056811
11056841
11056873
11056875
11056893
11056939
11057105
11057109
11057257
11057467
11057559
11057611
11057757
11057817
11057847
11057855
11057979
11058205
11058207
11058243
11058283
11058295
11058459
11058667
11058671
11058673
11058801
11058849
11058927
11058957
11059049
11059055
11059083
11059093
11059153
11059235
11059249
11059305
11059337
11059369
11059671
11059819
11059835
11059893
11059913
11059941
11060039
11060213
11060329
11060371
11060515
11060581
11060657
11060687
11060693
11060743
11060907
11060949
11061007
11061021
11061025
11061257
11061341
11061407
11061413
11061583
11061603
11061677
11061703
11061795
11061875
11061879
11061913
11062077
11062079
11062083
11062155
11062207
11062275
11062311
11062401
11062537
11062603
11062613
11062769
11062819
11062893
11062947
11062973
11062997
11063017
11063155
11063181
11063237
11063263
11063317
11063401
11063529
11063585
11063709
11063763
11063817
11063929
11063935
11063989
11064107
11064151
11064477
11064609
11064649
11064747
11064839
11064881
11064953
11065059
11065087
11065231
11065273
11065345
11065373
11065419
11065469
11065523
11065549
11065747
11065783
11065893
11065965
11066029
11066101
11066227
11066337
11066345
11066351
11066507
11066619
11067005
11067093
11067109
11067209
11067211
11067285
11067387
11067401
11067403
11067537
11067541
11067729
11067789
11067835
11067871
11067907
11067993
11068057
11068067
11068077
11068129
11068135
11068239
11068411
11068433
11068445
11068537
11068571
11068581
11068629
11068657
11068691
11068705
11068775
11068849
11068857
11068879
11068961
11068977
11068999
11069323
11069409
11069421
11069569
11069809
11070017
11070031
11070067
11070179
11070225
11070297
11070387
11070597
11070713
11070837
11070897
11071071
11071203
11071219
11071291
11071303
11071311
11071419
11071467
11071479
11071675
11071727
11071871
11071939
11071995
11072005
11072029
11072123
11072125
11072137
11072171
11072321
11072327
11072469
11072553
11072615
11072635
11072691
11072827
11072873
11072937
11072999
11073033
11073133
11073169
11073311
11073523
11073579
11073667
11073671
11073825
11073965
11074111
11074129
11074137
11074141
11074143
11074261
11074343
11074395
11074437
11074475
11074487
11074569
11074585
11074757
11074845
11074917
11074999
11075023
11075093
11075107
11075125
11075137
11075177
11075209
11075273
11075489
11075519
11075545
11075563
11075601
11075623
11075697
11075729
11075821
11075871
11075943
11075957
11076147
11076189
11076315
11076327
11076345
11076365
11076423
11076467
11076489
11076519
11076525
11076595
11076613
11076617
11076655
11076667
11076745
11076981
11077005
11077107
11077135
11077523
11077611
11077655
11077825
11077945
11077975
11078005
11078013
11078029
11078065
11078083
11078207
11078287
11078329
11078349
11078427
11078525
11078539
11078549
11078657
11078727
11078763
11078993
11079013
11079071
11079087
11079259
11079341
11079415
11079495
11079757
11079819
11079835
11079917
11080079
11080157
11080433
11080465
11080479
11080575
11080577
11080579
11080659
11080689
11080707
11080759
11080763
11080855
11080951
11080987
11081047
11081091
11081285
11081449
11081559
11081603
11081711
11081729
11081905
11082121
11082215
11082221
11082311
11082421
11082453
11082459
11082483
11082485
11082503
11082517
11082523
11082553
11082639
11082695
11082741
11082749
11082879
11082939
11082945
11083255
11083257
11083377
11083445
11083749
11083769
11083835
11083855
11083873
11083895
11083957
11083979
11084001
11084011
11084189
11084237
11084239
11084313
11084357
11084375
11084431
11084585
11084687
11084761
11084871
11084875
11085067
11085139
11085221
11085255
11085307
11085311
11085315
11085407
11085411
11085577
11085705
11085905
11086189
11086321
11086525
11086627
11086675
11086705
11086729
11086747
11086847
11086917
11086985
11087025
11087063
11087097
11087103
11087141
11087165
11087175
11087211
11087251
11087453
11087587
11087655
11087865
11087951
11087965
11087983
11088123
11088211
11088349
11088423
11088493
11088543
11088561
11088667
11088727
11088765
11089009
11089087
11089133
11089257
11089425
11089675
11089751
11089799
11089817
11089891
11089911
11090091
11090113
11090121
11090163
11090265
11090277
11090297
11090517
11090539
11090585
11090603
11090707
11090819
11091449
11091547
11091569
11091583
11091667
11091671
11091739
11091809
11092009
11092031
11092059
11092235
11092267
11092277
11092335
11092395
11092423
11092489
11092575
11092579
11092639
11092933
11092947
11092993
11092999
11093005
11093079
11093145
11093209
11093219
11093229
11093307
11093379
11093411
11093475
11093523
11093531
11093609
11093613
11093659
11093675
11093689
11093691
11093713
11093817
11094027
11094133
11094229
11094235
11094257
11094327
11094359
11094437
11094455
11094471
11094575
11094641
11094651
11094933
11095095
11095151
11095283
11095403
11095537
11095551
11095821
11095927
11095953
11096073
11096119
11096189
11096251
11096259
11096603
11096853
11096865
11096871
11097019
11097093
11097157
11097197
11097335
11097365
11097371
11097383
11097389
11097447
11097657
11097661
11097677
11097775
11097883
11098063
11098085
11098109
11098123
11098135
11098141
11098147
11098171
11098193
11098243
11098287
11098357
11098373
11098377
11098391
11098401
11098503
11098517
11098583
11098705
11098745
11098835
11098907
11098931
11099015
11099107
11099175
11099275
11099291
11099295
11099445
11099457
11099565
11099611
11099745
11099871
11099917
11099927
11100109
11100285
11100295
11100303
11100319
11100439
11100515
11100707
11100865
11100883
11100899
11100923
11100927
11100967
11100993
11101295
11101345
11101377
11101425
11101517
11101601
11101681
11101811
11101997
11102001
11102077
11102125
11102131
11102185
11102243
11102325
11102531
11102533
11102583
11102705
11102741
11102791
11102911
11102925
11103003
11103119
11103155
11103191
11103237
11103289
11103339
11103353
11103419
11103455
11103489
11103493
11103541
11103583
11103631
11103711
11103843
11103881
11103969
11104017
11104071
11104157
11104271
11104295
11104343
11104395
11104415
11104613
11104819
11104933
11104943
11104973
11105005
11105173
11105217
11105301
11105401
11105473
11105519
11105543
11105671
11105731
11105745
11105845
11106001
11106083
11106099
11106121
11106301
11106331
11106409
11106533
11106719
11106809
11106991
11107001
11107143
11107177
11107191
11107379
11107453
11107455
11107553
11107573
11107633
11107649
11107679
11107739
11107819
11107863
11107959
11107977
11107987
11108009
11108213
11108365
11108433
11108445
11108593
11108611
11108623
11108637
11108659
11108683
11108729
11108781
11108817
11108819
11108975
11108989
11108999
11109009
11109121
11109191
11109241
11109263
11109357
11109371
11109497
11109565
11109603
11109653
11109657
11109677
11109691
11109789
11109903
11109967
11110193
11110197
11110203
11110269
11110275
11110321
11110363
11110491
11110573
11110587
11110673
11110773
11110879
11110939
11111147
11111199
11111269
11111291
11111307
11111351
11111421
11111461
11111507
11111545
11111571
11111625
11111721
11111821
11111845
11111847
11111867
11111919
11112041
11112115
11112125
11112341
11112391
11112479
11112525
11112547
11112553
11112659
11112661
11112691
11112737
11112797
11112887
11113031
11113113
11113149
11113167
11113497
11113589
11113639
11113655
11113685
11113753
11114007
11114069
11114189
11114255
11114317
11114349
11114455
11114561
11114665
11114827
11114859
11114863
11115095
11115131
11115149
11115231
11115243
11115313
11115411
11115557
11115653
11115697
11115705
11115817
11115841
11115969
11116031
11116241
11116249
11116259
11116275
11116283
11116559
11116577
11116947
11116977
11117097
11117377
11117391
11117417
11117447
11117497
11117739
11117769
11117833
11117855
11117911
11117913
11117933
11117973
11118105
11118129
11118153
11118169
11118247
11118309
11118329
11118433
11118487
11118603
11118643
11118793
11118795
11118845
11118867
11118905
11119095
11119239
11119245
11119327
11119425
11119459
11119541
11119579
11119749
11119751
11119791
11119845
11119849
11119907
11119975
11120037
11120063
11120127
11120271
11120317
11120439
11120559
11120575
11120623
11120749
11120763
11120847
11120873
11120939
11121015
11121073
11121081
11121085
11121089
11121111
11121163
11121319
11121417
11121423
11121449
11121461
11121541
11121543
11121561
11121731
11121783
11121837
11121873
11121907
11121933
11121979
11122109
11122111
11122209
11122255
11122289
11122423
11122625
11122779
11122795
11123065
11123151
11123325
11123361
11123469
11123557
11123655
11123659
11123773
11123813
11123877
11123969
11124017
11124035
11124097
11124101
11124163
11124243
11124267
11124317
11124357
11124405
11124421
11124427
11124439
11124443
11124457
11124571
11124573
11124625
11124765
11124897
11124917
11124969
11125041
11125063
11125189
11125327
11125335
11125473
11125489
11125599
11125621
11125649
11125659
11125715
11125767
11125789
11125807
11125825
11125889
11125985
11126015
11126033
11126127
11126167
11126439
11126529
11126593
11126615
11126645
11126675
11126683
11126701
11126725
11126887
11126911
11127039
11127117
11127201
11127225
11127243
11127253
11127463
11127469
11127525
11127527
11127605
11127837
11127847
11127887
11127991
11128025
11128033
11128215
11128225
11128303
11128349
11128507
11128543
11128771
11128809
11129057
11129149
11129239
11129513
11129545
11129583
11129785
11129851
11129859
11129877
11130063
11130127
11130161
11130163
11130175
11130263
11130303
11130335
11130347
11130357
11130359
11130441
11130451
11130471
11130475
11130513
11130555
11130563
11130657
11130679
11130697
11130709
11130749
11130845
11130905
11130907
11130977
11131041
11131129
11131175
11131209
11131361
11131499
11131539
11131677
11131687
11131795
11131875
11131889
11132073
11132081
11132101
11132221
11132269
11132305
11132411
11132437
11132449
11132587
11132651
11132749
11132763
11132771
11132845
11132877
11132895
11132963
11133175
11133365
11133367
11133435
11133461
11133559
11133703
11133821
11133839
11133945
11133947
11134137
11134149
11134431
11134509
11134527
11134603
11134643
11134863
11134935
11134983
11135015
11135047
11135061
11135221
11135341
11135381
11135409
11135439
11135453
11135635
11135657
11135721
11135981
11135987
11136019
11136045
11136183
11136215
11136243
11136337
11136441
11136467
11136489
11136577
11136627
11136727
11136795
11136879
11136961
11137119
11137135
11137139
11137223
11137227
11137341
11137345
11137527
11137649
11137663
11137699
11137747
11137793
11137835
11137953
11138011
11138023
11138127
11138359
11138487
11138551
11138583
11138597
11138599
11138679
11138725
11138731
11138753
11138801
11138929
11138935
11139151
11139215
11139253
11139317
11139365
11139383
11139465
11139503
11139517
11139555
11139865
11139951
11139961
11140159
11140169
11140281
11140293
11140331
11140499
11140631
11140785
11140797
11140849
11140869
11140881
11140959
11140999
11141137
11141215
11141233
11141425
11141469
11141473
11141543
11141671
11141679
11141709
11141795
11141797
11141861
11141919
11142093
11142161
11142237
11142319
11142497
11142573
11142579
11142607
11142649
11142683
11142749
11142763
11142803
11142819
11142911
11142923
11142977
11143321
11143329
11143363
11143547
11143611
11143647
11143719
11143727
11143737
11143823
11143877
11143927
11144035
11144133
11144167
11144215
11144491
11144495
11144605
11144629
11144717
11144753
11144789
11144853
11144879
11144887
11144915
11145019
11145097
11145201
11145401
11145701
11145709
11145741
11145801
11145875
11145913
11145921
11145975
11146019
11146051
11146115
11146195
11146233
11146249
11146275
11146385
11146463
11146665
11146767
11146803
11146917
11146937
11147261
11147279
11147343
11147437
11147505
11147517
11147553
11147571
11147595
11147653
11147667
11147773
11147793
11147827
11148053
11148063
11148215
11148225
11148241
11148275
11148319
11148325
11148465
11148477
11148489
11148507
11148537
11148699
11148733
11148997
11149167
11149193
11149303
11149395
11149545
11149659
11149755
11149765
11149833
11150291
11150295
11150297
11150303
11150321
11150361
11150433
11150485
11150529
11150563
11150729
11150775
11150899
11150903
11150921
11150935
11150961
11151567
11151641
11151695
11151737
11151739
11151801
11151809
11151821
11151953
11151979
11151999
11152099
11152119
11152211
11152237
11152325
11152601
11152655
11152681
11152731
11152737
11152809
11152901
11152965
11153583
11153589
11153607
11153793
11153919
11153947
11154227
11154229
11154249
11154257
11154283
11154397
11154465
11154533
11154757
11154775
11154865
11154881
11154919
11155237
11155441
11155673
11155681
11155695
11155761
11155917
11156035
11156041
11156081
11156261
11156263
11156299
11156463
11156509
11156561
11156565
11156611
11156697
11156733
11156833
11156883
11156963
11156987
11157047
11157063
11157077
11157097
11157109
11157207
11157317
11157337
11157393
11157423
11157431
11157479
11157501
11157511
11157525
11157569
11157615
11157635
11157681
11157705
11157711
11157805
11157903
11157937
11158081
11158141
11158143
11158163
11158183
11158195
11158401
11158433
11158483
11158497
11158539
11158783
11158787
11158863
11159181
11159293
11159397
11159441
11159483
11159521
11159547
11159595
11159645
11159665
11159705
11159777
11159845
11159855
11159875
11159883
11160069
11160073
11160075
11160115
11160141
11160209
11160227
11160425
11160479
11160599
11160629
11160649
11160731
11160877
11160879
11161073
11161445
11161503
11161543
11161637
11161815
11161833
11161861
11161871
11161943
11161971
11162027
11162043
11162045
11162125
11162153
11162175
11162183
11162253
11162293
11162299
11162359
11162397
11162403
11162451
11162457
11162783
11162833
11162843
11162873
11162923
11162957
11163039
11163077
11163125
11163179
11163235
11163285
11163307
11163363
11163367
11163371
11163395
11163403
11163495
11163501
11163505
11163545
11163759
11163791
11163865
11163887
11163937
11163999
11164023
11164113
11164133
11164263
11164265
11164581
11164587
11164599
11164671
11164673
11164951
11165185
11165299
11165355
11165381
11165507
11165765
11165785
11165805
11165847
11165997
11166021
11166083
11166169
11166213
11166227
11166261
11166347
11166399
11166419
11166483
11166907
11167109
11167173
11167183
11167253
11167263
11167379
11167419
11167529
11167531
11167599
11167721
11167723
11167747
11167767
11167835
11167989
11168189
11168283
11168293
11168295
11168353
11168443
11168469
11168481
11168615
11168655
11168671
11168699
11168761
11168859
11168941
11169027
11169041
11169069
11169191
11169253
11169285
11169463
11169573
11169655
11169695
11169927
11170009
11170097
11170103
11170133
11170153
11170213
11170283
11170461
11170749
11170885
11171023
11171073
11171127
11171143
11171221
11171317
11171379
11171457
11171475
11171501
11171587
11171689
11171745
11171893
11171959
11172033
11172041
11172097
11172109
11172159
11172237
11172447
11172483
11172485
11172495
11172593
11172653
11172683
11172777
11172823
11172831
11172869
11172887
11172985
11173175
11173221
11173279
11173441
11173631
11173639
11173781
11173893
11174041
11174353
11174403
11174411
11174555
11174565
11174609
11174673
11174727
11174765
11174779
11174801
11175029
11175117
11175145
11175189
11175273
11175295
11175299
11175393
11175407
11175427
11175431
11175491
11175547
11175613
11175639
11175735
11175805
11175837
11175923
11175949
11175953
11175961
11175985
11175993
11176001
11176005
11176135
11176153
11176265
11176491
11176505
11176551
11176715
11176759
11176767
11176825
11176927
11176987
11177123
11177147
11177159
11177393
11177409
11177421
11177457
11177489
11177501
11177687
11177773
11177797
11178161
11178169
11178327
11178505
11178607
11178741
11178751
11178903
11178935
11179077
11179121
11179139
11179161
11179165
11179335
11179339
11179413
11179479
11179681
11179719
11179759
11179793
11179827
11179871
11179961
11180005
11180019
11180073
11180125
11180189
11180389
11180415
11180475
11180487
11180507
11180565
11180591
11180613
11180647
11180713
11180729
11180765
11180965
11181017
11181105
11181191
11181225
11181347
11181483
11181517
11181551
11181567
11181577
11181599
11181617
11181723
11181757
11181815
11181877
11181955
11181989
11182007
11182071
11182127
11182301
11182407
11182477
11182565
11182631
11182703
11182731
11182747
11182763
11182825
11182851
11182899
11182933
11182967
11182997
11183065
11183147
11183155
11183227
11183319
11183351
11183443
11183483
11183533
11183551
11183579
11183671
11183721
11183943
11184009
11184057
11184147
11184197
11184215
11184563
11184569
11184573
11184575
11184659
11184675
11184739
11184781
11184899
11184925
11184991
11185005
11185159
11185161
11185175
11185235
11185263
11185269
11185363
11185421
11185537
11185581
11185645
11185647
11185673
11185875
11185997
11186147
11186205
11186525
11186601
11186619
11186687
11186957
11187177
11187301
11187307
11187337
11187391
11187543
11187733
11187765
11187829
11187883
11187887
11188095
11188113
11188179
11188205
11188285
11188319
11188321
11188377
11188385
11188685
11188697
11188707
11188749
11188783
11188923
11188945
11188961
11188963
11189009
11189123
11189225
11189259
11189273
11189303
11189315
11189323
11189459
11189517
11189543
11189849
11189871
11189907
11189913
11189993
11190121
11190249
11190331
11190403
11190499
11190587
11190617
11190723
11190817
11190829
11190891
11190985
11191027
11191239
11191257
11191377
11191465
11191633
11191637
11191665
11191687
11191801
11191829
11191959
11191979
11192077
11192135
11192141
11192339
11192507
11192517
11192535
11192543
11192597
11192605
11192685
11192715
11192791
11192821
11192835
11192933
11192989
11193015
11193123
11193201
11193213
11193247
11193381
11193469
11193559
11193573
11193593
11193709
11193751
11193775
11193825
11193919
11194031
11194155
11194165
11194273
11194345
11194371
11194381
11194439
11194503
11194523
11194599
11194601
11194677
11194769
11194875
11194889
11194965
11195067
11195119
11195193
11195233
11195291
11195345
11195467
11195553
11195557
11195599
11195737
11195771
11195783
11195969
11196227
11196345
11196381
11196531
11196565
11196653
11196707
11196739
11196757
11196879
11196899
11197037
11197083
11197137
11197177
11197179
11197279
11197387
11197397
11197561
11197579
11197665
11197703
11197741
11197905
11197993
11198007
11198037
11198041
11198107
11198129
11198143
11198277
11198293
11198377
11198455
11198521
11198567
11198607
11198681
11198955
11198973
11198979
11198999
11199043
11199189
11199399
11199597
11199631
11199663
11199765
11199873
11199887
11200021
11200023
11200057
11200143
11200205
11200363
11200387
11200403
11200421
11200485
11200735
11200743
11200833
11200863
11200935
11200947
11200985
11201031
11201157
11201283
11201293
11201313
11201327
11201399
11201439
11201545
11201639
11201753
11201865
11201909
11201961
11202007
11202069
11202077
11202139
11202163
11202255
11202295
11202301
11202431
11202623
11202713
11202919
11203019
11203105
11203107
11203207
11203235
11203297
11203329
11203517
11203527
11203541
11203589
11203599
11203601
11203655
11203721
11203725
11203735
11203775
11203859
11203941
11204065
11204319
11204325
11204461
11204485
11204487
11204501
11204523
11204589
11204735
11204745
11204765
11204771
11204853
11204901
11204971
11205101
11205149
11205167
11205241
11205361
11205425
11205501
11205595
11205709
11205807
11205865
11206101
11206249
11206295
11206373
11206567
11206639
11206641
11206723
11206791
11206815
11206869
11207007
11207041
11207133
11207215
11207229
11207265
11207289
11207297
11207307
11207323
11207491
11207515
11207565
11207585
11207693
11207707
11207715
11207761
11207833
11207849
11207925
11207929
11208015
11208117
11208189
11208193
11208203
11208229
11208277
11208297
11208341
11208435
11208443
11208529
11208715
11208753
11208971
11208973
11209033
11209067
11209153
11209207
11209211
11209215
11209393
11209575
11209597
11209605
11209687
11209697
11209909
11209919
11209945
11210009
11210269
11210299
11210377
11210475
11210481
11210573
11210673
11210881
11211151
11211173
11211187
11211195
11211217
11211371
11211525
11211675
11211691
11211763
11211847
11211871
11212025
11212121
11212225
11212237
11212365
11212389
11212415
11212497
11212629
11212631
11212647
11212791
11212805
11212885
11212969
11213223
11213239
11213273
11213557
11213559
11213625
11213641
11213659
11213729
11213773
11213781
11213843
11213889
11213949
11213979
11213983
11214009
11214083
11214113
11214117
11214381
11214457
11214497
11214499
11214519
11214653
11214669
11214859
11214933
11214937
11215027
11215081
11215083
11215187
11215235
11215251
11215335
11215339
11215345
11215515
11215675
11215949
11215957
11215999
11216001
11216007
11216141
11216269
11216295
11216633
11216649
11216741
11216779
11216909
11216965
11217063
11217077
11217187
11217277
11217437
11217581
11217583
11217609
11217621
11217631
11217709
11217905
11217949
11217959
11217975
11218017
11218061
11218075
11218265
11218435
11218471
11218517
11218561
11218589
11218725
11218729
11218955
11219177
11219225
11219387
11219503
11219565
11219623
11219637
11219663
11219673
11219723
11219799
11219837
11219891
11220103
11220137
11220161
11220263
11220279
11220347
11220493
11220531
11220581
11220621
11220687
11220887
11220999
11221031
11221055
11221111
11221115
11221125
11221139
11221179
11221345
11221381
11221573
11221621
11221679
11221767
11221777
11221823
11221831
11221857
11221921
11221931
11221951
11222017
11222053
11222181
11222307
11222465
11222511
11222573
11222601
11222755
11222763
11223007
11223061
11223111
11223241
11223315
11223375
11223447
11223587
11223659
11223665
11223705
11223733
11223961
11223971
11224031
11224049
11224071
11224099
11224113
11224153
11224193
11224263
11224299
11224419
11224453
11224459
11224525
11224537
11224559
11224603
11224661
11224703
11224851
11224863
11225013
11225141
11225163
11225313
11225323
11225645
11225933
11225945
11225981
11226003
11226013
11226017
11226127
11226175
11226299
11226597
11226613
11227031
11227109
11227161
11227163
11227183
11227313
11227325
11227331
11227517
11227519
11227555
11227659
11227839
11227841
11227941
11227985
11228051
11228077
11228081
11228227
11228307
11228317
11228357
11228397
11228483
11228501
11228585
11228607
11228627
11228689
11228897
11228935
11228949
11229101
11229107
11229137
11229259
11229307
11229731
11229927
11230065
11230081
11230085
11230107
11230119
11230153
11230239
11230255
11230257
11230425
11230509
11230707
11230771
11230807
11230903
11230919
11231031
11231073
11231141
11231167
11231589
11231615
11231661
11231737
11231785
11231829
11231937
11231983
11232209
11232217
11232241
11232249
11232297
11232303
11232635
11232699
11232783
11232795
11232915
11233027
11233031
11233081
11233103
11233177
11233263
11233401
11233465
11233537
11233657
11233717
11233793
11233923
11233961
11234151
11234161
11234175
11234355
11234551
11234649
11234723
11234783
11234831
11234903
11234911
11235017
11235079
11235197
11235231
11235285
11235355
11235401
11235417
11235461
11235515
11235589
11235593
11235667
11235729
11235745
11235777
11235799
11235909
11235941
11235971
11235977
11235995
11236031
11236175
11236199
11236221
11236375
11236485
11236491
11236495
11236561
11236579
11236609
11236793
11236859
11236897
11236933
11237057
11237105
11237115
11237345
11237403
11237451
11237585
11237611
11237655
11237681
11237777
11238093
11238137
11238427
11238531
11238533
11238703
11238973
11239013
11239125
11239137
11239221
11239267
11239429
11239503
11239549
11239625
11239671
11239725
11239779
11239877
11239941
11240021
11240067
11240073
11240177
11240225
11240321
11240347
11240459
11240565
11240567
11240597
11240747
11240823
11241071
11241089
11241095
11241359
11241421
11241627
11241721
11241809
11241817
11241863
11242085
11242093
11242195
11242201
11242399
11242507
11242551
11242629
11242641
11242697
11242735
11242881
11242887
11242979
11243003
11243015
11243033
11243147
11243293
11243311
11243449
11243747
11243787
11243899
11244083
11244533
11244537
11244637
11244639
11244651
11244881
11244907
11244973
11245041
11245057
11245089
11245091
11245119
11245123
11245213
11245351
11245441
11245499
11245503
11245561
11245689
11245751
11245771
11245775
11245777
11246007
11246075
11246143
11246253
11246267
11246361
11246369
11246461
11246475
11246533
11246577
11246595
11246737
11246739
11246855
11246913
11246933
11246959
11246977
11247079
11247155
11247161
11247197
11247215
11247371
11247417
11247455
11247481
11247521
11247621
11247627
11247729
11247757
11247899
11248031
11248095
11248119
11248167
11248207
11248213
11248327
11248411
11248479
11248481
11248491
11248545
11248727
11248837
11248891
11248901
11248921
11248985
11249089
11249099
11249143
11249395
11249441
11249499
11249667
11249711
11249775
11249855
11249953
11249957
11249985
11250033
11250061
11250163
11250237
11250521
11250537
11250627
11250631
11250645
11250739
11250743
11250745
11250763
11250799
11250801
11250839
11250951
11251003
11251119
11251189
11251247
11251251
11251371
11251595
11251629
11251637
11251725
11251815
11251889
11251893
11251915
11252145
11252187
11252247
11252285
11252387
11252641
11252655
11252961
11252977
11252997
11253049
11253091
11253355
11253407
11253473
11253477
11253549
11253591
11253793
11253891
11253979
11254035
11254105
11254377
11254501
11254711
11254729
11254739
11254789
11254827
11255047
11255107
11255201
11255295
11255331
11255357
11255471
11255499
11255789
11255839
11255841
11255865
11255909
11256027
11256045
11256049
11256053
11256131
11256171
11256265
11256355
11256375
11256447
11256553
11256577
11256965
11256995
11257019
11257049
11257051
11257123
11257263
11257393
11257399
11257445
11257519
11257523
11257527
11257589
11257707
11257709
11257715
11257821
11258019
11258079
11258121
11258265
11258273
11258397
11258449
11258555
11258951
11258983
11259089
11259093
11259179
11259199
11259203
11259249
11259351
11259459
11259479
11259481
11259671
11259681
11259733
11259913
11259981
11260091
11260187
11260237
11260257
11260565
11260783
11260889
11260921
11261033
11261091
11261109
11261205
11261239
11261587
11261599
11261621
11261629
11261657
11261713
11261775
11261885
11261991
11262071
11262135
11262251
11262467
11262503
11262599
11262609
11262627
11262687
11262873
11262891
11262895
11262967
11262997
11263083
11263173
11263367
11263473
11263475
11263481
11263527
11263537
11263667
11263711
11263793
11263805
11263821
11263855
11264007
11264025
11264411
11264441
11264603
11264623
11264649
11264681
11264773
11264893
11264895
11265015
11265347
11265399
11265417
11265469
11265661
11265669
11265725
11265909
11265959
11265971
11265993
11266073
11266253
11266265
11266299
11266307
11266347
11266393
11266439
11266451
11266571
11266597
11266607
11266631
11266671
11266731
11266939
11266967
11266991
11267009
11267229
11267239
11267373
11267497
11267581
11267611
11267643
11267835
11267899
11267973
11268333
11268385
11268387
11268455
11268477
11268915
11268931
11268939
11268963
11269171
11269301
11269305
11269401
11269407
11269495
11269497
11269517
11269593
11269625
11269681
11269753
11269763
11269887
11269889
11269977
11270001
11270007
11270017
11270039
11270043
11270345
11270347
11270351
11270415
11270419
11270459
11270513
11270523
11270563
11270743
11270797
11270813
11270859
11270899
11271207
11271227
11271305
11271367
11271471
11271481
11271497
11271501
11271557
11271615
11271735
11271827
11271829
11271871
11272023
11272081
11272161
11272169
11272199
11272263
11272353
11272419
11272465
11272569
11272597
11272805
11272807
11272845
11272855
11272973
11273043
11273051
11273137
11273189
11273231
11273255
11273319
11273445
11273473
11273527
11273531
11273535
11273625
11273727
11273757
11273817
11273837
11273843
11273983
11273987
11274067
11274105
11274153
11274283
11274307
11274325
11274419
11274521
11274557
11274659
11274797
11275025
11275049
11275081
11275139
11275159
11275221
11275321
11275361
11275427
11275441
11275659
11275761
11276031
11276137
11276175
11276255
11276267
11276273
11276411
11276523
11276675
11276697
11276699
11276731
11276803
11277003
11277055
11277115
11277199
11277205
11277245
11277471
11277587
11277609
11277697
11277701
11277839
11277843
11277889
11278011
11278053
11278131
11278149
11278177
11278183
11278223
11278279
11278281
11278341
11278401
11278423
11278481
11278495
11278537
11278607
11278631
11278745
11278945
11279087
11279149
11279167
11279183
11279263
11279269
11279397
11279445
11279469
11279597
11280057
11280139
11280225
11280233
11280309
11280357
11280419
11280617
11280669
11280679
11280703
11280707
11280709
11280785
11280825
11280903
11281079
11281159
11281173
11281221
11281261
11281445
11281583
11281697
11281703
11281781
11282097
11282101
11282233
11282255
11282293
11282357
11282451
11282483
11282551
11282673
11282895
11282903
11282947
11283075
11283119
11283229
11283339
11283457
11283501
11283563
11283627
11283875
11283919
11283927
11283987
11283997
11284091
11284165
11284215
11284231
11284425
11284433
11284479
11284549
11284667
11284685
11284783
11284921
11284941
11285055
11285139
11285171
11285355
11285359
11285575
11285595
11285809
11285901
11286063
11286071
11286233
11286259
11286325
11286373
11286623
11286653
11286711
11286727
11286747
11286751
11286787
11286849
11286855
11286883
11287029
11287033
11287109
11287121
11287175
11287197
11287199
11287325
11287337
11287409
11287593
11287675
11287805
11287989
11288083
11288099
11288101
11288361
11288495
11288553
11288567
11288579
11288653
11288671
11288731
11288821
11288825
11288981
11288995
11289101
11289233
11289237
11289241
11289243
11289261
11289281
11289503
11289561
11289583
11289665
11289669
11289789
11289803
11289903
11289905
11289971
11290035
11290241
11290323
11290347
11290461
11290557
11290647
11290689
11290743
11290787
11290821
11290871
11291027
11291029
11291099
11291285
11291297
11291381
11291609
11291649
11291889
11291957
11292077
11292101
11292133
11292181
11292367
11292445
11292585
11292679
11292691
11292827
11292845
11292999
11293035
11293049
11293257
11293281
11293329
11293425
11293473
11293493
11293503
11293599
11293669
11293791
11293803
11293965
11294009
11294039
11294187
11294261
11294283
11294543
11294569
11294627
11294669
11294671
11294745
11294765
11294781
11294817
11294969
11295465
11295513
11295551
11295589
11295629
11295673
11295779
11295841
11295935
11296037
11296039
11296051
11296207
11296273
11296395
11296397
11296427
11296505
11296545
11296573
11296589
11296629
11296749
11296961
11296977
11297437
11297613
11297647
11297709
11297723
11297749
11297881
11297913
11297969
11298031
11298129
11298265
11298395
11298587
11298619
11298631
11298645
11298659
11298899
11299027
11299101
11299117
11299145
11299333
11299497
11299525
11299577
11299609
11299619
11299653
11299685
11299809
11299829
11299859
11300315
11300441
11300499
11300585
11300669
11300697
11300703
11300719
11300807
11300817
11300829
11300919
11300947
11301051
11301177
11301211
11301259
11301273
11301275
11301277
11301291
11301373
11301397
11301411
11301491
11301585
11301661
11301853
11301931
11301939
11301967
11302009
11302037
11302159
11302203
11302267
11302339
11302435
11302457
11302477
11302737
11302851
11302853
11302869
11302871
11302893
11302957
11303033
11303065
11303209
11303241
11303263
11303331
11303505
11303609
11303679
11303689
11303845
11303953
11304153
11304177
11304273
11304501
11304639
11304657
11304665
11304679
11304797
11304811
11304839
11304869
11304883
11304913
11305015
11305121
11305159
11305181
11305227
11305263
11305323
11305423
11305507
11305631
11305655
11305659
11305745
11305751
11305759
11305763
11305833
11305893
11305971
11306117
11306137
11306219
11306229
11306585
11306711
11306719
11306849
11306931
11306983
11307097
11307183
11307193
11307251
11307325
11307377
11307441
11307457
11307617
11307899
11307911
11307955
11308101
11308107
11308145
11308251
11308253
11308257
11308259
11308275
11308351
11308431
11308477
11308543
11308561
11308583
11308631
11308683
11308727
11308743
11308749
11308833
11308837
11308875
11308901
11308983
11309069
11309195
11309261
11309531
11309569
11309575
11309795
11310059
11310125
11310235
11310335
11310369
11310395
11310623
11310701
11310871
11310897
11310977
11311007
11311133
11311337
11311423
11311425
11311453
11311511
11311515
11311517
11311607
11311629
11311659
11311693
11311711
11311713
11311827
11311867
11311983
11312081
11312131
11312181
11312293
11312311
11312371
11312541
11312649
11312715
11312817
11312909
11312933
11312997
11313053
11313201
11313217
11313257
11313289
11313311
11313319
11313505
11313589
11313595
11313627
11313715
11313847
11314043
11314259
11314291
11314315
11314359
11314385
11314465
11314497
11314521
11314527
11314823
11314865
11314921
11314943
11314963
11314971
11315029
11315047
11315099
11315217
11315327
11315401
11315433
11315441
11315451
11315485
11315559
11315575
11315783
11315787
11315793
11315801
11315901
11316171
11316215
11316221
11316273
11316307
11316347
11316437
11316527
11316595
11316629
11316633
11316637
11316639
11316699
11316801
11316843
11317021
11317085
11317091
11317095
11317159
11317271
11317365
11317473
11317573
11317613
11317713
11317717
11317739
11317743
11317753
11317771
11317847
11317869
11317881
11318061
11318211
11318311
11318319
11318483
11318589
11318703
11318837
11318849
11318923
11318979
11319025
11319083
11319095
11319141
11319219
11319229
11319257
11319347
11319529
11319691
11319733
11319893
11319947
11320041
11320083
11320175
11320207
11320231
11320271
11320327
11320385
11320387
11320663
11320673
11320755
11320767
11320919
11320931
11320943
11320961
11320977
11321007
11321081
11321107
11321157
11321193
11321235
11321377
11321455
11321677
11321925
11322059
11322065
11322269
11322327
11322475
11322495
11322557
11322651
11322663
11322753
11322787
11322807
11322975
11323029
11323063
11323089
11323279
11323281
11323319
11323351
11323445
11323463
11323477
11323483
11323563
11323577
11323595
11323733
11323753
11323823
11324409
11324449
11324497
11324519
11324555
11324719
11324745
11324871
11324935
11325029
11325121
11325123
11325181
11325191
11325203
11325237
11325243
11325275
11325431
11325465
11325499
11325509
11325717
11325785
11325841
11325967
11325997
11326115
11326189
11326317
11326363
11326387
11326405
11326411
11326423
11326463
11326517
11326539
11326679
11326885
11327091
11327105
11327163
11327189
11327225
11327315
11327333
11327433
11327437
11327505
11327655
11327743
11327779
11327851
11327863
11327889
11327975
11328387
11328551
11328673
11328791
11328801
11328895
11328903
11328929
11329055
11329075
11329255
11329305
11329347
11329363
11329369
11329381
11329401
11329519
11329559
11329653
11329661
11329701
11329741
11329833
11329873
11329985
11329995
11330009
11330059
11330159
11330203
11330289
11330305
11330319
11330363
11330559
11330571
11330703
11330855
11330857
11330987
11331015
11331049
11331055
11331155
11331351
11331363
11331451
11331479
11331491
11331553
11331579
11331593
11331639
11331705
11331737
11331863
11331887
11331891
11331937
11332011
11332149
11332317
11332375
11332415
11332463
11332471
11332503
11332517
11332679
11332757
11332833
11332919
11332933
11332979
11332985
11332993
11333133
11333439
11333573
11333595
11333615
11333617
11333635
11333699
11333735
11333903
11333929
11333951
11333959
11334027
11334037
11334071
11334121
11334135
11334153
11334177
11334249
11334417
11334419
11334439
11334459
11334503
11334543
11334659
11334691
11334753
11334779
11334785
11334891
11334989
11335005
11335183
11335213
11335231
11335235
11335239
11335263
11335267
11335591
11335837
11335849
11335865
11335867
11335911
11335949
11335991
11336157
11336181
11336191
11336209
11336291
11336305
11336385
11336443
11336455
11336465
11336491
11336527
11336541
11336575
11336625
11336627
11336657
11336665
11336773
11336913
11336915
11336993
11337113
11337197
11337257
11337285
11337353
11337425
11337519
11337539
11337583
11337637
11337669
11337733
11337751
11337783
11337805
11337831
11337951
11338119
11338241
11338245
11338401
11338409
11338551
11338685
11338739
11338749
11338803
11338839
11338899
11338969
11339009
11339185
11339227
11339277
11339437
11339579
11339587
11339595
11339725
11339763
11339905
11339917
11339967
11340249
11340277
11340293
11340345
11340457
11340491
11340575
11340601
11340623
11340629
11340637
11340829
11340843
11341059
11341325
11341413
11341423
11341451
11341515
11341605
11341625
11341663
11341693
11341865
11342025
11342263
11342315
11342513
11342611
11342613
11342999
11343017
11343121
11343205
11343453
11343473
11343607
11343677
11343681
11343703
11343793
11343815
11343991
11344153
11344283
11344337
11344429
11344445
11344495
11344529
11344537
11344749
11344927
11344963
11345059
11345185
11345293
11345387
11345471
11345477
11345565
11345689
11345695
11345741
11345781
11345793
11345843
11345887
11345897
11345961
11346183
11346333
11346441
11346575
11346645
11346725
11346801
11346871
11346909
11347013
11347099
11347131
11347161
11347307
11347433
11347495
11347519
11347535
11347637
11347649
11348337
11348477
11348519
11348529
11348571
11348605
11348781
11348985
11348995
11349033
11349119
11349151
11349291
11349329
11349453
11349559
11349837
11349943
11349957
11350057
11350107
11350147
11350297
11350731
11350757
11350869
11350963
11351049
11351085
11351129
11351221
11351245
11351341
11351861
11351867
11352141
11352185
11352369
11352541
11352551
11352573
11352605
11352711
11352751
11352765
11352801
11352909
11352919
11352959
11352977
11353039
11353089
11353437
11353491
11353503
11353521
11353571
11353695
11353779
11353801
11353879
11353971
11354105
11354145
11354325
11354385
11354409
11354417
11354491
11354517
11354647
11354713
11354787
11354821
11354933
11355125
11355249
11355289
11355321
11355563
11355633
11355661
11355689
11355791
11355897
11355911
11355953
11355971
11356015
11356023
11356117
11356177
11356259
11356431
11356443
11356487
11356509
11356571
11356687
11356747
11356773
11356781
11357047
11357095
11357115
11357141
11357151
11357163
11357245
11357305
11357313
11357377
11357501
11357547
11357617
11357695
11357735
11357743
11357935
11357963
11357973
11358013
11358025
11358075
11358189
11358211
11358303
11358361
11358365
11358399
11358523
11358563
11358593
11358693
11358771
11358859
11359027
11359045
11359055
11359063
11359089
11359247
11359347
11359491
11359789
11359863
11359881
11359895
11359935
11359959
11359975
11359985
11360017
11360069
11360129
11360225
11360249
11360265
11360381
11360665
11360669
11360849
11360991
11361111
11361183
11361227
11361243
11361251
11361297
11361341
11361525
11361567
11361575
11361699
11361807
11361809
11361813
11361821
11361877
11361901
11361903
11361963
11361993
11361999
11362037
11362039
11362155
11362221
11362223
11362457
11362555
11362563
11362565
11362639
11362835
11362845
11363161
11363235
11363363
11363449
11363475
11363517
11363643
11363777
11363841
11363937
11363965
11364149
11364365
11364441
11364505
11364577
11364633
11364753
11364775
11365003
11365055
11365131
11365237
11365249
11365271
11365339
11365415
11365529
11365599
11365631
11365637
11365737
11365899
11365967
11365983
11366061
11366075
11366119
11366163
11366229
11366267
11366269
11366281
11366283
11366355
11366381
11366513
11366831
11366885
11366945
11366977
11367131
11367199
11367237
11367263
11367283
11367289
11367349
11367399
11367459
11367559
11367567
11367577
11367613
11367651
11367731
11367893
11367947
11368127
11368353
11368503
11368509
11368701
11368781
11368897
11368951
11369179
11369213
11369249
11369327
11369381
11369475
11369511
11369551
11369595
11369679
11369717
11369819
11369953
11370027
11370119
11370241
11370283
11370355
11370371
11370433
11370513
11370595
11370731
11370951
11371003
11371019
11371051
11371215
11371289
11371383
11371639
11371649
11371651
11371903
11371995
11372007
11372127
11372133
11372195
11372245
11372291
11372303
11372359
11372457
11372999
11373029
11373069
11373149
11373165
11373291
11373303
11373329
11373347
11373403
11373465
11373599
11373605
11373637
11373651
11373743
11373885
11373891
11373903
11373925
11373967
11374021
11374047
11374069
11374125
11374147
11374191
11374231
11374301
11374315
11374325
11374391
11374417
11374421
11374455
11374575
11374781
11374989
11375055
11375071
11375097
11375249
11375291
11375305
11375363
11375389
11375391
11375481
11375519
11375563
11375631
11375675
11375687
11375861
11376119
11376157
11376175
11376245
11376273
11376297
11376311
11376363
11376385
11376475
11376489
11376517
11376591
11376683
11376693
11376777
11376879
11376935
11376973
11376985
11377215
11377217
11377307
11377377
11377421
11377429
11377515
11377603
11377687
11377703
11377745
11377773
11377797
11377821
11378017
11378057
11378139
11378201
11378251
11378635
11378717
11378819
11378875
11379027
11379131
11379149
11379169
11379473
11379625
11379645
11379647
11379753
11379825
11379905
11379969
11379997
11380041
11380093
11380161
11380181
11380257
11380307
11380345
11380381
11380401
11380625
11380633
11380717
11380901
11381001
11381053
11381175
11381183
11381387
11381463
11381553
11381629
11381635
11381727
11381743
11381771
11381807
11381893
11381933
11382045
11382053
11382231
11382253
11382293
11382353
11382451
11382527
11382551
11382655
11382657
11382715
11382743
11382791
11383055
11383169
11383387
11383399
11383453
11383461
11383525
11383535
11383685
11383715
11383775
11383973
11384005
11384053
11384107
11384141
11384247
11384259
11384399
11384493
11384513
11384567
11384573
11384581
11384595
11384665
11384683
11384767
11384937
11385051
11385053
11385169
11385181
11385183
11385285
11385369
11385475
11385481
11385505
11385547
11385605
11385639
11385693
11385719
11385789
11385795
11385875
11385955
11386041
11386157
11386183
11386287
11386307
11386455
11386477
11386555
11386565
11386577
11386613
11386631
11386789
11386795
11386797
11386873
11386917
11386927
11386935
11386943
11386971
11387033
11387105
11387119
11387243
11387253
11387279
11387365
11387605
11387615
11387641
11387757
11387767
11387771
11387797
11387801
11387903
11387967
11387999
11388023
11388025
11388149
11388175
11388187
11388311
11388341
11388345
11388439
11388453
11388483
11388533
11388541
11388735
11388867
11388883
11389187
11389237
11389325
11389361
11389505
11389561
11389735
11389943
11390159
11390275
11390335
11390409
11390481
11390559
11390589
11390607
11390817
11390825
11390895
11390903
11390913
11391069
11391137
11391279
11391319
11391333
11391461
11391623
11391641
11391677
11391763
11391777
11391803
11391831
11391851
11391913
11391961
11392007
11392039
11392047
11392061
11392091
11392147
11392149
11392151
11392237
11392299
11392353
11392421
11392725
11392743
11392835
11392849
11392865
11393049
11393121
11393167
11393209
11393217
11393259
11393275
11393289
11393347
11393437
11393505
11393535
11393587
11393663
11393729
11393753
11393773
11393789
11393905
11394119
11394187
11394191
11394203
11394259
11394275
11394285
11394309
11394339
11394361
11394399
11394507
11394517
11394605
11394777
11394807
11394953
11394969
11395021
11395065
11395075
11395111
11395221
11395319
11395451
11395477
11395525
11395689
11395701
11395743
11395789
11395895
11395983
11396045
11396105
11396261
11396283
11396339
11396497
11396557
11396619
11396625
11396637
11396877
11396941
11396991
11397143
11397257
11397349
11397495
11397521
11397537
11397603
11397645
11397667
11397705
11397721
11397989
11398085
11398153
11398247
11398319
11398397
11398505
11398541
11398577
11398631
11398637
11398651
11398761
11398763
11398863
11398929
11398981
11399249
11399325
11399353
11399483
11399619
11399655
11399691
11399741
11399913
11399931
11399963
11400049
11400083
11400215
11400291
11400307
11400319
11400611
11400719
11400757
11400771
11400839
11400953
11400969
11401173
11401221
11401327
11401373
11401387
11401397
11401409
11401525
11401689
11401721
11401733
11401757
11401759
11401811
11401909
11401977
11402055
11402151
11402159
11402257
11402351
11402409
11402421
11402435
11402445
11402533
11402651
11402701
11402827
11402941
11402997
11403113
11403119
11403283
11403479
11403517
11403519
11403611
11403855
11403949
11404017
11404031
11404061
11404093
11404097
11404203
11404259
11404263
11404427
11404579
11404599
11404721
11404797
11404875
11405053
11405113
11405247
11405307
11405411
11405469
11405537
11405559
11405689
11405695
11405757
11405761
11405769
11405783
11405817
11405833
11405901
11406051
11406097
11406257
11406267
11406289
11406309
11406349
11406407
11406419
11406425
11406453
11406547
11406661
11406667
11406707
11406797
11406805
11406905
11406907
11406923
11406941
11407033
11407043
11407071
11407135
11407151
11407197
11407199
11407287
11407383
11407397
11407437
11407747
11407771
11407781
11407799
11407893
11407959
11407969
11407973
11408019
11408069
11408073
11408185
11408223
11408271
11408397
11408461
11408473
11408499
11408515
11408531
11408561
11408637
11408705
11408735
11408739
11408799
11408867
11408919
11409007
11409041
11409049
11409193
11409445
11409469
11409603
11409627
11409637
11409691
11409753
11409809
11409815
11409887
11409937
11409951
11409973
11410017
11410049
11410141
11410169
11410203
11410215
11410325
11410363
11410511
11410583
11410693
11410709
11410739
11410813
11410853
11410873
11410913
11411065
11411161
11411271
11411349
11411383
11411461
11411489
11411589
11411603
11411795
11411899
11411971
11411985
11412011
11412019
11412081
11412093
11412111
11412235
11412303
11412397
11412475
11412675
11412731
11412767
11412801
11412803
11412811
11412817
11412859
11412979
11413451
11413509
11413581
11413685
11413691
11413781
11413955
11414017
11414027
11414109
11414281
11414363
11414373
11414375
11414401
11414491
11414603
11414611
11414629
11414647
11414683
11414695
11414751
11414759
11414831
11415063
11415147
11415343
11415353
11415369
11415483
11415639
11415643
11415693
11415705
11415707
11415709
11415759
11415785
11415905
11415937
11416009
11416037
11416161
11416211
11416243
11416245
11416291
11416413
11416419
11416721
11416805
11416809
11416817
11416819
11416893
11416931
11416959
11416995
11417057
11417095
11417153
11417169
11417223
11417253
11417297
11417369
11417417
11417429
11417443
11417529
11417539
11417677
11417697
11417809
11417845
11418073
11418089
11418099
11418217
11418265
11418271
11418551
11418669
11418681
11418745
11418757
11418765
11418779
11418871
11418877
11418931
11418941
11419029
11419047
11419087
11419139
11419167
11419197
11419205
11419227
11419231
11419259
11419325
11419343
11419379
11419421
11419445
11419451
11419461
11419517
11419669
11419681
11419695
11419707
11419715
11419875
11419991
11420063
11420159
11420287
11420355
11420405
11420547
11420561
11420625
11420801
11420813
11420827
11421151
11421281
11421361
11421629
11421631
11421729
11421793
11421935
11421945
11421949
11421991
11422175
11422321
11422355
11422363
11422451
11422543
11422563
11422575
11422599
11422671
11422699
11422767
11422785
11422801
11422827
11422949
11422957
11423131
11423145
11423173
11423187
11423457
11423489
11423605
11423611
11423691
11423699
11423705
11423713
11423769
11423909
11423925
11423945
11424003
11424025
11424047
11424063
11424081
11424107
11424127
11424151
11424191
11424365
11424429
11424471
11424579
11424749
11424865
11424945
11424959
11424983
11425043
11425101
11425107
11425239
11425289
11425361
11425519
11425687
11425703
11425729
11425813
11425825
11425849
11425947
11426013
11426075
11426227
11426315
11426381
11426463
11426565
11426761
11426771
11426777
11426779
11426793
11426817
11426883
11426893
11426967
11427159
11427195
11427261
11427289
11427311
11427343
11427367
11427449
11427523
11427631
11427661
11427751
11427761
11427957
11428055
11428281
11428303
11428305
11428345
11428411
11428467
11428641
11428799
11428843
11428955
11428961
11429095
11429213
11429257
11429315
11429461
11429615
11429633
11429663
11429687
11429717
11429807
11429941
11429989
11429995
11429999
11430067
11430099
11430157
11430289
11430327
11430365
11430545
11430635
11430955
11431055
11431095
11431143
11431245
11431289
11431295
11431331
11431453
11431547
11431805
11431847
11432007
11432123
11432141
11432167
11432227
11432291
11432307
11432335
11432511
11432573
11432687
11432747
11432795
11432869
11432895
11432927
11432943
11433009
11433045
11433171
11433243
11433355
11433379
11433391
11433627
11433671
11433695
11433719
11433767
11433783
11433981
11433987
11433997
11434057
11434075
11434203
11434321
11434397
11434431
11434519
11434533
11434543
11434583
11434597
11434615
11434665
11434909
11435133
11435157
11435171
11435179
11435225
11435257
11435293
11435365
11435367
11435395
11435417
11435459
11435471
11435551
11435563
11435621
11435791
11435801
11435947
11435991
11436059
11436165
11436289
11436295
11436397
11436497
11436547
11436603
11436605
11436693
11436705
11436729
11436785
11436799
11436839
11436879
11436895
11436907
11436931
11437045
11437091
11437223
11437341
11437351
11437357
11437425
11437489
11437623
11437671
11437685
11437689
11437857
11437859
11437967
11438023
11438061
11438081
11438133
11438279
11438305
11438323
11438439
11438445
11438473
11438531
11438629
11438633
11438689
11438741
11438865
11438913
11438967
11439003
11439023
11439247
11439269
11439457
11439477
11439633
11439685
11439953
11440127
11440207
11440309
11440359
11440521
11440599
11440621
11440661
11440917
11440963
11441009
11441037
11441129
11441303
11441307
11441321
11441339
11441509
11441529
11441561
11441591
11441679
11442151
11442211
11442273
11442387
11442423
11442435
11442459
11442541
11442551
11442675
11442813
11442823
11443243
11443281
11443349
11443367
11443437
11443493
11443589
11443611
11443699
11443731
11443819
11443827
11443845
11444027
11444045
11444219
11444261
11444265
11444339
11444373
11444419
11444461
11444495
11444611
11444633
11444671
11444777
11444857
11444919
11444945
11444987
11444997
11445095
11445123
11445249
11445251
11445323
11445381
11445703
11445777
11445799
11445885
11445903
11445917
11445939
11445977
11446011
11446089
11446101
11446161
11446165
11446429
11446487
11446521
11446541
11446543
11446549
11446603
11446635
11446717
11446733
11446811
11446855
11447023
11447029
11447117
11447271
11447397
11447429
11447455
11447457
11447493
11447525
11447531
11447655
11447661
11447675
11447709
11447761
11447833
11447883
11448047
11448279
11448287
11448293
11448345
11448361
11448401
11448497
11448615
11448731
11448745
11448815
11448887
11449021
11449031
11449055
11449111
11449121
11449283
11449407
11449413
11449469
11449491
11449519
11449713
11449751
11449833
11450057
11450099
11450147
11450219
11450289
11450413
11450421
11450509
11450559
11450631
11450709
11450731
11450747
11451059
11451093
11451133
11451159
11451199
11451223
11451329
11451371
11451505
11451561
11451635
11451653
11451719
11451721
11451761
11451851
11451859
11451881
11451965
11451983
11452009
11452097
11452123
11452187
11452225
11452379
11452477
11452491
11452509
11452693
11452699
11452803
11452839
11452865
11452873
11452887
11453065
11453077
11453179
11453201
11453209
11453399
11453745
11453765
11453883
11454075
11454099
11454107
11454139
11454227
11454283
11454313
11454325
11454563
11454589
11454649
11454697
11454709
11454723
11454779
11454941
11454957
11455031
11455085
11455207
11455237
11455305
11455323
11455387
11455421
11455425
11455457
11455479
11455505
11455517
11455553
11455585
11455667
11455847
11456009
11456253
11456281
11456285
11456343
11456439
11456449
11456465
11456469
11456479
11456517
11456591
11456629
11456821
11456839
11456959
11457021
11457049
11457087
11457095
11457139
11457305
11457323
11457407
11457859
11457941
11458043
11458069
11458081
11458111
11458247
11458261
11458357
11458423
11458431
11458505
11458515
11458519
11458639
11458869
11458885
11458909
11458991
11459021
11459091
11459371
11459373
11459411
11459465
11459471
11459521
11459523
11459547
11459555
11459669
11459701
11459715
11459721
11459735
11459809
11459927
11459939
11459969
11459983
11460003
11460063
11460163
11460215
11460389
11460437
11460475
11460529
11460629
11460653
11460771
11460809
11460815
11460899
11460929
11460985
11461009
11461071
11461161
11461239
11461279
11461299
11461343
11461363
11461519
11461569
11461621
11461707
11461905
11461931
11462043
11462065
11462155
11462239
11462279
11462291
11462417
11462591
11462595
11462737
11462773
11462785
11462817
11462855
11462861
11462909
11462961
11463195
11463219
11463299
11463309
11463325
11463351
11463353
11463399
11463461
11463469
11463653
11463811
11463825
11463835
11463923
11463971
11464063
11464101
11464183
11464231
11464337
11464421
11464623
11464711
11464715
11464783
11464805
11464853
11464911
11464919
11464973
11465099
11465135
11465235
11465357
11465409
11465621
11465625
11465627
11465643
11465683
11465685
11465827
11465955
11466093
11466237
11466249
11466279
11466287
11466291
11466443
11466461
11466479
11466571
11466589
11466651
11466657
11466669
11466727
11466737
11466791
11466921
11466937
11466979
11467031
11467075
11467231
11467237
11467253
11467301
11467317
11467337
11467429
11467431
11467517
11467541
11467573
11467637
11467639
11467699
11467715
11467723
11467799
11467863
11467889
11467911
11467951
11468173
11468219
11468311
11468517
11468527
11468553
11468637
11468701
11468783
11468795
11468805
11468925
11468931
11468979
11469055
11469187
11469251
11469327
11469337
11469457
11469459
11469507
11469547
11469607
11469697
11469699
11469957
11469985
11470113
11470131
11470291
11470455
11470467
11470539
11470599
11470601
11470653
11470663
11470723
11470789
11470837
11471037
11471133
11471181
11471211
11471213
11471329
11471503
11471559
11471567
11471599
11471623
11471781
11471795
11471867
11471953
11471971
11472009
11472025
11472067
11472081
11472111
11472131
11472181
11472383
11472635
11472683
11472763
11472919
11472965
11472983
11473061
11473095
11473135
11473159
11473181
11473267
11473381
11473403
11473501
11473527
11473623
11473651
11473663
11473683
11473711
11473745
11473865
11473985
11474123
11474165
11474183
11474201
11474223
11474235
11474291
11474321
11474331
11474389
11474425
11474565
11474627
11474637
11474737
11474803
11474907
11474931
11474993
11475203
11475255
11475379
11475439
11475445
11475447
11475677
11475681
11475723
11475747
11475913
11475955
11475985
11476149
11476177
11476307
11476415
11476533
11476625
11476641
11476653
11476681
11476685
11476723
11477001
11477055
11477149
11477191
11477205
11477223
11477309
11477315
11477335
11477395
11477443
11477623
11477751
11477763
11477869
11477913
11477929
11477931
11477949
11477961
11477989
11478307
11478315
11478325
11478409
11478411
11478423
11478431
11478597
11478739
11478759
11478789
11478809
11478835
11478889
11478949
11479115
11479141
11479171
11479199
11479249
11479337
11479363
11479369
11479391
11479547
11479587
11479595
11479637
11479649
11479651
11479681
11479731
11479781
11479861
11479939
11480133
11480193
11480347
11480363
11480457
11480569
11480813
11480829
11480877
11480935
11480943
11481007
11481023
11481281
11481405
11481437
11481473
11481675
11481843
11481913
11481917
11481961
11481993
11482045
11482053
11482099
11482179
11482225
11482307
11482359
11482371
11482447
11482479
11482497
11482525
11482673
11482761
11482837
11482845
11482961
11482967
11482969
11483071
11483095
11483313
11483347
11483371
11483595
11483653
11483693
11483943
11483963
11484017
11484041
11484169
11484233
11484243
11484313
11484333
11484353
11484409
11484413
11484505
11484533
11484559
11484645
11484685
11484729
11484759
11484803
11484891
11484895
11484963
11484971
11485129
11485377
11485483
11485517
11485671
11485709
11485857
11485869
11485877
11485899
11485935
11485993
11486047
11486049
11486057
11486065
11486087
11486111
11486149
11486295
11486359
11486523
11486541
11486549
11486605
11486727
11486741
11486815
11486965
11487017
11487049
11487055
11487185
11487187
11487207
11487219
11487309
11487361
11487433
11487491
11487603
11487621
11487631
11487727
11487829
11487843
11487847
11487905
11488231
11488389
11488507
11488651
11488777
11488809
11488905
11488969
11489067
11489143
11489175
11489181
11489311
11489315
11489355
11489539
11489601
11489661
11489737
11489833
11489919
11489965
11489979
11489991
11490099
11490391
11490419
11490635
11490645
11490735
11490781
11490929
11491171
11491295
11491365
11491411
11491417
11491419
11491781
11491887
11491967
11491987
11492001
11492031
11492091
11492151
11492155
11492413
11492467
11492481
11492545
11492581
11492681
11492737
11492745
11492767
11492795
11492839
11492865
11493007
11493119
11493153
11493295
11493309
11493445
11493703
11493789
11493869
11494001
11494021
11494037
11494135
11494159
11494183
11494227
11494307
11494529
11494651
11494665
11494681
11494855
11494973
11494979
11495009
11495239
11495271
11495277
11495333
11495557
11495567
11495585
11495721
11495749
11495851
11495855
11495893
11495953
11496013
11496019
11496035
11496057
11496125
11496209
11496233
11496435
11496483
11496529
11496573
11496659
11496681
11496755
11496821
11497045
11497209
11497223
11497361
11497485
11497615
11497727
11497739
11497745
11497761
11497881
11498003
11498009
11498027
11498039
11498111
11498125
11498149
11498295
11498299
11498475
11498549
11498561
11498579
11498663
11498697
11498773
11498793
11498853
11498923
11498929
11498931
11498983
11499053
11499057
11499069
11499203
11499255
11499301
11499333
11499383
11499403
11499409
11499425
11499617
11499685
11499713
11499763
11499845
11499939
11500015
11500037
11500089
11500111
11500129
11500139
11500155
11500255
11500443
11500627
11500679
11500769
11500879
11501031
11501089
11501123
11501285
11501319
11501333
11501411
11501681
11501695
11501707
11501767
11501799
11501857
11501895
11501897
11501995
11502029
11502031
11502039
11502053
11502071
11502201
11502433
11502503
11502655
11502907
11503031
11503045
11503085
11503111
11503127
11503225
11503649
11503659
11503671
11503683
11503737
11503763
11503941
11504007
11504015
11504097
11504129
11504271
11504447
11504503
11504563
11504659
11504683
11504697
11504871
11505065
11505099
11505137
11505155
11505265
11505509
11505575
11505645
11505665
11505705
11505725
11505801
11505809
11505931
11506255
11506323
11506355
11506373
11506599
11506615
11506823
11506843
11506879
11506907
11506965
11506973
11507013
11507037
11507067
11507109
11507131
11507233
11507239
11507245
11507265
11507345
11507369
11507433
11507475
11507481
11507619
11507725
11507947
11508093
11508119
11508225
11508313
11508365
11508375
11508437
11508503
11508507
11508589
11508647
11508709
11508803
11508851
11508891
11508971
11509025
11509053
11509215
11509359
11509405
11509591
11509599
11509635
11509639
11509689
11509801
11510023
11510119
11510135
11510213
11510383
11510411
11510571
11510723
11510799
11510881
11511163
11511179
11511243
11511303
11511419
11511453
11511473
11511543
11511587
11511865
11511951
11511975
11511987
11512069
11512071
11512083
11512145
11512201
11512295
11512359
11512363
11512401
11512447
11512449
11512631
11512701
11512729
11512773
11512793
11512797
11512811
11512827
11512933
11512945
11512963
11513051
11513119
11513163
11513237
11513279
11513307
11513393
11513689
11513801
11513877
11513915
11513985
11514019
11514205
11514241
11514281
11514375
11514441
11514459
11514673
11514849
11514931
11515025
11515057
11515149
11515235
11515255
11515323
11515431
11515437
11515457
11515461
11515479
11515635
11515695
11515815
11515831
11515941
11516027
11516139
11516169
11516249
11516337
11516389
11516541
11516651
11516695
11516717
11516745
11517057
11517125
11517291
11517375
11517381
11517413
11517607
11517659
11517707
11517757
11517795
11517809
11517827
11518057
11518073
11518141
11518191
11518233
11518503
11518577
11518651
11518701
11518851
11518853
11518897
11518933
11518981
11519039
11519043
11519107
11519279
11519335
11519485
11519497
11519703
11519711
11519749
11519781
11520017
11520061
11520133
11520271
11520375
11520413
11520459
11520473
11520649
11520713
11520837
11520841
11520887
11521153
11521183
11521301
11521391
11521595
11521769
11521849
11522101
11522171
11522423
11522471
11522483
11522529
11522571
11522581
11522669
11522795
11522799
11523151
11523153
11523199
11523209
11523227
11523295
11523389
11523413
11523649
11523685
11523761
11523767
11523957
11524217
11524279
11524319
11524467
11524499
11524627
11524655
11524659
11524917
11524951
11525063
11525077
11525123
11525145
11525223
11525323
11525701
11525711
11525879
11526049
11526165
11526217
11526373
11526429
11526449
11526469
11526479
11526489
11526521
11526557
11526667
11526837
11526887
11526931
11526983
11527035
11527135
11527197
11527393
11527407
11527707
11527807
11527835
11527837
11527881
11527883
11527941
11527949
11528021
11528119
11528157
11528293
11528327
11528331
11528403
11528451
11528557
11528737
11528767
11528909
11528919
11528931
11529023
11529091
11529105
11529137
11529165
11529191
11529235
11529319
11529403
11529541
11529673
11530003
11530077
11530095
11530101
11530159
11530421
11530491
11530509
11530513
11530581
11530599
11530671
11530685
11530695
11530717
11530843
11530869
11531139
11531169
11531183
11531329
11531371
11531561
11531649
11531651
11531717
11532013
11532047
11532097
11532207
11532219
11532307
11532427
11532435
11532445
11532467
11532483
11532547
11532679
11532783
11532959
11533049
11533063
11533145
11533189
11533247
11533251
11533391
11533447
11533469
11533593
11533597
11533735
11533779
11533829
11533875
11534051
11534123
11534171
11534223
11534229
11534291
11534425
11534449
11534625
11534685
11534939
11534951
11535095
11535127
11535149
11535235
11535323
11535427
11535483
11535537
11535617
11535627
11535631
11535649
11535853
11535931
11535977
11536043
11536163
11536247
11536355
11536397
11536457
11536657
11536721
11536799
11536891
11536899
11537015
11537143
11537189
11537209
11537245
11537281
11537289
11537303
11537677
11537753
11537997
11538027
11538125
11538129
11538635
11538695
11539157
11539239
11539271
11539327
11539455
11539691
11539807
11539815
11539921
11539997
11540077
11540143
11540147
11540161
11540371
11540475
11540509
11540515
11540543
11540675
11540707
11540719
11540755
11540761
11540913
11540953
11540961
11541093
11541103
11541211
11541267
11541271
11541287
11541367
11541425
11541589
11541707
11541715
11541779
11541811
11541919
11541957
11542083
11542261
11542267
11542297
11542339
11542525
11542537
11542819
11542889
11542891
11543021
11543097
11543105
11543241
11543255
11543281
11543419
11543423
11543453
11543473
11543539
11543697
11543793
11543859
11544071
11544107
11544135
11544221
11544297
11544525
11544565
11544999
11545051
11545199
11545323
11545449
11545533
11545549
11545617
11545837
11545899
11546007
11546019
11546029
11546089
11546295
11546403
11546435
11546453
11546503
11546649
11546691
11546777
11546883
11546979
11547189
11547435
11547451
11547465
11547467
11547511
11547565
11547595
11547665
11547759
11547835
11547859
11547907
11547931
11548067
11548137
11548347
11548437
11548479
11548539
11548593
11548603
11548605
11548661
11548685
11548933
11548953
11549075
11549169
11549181
11549389
11549449
11549503
11549511
11549731
11549753
11549789
11549903
11549981
11549997
11550063
11550149
11550329
11550377
11550583
11550609
11550637
11550751
11550793
11550949
11551015
11551041
11551111
11551121
11551177
11551375
11551609
11551739
11551789
11551835
11551997
11552025
11552059
11552097
11552105
11552117
11552369
11552491
11552493
11552553
11552555
11552587
11552657
11552669
11552675
11552717
11552781
11552953
11553045
11553071
11553191
11553235
11553295
11553369
11553385
11553393
11553471
11553519
11553537
11553597
11553609
11553661
11553667
11553765
11553893
11553917
11554067
11554119
11554141
11554153
11554159
11554255
11554351
11554371
11554405
11554409
11554417
11554449
11554517
11554555
11554579
11554601
11554625
11554631
11554651
11554677
11554683
11554701
11554869
11554915
11554937
11554949
11554987
11555021
11555065
11555233
11555235
11555335
11555367
11555369
11555403
11555411
11555421
11555529
11555669
11555695
11555767
11556079
11556093
11556095
11556265
11556297
11556349
11556389
11556397
11556619
11556673
11556777
11556925
11556927
11556931
11557081
11557089
11557115
11557191
11557265
11557385
11557409
11557449
11557521
11557809
11557845
11557971
11558043
11558071
11558105
11558133
11558319
11558401
11558409
11558437
11558493
11558615
11558775
11559081
11559117
11559205
11559211
11559235
11559399
11559457
11559497
11559571
11559669
11559709
11559791
11559829
11560099
11560119
11560255
11560353
11560361
11560411
11560443
11560469
11560513
11560533
11560589
11560657
11560701
11560735
11560755
11560801
11560833
11560859
11561041
11561043
11561203
11561537
11561683
11561757
11561783
11561801
11561813
11561855
11561871
11561875
11562001
11562023
11562041
11562111
11562133
11562181
11562197
11562255
11562277
11562291
11562335
11562339
11562495
11562499
11562537
11562565
11562587
11562667
11562669
11562681
11562735
11562859
11562977
11563091
11563095
11563147
11563163
11563179
11563275
11563305
11563341
11563353
11563369
11563375
11563449
11563677
11563769
11563837
11563865
11563911
11563963
11563975
11564039
11564061
11564129
11564227
11564231
11564337
11564367
11564373
11564413
11564485
11564671
11564695
11564837
11565195
11565201
11565235
11565339
11565341
11565363
11565641
11565779
11565863
11565867
11565899
11565917
11566047
11566157
11566199
11566223
11566233
11566303
11566377
11566403
11566615
11566681
11566693
11566753
11566901
11567057
11567157
11567215
11567217
11567303
11567411
11567615
11567829
11567835
11567903
11567973
11568065
11568073
11568207
11568255
11568295
11568399
11568411
11568451
11568525
11568547
11568699
11568805
11568809
11568937
11568947
11569077
11569099
11569217
11569287
11569303
11569325
11569395
11569481
11569621
11569663
11569735
11569737
11569745
11569865
11569925
11569983
11569989
11570005
11570079
11570177
11570253
11570289
11570311
11570333
11570435
11570445
11570571
11570629
11570745
11570889
11571019
11571033
11571045
11571177
11571277
11571331
11571359
11571429
11571431
11571505
11571523
11571547
11571565
11571613
11571623
11571641
11571679
11571721
11571939
11572115
11572125
11572191
11572251
11572261
11572307
11572369
11572407
11572441
11572457
11572553
11572559
11572591
11572635
11572741
11572897
11572935
11573037
11573081
11573343
11573359
11573383
11573533
11573733
11573831
11573877
11573937
11574035
11574127
11574185
11574295
11574315
11574381
11574459
11574469
11574477
11574647
11574675
11574703
11574711
11574801
11574839
11574851
11574901
11574921
11574969
11575197
11575325
11575351
11575421
11575445
11575667
11575701
11575765
11575787
11575969
11575987
11576027
11576287
11576307
11576377
11576585
11576739
11576757
11576847
11576871
11576877
11576913
11576973
11576985
11577083
11577183
11577247
11577273
11577289
11577303
11577413
11577485
11577527
11577639
11577691
11577731
11577757
11577827
11577829
11577945
11578025
11578027
11578119
11578237
11578273
11578279
11578293
11578329
11578581
11578639
11578745
11578903
11578921
11578925
11578933
11578947
11578965
11579003
11579127
11579163
11579181
11579311
11579317
11579319
11579437
11579501
11579519
11579553
11579653
11579699
11579763
11579899
11579967
11579969
11580199
11580279
11580305
11580345
11580385
11580407
11580439
11580445
11580623
11580629
11580743
11580805
11580913
11580953
11581077
11581175
11581261
11581301
11581321
11581331
11581519
11581697
11581711
11581847
11581955
11582041
11582149
11582203
11582215
11582237
11582349
11582381
11582395
11582423
11582471
11582651
11582795
11582855
11583025
11583039
11583061
11583085
11583099
11583123
11583183
11583369
11583425
11583459
11583461
11583503
11583535
11583551
11583585
11583587
11583607
11583627
11583635
11583713
11583717
11583863
11583937
11584053
11584137
11584175
11584181
11584209
11584227
11584237
11584317
11584365
11584375
11584435
11584527
11584529
11584611
11584731
11584741
11584893
11584947
11585089
11585191
11585251
11585313
11585315
11585397
11585407
11585451
11585507
11585517
11585585
11585665
11585685
11585777
11585843
11585867
11586015
11586019
11586027
11586061
11586177
11586227
11586259
11586425
11586449
11586465
11586647
11586687
11586707
11586857
11586953
11586991
11587139
11587205
11587209
11587261
11587307
11587313
11587395
11587447
11587501
11587629
11587657
11587781
11587811
11587857
11587861
11587991
11588105
11588299
11588349
11588359
11588457
11588675
11588883
11588907
11589061
11589071
11589123
11589137
11589159
11589193
11589373
11589705
11589921
11590175
11590183
11590241
11590345
11590559
11590689
11590691
11590703
11590747
11590805
11590857
11591173
11591177
11591211
11591227
11591277
11591447
11591515
11591623
11591687
11591707
11591831
11591905
11592017
11592029
11592457
11592835
11592865
11592881
11593015
11593019
11593181
11593239
11593241
11593351
11593733
11593737
11593787
11593877
11593949
11593985
11594057
11594095
11594125
11594145
11594225
11594319
11594321
11594543
11594687
11594771
11594813
11594927
11594959
11595005
11595051
11595067
11595073
11595181
11595185
11595217
11595339
11595347
11595377
11595495
11595525
11595681
11595697
11595731
11595739
11595741
11595851
11595923
11595927
11595965
11595989
11596243
11596289
11596353
11596437
11596439
11596453
11596659
11596919
11597013
11597019
11597069
11597141
11597175
11597343
11597419
11597441
11597901
11597917
11598081
11598233
11598281
11598323
11598363
11598397
11598573
11598655
11598801
11598825
11598871
11598945
11599059
11599081
11599275
11599303
11599351
11599437
11599493
11599623
11599625
11599723
11599875
11599913
11599999
11600117
11600123
11600129
11600151
11600305
11600453
11600553
11600569
11600581
11600705
11600769
11600807
11600861
11600885
11600901
11600969
11601125
11601441
11601473
11601555
11601623
11601627
11601635
11601753
11601783
11601915
11602131
11602135
11602279
11602549
11602571
11602687
11602761
11602859
11602865
11602935
11603003
11603135
11603275
11603369
11603433
11603439
11603481
11603543
11603695
11603737
11603807
11603825
11603905
11603919
11603937
11603949
11603951
11603965
11604069
11604131
11604191
11604211
11604247
11604267
11604401
11604419
11604477
11604493
11604547
11604579
11604687
11604695
11604723
11604733
11604927
11604961
11605019
11605033
11605117
11605153
11605163
11605167
11605177
11605187
11605193
11605217
11605321
11605481
11605529
11605723
11605781
11605857
11605871
11605873
11606009
11606011
11606025
11606077
11606157
11606161
11606203
11606357
11606379
11606441
11606481
11606511
11606521
11606531
11606621
11606691
11606799
11606911
11607021
11607179
11607267
11607457
11607495
11607507
11607571
11607577
11607605
11607609
11607687
11607905
11608207
11608275
11608341
11608353
11608469
11608559
11608625
11608661
11608919
11609319
11609343
11609421
11609429
11609461
11609509
11609513
11609545
11609569
11609677
11609695
11609729
11609793
11609917
11609935
11609943
11609955
11610013
11610065
11610089
11610093
11610119
11610223
11610245
11610275
11610631
11610659
11610777
11610907
11610941
11611035
11611109
11611137
11611153
11611181
11611207
11611279
11611317
11611353
11611375
11611529
11611535
11611571
11611949
11611953
11611967
11611981
11612035
11612043
11612047
11612219
11612283
11612373
11612405
11612457
11612551
11612705
11612781
11612799
11613031
11613099
11613145
11613193
11613215
11613245
11613289
11613307
11613349
11613573
11613585
11613623
11613731
11613803
11613839
11613863
11614003
11614015
11614165
11614221
11614227
11614257
11614297
11614353
11614387
11614657
11614775
11614885
11614937
11615021
11615067
11615127
11615201
11615481
11615583
11615627
11615665
11615727
11615803
11615897
11615979
11615991
11616029
11616031
11616043
11616073
11616117
11616179
11616271
11616317
11616319
11616505
11616541
11616569
11616579
11616587
11616659
11616707
11616709
11616733
11616843
11617009
11617037
11617043
11617149
11617281
11617387
11617395
11617579
11617585
11617609
11617665
11617733
11617873
11617889
11617899
11617941
11618047
11618087
11618177
11618219
11618243
11618247
11618265
11618273
11618297
11618305
11618409
11618443
11618463
11618551
11618561
11618631
11618675
11618759
11618961
11619013
11619021
11619069
11619317
11619327
11619379
11619511
11619669
11619733
11619817
11619905
11619991
11620019
11620179
11620259
11620393
11620459
11620471
11620515
11620583
11620639
11620643
11620941
11620977
11621019
11621161
11621193
11621269
11621287
11621301
11621327
11621341
11621405
11621415
11621465
11621553
11621613
11621659
11621663
11621699
11621739
11621751
11621785
11622183
11622189
11622557
11622693
11622731
11622739
11622985
11623119
11623187
11623275
11623327
11623425
11623473
11623489
11623519
11623661
11623677
11623861
11623903
11623995
11624007
11624051
11624103
11624315
11624359
11624449
11624491
11624643
11624657
11624717
11624797
11624885
11625087
11625141
11625289
11625291
11625371
11625385
11625595
11625685
11625743
11625873
11626041
11626097
11626213
11626323
11626383
11626399
11626409
11626513
11626549
11626607
11626761
11626809
11627157
11627253
11627447
11627451
11627469
11627667
11627697
11627851
11627871
11628055
11628143
11628169
11628195
11628299
11628383
11628397
11628625
11628677
11628801
11628877
11629063
11629133
11629211
11629351
11629423
11629487
11629561
11629633
11629715
11629719
11629761
11629971
11630035
11630057
11630069
11630103
11630123
11630217
11630311
11630353
11630421
11630833
11630843
11630855
11630859
11630861
11630923
11630977
11631075
11631089
11631111
11631165
11631237
11631431
11631493
11631773
11631831
11631849
11631965
11632021
11632037
11632085
11632139
11632243
11632249
11632277
11632321
11632325
11632391
11632425
11632527
11632545
11632601
11632723
11632735
11632749
11632823
11633115
11633209
11633233
11633293
11633557
11633629
11633641
11633693
11633703
11633735
11633743
11633751
11633867
11633885
11634015
11634169
11634343
11634409
11634467
11634601
11634697
11634725
11634819
11634827
11634863
11634977
11635055
11635059
11635155
11635163
11635179
11635181
11635193
11635199
11635253
11635273
11635385
11635397
11635445
11635547
11635623
11635703
11635853
11635861
11635865
11635955
11636167
11636343
11636361
11636389
11636405
11636521
11636581
11636653
11636735
11636745
11636775
11636791
11636935
11636999
11637103
11637189
11637205
11637295
11637323
11637449
11637511
11637561
11637563
11637807
11637857
11637897
11638169
11638213
11638341
11638399
11638609
11638659
11638745
11638775
11638799
11638871
11638883
11638909
11639007
11639055
11639063
11639187
11639339
11639441
11639489
11639523
11639531
11639731
11639765
11639911
11639919
11639965
11640089
11640129
11640247
11640327
11640351
11640487
11640489
11640591
11640631
11640701
11640739
11640811
11640979
11641075
11641085
11641433
11641535
11641541
11641549
11641711
11641755
11641763
11641845
11642167
11642269
11642281
11642335
11642389
11642521
11642561
11642685
11642909
11642935
11642943
11643065
11643067
11643141
11643161
11643199
11643227
11643389
11643393
11643613
11643639
11643703
11643807
11643905
11643951
11644031
11644039
11644109
11644127
11644157
11644187
11644441
11644515
11644607
11644703
11644721
11644879
11645005
11645067
11645077
11645155
11645313
11645323
11645351
11645383
11645497
11645623
11645637
11645657
11645745
11645793
11645933
11646061
11646067
11646099
11646121
11646155
11646267
11646397
11646403
11646473
11646547
11646579
11646675
11646733
11646737
11646783
11646877
11646883
11646911
11646971
11646989
11647153
11647155
11647171
11647173
11647205
11647501
11647541
11647561
11647575
11647659
11647731
11647745
11647873
11647889
11648185
11648359
11648421
11648477
11648513
11648567
11648571
11648577
11648627
11648697
11648759
11648779
11648801
11648805
11648835
11648867
11648871
11648895
11648907
11648911
11649033
11649057
11649065
11649083
11649085
11649105
11649157
11649217
11649231
11649299
11649383
11649425
11649465
11649521
11649527
11649567
11649619
11649721
11649925
11649989
11650125
11650177
11650255
11650281
11650287
11650343
11650379
11650473
11650475
11650497
11650529
11650565
11650745
11650825
11650861
11650921
11650925
11651063
11651087
11651173
11651217
11651353
11651527
11651619
11651697
11651823
11651859
11651893
11651895
11651939
11651943
11652067
11652075
11652253
11652497
11652539
11652703
11652805
11652845
11652969
11652983
11652993
11653007
11653073
11653153
11653195
11653203
11653275
11653389
11653421
11653531
11653689
11653967
11654007
11654039
11654049
11654113
11654139
11654175
11654309
11654379
11654385
11654469
11654623
11654661
11654709
11654773
11654801
11654947
11655145
11655277
11655397
11655419
11655493
11655517
11655545
11655567
11655607
11655649
11655671
11655875
11655905
11655917
11655967
11656003
11656031
11656049
11656059
11656063
11656141
11656223
11656235
11656267
11656417
11656443
11656643
11656691
11656787
11656871
11656891
11656937
11656977
11656981
11657029
11657081
11657101
11657185
11657263
11657345
11657425
11657427
11657543
11657605
11657619
11657683
11657693
11657735
11657749
11657767
11657795
11657841
11657919
11657957
11657969
11658063
11658127
11658131
11658153
11658165
11658197
11658389
11658621
11658739
11659019
11659037
11659093
11659313
11659363
11659409
11659437
11659623
11659757
11659761
11659775
11659861
11659921
11659939
11659977
11659995
11660057
11660067
11660079
11660345
11660479
11660563
11660667
11660715
11660733
11660745
11661041
11661053
11661123
11661179
11661389
11661415
11661429
11661549
11661559
11661587
11661693
11661697
11661789
11661813
11661841
11661849
11661915
11661921
11662123
11662225
11662413
11662505
11662669
11662925
11662981
11663011
11663077
11663195
11663285
11663377
11663383
11663559
11663607
11663643
11663647
11663669
11663675
11663751
11663769
11663777
11663853
11663869
11663955
11664007
11664151
11664175
11664245
11664257
11664433
11664453
11664523
11664621
11664641
11664829
11664839
11664871
11664881
11664929
11664979
11665025
11665189
11665291
11665381
11665561
11665579
11665611
11665629
11665731
11665777
11665867
11665999
11666023
11666133
11666167
11666419
11666423
11666431
11666499
11666525
11666627
11666631
11666713
11666901
11666953
11666965
11667027
11667053
11667159
11667161
11667187
11667253
11667381
11667455
11667465
11667495
11667527
11667631
11667695
11667775
11667895
11667945
11668011
11668205
11668239
11668321
11668359
11668363
11668365
11668385
11668413
11668493
11668539
11668597
11668663
11668791
11668911
11668927
11669137
11669173
11669179
11669223
11669257
11669279
11669391
11669497
11669573
11669775
11669867
11669887
11670153
11670189
11670313
11670329
11670357
11670365
11670419
11670421
11670449
11670537
11670545
11670615
11670651
11670659
11670709
11670765
11670935
11671045
11671063
11671071
11671185
11671271
11671387
11671457
11671573
11671597
11671609
11671827
11672125
11672205
11672211
11672215
11672313
11672513
11672599
11672705
11672775
11672777
11672977
11673065
11673131
11673199
11673221
11673263
11673275
11673381
11673539
11673765
11673789
11673979
11674193
11674235
11674527
11674555
11674557
11674635
11674699
11674849
11674909
11674957
11674961
11675041
11675043
11675207
11675277
11675417
11675471
11675561
11675693
11675889
11675925
11676063
11676243
11676291
11676301
11676371
11676413
11676471
11676485
11676571
11676741
11676883
11676959
11677183
11677215
11677219
11677221
11677287
11677411
11677475
11677477
11677529
11677611
11677643
11677661
11677731
11677741
11677941
11677985
11678189
11678547
11678565
11678713
11678901
11678965
11679193
11679223
11679267
11679275
11679329
11679339
11679397
11679413
11679733
11679753
11679803
11679955
11680003
11680077
11680083
11680137
11680243
11680357
11680381
11680401
11680435
11680629
11680789
11680845
11680881
11680921
11681115
11681123
11681171
11681307
11681357
11681423
11681477
11681649
11681653
11681681
11681851
11681919
11681931
11682039
11682163
11682259
11682265
11682287
11682399
11682471
11682533
11682583
11682631
11682767
11682879
11683055
11683059
11683143
11683191
11683267
11683453
11683591
11683743
11683773
11683815
11683831
11683943
11683945
11684009
11684033
11684361
11684423
11684491
11684589
11684743
11684771
11684825
11684887
11685007
11685093
11685103
11685169
11685275
11685287
11685301
11685325
11685381
11685411
11685479
11685485
11685559
11685633
11685649
11685661
11685757
11685793
11685889
11685935
11686123
11686141
11686177
11686205
11686277
11686549
11686575
11686659
11686689
11686695
11686701
11686713
11686747
11686785
11686815
11686845
11686947
11687009
11687083
11687099
11687213
11687251
11687547
11687551
11687577
11687643
11687881
11688005
11688257
11688291
11688301
11688349
11688525
11688659
11688741
11688791
11688989
11689039
11689115
11689195
11689245
11689253
11689315
11689337
11689367
11689397
11689463
11689499
11689531
11689535
11689623
11689651
11689735
11689821
11689875
11689931
11689945
11690013
11690021
11690135
11690141
11690367
11690369
11690409
11690423
11690539
11690541
11690625
11690699
11690815
11690827
11690863
11690907
11690939
11690957
11691137
11691183
11691417
11691439
11691449
11691643
11691683
11691699
11691717
11691759
11691765
11691795
11691799
11691807
11691839
11691895
11691901
11691957
11691967
11691979
11692179
11692217
11692267
11692327
11692465
11692469
11692541
11692737
11692829
11692857
11692867
11692965
11692991
11693141
11693423
11693513
11693619
11693677
11693833
11693867
11693911
11693915
11693919
11694093
11694123
11694249
11694355
11694401
11694517
11694605
11694679
11694705
11694743
11694761
11694881
11694887
11694903
11694911
11694973
11695003
11695079
11695343
11695591
11695637
11695703
11695737
11695739
11695987
11696091
11696147
11696273
11696291
11696453
11696527
11696551
11696687
11696689
11696697
11696731
11696813
11697155
11697305
11697335
11697553
11697683
11697715
11698013
11698055
11698079
11698087
11698097
11698223
11698335
11698415
11698507
11698517
11698527
11698541
11698635
11698661
11698729
11698739
11698749
11698751
11698905
11698943
11698973
11699071
11699081
11699083
11699209
11699279
11699337
11699353
11699385
11699551
11699559
11699679
11699693
11699705
11699709
11699813
11699971
11700029
11700149
11700211
11700323
11700335
11700423
11700515
11700567
11700651
11700705
11700717
11700761
11700771
11700823
11701097
11701183
11701313
11701339
11701385
11701653
11701727
11701767
11701783
11701843
11701859
11701863
11701935
11702081
11702089
11702107
11702129
11702167
11702259
11702267
11702285
11702371
11702403
11702453
11702489
11702601
11702621
11702655
11702677
11702853
11702859
11702885
11702971
11703009
11703071
11703121
11703357
11703433
11703567
11703617
11703703
11703783
11703939
11704165
11704199
11704209
11704237
11704241
11704249
11704305
11704395
11704409
11704505
11704523
11704559
11704651
11704661
11704881
11704907
11704933
11704969
11705017
11705101
11705145
11705241
11705367
11705499
11705577
11705665
11705725
11705759
11705927
11705945
11706067
11706225
11706273
11706315
11706337
11706467
11706625
11706633
11706839
11706967
11706973
11706991
11707043
11707085
11707141
11707265
11707305
11707335
11707375
11707399
11707533
11707767
11707825
11707925
11707989
11708055
11708059
11708205
11708397
11708409
11708439
11708475
11708535
11708541
11708573
11708579
11708581
11708643
11708729
11708795
11708853
11708867
11709293
11709301
11709331
11709427
11709453
11709455
11709711
11709797
11709935
11710003
11710039
11710065
11710179
11710217
11710231
11710271
11710301
11710315
11710337
11710361
11710409
11710465
11710531
11710545
11710607
11710631
11710763
11710767
11710809
11710911
11710931
11710951
11711105
11711233
11711255
11711339
11711417
11711427
11711465
11711479
11711513
11711575
11711595
11711877
11711963
11712153
11712189
11712221
11712249
11712259
11712491
11712523
11712595
11712665
11712729
11712863
11713167
11713181
11713197
11713335
11713367
11713535
11713573
11713615
11713641
11713687
11713693
11713795
11714069
11714193
11714343
11714407
11714751
11714765
11714909
11714943
11714997
11715135
11715143
11715319
11715343
11715359
11715369
11715467
11715487
11715507
11715551
11715575
11715659
11715853
11715965
11716037
11716047
11716053
11716087
11716127
11716247
11716265
11716349
11716467
11716469
11716525
11716587
11716625
11716627
11716643
11716695
11716809
11716847
11716925
11717039
11717047
11717093
11717335
11717417
11717493
11717695
11717805
11717823
11717915
11717927
11717959
11718191
11718241
11718265
11718375
11718419
11718555
11718601
11718611
11718665
11718735
11718747
11718751
11718803
11718971
11719255
11719265
11719305
11719349
11719375
11719503
11719529
11719693
11719695
11719795
11719831
11719863
11719975
11720009
11720139
11720153
11720165
11720183
11720193
11720223
11720229
11720277
11720291
11720445
11720501
11720521
11720559
11720593
11720639
11720793
11721063
11721103
11721157
11721317
11721325
11721379
11721433
11721463
11721553
11721615
11721665
11721679
11721809
11721839
11721947
11721987
11722083
11722101
11722339
11722347
11722523
11722611
11722647
11722681
11722731
11722743
11722749
11722835
11722877
11722923
11723073
11723097
11723125
11723131
11723179
11723255
11723269
11723299
11723317
11723333
11723337
11723411
11723437
11723443
11723533
11723779
11723795
11723881
11723961
11723979
11724121
11724187
11724193
11724275
11724291
11724391
11724555
11724585
11724617
11724725
11724741
11724783
11724887
11724949
11725091
11725169
11725365
11725417
11725493
11725515
11725537
11725559
11725675
11725741
11725779
11725783
11726031
11726123
11726145
11726157
11726217
11726237
11726303
11726465
11726475
11726491
11726551
11726605
11726631
11726633
11726681
11726689
11726697
11726803
11726823
11726839
11726951
11726953
11726955
11727095
11727177
11727313
11727405
11727541
11727551
11727599
11727629
11727867
11727879
11727909
11727967
11728071
11728233
11728241
11728491
11728529
11728593
11728629
11728701
11728751
11728849
11728889
11728917
11729021
11729219
11729255
11729305
11729393
11729411
11729437
11729443
11729529
11729579
11729667
11729687
11729757
11729779
11729787
11729845
11729905
11729907
11729911
11729927
11729951
11730187
11730231
11730297
11730331
11730391
11730395
11730505
11730545
11730595
11730601
11730687
11730767
11730789
11730841
11730957
11730971
11731075
11731149
11731157
11731357
11731423
11731515
11731569
11731601
11731653
11731687
11731701
11731719
11731785
11731891
11732003
11732191
11732229
11732353
11732573
11732715
11732731
11732745
11732813
11732827
11732861
11732939
11732983
11733031
11733119
11733241
11733283
11733285
11733503
11733537
11733565
11733645
11733687
11733855
11733875
11734033
11734095
11734097
11734107
11734143
11734151
11734177
11734201
11734203
11734267
11734277
11734301
11734307
11734391
11734435
11734489
11734557
11734567
11734583
11734599
11734663
11734715
11734759
11734839
11734865
11735087
11735147
11735217
11735533
11735553
11735555
11735599
11735713
11735739
11735801
11735815
11735867
11735925
11735937
11736033
11736051
11736171
11736225
11736315
11736361
11736461
11736577
11736655
11736775
11736833
11736915
11736919
11736941
11736977
11737021
11737027
11737365
11737459
11737529
11737539
11737571
11737575
11737739
11737817
11737833
11737859
11737895
11737909
11738027
11738115
11738125
11738131
11738187
11738213
11738255
11738349
11738399
11738463
11738465
11738539
11738563
11738663
11738693
11738771
11738821
11739087
11739163
11739175
11739241
11739327
11739363
11739491
11739519
11739605
11739723
11739835
11740009
11740099
11740329
11740355
11740387
11740413
11740469
11740607
11740709
11740845
11740871
11740903
11740933
11740953
11740965
11740991
11741053
11741067
11741155
11741189
11741241
11741421
11741505
11741607
11741793
11741839
11742335
11742395
11742545
11742561
11742593
11742705
11742721
11742813
11742837
11742953
11743001
11743021
11743055
11743075
11743477
11743483
11743521
11743707
11743779
11743795
11743903
11743911
11743961
11744097
11744151
11744199
11744299
11744341
11744451
11744475
11744501
11744591
11744719
11744757
11744783
11744813
11744831
11744839
11744869
11744927
11744969
11745095
11745183
11745321
11745383
11745407
11745647
11745689
11745695
11745699
11745721
11745725
11745831
11745841
11746029
11746203
11746239
11746423
11746581
11746737
11746741
11746815
11746879
11746901
11746909
11746915
11746919
11747001
11747073
11747103
11747159
11747173
11747401
11747451
11747503
11747581
11747633
11747655
11747683
11747691
11747701
11747743
11747765
11747829
11747849
11747923
11748011
11748091
11748129
11748179
11748263
11748265
11748339
11748353
11748433
11748485
11748521
11748733
11748741
11748915
11748989
11749199
11749213
11749413
11749445
11749517
11749649
11749767
11749853
11749861
11749869
11749879
11749915
11749939
11750101
11750119
11750183
11750185
11750271
11750423
11750485
11750603
11750609
11750637
11750721
11750749
11750753
11750803
11750865
11750873
11750927
11751029
11751043
11751057
11751103
11751209
11751313
11751333
11751417
11751431
11751459
11751493
11751897
11752091
11752115
11752157
11752205
11752227
11752269
11752305
11752409
11752437
11752579
11752613
11752657
11752709
11752847
11752929
11752955
11753005
11753093
11753173
11753203
11753453
11753497
11753503
11753569
11753573
11753709
11753757
11753789
11753813
11753841
11753961
11754083
11754113
11754213
11754281
11754345
11754355
11754359
11754411
11754461
11754573
11754583
11754701
11754739
11754765
11754773
11754885
11754887
11755083
11755095
11755149
11755205
11755261
11755265
11755323
11755491
11755533
11755593
11755597
11755727
11755901
11755971
11755999
11756021
11756049
11756307
11756433
11756567
11756625
11756829
11756887
11756969
11757201
11757277
11757309
11757601
11757737
11757743
11757775
11757793
11757797
11758081
11758093
11758133
11758135
11758219
11758327
11758381
11758405
11758431
11758647
11758719
11758739
11758913
11758957
11759067
11759099
11759123
11759131
11759217
11759325
11759327
11759367
11759503
11759547
11759605
11759891
11759933
11759993
11760057
11760371
11760755
11760787
11760935
11760941
11761035
11761207
11761341
11761669
11761767
11761835
11761865
11761881
11761997
11762105
11762211
11762229
11762241
11762243
11762305
11762401
11762445
11762519
11762569
11762639
11762815
11762823
11762855
11762991
11763187
11763197
11763203
11763251
11763263
11763323
11763409
11763513
11763625
11763665
11763671
11763779
11763807
11763853
11763883
11763907
11763969
11764075
11764195
11764289
11764293
11764363
11764475
11764739
11764745
11764863
11765027
11765069
11765167
11765511
11765607
11765681
11765685
11765745
11765755
11765811
11765881
11765923
11766005
11766071
11766491
11766509
11766581
11766601
11766635
11766713
11766725
11766795
11766937
11766989
11767033
11767263
11767383
11767401
11767425
11767429
11767579
11767681
11767749
11767753
11767823
11767889
11767953
11768065
11768097
11768265
11768343
11768403
11768461
11768533
11768535
11768877
11768931
11768973
11769069
11769101
11769169
11769173
11769181
11769277
11769359
11769377
11769447
11769551
11769591
11769641
11769701
11769811
11769919
11770059
11770187
11770319
11770409
11770455
11770553
11770647
11770669
11770729
11770755
11770781
11770813
11770861
11770871
11770991
11770999
11771085
11771123
11771157
11771169
11771209
11771259
11771321
11771323
11771343
11771579
11771633
11771723
11771867
11772115
11772179
11772269
11772479
11772505
11772531
11772563
11772601
11772743
11773005
11773053
11773137
11773353
11773377
11773557
11773567
11773631
11773675
11773707
11773719
11773725
11773773
11773799
11773919
11774005
11774023
11774049
11774119
11774191
11774313
11774399
11774453
11774543
11774827
11774937
11775017
11775045
11775123
11775309
11775323
11775329
11775585
11775617
11775691
11775753
11775951
11776033
11776123
11776127
11776171
11776213
11776219
11776241
11776259
11776347
11776377
11776379
11776395
11776555
11776587
11776651
11776759
11776777
11776857
11776947
11776955
11776979
11777185
11777219
11777303
11777349
11777357
11777389
11777413
11777423
11777497
11777503
11777541
11777657
11777743
11777775
11777787
11777845
11777875
11777877
11777895
11777909
11777925
11778015
11778037
11778053
11778115
11778133
11778151
11778153
11778285
11778339
11778355
11778637
11778695
11778707
11778789
11778879
11778899
11778901
11778927
11779011
11779081
11779131
11779185
11779289
11779319
11779385
11779395
11779469
11779483
11779577
11779685
11779707
11779717
11779733
11779759
11779777
11779831
11779907
11779931
11779983
11780031
11780035
11780095
11780221
11780289
11780319
11780413
11780433
11780575
11780621
11780859
11780887
11780945
11781011
11781025
11781067
11781087
11781095
11781199
11781315
11781451
11781521
11781589
11781597
11781691
11781717
11781779
11781789
11781915
11782035
11782179
11782227
11782255
11782289
11782339
11782369
11782455
11782477
11782821
11782949
11783001
11783273
11783333
11783517
11783625
11783689
11783693
11783825
11783855
11783861
11783927
11784129
11784147
11784247
11784283
11784307
11784321
11784343
11784361
11784369
11784431
11784509
11784715
11784777
11784819
11784833
11784839
11784859
11784861
11784903
11784947
11784993
11785003
11785101
11785353
11785453
11785513
11785723
11785799
11785845
11785993
11785997
11786021
11786047
11786051
11786061
11786113
11786171
11786175
11786235
11786289
11786357
11786411
11786445
11786457
11786475
11786491
11786705
11786749
11786783
11786805
11786819
11786837
11786853
11786961
11786977
11787053
11787151
11787321
11787337
11787409
11787427
11787561
11787605
11787813
11787899
11788049
11788195
11788457
11788551
11788565
11788645
11788669
11788717
11788793
11788819
11788891
11788921
11788935
11789023
11789169
11789199
11789417
11789563
11789623
11789659
11789669
11789727
11789881
11789901
11789989
11790177
11790261
11790411
11790431
11790527
11790535
11790567
11790573
11790585
11790713
11790735
11790841
11790861
11791077
11791085
11791097
11791217
11791225
11791261
11791333
11791367
11791369
11791373
11791427
11791457
11791491
11791529
11791667
11791743
11791773
11791855
11791939
11792007
11792021
11792137
11792279
11792351
11792435
11792477
11792575
11792605
11792813
11792819
11792835
11792867
11792971
11793035
11793067
11793081
11793137
11793221
11793287
11793423
11793537
11793697
11793721
11793783
11793879
11793949
11794035
11794097
11794199
11794201
11794265
11794279
11794289
11794601
11794603
11794627
11794631
11794649
11794661
11794699
11794903
11795063
11795079
11795111
11795113
11795271
11795335
11795397
11795679
11795905
11796005
11796213
11796249
11796501
11796571
11796699
11796741
11796785
11797031
11797157
11797233
11797259
11797333
11797531
11797575
11797627
11797779
11797901
11797931
11798009
11798037
11798085
11798115
11798345
11798591
11798779
11798925
11798979
11799103
11799253
11799333
11799377
11799577
11799627
11799639
11799693
11799781
11799839
11799857
11799977
11799979
11800027
11800103
11800163
11800195
11800249
11800343
11800413
11800721
11800755
11800799
11800949
11800979
11801011
11801053
11801165
11801207
11801225
11801289
11801393
11801613
11801673
11801691
11801705
11801717
11801875
11801953
11802069
11802105
11802217
11802357
11802563
11802595
11802795
11802857
11802969
11802981
11803071
11803101
11803111
11803201
11803389
11803443
11803531
11803537
11803571
11803595
11803637
11803713
11803725
11803727
11803793
11804153
11804155
11804227
11804455
11804465
11804515
11804519
11804549
11804735
11804739
11804801
11804805
11804817
11804857
11804867
11804877
11804899
11804905
11804911
11804913
11805087
11805111
11805195
11805259
11805317
11805341
11805367
11805379
11805461
11805497
11805515
11805519
11805571
11805707
11805723
11805827
11805895
11805901
11805971
11806143
11806215
11806259
11806345
11806363
11806467
11806473
11806475
11806555
11806573
11806759
11806911
11807051
11807205
11807221
11807265
11807277
11807389
11807449
11807541
11807559
11807567
11807677
11807689
11807697
11807725
11807739
11807771
11807915
11807967
11807989
11808019
11808141
11808155
11808255
11808281
11808521
11808665
11808767
11808779
11808805
11808893
11808941
11808971
11809027
11809093
11809109
11809129
11809131
11809315
11809423
11809503
11809545
11809663
11809775
11809803
11809851
11809915
11810005
11810073
11810077
11810137
11810355
11810685
11810743
11810871
11810947
11811095
11811097
11811131
11811199
11811217
11811265
11811341
11811391
11811597
11811695
11811733
11811761
11811983
11811995
11812013
11812235
11812297
11812321
11812453
11812479
11812501
11812565
11812569
11812653
11812661
11812795
11812801
11812817
11812963
11813025
11813189
11813195
11813231
11813325
11813353
11813393
11813403
11813607
11813623
11813677
11813683
11813711
11813821
11813835
11813943
11813979
11814015
11814089
11814107
11814217
11814269
11814277
11814311
11814319
11814359
11814385
11814491
11814499
11814595
11814713
11814793
11814817
11814865
11814899
11814901
11814939
11814967
11815021
11815061
11815231
11815265
11815341
11815351
11815363
11815373
11815419
11815571
11815595
11815649
11815657
11815793
11815921
11815981
11816017
11816129
11816187
11816191
11816257
11816379
11816475
11816479
11816523
11816673
11816709
11816721
11816755
11817023
11817033
11817157
11817213
11817257
11817303
11817311
11817313
11817369
11817537
11817623
11817687
11817739
11817765
11817809
11817877
11817891
11817911
11818033
11818069
11818075
11818227
11818367
11818497
11818529
11818545
11818589
11818639
11818775
11818781
11818909
11818939
11818979
11819015
11819177
11819257
11819269
11819289
11819423
11819491
11819543
11819601
11819849
11819899
11819917
11820169
11820193
11820203
11820305
11820403
11820417
11820429
11820459
11820673
11820689
11820727
11820735
11820765
11820809
11820819
11820967
11820993
11821117
11821491
11821523
11821621
11821691
11821825
11821915
11822053
11822105
11822203
11822273
11822279
11822281
11822419
11822533
11822555
11822633
11822855
11822905
11823119
11823145
11823297
11823327
11823357
11823433
11823439
11823485
11823513
11823627
11823727
11823901
11823959
11824031
11824385
11824605
11824665
11824671
11824715
11824719
11824841
11824913
11824939
11825045
11825053
11825089
11825237
11825383
11825481
11825491
11825539
11825553
11825569
11825571
11825699
11825701
11825845
11825867
11825937
11826009
11826131
11826179
11826217
11826377
11826397
11826591
11826657
11826715
11826791
11827011
11827117
11827215
11827223
11827307
11827417
11827601
11827703
11827713
11827753
11827777
11827969
11827993
11828051
11828087
11828155
11828173
11828253
11828649
11828749
11828759
11828907
11828943
11829051
11829157
11829209
11829225
11829229
11829307
11829311
11829321
11829331
11829485
11829531
11829611
11829761
11829785
11829807
11829889
11830011
11830091
11830149
11830201
11830319
11830325
11830461
11830495
11830539
11830597
11830677
11830719
11830751
11830917
11830945
11830949
11830975
11831007
11831093
11831123
11831225
11831255
11831257
11831315
11831417
11831531
11831561
11831675
11831697
11831713
11831845
11831969
11832141
11832145
11832165
11832221
11832267
11832341
11832457
11832473
11832633
11832637
11832649
11832771
11833025
11833089
11833117
11833201
11833225
11833231
11833297
11833359
11833521
11833547
11833551
11833581
11833645
11833673
11833785
11833999
11834081
11834089
11834193
11834209
11834279
11834341
11834349
11834387
11834437
11834459
11834491
11834673
11834763
11834807
11834873
11834927
11835009
11835031
11835071
11835165
11835217
11835285
11835309
11835373
11835477
11835525
11835545
11835875
11835899
11835929
11835967
11835971
11835977
11836187
11836293
11836303
11836367
11836421
11836579
11836631
11836669
11836691
11836839
11836867
11836877
11836935
11837029
11837161
11837211
11837319
11837359
11837371
11837373
11837465
11837581
11837769
11837815
11837885
11837945
11837965
11837985
11838015
11838061
11838189
11838423
11838453
11838577
11838889
11838987
11839035
11839085
11839135
11839137
11839167
11839227
11839385
11839529
11839759
11839885
11839939
11840313
11840559
11840677
11840843
11840865
11840949
11840963
11841079
11841147
11841191
11841193
11841211
11841237
11841277
11841289
11841381
11841387
11841581
11841583
11841651
11841673
11841765
11841791
11841835
11841871
11842073
11842159
11842165
11842169
11842231
11842261
11842303
11842399
11842421
11842461
11842505
11842753
11842769
11842813
11842831
11842947
11843155
11843343
11843349
11843479
11843491
11843505
11843531
11843601
11843667
11843683
11843691
11843731
11843733
11843739
11843791
11843795
11843907
11843925
11843927
11843929
11844097
11844305
11844437
11844541
11844683
11844825
11844835
11844881
11844899
11845137
11845225
11845285
11845415
11845517
11845519
11845533
11845539
11845579
11845653
11845669
11845701
11845751
11845793
11846077
11846169
11846389
11846439
11846521
11846819
11846939
11846977
11847081
11847099
11847583
11847671
11847735
11847805
11847831
11847869
11847895
11847965
11848071
11848175
11848273
11848307
11848389
11848397
11848405
11848515
11848581
11848753
11848761
11848827
11848853
11848879
11849013
11849093
11849131
11849341
11849355
11849413
11849427
11849513
11849685
11849755
11849815
11850037
11850283
11850339
11850841
11850887
11850939
11850999
11851143
11851145
11851183
11851447
11851503
11851517
11851551
11851605
11851775
11851799
11851941
11851993
11852005
11852013
11852029
11852121
11852143
11852175
11852389
11852501
11852599
11852689
11852843
11852845
11852853
11852951
11853095
11853175
11853211
11853307
11853383
11853387
11853519
11853585
11853683
11853685
11853817
11853901
11854063
11854153
11854209
11854263
11854265
11854321
11854361
11854459
11854477
11854549
11854565
11854589
11854613
11854705
11854801
11854993
11855243
11855325
11855371
11855487
11855569
11855587
11855731
11855763
11855801
11855847
11855875
11855885
11855915
11856067
11856133
11856389
11856397
11856483
11856531
11856535
11856569
11856603
11856683
11856727
11856951
11857011
11857077
11857199
11857267
11857283
11857391
11857403
11857561
11857611
11857635
11857645
11857647
11857711
11857763
11857779
11857797
11857865
11857871
11857873
11858081
11858097
11858103
11858131
11858209
11858273
11858417
11858439
11858481
11858543
11858547
11858559
11858577
11858627
11858647
11858653
11858687
11858727
11858747
11858803
11858977
11859113
11859161
11859303
11859547
11859555
11859577
11859803
11859891
11859967
11859997
11860081
11860103
11860119
11860151
11860227
11860269
11860311
11860355
11860417
11860499
11860537
11860593
11860627
11860631
11860781
11860881
11860885
11860917
11860945
11860993
11861149
11861155
11861171
11861207
11861263
11861407
11861467
11861505
11861543
11861553
11861657
11861661
11861719
11861735
11861877
11861919
11861983
11862151
11862297
11862329
11862399
11862531
11862597
11862711
11862777
11862873
11863025
11863113
11863215
11863427
11863499
11863593
11863601
11863665
11863679
11863705
11863815
11863973
11864091
11864135
11864343
11864419
11864561
11864619
11864631
11864641
11864701
11864741
11864765
11864785
11864875
11864917
11865105
11865129
11865203
11865211
11865221
11865225
11865243
11865315
11865397
11865421
11865429
11865459
11865609
11865631
11865755
11865869
11865881
11865937
11866235
11866241
11866375
11866409
11866527
11866645
11866705
11866789
11866889
11866997
11867065
11867181
11867209
11867261
11867307
11867383
11867407
11867577
11867803
11867813
11867847
11867859
11867925
11867941
11868083
11868117
11868131
11868217
11868323
11868325
11868533
11868561
11868665
11868673
11868783
11868801
11868809
11868815
11868943
11869019
11869097
11869199
11869217
11869219
11869365
11869449
11869479
11869549
11869611
11869675
11869783
11869997
11870059
11870123
11870213
11870411
11870471
11870715
11870737
11870773
11870907
11871085
11871115
11871189
11871191
11871259
11871287
11871479
11871649
11871685
11871773
11871837
11871975
11872097
11872107
11872115
11872209
11872261
11872277
11872329
11872333
11872373
11872377
11872473
11872575
11872591
11872629
11872641
11872753
11872787
11873021
11873085
11873147
11873197
11873259
11873345
11873367
11873409
11873467
11873773
11873843
11873941
11874049
11874053
11874071
11874093
11874193
11874233
11874251
11874279
11874325
11874417
11874457
11874525
11874633
11874641
11874731
11874863
11874999
11875043
11875099
11875209
11875261
11875273
11875533
11875539
11875545
11875603
11875617
11875673
11875697
11875783
11875879
11875913
11875919
11876007
11876009
11876013
11876105
11876121
11876189
11876205
11876293
11876321
11876407
11876487
11876581
11876631
11876653
11876839
11876873
11876891
11876909
11876931
11877129
11877223
11877321
11877333
11877353
11877429
11877555
11877697
11877815
11877953
11877967
11878129
11878145
11878243
11878527
11878627
11878637
11878673
11878725
11878821
11878897
11878983
11879025
11879131
11879239
11879273
11879317
11879363
11879365
11879369
11879417
11879475
11879501
11879595
11879637
11879775
11879815
11879919
11879969
11880009
11880017
11880149
11880165
11880247
11880263
11880317
11880339
11880381
11880485
11880537
11880869
11880997
11881223
11881233
11881295
11881327
11881347
11881431
11881615
11881671
11881691
11881819
11881999
11882041
11882103
11882129
11882197
11882395
11882401
11882427
11882493
11882665
11882893
11882921
11883003
11883203
11883233
11883337
11883359
11883711
11883769
11883843
11883881
11883953
11884029
11884153
11884163
11884229
11884255
11884341
11884367
11884443
11884601
11884821
11884851
11884865
11885043
11885083
11885097
11885297
11885301
11885481
11885613
11885617
11885629
11885713
11885777
11885787
11885813
11885837
11885905
11885931
11885953
11885955
11885987
11885995
11886137
11886173
11886175
11886373
11886389
11886395
11886453
11886485
11886517
11886521
11886533
11886589
11886609
11886671
11886735
11886767
11886799
11887001
11887243
11887379
11887519
11887537
11887615
11887795
11887797
11887819
11887919
11887931
11888041
11888205
11888295
11888351
11888379
11888537
11888669
11888705
11888735
11888827
11888927
11888937
11889005
11889021
11889129
11889133
11889187
11889233
11889285
11889289
11889321
11889331
11889409
11889555
11889587
11889603
11889677
11889761
11889771
11889775
11889929
11889957
11890019
11890065
11890067
11890099
11890331
11890333
11890365
11890375
11890395
11890437
11890507
11890577
11890729
11890945
11890987
11891041
11891111
11891159
11891245
11891371
11891413
11891583
11891689
11891693
11891697
11891877
11891891
11891981
11892021
11892053
11892081
11892143
11892177
11892197
11892199
11892417
11892421
11892451
11892541
11892619
11892717
11892869
11892969
11892981
11893065
11893097
11893235
11893243
11893337
11893447
11893483
11893531
11893681
11893761
11893861
11893959
11894091
11894103
11894111
11894127
11894173
11894199
11894545
11894549
11894559
11894675
11894685
11894829
11894943
11895011
11895049
11895099
11895103
11895117
11895209
11895331
11895369
11895493
11895505
11895545
11895577
11895669
11895693
11895735
11895751
11895921
11895929
11895939
11895989
11896005
11896109
11896113
11896121
11896227
11896511
11896563
11896615
11896693
11896771
11896835
11896885
11896997
11897129
11897133
11897185
11897217
11897257
11897297
11897567
11897593
11897719
11897779
11897787
11897789
11897805
11897815
11897821
11898015
11898157
11898171
11898197
11898241
11898479
11898515
11898537
11898633
11898637
11898649
11898675
11898701
11898703
11898711
11898785
11898833
11899127
11899183
11899193
11899257
11899281
11899305
11899307
11899393
11899409
11899535
11899661
11899705
11899761
11899791
11899823
11899899
11899995
11900123
11900159
11900183
11900319
11900463
11900467
11900629
11900639
11900757
11900871
11900889
11900937
11901013
11901053
11901135
11901291
11901301
11901335
11901429
11901489
11901519
11901521
11901573
11901703
11901737
11901931
11901933
11901949
11902055
11902061
11902089
11902155
11902251
11902345
11902371
11902467
11902675
11902747
11902879
11902885
11902955
11902963
11903057
11903099
11903157
11903179
11903205
11903253
11903273
11903281
11903557
11903731
11903767
11903817
11904081
11904201
11904221
11904421
11904705
11904713
11904849
11904869
11904895
11904901
11904929
11904933
11905091
11905137
11905159
11905291
11905319
11905351
11905409
11905445
11905565
11905569
11905573
11905753
11906171
11906173
11906251
11906265
11906267
11906409
11906481
11906561
11906593
11906617
11906643
11906659
11906835
11906927
11906933
11907015
11907091
11907145
11907251
11907319
11907349
11907491
11907501
11907699
11907705
11907767
11907813
11907875
11908107
11908113
11908209
11908261
11908299
11908405
11908413
11908415
11908431
11908435
11908583
11908585
11908713
11908771
11908831
11908863
11908879
11909081
11909233
11909237
11909261
11909385
11909393
11909435
11909611
11909749
11909859
11909889
11909891
11909945
11909989
11909991
11909995
11910193
11910437
11910475
11910497
11910577
11910603
11910607
11910609
11910661
11910771
11910827
11910853
11910863
11911015
11911155
11911251
11911455
11911467
11911485
11911547
11911631
11911637
11911795
11911811
11911875
11911905
11911949
11912199
11912243
11912265
11912293
11912433
11912499
11912669
11912793
11912839
11912867
11913011
11913017
11913061
11913137
11913153
11913231
11913315
11913497
11913701
11913805
11913807
11913835
11913847
11913889
11913915
11913953
11914017
11914085
11914307
11914471
11914789
11914817
11914823
11914935
11914959
11914987
11915027
11915089
11915277
11915285
11915437
11915483
11915523
11915567
11915601
11915747
11915877
11916243
11916429
11916445
11916539
11916565
11916621
11916631
11916637
11916645
11916673
11916759
11916785
11916815
11916823
11916849
11916859
11916957
11917005
11917007
11917069
11917131
11917155
11917161
11917177
11917261
11917299
11917413
11917607
11917703
11917709
11917729
11917823
11917879
11917917
11918185
11918187
11918223
11918225
11918237
11918243
11918331
11918437
11918593
11918595
11918607
11918631
11918879
11918935
11919159
11919167
11919237
11919533
11919595
11919635
11919661
11919665
11919669
11919823
11919853
11920039
11920079
11920173
11920175
11920223
11920237
11920249
11920305
11920343
11920361
11920411
11920533
11920571
11920577
11920639
11920891
11921079
11921091
11921123
11921159
11921163
11921199
11921261
11921435
11921659
11921713
11921823
11921849
11921899
11921979
11922045
11922091
11922141
11922223
11922293
11922481
11922717
11922749
11922805
11922843
11922989
11923135
11923165
11923261
11923299
11923325
11923449
11923465
11923477
11923505
11923519
11923539
11923625
11923663
11923715
11923717
11923835
11924075
11924153
11924223
11924345
11924431
11924501
11924775
11924803
11924835
11924893
11924911
11924949
11924959
11925033
11925145
11925277
11925339
11925417
11925423
11925525
11925531
11925561
11925749
11925919
11925947
11925969
11926005
11926133
11926159
11926181
11926257
11926273
11926489
11926503
11926513
11926599
11926707
11926727
11926761
11926867
11926897
11926919
11927061
11927155
11927219
11927293
11927307
11927405
11927713
11927745
11927807
11927861
11927911
11928059
11928101
11928235
11928245
11928307
11928309
11928375
11928403
11928525
11928637
11928661
11928667
11928925
11928949
11929121
11929153
11929189
11929413
11929685
11929731
11929857
11929883
11929893
11930187
11930249
11930255
11930407
11930411
11930449
11930489
11930493
11930501
11930577
11930645
11930671
11930727
11930775
11930827
11930835
11930843
11930909
11930999
11931015
11931243
11931275
11931483
11931509
11931663
11931775
11931801
11931967
11932061
11932065
11932069
11932105
11932125
11932143
11932169
11932365
11932645
11932665
11932671
11932693
11932825
11932837
11932855
11932943
11932961
11932969
11932993
11933075
11933085
11933105
11933163
11933227
11933253
11933329
11933463
11933623
11933971
11934011
11934025
11934075
11934205
11934287
11934507
11934535
11934595
11934605
11934655
11934729
11934963
11935035
11935039
11935057
11935173
11935195
11935383
11935425
11935453
11935479
11935551
11935591
11935963
11936067
11936129
11936153
11936217
11936279
11936453
11936473
11936481
11936523
11936565
11936803
11936825
11936855
11937003
11937125
11937167
11937197
11937245
11937287
11937433
11937531
11937779
11937869
11937989
11938045
11938091
11938205
11938299
11938325
11938437
11938567
11938583
11938593
11938607
11938627
11938637
11938659
11938725
11938793
11938825
11938861
11939143
11939205
11939247
11939253
11939271
11939353
11939399
11939559
11939563
11939611
11939635
11939669
11939703
11939737
11939833
11940139
11940191
11940241
11940337
11940387
11940401
11940481
11940509
11940687
11940811
11940829
11940877
11941015
11941083
11941101
11941123
11941275
11941323
11941357
11941443
11941517
11941693
11941695
11941877
11942009
11942131
11942239
11942301
11942493
11942505
11942641
11942747
11942851
11942857
11942861
11942915
11943037
11943061
11943111
11943119
11943123
11943129
11943151
11943187
11943251
11943307
11943465
11943511
11943549
11943561
11943897
11943949
11943981
11944073
11944093
11944159
11944377
11944409
11944475
11944545
11944565
11944609
11944693
11944745
11945053
11945123
11945169
11945197
11945251
11945347
11945427
11945445
11945467
11945535
11945547
11945599
11945637
11945673
11945907
11945925
11946105
11946109
11946255
11946431
11946449
11946773
11946775
11946785
11946909
11946941
11947021
11947167
11947183
11947223
11947247
11947337
11947381
11947409
11947415
11947465
11947473
11947475
11947491
11947521
11947565
11947807
11947821
11947847
11947867
11947877
11947903
11947919
11948073
11948225
11948251
11948569
11948579
11948615
11948701
11948747
11948759
11948845
11948857
11948957
11949133
11949441
11949537
11949599
11949615
11949663
11949725
11949733
11949827
11949829
11949963
11950101
11950165
11950415
11950473
11950659
11950705
11950713
11950753
11950871
11950907
11950945
11950981
11951083
11951129
11951523
11951591
11951677
11951729
11951743
11951805
11951951
11951981
11952147
11952167
11952357
11952375
11952427
11952653
11952735
11952761
11952765
11952895
11952901
11953033
11953091
11953103
11953113
11953177
11953187
11953321
11953411
11953471
11953489
11953493
11953543
11953661
11953707
11953747
11953789
11953813
11953843
11953949
11954029
11954043
11954111
11954119
11954121
11954145
11954191
11954205
11954255
11954509
11954565
11954657
11954751
11954905
11954941
11954949
11954971
11955047
11955103
11955115
11955147
11955211
11955237
11955275
11955291
11955335
11955447
11955455
11955465
11955687
11955735
11955821
11955875
11955929
11955955
11955983
11956059
11956129
11956191
11956225
11956261
11956301
11956361
11956611
11956723
11956817
11956913
11957089
11957097
11957133
11957147
11957213
11957443
11957475
11957483
11957543
11957549
11957685
11957701
11957805
11957873
11957929
11958023
11958175
11958273
11958341
11958579
11958721
11958807
11958907
11958943
11958949
11959123
11959167
11959341
11959439
11959477
11959513
11959527
11959723
11959883
11959965
11960085
11960199
11960307
11960519
11960611
11960629
11960793
11960971
11961107
11961205
11961227
11961365
11961467
11961627
11961737
11961739
11961773
11961785
11961805
11961881
11961935
11961981
11962017
11962137
11962151
11962263
11962355
11962379
11962417
11962625
11962629
11962849
11962875
11962881
11962939
11962983
11963031
11963053
11963199
11963253
11963287
11963323
11963463
11963469
11963521
11963543
11963565
11963589
11963893
11963909
11964037
11964083
11964125
11964183
11964185
11964279
11964295
11964309
11964417
11964519
11964563
11964821
11964947
11964999
11965047
11965101
11965253
11965499
11965559
11965569
11965641
11965643
11965653
11965655
11965667
11965687
11965847
11965867
11966193
11966259
11966261
11966281
11966311
11966343
11966405
11966467
11966473
11966481
11966491
11966581
11966617
11966643
11966903
11966929
11966981
11967079
11967113
11967117
11967261
11967483
11967501
11967505
11967667
11967727
11967909
11967989
11968065
11968087
11968149
11968227
11968281
11968435
11968451
11968479
11968539
11968613
11968799
11968857
11968981
11969031
11969113
11969147
11969153
11969159
11969225
11969271
11969351
11969369
11969373
11969613
11969635
11969645
11969803
11969889
11969951
11969963
11970001
11970035
11970053
11970387
11970435
11970641
11970709
11970829
11970861
11970873
11970925
11970969
11970971
11970999
11971025
11971117
11971121
11971215
11971229
11971271
11971361
11971401
11971587
11971739
11971787
11971851
11971913
11971917
11971939
11972041
11972069
11972075
11972127
11972269
11972351
11972511
11972515
11972693
11972735
11972751
11972803
11973005
11973009
11973085
11973137
11973159
11973195
11973203
11973217
11973279
11973295
11973309
11973329
11973395
11973463
11973489
11973499
11973529
11973559
11973561
11973705
11973809
11973825
11973835
11973895
11973923
11974035
11974069
11974163
11974189
11974369
11974447
11974463
11974683
11974689
11974711
11974981
11975077
11975139
11975161
11975175
11975243
11975249
11975271
11975315
11975325
11975353
11975379
11975653
11975663
11975721
11975729
11975787
11975853
11975879
11975971
11975983
11975995
11976101
11976191
11976227
11976259
11976273
11976505
11976507
11976531
11976655
11976735
11976809
11977113
11977247
11977279
11977335
11977337
11977351
11977381
11977473
11977503
11977527
11977635
11977705
11977717
11977721
11977793
11977801
11977829
11977835
11977933
11977957
11978125
11978349
11978397
11978495
11978497
11978509
11978567
11978579
11978637
11978667
11978701
11978747
11978765
11978879
11978913
11979143
11979305
11979425
11979527
11979553
11979697
11979725
11979949
11979983
11980139
11980267
11980269
11980287
11980363
11980437
11980493
11980579
11980687
11980797
11980805
11980831
11980891
11980893
11980907
11980915
11980969
11981247
11981269
11981443
11981451
11981513
11981755
11981795
11981801
11981863
11981919
11981983
11981997
11982035
11982039
11982047
11982101
11982121
11982183
11982215
11982325
11982615
11982903
11982909
11982979
11983029
11983291
11983389
11983401
11983445
11983615
11983647
11983735
11983759
11983801
11983815
11983879
11983889
11983949
11984009
11984085
11984117
11984433
11984655
11984755
11984765
11984779
11984797
11984819
11984821
11984875
11985045
11985077
11985133
11985213
11985287
11985341
11985381
11985453
11985489
11985497
11985509
11985545
11985595
11985635
11985711
11985795
11986017
11986057
11986107
11986113
11986129
11986217
11986261
11986267
11986299
11986349
11986639
11986699
11986759
11986847
11986889
11986929
11987049
11987171
11987189
11987247
11987273
11987349
11987419
11987463
11987577
11987745
11987809
11987941
11988059
11988149
11988197
11988215
11988451
11988465
11988515
11988587
11988741
11988777
11988807
11988891
11988921
11988989
11988997
11989053
11989161
11989257
11989291
11989301
11989309
11989365
11989373
11989497
11989499
11989675
11989935
11990203
11990281
11990339
11990411
11990501
11990517
11990573
11990661
11990931
11991011
11991045
11991083
11991133
11991219
11991261
11991277
11991281
11991313
11991419
11991497
11991533
11991689
11991779
11991939
11992021
11992045
11992053
11992223
11992337
11992377
11992395
11992397
11992409
11992413
11992603
11992651
11992787
11992811
11992933
11993019
11993103
11993139
11993175
11993225
11993471
11993633
11993765
11993863
11993889
11993939
11994051
11994135
11994179
11994183
11994203
11994267
11994431
11994521
11994535
11994607
11994629
11994723
11994923
11994925
11995095
11995175
11995209
11995245
11995295
11995301
11995311
11995323
11995379
11995381
11995447
11995489
11995591
11995681
11995689
11995759
11995801
11995809
11995845
11995849
11995983
11996043
11996147
11996181
11996189
11996297
11996329
11996363
11996631
11996675
11996943
11996945
11997041
11997043
11997069
11997163
11997449
11997499
11997515
11997665
11997713
11997843
11997897
11997903
11997919
11997945
11997979
11998049
11998087
11998185
11998231
11998413
11998521
11998587
11998611
11998681
11998713
11998753
11998805
11998885
11998987
11999073
11999081
11999093
11999189
11999197
11999249
11999295
11999359
11999543
11999583
11999689
11999747
11999909
11999927
11999999
