# proven primes: b with (b^16+1)/2 prime (aprcl), block [12000000,13000000)
12000047
12000065
12000107
12000117
12000249
12000393
12000435
12000499
12000513
12000761
12000817
12000825
12000847
12000869
12000913
12000997
12001027
12001035
12001087
12001167
12001257
12001321
12001375
12001405
12001559
12001669
12001787
12001835
12001837
12001931
12001957
12002171
12002251
12002285
12002287
12002331
12002441
12002593
12002607
12002625
12002685
12002745
12002775
12002781
12002813
12002833
12002845
12003077
12003157
12003397
12003585
12003637
12003737
12003747
12003757
12003763
12003793
12003799
12003815
12003891
12003927
12004091
12004127
12004381
12004411
12004527
12004547
12004587
12004637
12004655
12004755
12004877
12005113
12005135
12005149
12005267
12005327
12005381
12005423
12005539
12005553
12005569
12005577
12005615
12005673
12005713
12005739
12005923
12006043
12006087
12006119
12006125
12006279
12006437
12006459
12006603
12006611
12006625
12006637
12006733
12006767
12006773
12007013
12007065
12007087
12007213
12007313
12007329
12007431
12007439
12007673
12007717
12007725
12007737
12007771
12007913
12008019
12008179
12008283
12008395
12008467
12008671
12008693
12008705
12008755
12008769
12008859
12008883
12008885
12008901
12008929
12008949
12009149
12009179
12009215
12009257
12009355
12009447
12009523
12009527
12009553
12009591
12009597
12009673
12009717
12009851
12009945
12009993
12010001
12010091
12010095
12010127
12010151
12010341
12010343
12010583
12010637
12010673
12010697
12010741
12010823
12010921
12010989
12011037
12011075
12011151
12011217
12011365
12011391
12011449
12011509
12011553
12011569
12011595
12011599
12011619
12011643
12011655
12011707
12011743
12011791
12011801
12011807
12011909
12011925
12012091
12012285
12012287
12012423
12012475
12012647
12012651
12012713
12012785
12012795
12012803
12012865
12012869
12013021
12013033
12013055
12013091
12013133
12013183
12013231
12013335
12013443
12013483
12013497
12013561
12013573
12013621
12013751
12013753
12013807
12013847
12013873
12013929
12014007
12014141
12014201
12014315
12014363
12014395
12014585
12014695
12014791
12014819
12014847
12014849
12014987
12014993
12015031
12015175
12015267
12015301
12015365
12015399
12015405
12015433
12015655
12015783
12015809
12015835
12015885
12015935
12016045
12016051
12016151
12016175
12016319
12016321
12016325
12016449
12016455
12016493
12016607
12016719
12016853
12016919
12016933
12016945
12017047
12017057
12017193
12017273
12017323
12017377
12017417
12017477
12017743
12017751
12017771
12017877
12018003
12018021
12018107
12018115
12018197
12018201
12018221
12018265
12018745
12018785
12018889
12018903
12018929
12019029
12019167
12019211
12019267
12019295
12019363
12019369
12019371
12019373
12019433
12019435
12019557
12019563
12019811
12019899
12019999
12020025
12020033
12020129
12020159
12020237
12020411
12020447
12020465
12020623
12020817
12020845
12020979
12021239
12021269
12021429
12021445
12021689
12021731
12021885
12022043
12022099
12022141
12022193
12022353
12022367
12022461
12022521
12022585
12022733
12022861
12022891
12022939
12022945
12022961
12023177
12023185
12023245
12023253
12023255
12023381
12023501
12023517
12023553
12023657
12023697
12023855
12023891
12023965
12024009
12024061
12024103
12024161
12024203
12024213
12024287
12024343
12024385
12024401
12024403
12024413
12024569
12024629
12024631
12024663
12024883
12025097
12025129
12025223
12025295
12025301
12025319
12025391
12025425
12025455
12025461
12025485
12025701
12025915
12025923
12025927
12026055
12026109
12026157
12026233
12026263
12026289
12026303
12026419
12026425
12026465
12026715
12026729
12026735
12026831
12026973
12027037
12027105
12027199
12027245
12027255
12027317
12027329
12027439
12027451
12027477
12027505
12027607
12027725
12028001
12028047
12028113
12028173
12028191
12028421
12028473
12028499
12028575
12028615
12028673
12028829
12028955
12028967
12028995
12028999
12029043
12029067
12029079
12029223
12029239
12029495
12029703
12029705
12029751
12029775
12029827
12029913
12029937
12029969
12030105
12030119
12030121
12030191
12030597
12030635
12030791
12030797
12030815
12030957
12030989
12031127
12031135
12031201
12031337
12031445
12031577
12031589
12031647
12031747
12031777
12031919
12031965
12032039
12032149
12032161
12032177
12032265
12032329
12032333
12032467
12032535
12032575
12032615
12032617
12032695
12032727
12032753
12032769
12032811
12032857
12033029
12033037
12033047
12033145
12033317
12033361
12033419
12033461
12033469
12033473
12033519
12033567
12033603
12033817
12034043
12034155
12034193
12034251
12034293
12034311
12034411
12034553
12034589
12034637
12034701
12034753
12034945
12035085
12035119
12035465
12035653
12035677
12035721
12035727
12035791
12035867
12035901
12035925
12036027
12036055
12036063
12036269
12036299
12036301
12036395
12036407
12036479
12036507
12036777
12036901
12036935
12036995
12037089
12037237
12037299
12037321
12037373
12037419
12037465
12037497
12037505
12037721
12037967
12038059
12038175
12038261
12038311
12038325
12038381
12038455
12038571
12038717
12038831
12038865
12038881
12038951
12038961
12038971
12038993
12039001
12039191
12039261
12039337
12039417
12039493
12039529
12039535
12039633
12039637
12039655
12039701
12039705
12039725
12039969
12040011
12040061
12040067
12040103
12040149
12040217
12040279
12040301
12040383
12040407
12040411
12040535
12040773
12040781
12040793
12040799
12040805
12040825
12040945
12040995
12041007
12041113
12041159
12041225
12041365
12041433
12041507
12041519
12041609
12041937
12042001
12042039
12042087
12042171
12042203
12042237
12042297
12042313
12042321
12042341
12042363
12042397
12042445
12042705
12042785
12042923
12042927
12042973
12042977
12042997
12043023
12043047
12043051
12043105
12043161
12043277
12043343
12043409
12043461
12043479
12043523
12043545
12043617
12043741
12043795
12043823
12043867
12043891
12043933
12043937
12043943
12044071
12044099
12044107
12044183
12044267
12044283
12044449
12044453
12044489
12044539
12044549
12044581
12044603
12044611
12044637
12044745
12044851
12044985
12045079
12045111
12045163
12045229
12045369
12045489
12045621
12045729
12045749
12045773
12045795
12045799
12045937
12046003
12046065
12046069
12046179
12046335
12046365
12046453
12046515
12046611
12046617
12046671
12046775
12046789
12047007
12047015
12047297
12047317
12047401
12047415
12047489
12047493
12047519
12047529
12047703
12047849
12047945
12048019
12048103
12048225
12048235
12048267
12048271
12048313
12048375
12048465
12048467
12048543
12048647
12048765
12048855
12048899
12048973
12049027
12049085
12049181
12049333
12049343
12049347
12049531
12049571
12049617
12049725
12049771
12049959
12050021
12050069
12050147
12050285
12050575
12051109
12051119
12051157
12051165
12051171
12051177
12051193
12051199
12051345
12051503
12051563
12051755
12051801
12051891
12051915
12051933
12052063
12052081
12052277
12052281
12052325
12052333
12052335
12052403
12052415
12052475
12052647
12052661
12052679
12052749
12052989
12053031
12053117
12053131
12053219
12053435
12053439
12053475
12053529
12053607
12053623
12053679
12053825
12053909
12053973
12053991
12054035
12054153
12054189
12054213
12054279
12054299
12054353
12054393
12054561
12054673
12054681
12054683
12054687
12054745
12054763
12054767
12054815
12054935
12055169
12055187
12055363
12055369
12055403
12055407
12055455
12055521
12055707
12055747
12055751
12055785
12055807
12055849
12055901
12055947
12056071
12056137
12056141
12056143
12056183
12056241
12056307
12056319
12056389
12056395
12056431
12056487
12056501
12056529
12056533
12056549
12056627
12056629
12056711
12056715
12056785
12056787
12056797
12056943
12056979
12057059
12057133
12057137
12057183
12057261
12057323
12057375
12057405
12057489
12057599
12057677
12057693
12057743
12057959
12058013
12058035
12058041
12058065
12058079
12058131
12058175
12058269
12058313
12058317
12058337
12058411
12058415
12058431
12058475
12058675
12058749
12058931
12059005
12059011
12059309
12059325
12059465
12059517
12059565
12059653
12059721
12059741
12059857
12059859
12059945
12060107
12060183
12060243
12060261
12060303
12060357
12060365
12060407
12060423
12060427
12060457
12060469
12060485
12060499
12060603
12060635
12060781
12060797
12060811
12060839
12060861
12060897
12060943
12060975
12060983
12061169
12061187
12061209
12061289
12061397
12061407
12061467
12061571
12061593
12061739
12061793
12061925
12061941
12061965
12062015
12062113
12062203
12062223
12062367
12062411
12062603
12062637
12062655
12062665
12062687
12062751
12062823
12062871
12062931
12063269
12063287
12063309
12063323
12063403
12063427
12063543
12063551
12063615
12063617
12063671
12063719
12063733
12063787
12063817
12063987
12064057
12064157
12064167
12064169
12064277
12064301
12064307
12064357
12064601
12064635
12064643
12064669
12064737
12064751
12064799
12064897
12064903
12064969
12065113
12065195
12065199
12065289
12065313
12065367
12065385
12065477
12065501
12065637
12065643
12065659
12065743
12065843
12065901
12065991
12066023
12066051
12066083
12066129
12066131
12066147
12066725
12066759
12066903
12066957
12066973
12067123
12067139
12067171
12067217
12067219
12067267
12067303
12067307
12067389
12067477
12067479
12067667
12067723
12067869
12067871
12067991
12068101
12068173
12068325
12068329
12068379
12068393
12068513
12068585
12068605
12068651
12068665
12068731
12068831
12068907
12068961
12068965
12069031
12069041
12069043
12069057
12069117
12069265
12069321
12069411
12069445
12069459
12069489
12069601
12069679
12069829
12069833
12069947
12069961
12069963
12069991
12070033
12070093
12070211
12070253
12070263
12070375
12070521
12070557
12070645
12070903
12070909
12071007
12071083
12071159
12071221
12071425
12071469
12071539
12071541
12071571
12071663
12071875
12071947
12072071
12072075
12072119
12072143
12072159
12072315
12072325
12072473
12072483
12072631
12072723
12072819
12072879
12073201
12073237
12073259
12073307
12073337
12073367
12073413
12073457
12073485
12073489
12073533
12073547
12073599
12073601
12073621
12073683
12073797
12073811
12073841
12073979
12074141
12074195
12074211
12074301
12074327
12074393
12074475
12074477
12074537
12074539
12074543
12074545
12074569
12074681
12074707
12074759
12074793
12074813
12074953
12074963
12074987
12075019
12075217
12075221
12075299
12075321
12075331
12075343
12075371
12075397
12075401
12075409
12075477
12075499
12075573
12075615
12075677
12075681
12075761
12075871
12075891
12076059
12076121
12076173
12076215
12076323
12076367
12076405
12076475
12076485
12076505
12076669
12076677
12076917
12076949
12077041
12077165
12077355
12077381
12077383
12077657
12077721
12077787
12077801
12077821
12078173
12078211
12078215
12078279
12078413
12078463
12078481
12078497
12078597
12078669
12078745
12078767
12078869
12078907
12078915
12078957
12078999
12079005
12079023
12079061
12079119
12079253
12079269
12079273
12079289
12079337
12079369
12079459
12079463
12079519
12079683
12079687
12079789
12079999
12080063
12080083
12080127
12080223
12080349
12080389
12080413
12080453
12080459
12080543
12080597
12080623
12080661
12080881
12081035
12081067
12081167
12081215
12081267
12081275
12081307
12081313
12081533
12081871
12081905
12081937
12082055
12082077
12082097
12082179
12082207
12082231
12082263
12082313
12082335
12082499
12082623
12082669
12082711
12082743
12082765
12083037
12083435
12083471
12083603
12083625
12083677
12083765
12083777
12083925
12084263
12084271
12084321
12084395
12084455
12084489
12084563
12084575
12084633
12084785
12084793
12084817
12085037
12085045
12085069
12085201
12085217
12085219
12085225
12085237
12085279
12085533
12085565
12085707
12085733
12085795
12085833
12085949
12086121
12086127
12086161
12086273
12086319
12086329
12086401
12086475
12086497
12086689
12087007
12087009
12087169
12087213
12087249
12087261
12087329
12087375
12087391
12087465
12087629
12087681
12087811
12087925
12088033
12088039
12088143
12088225
12088391
12088553
12088633
12088753
12088813
12088929
12089015
12089035
12089153
12089183
12089215
12089523
12089865
12089885
12089943
12090145
12090353
12090431
12090439
12090441
12090521
12090647
12090695
12090723
12090727
12090781
12090853
12090871
12090989
12091007
12091013
12091033
12091091
12091227
12091413
12091513
12091535
12091537
12091733
12091815
12091825
12091931
12091973
12092081
12092129
12092189
12092329
12092421
12092451
12092481
12092581
12092627
12092641
12092949
12092967
12093221
12093289
12093293
12093373
12093413
12093471
12093547
12093569
12093575
12093637
12093651
12093693
12093767
12093771
12093777
12093801
12093861
12093865
12093895
12093913
12094145
12094211
12094213
12094251
12094439
12094505
12094511
12094535
12094575
12094657
12094809
12094847
12094943
12094977
12095139
12095147
12095271
12095279
12095367
12095619
12095665
12095669
12095697
12095723
12095731
12095741
12095885
12095925
12095949
12096033
12096055
12096109
12096227
12096293
12096411
12096565
12096659
12096749
12096755
12096779
12096795
12096847
12096883
12097355
12097551
12097593
12097607
12097663
12097675
12097717
12097765
12097985
12098109
12098127
12098175
12098389
12098471
12098609
12098625
12098647
12098687
12098695
12098703
12098875
12099095
12099229
12099297
12099353
12099385
12099537
12099601
12099633
12099661
12099667
12099685
12100005
12100031
12100103
12100163
12100217
12100363
12100403
12100437
12100551
12100615
12100675
12100741
12100793
12100839
12100845
12100849
12100895
12101041
12101067
12101081
12101195
12101237
12101249
12101347
12101371
12101501
12101649
12101685
12101723
12101833
12101967
12101979
12102099
12102273
12102359
12102383
12102539
12102557
12102581
12102637
12102679
12102775
12102791
12103085
12103193
12103249
12103443
12103459
12103513
12103547
12103561
12103575
12103619
12103653
12103759
12103781
12103783
12103839
12103919
12103937
12104139
12104221
12104451
12104549
12104559
12104899
12104909
12105035
12105127
12105171
12105219
12105227
12105285
12105327
12105455
12105529
12105733
12105929
12106181
12106193
12106277
12106345
12106361
12106393
12106423
12106497
12106499
12106509
12106597
12106703
12106797
12106799
12106937
12106965
12107193
12107341
12107395
12107631
12107701
12107765
12108033
12108069
12108237
12108287
12108303
12108333
12108337
12108769
12108871
12108973
12109007
12109105
12109165
12109207
12109313
12109427
12109561
12109649
12109755
12109879
12109891
12109901
12110101
12110391
12110437
12110535
12110653
12110675
12110767
12110909
12110911
12110923
12111023
12111047
12111107
12111221
12111229
12111231
12111283
12111387
12111421
12111431
12111477
12111861
12112081
12112111
12112181
12112231
12112293
12112309
12112391
12112437
12112489
12112491
12112573
12112623
12112685
12112825
12112873
12112877
12113029
12113073
12113079
12113171
12113181
12113219
12113365
12113495
12113517
12113527
12113583
12113781
12113809
12113819
12113835
12113979
12114027
12114077
12114227
12114365
12114379
12114405
12114427
12114495
12114573
12114585
12114623
12114631
12114703
12114717
12114721
12114767
12115009
12115105
12115131
12115195
12115257
12115299
12115387
12115445
12115455
12115489
12115679
12115795
12115825
12115849
12116161
12116427
12116443
12116567
12116599
12116631
12116651
12116685
12116729
12116767
12116865
12117165
12117213
12117249
12117399
12117419
12117467
12117469
12117487
12117521
12117627
12117707
12118003
12118077
12118105
12118197
12118207
12118215
12118297
12118303
12118321
12118399
12118575
12118711
12118761
12118827
12118863
12118985
12119139
12119141
12119183
12119239
12119245
12119293
12119431
12119493
12119565
12119577
12119581
12119595
12119597
12119625
12119671
12119715
12119769
12119777
12119783
12119837
12119885
12119953
12120059
12120079
12120107
12120173
12120251
12120397
12120409
12120537
12120553
12120573
12120645
12120647
12120759
12120767
12120841
12120923
12120941
12121031
12121045
12121063
12121099
12121125
12121153
12121179
12121193
12121199
12121231
12121277
12121417
12121601
12121623
12121629
12121671
12121691
12121843
12121847
12121923
12121933
12121999
12122029
12122031
12122091
12122143
12122251
12122381
12122391
12122417
12122695
12122801
12122809
12122905
12122989
12123025
12123065
12123113
12123139
12123173
12123227
12123311
12123369
12123611
12123837
12123901
12123925
12124345
12124465
12124507
12124551
12124559
12124595
12124603
12124643
12124649
12124723
12124735
12124823
12124833
12124855
12124897
12125027
12125047
12125103
12125177
12125253
12125273
12125307
12125309
12125421
12125423
12125427
12125523
12125525
12125799
12125917
12125947
12126049
12126351
12126363
12126537
12126827
12126835
12127043
12127129
12127293
12127319
12127509
12127637
12127715
12127739
12127877
12127933
12127937
12127975
12127989
12128269
12128341
12128399
12128421
12128449
12128495
12128595
12128725
12128759
12128769
12128853
12128905
12128969
12128985
12128993
12129001
12129053
12129063
12129105
12129115
12129195
12129197
12129455
12129523
12129551
12129673
12129679
12129695
12129861
12130157
12130215
12130271
12130397
12130471
12130553
12130781
12130783
12130877
12130967
12130987
12131021
12131149
12131365
12131601
12131643
12131725
12131827
12131871
12131923
12131955
12131985
12132095
12132183
12132185
12132195
12132261
12132455
12132479
12132651
12132675
12132717
12132793
12132867
12132881
12132963
12133039
12133059
12133065
12133149
12133155
12133181
12133223
12133313
12133413
12133475
12133505
12133583
12133755
12133777
12133881
12133995
12134039
12134075
12134153
12134207
12134211
12134265
12134279
12134333
12134383
12134399
12134435
12134493
12134539
12134581
12134673
12134757
12134771
12134897
12135005
12135293
12135309
12135319
12135325
12135465
12135559
12135833
12135943
12136015
12136017
12136033
12136061
12136085
12136247
12136331
12136333
12136337
12136459
12136629
12136673
12136751
12136803
12136851
12137003
12137063
12137081
12137089
12137187
12137253
12137257
12137335
12137517
12137525
12137615
12137647
12137651
12137671
12137697
12137711
12137771
12137985
12138031
12138059
12138101
12138155
12138215
12138249
12138351
12138451
12138501
12138551
12138591
12138687
12138691
12138701
12138751
12138839
12138871
12138929
12138953
12138985
12138999
12139025
12139125
12139137
12139175
12139185
12139199
12139415
12139447
12139469
12139537
12139599
12139647
12139679
12139779
12139927
12140067
12140127
12140217
12140277
12140505
12140561
12140951
12141061
12141111
12141145
12141151
12141301
12141371
12141375
12141381
12141385
12141499
12141551
12141619
12141719
12141825
12141893
12141969
12142209
12142349
12142363
12142387
12142465
12142497
12142557
12142559
12142601
12142675
12142713
12142715
12142735
12142865
12142941
12143017
12143019
12143049
12143085
12143331
12143397
12143479
12143529
12143613
12143931
12143939
12143951
12144059
12144191
12144213
12144233
12144305
12144319
12144389
12144515
12144561
12144621
12144629
12144827
12144881
12145063
12145101
12145145
12145207
12145223
12145365
12145375
12145395
12145767
12145819
12145917
12145919
12145953
12146117
12146185
12146347
12146473
12146525
12146545
12146595
12146605
12146643
12146749
12146761
12146839
12146893
12146923
12146961
12147031
12147051
12147157
12147279
12147301
12147323
12147479
12147773
12147863
12147903
12148003
12148029
12148061
12148069
12148093
12148187
12148345
12148387
12148535
12148545
12148611
12148685
12148739
12148769
12148827
12148853
12148893
12148911
12149047
12149213
12149239
12149255
12149271
12149291
12149423
12149505
12149549
12149553
12149767
12149775
12149925
12149951
12149961
12150019
12150021
12150027
12150065
12150115
12150139
12150177
12150217
12150305
12150333
12150497
12150595
12150605
12150701
12150727
12150749
12150797
12150815
12150873
12150985
12151029
12151089
12151263
12151351
12151651
12151725
12151793
12151833
12151879
12151881
12151891
12151951
12151953
12152069
12152145
12152157
12152171
12152187
12152197
12152209
12152347
12152407
12152533
12152657
12152667
12152711
12152747
12152803
12152823
12152965
12153115
12153225
12153241
12153539
12153621
12153633
12153677
12153733
12153777
12153793
12153823
12154039
12154293
12154415
12154467
12154761
12154829
12154865
12154967
12155021
12155039
12155067
12155113
12155151
12155189
12155199
12155225
12155445
12155447
12155551
12155691
12155739
12155741
12155831
12155847
12155919
12156011
12156173
12156249
12156277
12156345
12156389
12156489
12156705
12156719
12156787
12156807
12156859
12156983
12156995
12157011
12157057
12157059
12157081
12157085
12157211
12157241
12157307
12157407
12157429
12157495
12157507
12157533
12157555
12157601
12157619
12157633
12157829
12157971
12157985
12157989
12158135
12158227
12158337
12158405
12158605
12158723
12158865
12159007
12159171
12159299
12159339
12159369
12159397
12159441
12159627
12159767
12159829
12159931
12159933
12160033
12160055
12160101
12160205
12160215
12160265
12160291
12160303
12160659
12160667
12160801
12160853
12160897
12160899
12160955
12160971
12161001
12161149
12161245
12161473
12161481
12161547
12161555
12161567
12161573
12161575
12161619
12161681
12161779
12161787
12161817
12161833
12162025
12162055
12162091
12162139
12162143
12162499
12162553
12162789
12162819
12162823
12162847
12162925
12163051
12163185
12163265
12163355
12163373
12163421
12163507
12163557
12163727
12163735
12163751
12163765
12163767
12163841
12163891
12163963
12164003
12164031
12164089
12164115
12164231
12164237
12164245
12164277
12164527
12164713
12164769
12164917
12165077
12165149
12165249
12165357
12165389
12166087
12166129
12166217
12166257
12166323
12166547
12166573
12166625
12166699
12166813
12166939
12166953
12167023
12167073
12167085
12167099
12167209
12167301
12167465
12167685
12167787
12167813
12167913
12167935
12167959
12167995
12168251
12168271
12168285
12168423
12168429
12168693
12168877
12168881
12168901
12169051
12169117
12169265
12169303
12169341
12169377
12169467
12169507
12169531
12169547
12169711
12169811
12169965
12169967
12170005
12170055
12170131
12170141
12170203
12170209
12170213
12170227
12170575
12170607
12170661
12170673
12170683
12170723
12170737
12170743
12170757
12170859
12170875
12170887
12170993
12171157
12171215
12171295
12171463
12171477
12171523
12171527
12171585
12171649
12171725
12171753
12171777
12172001
12172035
12172077
12172135
12172221
12172225
12172395
12172419
12172477
12172521
12172529
12172573
12172713
12172725
12172749
12172799
12172891
12172979
12173073
12173143
12173397
12173657
12173663
12173669
12173785
12173791
12173849
12173915
12173975
12174039
12174091
12174129
12174273
12174281
12174283
12174563
12174581
12174775
12175141
12175231
12175427
12175449
12175463
12175587
12175611
12175779
12175817
12175921
12176173
12176309
12176339
12176345
12176387
12176407
12176417
12176567
12176693
12176787
12176807
12176847
12176901
12176909
12177139
12177251
12177405
12177581
12177875
12177903
12177919
12177921
12177933
12177973
12178061
12178063
12178071
12178143
12178209
12178235
12178267
12178465
12178557
12178569
12178679
12178691
12178711
12178867
12178941
12178973
12179083
12179133
12179173
12179271
12179291
12179355
12179507
12179597
12179613
12179617
12179633
12179765
12179767
12179803
12179841
12179959
12180053
12180185
12180199
12180231
12180313
12180329
12180365
12180573
12180631
12180657
12180667
12180671
12180695
12180813
12180863
12180867
12181045
12181065
12181195
12181255
12181277
12181313
12181467
12181485
12181487
12181545
12181607
12181621
12181641
12181747
12181769
12181879
12182003
12182007
12182067
12182071
12182109
12182119
12182291
12182305
12182317
12182343
12182543
12182659
12182671
12182809
12182931
12182959
12182985
12183023
12183035
12183071
12183105
12183177
12183291
12183301
12183459
12183499
12183619
12183685
12183767
12183971
12184013
12184049
12184193
12184243
12184255
12184261
12184277
12184417
12184451
12184527
12184749
12185149
12185177
12185251
12185293
12185299
12185479
12185533
12185695
12185717
12185795
12185873
12185991
12186083
12186209
12186351
12186467
12186499
12186515
12186545
12186583
12186679
12186697
12186787
12186951
12187037
12187215
12187251
12187313
12187327
12187377
12187409
12187445
12187505
12187601
12187647
12187769
12187807
12187891
12187913
12187941
12187961
12188029
12188087
12188125
12188277
12188287
12188329
12188351
12188365
12188395
12188413
12188529
12188541
12188579
12188597
12188637
12188741
12188827
12188937
12188985
12189017
12189057
12189099
12189121
12189243
12189301
12189349
12189361
12189385
12189455
12189457
12189501
12189805
12189823
12189853
12189915
12189975
12189981
12189991
12190077
12190233
12190273
12190353
12190389
12190601
12190687
12190701
12190787
12190799
12190895
12191137
12191305
12191359
12191459
12191489
12191505
12191613
12191713
12191733
12191859
12191909
12192093
12192111
12192147
12192157
12192189
12192271
12192287
12192429
12192439
12192481
12192571
12192603
12192765
12192875
12192909
12193005
12193085
12193099
12193209
12193223
12193289
12193491
12193493
12193675
12193823
12193827
12193867
12193877
12193911
12193963
12194187
12194237
12194365
12194517
12194617
12194631
12194661
12194707
12194717
12194757
12194819
12194915
12195007
12195033
12195071
12195207
12195313
12195337
12195369
12195443
12195531
12195559
12195583
12195665
12195729
12195773
12195931
12196087
12196339
12196431
12196545
12196657
12196839
12196865
12196971
12196975
12197047
12197155
12197201
12197319
12197351
12197521
12197697
12197715
12197757
12197803
12197849
12197927
12197953
12198065
12198079
12198549
12198617
12198647
12198667
12198687
12198693
12198703
12198997
12199103
12199115
12199133
12199325
12199423
12199443
12199467
12199591
12199733
12199831
12199869
12199909
12199919
12199937
12199943
12200019
12200119
12200241
12200245
12200299
12200331
12200459
12200701
12200795
12200929
12200949
12200983
12201037
12201119
12201129
12201263
12201301
12201329
12201403
12201411
12201465
12201593
12201601
12201715
12201971
12202065
12202249
12202251
12202253
12202521
12202625
12202681
12202733
12202793
12202983
12203081
12203139
12203169
12203375
12203435
12203471
12203579
12203725
12203773
12203869
12203965
12203985
12204047
12204087
12204175
12204201
12204255
12204373
12204403
12204435
12204503
12204547
12204621
12204697
12204743
12204751
12204757
12204907
12204971
12205101
12205143
12205193
12205355
12205515
12205607
12205651
12205701
12205791
12205813
12205839
12205901
12205993
12206001
12206007
12206017
12206189
12206225
12206227
12206369
12206407
12206431
12206569
12206631
12206651
12206665
12206667
12206709
12206753
12206793
12206833
12206907
12206911
12206965
12207127
12207297
12207339
12207407
12207417
12207423
12207531
12207545
12207595
12207753
12207755
12207827
12207867
12207933
12208021
12208053
12208105
12208125
12208363
12208389
12208481
12208585
12208685
12208693
12208705
12208707
12208747
12208801
12208807
12208937
12208941
12208949
12209033
12209043
12209121
12209159
12209255
12209437
12209449
12209495
12209553
12209575
12209585
12209599
12209611
12209691
12209755
12209789
12209851
12209889
12209915
12209939
12209943
12209947
12209987
12210223
12210245
12210301
12210381
12210431
12210753
12210821
12210859
12210949
12210985
12211099
12211147
12211157
12211173
12211201
12211247
12211259
12211421
12211449
12211621
12211747
12211863
12211879
12211919
12211953
12212013
12212017
12212121
12212187
12212205
12212339
12212445
12212493
12212505
12212599
12212627
12212703
12212763
12212797
12212807
12212979
12213067
12213187
12213263
12213281
12213371
12213431
12213545
12213693
12214043
12214187
12214421
12214521
12214553
12214563
12214657
12214659
12214661
12214855
12214857
12214863
12214895
12214979
12215003
12215029
12215051
12215063
12215081
12215107
12215295
12215391
12215403
12215581
12215821
12215897
12215989
12215997
12216149
12216167
12216227
12216251
12216263
12216333
12216527
12216787
12216827
12216835
12216907
12216989
12217017
12217207
12217223
12217279
12217369
12217527
12217533
12217683
12217719
12217921
12217949
12217963
12218049
12218113
12218145
12218193
12218203
12218285
12218349
12218515
12218543
12218549
12218693
12218821
12218871
12218895
12218935
12219003
12219245
12219327
12219377
12219421
12219527
12219619
12219655
12219677
12219679
12219941
12220113
12220183
12220225
12220243
12220283
12220337
12220395
12220447
12220673
12220701
12220831
12220909
12221021
12221035
12221129
12221163
12221187
12221247
12221255
12221285
12221407
12221415
12221565
12221585
12221609
12221617
12221671
12221687
12221699
12221759
12221803
12222381
12222415
12222461
12222495
12222555
12222565
12222575
12222657
12222661
12222703
12222741
12222745
12222809
12222819
12222909
12222931
12223035
12223071
12223139
12223213
12223223
12223371
12223553
12223565
12223739
12223757
12223839
12223901
12223953
12223977
12224021
12224045
12224245
12224267
12224349
12224377
12224693
12224831
12224875
12224917
12224947
12225071
12225081
12225087
12225239
12225277
12225295
12225383
12225387
12225495
12225523
12225659
12225683
12225725
12225773
12225791
12225805
12225891
12226077
12226189
12226353
12226423
12226439
12226447
12226487
12226557
12226641
12226877
12226931
12227031
12227051
12227109
12227241
12227287
12227327
12227385
12227469
12227537
12227593
12227615
12227659
12227779
12227793
12227949
12227985
12228103
12228129
12228179
12228239
12228337
12228399
12228419
12228425
12228445
12228483
12228521
12228565
12228635
12228737
12228851
12228941
12228955
12228961
12229251
12229257
12229351
12229361
12229429
12229519
12229537
12229577
12229639
12229757
12229813
12230055
12230067
12230095
12230153
12230155
12230251
12230277
12230299
12230303
12230353
12230391
12230519
12230569
12230791
12230795
12231043
12231045
12231153
12231215
12231217
12231269
12231301
12231319
12231419
12231427
12231523
12231593
12231609
12231677
12231947
12232067
12232353
12232375
12232423
12232567
12232693
12232805
12232945
12232969
12232975
12233117
12233241
12233353
12233599
12233625
12233693
12233849
12233855
12233863
12233993
12234007
12234055
12234089
12234233
12234275
12234359
12234373
12234513
12234597
12234999
12235023
12235089
12235099
12235107
12235185
12235251
12235253
12235279
12235303
12235305
12235311
12235461
12235669
12235681
12235803
12235805
12235833
12236187
12236251
12236309
12236859
12236909
12236941
12237027
12237079
12237111
12237323
12237331
12237391
12237431
12237495
12237497
12237551
12237739
12237751
12237785
12237877
12237903
12237921
12237933
12237943
12238021
12238101
12238237
12238497
12238523
12238593
12238689
12238767
12238877
12238881
12238905
12239049
12239095
12239185
12239251
12239331
12239363
12239387
12239421
12239425
12239497
12239569
12239739
12239755
12239807
12239819
12239861
12239955
12240045
12240135
12240189
12240323
12240327
12240347
12240403
12240451
12240465
12240495
12240609
12240709
12240753
12240865
12240879
12240963
12240979
12241069
12241121
12241147
12241247
12241249
12241279
12241429
12241499
12241513
12241519
12241787
12241815
12241885
12241925
12241991
12242009
12242021
12242209
12242275
12242283
12242355
12242359
12242379
12242407
12242569
12242727
12242865
12242915
12242939
12242991
12243009
12243099
12243149
12243227
12243243
12243267
12243631
12243689
12243695
12243963
12244209
12244235
12244333
12244447
12244515
12244769
12244773
12244849
12244853
12244865
12244991
12245049
12245053
12245191
12245287
12245437
12245447
12245459
12245701
12245779
12245859
12245883
12245891
12245901
12245951
12245967
12246031
12246063
12246127
12246151
12246177
12246503
12246519
12246649
12246741
12246783
12246913
12246917
12247013
12247085
12247123
12247131
12247223
12247429
12247443
12247547
12247613
12247701
12247769
12247785
12247875
12247903
12247967
12247989
12248001
12248003
12248075
12248151
12248161
12248229
12248269
12248377
12248425
12248463
12248481
12248497
12248545
12248689
12248693
12248833
12248957
12248977
12249187
12249629
12249795
12249915
12249937
12249983
12250021
12250167
12250205
12250263
12250293
12250399
12250423
12250469
12250521
12250541
12250607
12250721
12250835
12250857
12250965
12251107
12251113
12251135
12251165
12251199
12251209
12251269
12251305
12251491
12251501
12251603
12251753
12252033
12252155
12252397
12252423
12252551
12252757
12252893
12253001
12253121
12253149
12253181
12253195
12253293
12253325
12253407
12253441
12253489
12253631
12253705
12253729
12253831
12253929
12253973
12253989
12254037
12254423
12254619
12254671
12254693
12254697
12254733
12254891
12254899
12254939
12255017
12255041
12255053
12255135
12255195
12255197
12255391
12255483
12255579
12255599
12255635
12255727
12255757
12255787
12255837
12255851
12255973
12255991
12256021
12256053
12256131
12256201
12256257
12256263
12256273
12256301
12256327
12256377
12256549
12256631
12256665
12256713
12256755
12256763
12256839
12256867
12256943
12257035
12257073
12257101
12257211
12257259
12257291
12257323
12257339
12257355
12257409
12257623
12257653
12257657
12257687
12257811
12257901
12257905
12257981
12258145
12258165
12258169
12258253
12258255
12258273
12258495
12258505
12258663
12258689
12258749
12258897
12258935
12258967
12259027
12259091
12259345
12259401
12259403
12259439
12259477
12259647
12259693
12259707
12260077
12260089
12260103
12260105
12260137
12260315
12260341
12260365
12260413
12260473
12260513
12260679
12260771
12260813
12260879
12260963
12261019
12261051
12261069
12261201
12261229
12261241
12261279
12261299
12261307
12261323
12261575
12261623
12261663
12261689
12261733
12261799
12261835
12261937
12262029
12262101
12262111
12262359
12262393
12262475
12262485
12262781
12262841
12262977
12263071
12263139
12263163
12263193
12263269
12263311
12263451
12263483
12263489
12263681
12263699
12263745
12263771
12263913
12264009
12264019
12264037
12264151
12264183
12264245
12264471
12264485
12264587
12264609
12264641
12264649
12264709
12264759
12264821
12264835
12264837
12264843
12264863
12264953
12264967
12265115
12265215
12265287
12265309
12265413
12265429
12265433
12265459
12265481
12265509
12265563
12265609
12265639
12265647
12265765
12265773
12265791
12265839
12265845
12265883
12266047
12266447
12266547
12266673
12266685
12266699
12266867
12267115
12267117
12267159
12267293
12267299
12267349
12267665
12267769
12267843
12267857
12267867
12267877
12267889
12267989
12267995
12268111
12268245
12268265
12268343
12268853
12268899
12268905
12268923
12268963
12268965
12269047
12269051
12269101
12269129
12269243
12269249
12269321
12269325
12269375
12269429
12269439
12269447
12269555
12269559
12269563
12269601
12269671
12269683
12269753
12269795
12269941
12269965
12270021
12270023
12270041
12270063
12270095
12270241
12270247
12270257
12270297
12270443
12270489
12270571
12270807
12270973
12271035
12271135
12271203
12271277
12271283
12271311
12271531
12271637
12271693
12271695
12271859
12271907
12272003
12272123
12272173
12272229
12272241
12272397
12272481
12272525
12272549
12272725
12272735
12272949
12273009
12273017
12273047
12273061
12273183
12273281
12273311
12273349
12273417
12273471
12273531
12273533
12273539
12273569
12273581
12273625
12273653
12273683
12273797
12273917
12274001
12274073
12274077
12274133
12274181
12274219
12274243
12274307
12274427
12274605
12274633
12274745
12274841
12274937
12275009
12275055
12275113
12275213
12275411
12275435
12275437
12275457
12275587
12275685
12275715
12275917
12275959
12275969
12276101
12276229
12276245
12276331
12276531
12276625
12276629
12276649
12276671
12276755
12276787
12276831
12276837
12276949
12276951
12276961
12276987
12277081
12277107
12277121
12277189
12277217
12277251
12277263
12277361
12277379
12277589
12277595
12277807
12277839
12277905
12278043
12278061
12278139
12278181
12278201
12278647
12278817
12278917
12279043
12279107
12279129
12279181
12279273
12279395
12279461
12279535
12279613
12279659
12279717
12279815
12279851
12279915
12280049
12280085
12280101
12280125
12280141
12280333
12280365
12280377
12280399
12280437
12280451
12280709
12280757
12280861
12280963
12281071
12281141
12281511
12281565
12281605
12281611
12281639
12281657
12281661
12281717
12281769
12281957
12281975
12282051
12282061
12282175
12282367
12282391
12282487
12282575
12282627
12282663
12282673
12282815
12282819
12282879
12282885
12282899
12282939
12283029
12283151
12283327
12283379
12283417
12283481
12283601
12283679
12283789
12283845
12283899
12283903
12284015
12284189
12284199
12284339
12284425
12284469
12284491
12284511
12284637
12284689
12284695
12284709
12284711
12284851
12284857
12284963
12285065
12285145
12285231
12285345
12285447
12285531
12285721
12285821
12285831
12285861
12285941
12286101
12286103
12286113
12286149
12286379
12286421
12286431
12286543
12286695
12286709
12286869
12287213
12287285
12287295
12287467
12287541
12287653
12287679
12287735
12287875
12287953
12288043
12288101
12288121
12288291
12288347
12288521
12288637
12288639
12288651
12288693
12288725
12288733
12288767
12288795
12288855
12288959
12289067
12289071
12289135
12289195
12289213
12289365
12289555
12289735
12289815
12289859
12289873
12289875
12289909
12289953
12290015
12290047
12290077
12290105
12290179
12290299
12290311
12290381
12290547
12290583
12290711
12290719
12290769
12290797
12290847
12290897
12291007
12291037
12291043
12291159
12291169
12291187
12291423
12291541
12291551
12291571
12291581
12291625
12291741
12291745
12291845
12291927
12292003
12292075
12292117
12292127
12292133
12292143
12292265
12292271
12292287
12292289
12292399
12292471
12292497
12292505
12292517
12292629
12292697
12292699
12292709
12292717
12292729
12292789
12292951
12292979
12293089
12293117
12293271
12293279
12293361
12293377
12293389
12293413
12293419
12293433
12293539
12293621
12293669
12293695
12293705
12293745
12293753
12293767
12293823
12293829
12293863
12293913
12294001
12294081
12294239
12294267
12294283
12294403
12294481
12294485
12294533
12294581
12294629
12294823
12294909
12294915
12294965
12294971
12295053
12295063
12295203
12295231
12295355
12295367
12295415
12295679
12295705
12295721
12295809
12295865
12296051
12296119
12296213
12296255
12296339
12296355
12296381
12296387
12296389
12296507
12296519
12296727
12296863
12297109
12297177
12297193
12297293
12297321
12297351
12297569
12297629
12297685
12297689
12297709
12297761
12297887
12297907
12297911
12297957
12298073
12298083
12298109
12298269
12298407
12298421
12298565
12298603
12298775
12298827
12298845
12298995
12299101
12299111
12299177
12299241
12299305
12299377
12299497
12299499
12299735
12299783
12299835
12300009
12300109
12300269
12300353
12300403
12300409
12300473
12300485
12300523
12300935
12300957
12301029
12301195
12301281
12301407
12301493
12301569
12301721
12301809
12301919
12302123
12302277
12302351
12302437
12302461
12302657
12302681
12302741
12302899
12302901
12302913
12303117
12303167
12303191
12303269
12303307
12303343
12303359
12303405
12303439
12303541
12303553
12303583
12303617
12303669
12303731
12303829
12303885
12304063
12304079
12304223
12304365
12304467
12304485
12304503
12304557
12304561
12304603
12304671
12304687
12304753
12304799
12304825
12304863
12304909
12304945
12304959
12304991
12305041
12305055
12305153
12305215
12305327
12305397
12305429
12305571
12305619
12305625
12305675
12305777
12305817
12305891
12305955
12305979
12305989
12306107
12306231
12306599
12306641
12306671
12306751
12306859
12306875
12306939
12307011
12307081
12307163
12307279
12307347
12307369
12307381
12307449
12307531
12307629
12307709
12307853
12307939
12308103
12308133
12308211
12308249
12308293
12308681
12308761
12308799
12308813
12308817
12308941
12308997
12309111
12309149
12309209
12309227
12309309
12309347
12309423
12309553
12309577
12309585
12309605
12309615
12309639
12309641
12309677
12309783
12309919
12309939
12310015
12310043
12310113
12310173
12310253
12310257
12310357
12310525
12310557
12310649
12310653
12310673
12310685
12310691
12310715
12310717
12310853
12310925
12311045
12311145
12311159
12311237
12311325
12311373
12311393
12311395
12311409
12311457
12311469
12311543
12311613
12311657
12311711
12311719
12311781
12311805
12311845
12312075
12312099
12312185
12312193
12312195
12312321
12312323
12312377
12312401
12312435
12312499
12312511
12312515
12312517
12312599
12312609
12312705
12312771
12312831
12312875
12312939
12312995
12313043
12313133
12313181
12313201
12313259
12313275
12313407
12313461
12313481
12313485
12313537
12313565
12313577
12313773
12313797
12313873
12313923
12313989
12314031
12314085
12314167
12314359
12314365
12314375
12314539
12314541
12314617
12314659
12314693
12314717
12314763
12314803
12314819
12314853
12314855
12314865
12314933
12314969
12314997
12315027
12315081
12315119
12315221
12315265
12315309
12315413
12315419
12315505
12315545
12315777
12315831
12315897
12315975
12315979
12316081
12316093
12316203
12316273
12316275
12316293
12316317
12316323
12316325
12316327
12316365
12316375
12316477
12316651
12316783
12317083
12317101
12317201
12317301
12317341
12317657
12317809
12317841
12317955
12318115
12318129
12318135
12318345
12318365
12318397
12318423
12318461
12318475
12318601
12318829
12318843
12318905
12318953
12318997
12319007
12319059
12319141
12319169
12319171
12319199
12319275
12319297
12319327
12319335
12319387
12319491
12319493
12319533
12319683
12319859
12319861
12319909
12320041
12320099
12320123
12320149
12320195
12320285
12320309
12320341
12320479
12320521
12320557
12320633
12320637
12320675
12320719
12320767
12320857
12320893
12321023
12321145
12321183
12321243
12321429
12321457
12321463
12321519
12321525
12321553
12321565
12321587
12321629
12321817
12321903
12321921
12321989
12321999
12322051
12322195
12322239
12322307
12322355
12322369
12322405
12322461
12322743
12322841
12322879
12322951
12323061
12323265
12323311
12323361
12323391
12323427
12323509
12323541
12323567
12323597
12323667
12324045
12324101
12324153
12324229
12324239
12324291
12324325
12324433
12324461
12324471
12324553
12324633
12324699
12324781
12324861
12325013
12325405
12325475
12325513
12325637
12325751
12325769
12325773
12325789
12325851
12325901
12325967
12326005
12326013
12326067
12326087
12326177
12326203
12326243
12326311
12326315
12326477
12326487
12326583
12326609
12326689
12326905
12327055
12327149
12327185
12327347
12327499
12327507
12327619
12327715
12327753
12327755
12327767
12327875
12327891
12327911
12327927
12327939
12328033
12328083
12328241
12328369
12328707
12328729
12328915
12328977
12328983
12329017
12329051
12329097
12329123
12329273
12329365
12329519
12329597
12329729
12329735
12329833
12329857
12330133
12330371
12330561
12330711
12330743
12330745
12330777
12330827
12330863
12330867
12330947
12330979
12331229
12331329
12331395
12331415
12331425
12331439
12331445
12331551
12331595
12331793
12331829
12331831
12331909
12332185
12332187
12332653
12332737
12332775
12332807
12332827
12332915
12333169
12333197
12333205
12333209
12333211
12333327
12333333
12333597
12333649
12333665
12333801
12333999
12334049
12334053
12334169
12334325
12334349
12334517
12334529
12334609
12334757
12334849
12334907
12334911
12334913
12334969
12335053
12335159
12335215
12335261
12335311
12335389
12335391
12335515
12335517
12335529
12335771
12335789
12335839
12335869
12335887
12335893
12335927
12335969
12336019
12336089
12336115
12336345
12336357
12336363
12336435
12336495
12336519
12336533
12336545
12336563
12336653
12336751
12336827
12336843
12336873
12336937
12337047
12337083
12337101
12337277
12337285
12337365
12337565
12337611
12337633
12337703
12337711
12337777
12337779
12337901
12338033
12338051
12338119
12338189
12338243
12338293
12338341
12338375
12338571
12338581
12338593
12338629
12338713
12338729
12338879
12338903
12338989
12339073
12339139
12339261
12339287
12339321
12339345
12339355
12339423
12339435
12339607
12339651
12339659
12339677
12339741
12339807
12339829
12339859
12339903
12339981
12339987
12340371
12340427
12340501
12340551
12340769
12340807
12341011
12341075
12341189
12341231
12341281
12341375
12341411
12341429
12341447
12341461
12341469
12341529
12341693
12341739
12341879
12341883
12341901
12341951
12341973
12342093
12342159
12342177
12342475
12342627
12342677
12342691
12342765
12342797
12342845
12342997
12343025
12343027
12343033
12343039
12343083
12343105
12343115
12343209
12343239
12343613
12343621
12343679
12343759
12343817
12343889
12344085
12344127
12344221
12344235
12344245
12344327
12344385
12344415
12344463
12344479
12344525
12344555
12344561
12344609
12344611
12344645
12344713
12344767
12344779
12344839
12344843
12344913
12344973
12345239
12345243
12345285
12345289
12345391
12345603
12345665
12345767
12345997
12346013
12346049
12346099
12346189
12346249
12346275
12346345
12346441
12346515
12346517
12346531
12346551
12346879
12347043
12347143
12347239
12347281
12347349
12347361
12347527
12347619
12347695
12347715
12347797
12347903
12347913
12347987
12348003
12348047
12348057
12348185
12348203
12348233
12348409
12348519
12348521
12348651
12348873
12348899
12348955
12348973
12349061
12349183
12349185
12349273
12349281
12349335
12349427
12349429
12349463
12349523
12349555
12349683
12349693
12349877
12349959
12350081
12350357
12350595
12350649
12350701
12350931
12350945
12351143
12351169
12351279
12351317
12351323
12351579
12351625
12351627
12351905
12351923
12351937
12351963
12352073
12352245
12352345
12352373
12352471
12352623
12352673
12352757
12352777
12352999
12353101
12353167
12353247
12353333
12353353
12353515
12353607
12353889
12353921
12353957
12354013
12354093
12354161
12354197
12354279
12354453
12354545
12354673
12354713
12354749
12354777
12354831
12354889
12354929
12354931
12354969
12355011
12355023
12355249
12355301
12355303
12355373
12355389
12355467
12355487
12355509
12355593
12355707
12355749
12355763
12355829
12356001
12356107
12356231
12356427
12356491
12356531
12356677
12356733
12356853
12357001
12357129
12357175
12357191
12357303
12357369
12357385
12357409
12357419
12357513
12357637
12357645
12357681
12357693
12357753
12357825
12357889
12357919
12357935
12358003
12358029
12358043
12358131
12358135
12358179
12358217
12358369
12358431
12358447
12358489
12358543
12358551
12358613
12358625
12358677
12358687
12358723
12358727
12358809
12358891
12358965
12358985
12358997
12359007
12359087
12359097
12359199
12359223
12359287
12359383
12359413
12359441
12359557
12359561
12360005
12360033
12360215
12360221
12360607
12360675
12360679
12360695
12360701
12360711
12360747
12360815
12360819
12360917
12361009
12361099
12361235
12361275
12361297
12361301
12361367
12361387
12361463
12361519
12361567
12361597
12361655
12361745
12361753
12361787
12361909
12361949
12362035
12362097
12362347
12362349
12362361
12362443
12362547
12362565
12362655
12362663
12362673
12362679
12362681
12362853
12362945
12362989
12363027
12363131
12363195
12363265
12363279
12363319
12363347
12363397
12363415
12363467
12363487
12363607
12363641
12363643
12363661
12363667
12363729
12363743
12363949
12363961
12364051
12364163
12364179
12364213
12364349
12364371
12364395
12364433
12364599
12364631
12364675
12364713
12364815
12364819
12364821
12364929
12364953
12365037
12365261
12365499
12365501
12365511
12365561
12365567
12365573
12365723
12365751
12365767
12365779
12365833
12365997
12366061
12366149
12366203
12366217
12366223
12366227
12366245
12366251
12366373
12366591
12366611
12366709
12366725
12366747
12366771
12366881
12366911
12366921
12366945
12366983
12367011
12367013
12367017
12367033
12367075
12367085
12367125
12367147
12367285
12367585
12367611
12367613
12367621
12367685
12367689
12367827
12367855
12367861
12367991
12368023
12368053
12368119
12368129
12368179
12368205
12368215
12368265
12368267
12368405
12368423
12368591
12368617
12368631
12368647
12368677
12368721
12368771
12368841
12368905
12368907
12369205
12369211
12369267
12369305
12369325
12369505
12369559
12369731
12369753
12369797
12370039
12370051
12370069
12370117
12370127
12370167
12370207
12370257
12370303
12370469
12370481
12370653
12370739
12370899
12371051
12371187
12371201
12371223
12371225
12371281
12371365
12371385
12371557
12371703
12371711
12371891
12372071
12372163
12372183
12372227
12372349
12372361
12372381
12372441
12372495
12372551
12372571
12372679
12372701
12372713
12372739
12372803
12372829
12372857
12372859
12373105
12373135
12373237
12373331
12373413
12373501
12373509
12373609
12373677
12373931
12373939
12373985
12374097
12374099
12374175
12374197
12374207
12374507
12374571
12374645
12374937
12374961
12375025
12375059
12375073
12375099
12375103
12375169
12375223
12375251
12375295
12375321
12375347
12375365
12375491
12375515
12375553
12375577
12375609
12375641
12375713
12375749
12375825
12375945
12375977
12376009
12376157
12376483
12376603
12376643
12376817
12376877
12377099
12377139
12377141
12377143
12377147
12377191
12377217
12377315
12377321
12377323
12377341
12377419
12377427
12377557
12377571
12377621
12377753
12377767
12377789
12377805
12377865
12377985
12378195
12378245
12378251
12378327
12378501
12378519
12378575
12378673
12378759
12378853
12378861
12378957
12379127
12379327
12379355
12379407
12379517
12379689
12379771
12379807
12379819
12379821
12379869
12380023
12380025
12380089
12380107
12380171
12380309
12380383
12380519
12380661
12380695
12380741
12380865
12380869
12380897
12380965
12381001
12381201
12381227
12381383
12381395
12381437
12381453
12381517
12381551
12382013
12382035
12382059
12382161
12382185
12382291
12382305
12382351
12382363
12382533
12382715
12382731
12382737
12382753
12382867
12383009
12383037
12383119
12383123
12383295
12383431
12383441
12383499
12383513
12383635
12383685
12383703
12383707
12383829
12383931
12383963
12384037
12384103
12384125
12384151
12384285
12384345
12384395
12384411
12384489
12384559
12384577
12384587
12384851
12385033
12385055
12385079
12385151
12385169
12385229
12385499
12385501
12385507
12385521
12385565
12385585
12385827
12385855
12385957
12385967
12386333
12386371
12386549
12386835
12386841
12386843
12386879
12386895
12386923
12387215
12387341
12387455
12387525
12387763
12387843
12387949
12388011
12388039
12388047
12388061
12388267
12388431
12388539
12388635
12388869
12389093
12389199
12389245
12389329
12389433
12389455
12389567
12389819
12389975
12390173
12390185
12390203
12390285
12390369
12390405
12390633
12390765
12390781
12390793
12390815
12390823
12390875
12390937
12391033
12391067
12391371
12391427
12391535
12391539
12391605
12391609
12391657
12391661
12391663
12391665
12391767
12391931
12391955
12391983
12392065
12392073
12392113
12392115
12392125
12392139
12392173
12392239
12392315
12392331
12392357
12392451
12392469
12392609
12392615
12393003
12393099
12393263
12393291
12393339
12393363
12393411
12393543
12393631
12393695
12393901
12393977
12394063
12394105
12394159
12394197
12394255
12394489
12394507
12394515
12394537
12394559
12394703
12394859
12394893
12394911
12394949
12395019
12395069
12395145
12395217
12395233
12395257
12395265
12395283
12395349
12395371
12395473
12395517
12395591
12395627
12395691
12395923
12395931
12395933
12396111
12396177
12396225
12396583
12396629
12396847
12396891
12396893
12396903
12396975
12397059
12397077
12397089
12397145
12397217
12397241
12397247
12397433
12397477
12397583
12397715
12397849
12397945
12398065
12398263
12398535
12398551
12398615
12398655
12398659
12398751
12398933
12399021
12399099
12399165
12399241
12399251
12399353
12399375
12399505
12399581
12399583
12399735
12399789
12399793
12399935
12399997
12400067
12400145
12400221
12400277
12400379
12400433
12400449
12400453
12400583
12400653
12400735
12400767
12400775
12400895
12400905
12401067
12401083
12401119
12401171
12401483
12401531
12401539
12401553
12401687
12401737
12401825
12401879
12401947
12402105
12402127
12402131
12402161
12402263
12402287
12402313
12402319
12402433
12402511
12402575
12402657
12402679
12402693
12402759
12402891
12403027
12403149
12403381
12403451
12403465
12403475
12403503
12403559
12403575
12403725
12403761
12403783
12403843
12403871
12403907
12403973
12404065
12404069
12404175
12404213
12404245
12404357
12404399
12404433
12404701
12404721
12404773
12404809
12404925
12404957
12405087
12405097
12405241
12405415
12405445
12405471
12405481
12405491
12405493
12405589
12405633
12405705
12405797
12405985
12406009
12406021
12406027
12406159
12406185
12406199
12406213
12406293
12406299
12406335
12406383
12406453
12406617
12406635
12406647
12406679
12406685
12406725
12406753
12406771
12407301
12407323
12407353
12407371
12407441
12407449
12407465
12407565
12407575
12407601
12407649
12407683
12407749
12407879
12407925
12407933
12407989
12408043
12408083
12408169
12408283
12408315
12408407
12408429
12408449
12408513
12408645
12409065
12409127
12409253
12409271
12409347
12409361
12409433
12409489
12409513
12409567
12409569
12409573
12409719
12409799
12409865
12409899
12409949
12409987
12410097
12410177
12410203
12410259
12410417
12410421
12410643
12410657
12410697
12410751
12410773
12410797
12410885
12410969
12411339
12411347
12411381
12411569
12411591
12411603
12411707
12411771
12411973
12412093
12412219
12412319
12412469
12412621
12412673
12412675
12412695
12412711
12412857
12412981
12413069
12413163
12413509
12413537
12413615
12413677
12413781
12413877
12413927
12414013
12414017
12414067
12414139
12414141
12414231
12414253
12414295
12414537
12414553
12414581
12414633
12414641
12414649
12414691
12414721
12414795
12414815
12414955
12414971
12414973
12415143
12415175
12415203
12415209
12415227
12415477
12415491
12415503
12415507
12415555
12415591
12415595
12415597
12415975
12416097
12416109
12416267
12416399
12416437
12416665
12416749
12416811
12416927
12417011
12417133
12417161
12417185
12417199
12417433
12417467
12417509
12417541
12417567
12417599
12417633
12417745
12417981
12418025
12418101
12418107
12418549
12418555
12418605
12418623
12418659
12418723
12418827
12418861
12418867
12418967
12418969
12419015
12419135
12419203
12419291
12419363
12419403
12419409
12419417
12419513
12419519
12419565
12419639
12419685
12419689
12419865
12419897
12420033
12420075
12420113
12420267
12420357
12420623
12420627
12420695
12420791
12420837
12420923
12420959
12421047
12421115
12421201
12421299
12421351
12421389
12421415
12421459
12421537
12421587
12421777
12421849
12421903
12422179
12422273
12422331
12422395
12422475
12422573
12422587
12422589
12422649
12422679
12422779
12423007
12423057
12423085
12423173
12423221
12423257
12423313
12423325
12423367
12423369
12423413
12423451
12423459
12423575
12423657
12423673
12423847
12423907
12423915
12424049
12424063
12424111
12424209
12424331
12424403
12424495
12424505
12424569
12424659
12424723
12424741
12424811
12424849
12424981
12425003
12425193
12425233
12425337
12425435
12425475
12425609
12425805
12425807
12425899
12425929
12426013
12426153
12426171
12426199
12426335
12426381
12426523
12426561
12426811
12426929
12426975
12427105
12427161
12427199
12427285
12427365
12427443
12427539
12427597
12427647
12427661
12427693
12427851
12427883
12427917
12427937
12428013
12428027
12428033
12428043
12428059
12428225
12428255
12428263
12428283
12428363
12428551
12428669
12428683
12428685
12428697
12428939
12429179
12429311
12429337
12429353
12429397
12429451
12429543
12429573
12429597
12429661
12429879
12429883
12429957
12430109
12430145
12430197
12430227
12430263
12430323
12430351
12430409
12430629
12430647
12430809
12430971
12431023
12431043
12431099
12431121
12431155
12431219
12431339
12431425
12431521
12431531
12431563
12431675
12431687
12431729
12431753
12431755
12431761
12431819
12431881
12431949
12431993
12432029
12432111
12432335
12432353
12432415
12432527
12432531
12432627
12432661
12432675
12432899
12432925
12433057
12433059
12433081
12433095
12433171
12433287
12433351
12433403
12433493
12433627
12433633
12433733
12433801
12433823
12434341
12434347
12434509
12434589
12434661
12434713
12434995
12435015
12435037
12435039
12435069
12435105
12435177
12435205
12435221
12435301
12435361
12435363
12435401
12435481
12435485
12435599
12435669
12435765
12435787
12435809
12435823
12435845
12435999
12436011
12436115
12436145
12436169
12436187
12436281
12436407
12436455
12436539
12436591
12436611
12436637
12436651
12436699
12436781
12436797
12436913
12436925
12437001
12437045
12437177
12437195
12437325
12437377
12437383
12437411
12437463
12437531
12437537
12437997
12438201
12438221
12438335
12438401
12438415
12438443
12438455
12438491
12438503
12438747
12438791
12438805
12438849
12438889
12438903
12439043
12439227
12439265
12439333
12439505
12439565
12439627
12439677
12439683
12439733
12439741
12439777
12439825
12440175
12440201
12440235
12440429
12440441
12440445
12440455
12440577
12440621
12440639
12440745
12440797
12440827
12440829
12440903
12440961
12441075
12441117
12441149
12441193
12441267
12441425
12441467
12441565
12441743
12441837
12441943
12441997
12442003
12442083
12442149
12442161
12442205
12442281
12442283
12442567
12442613
12442795
12442923
12442949
12443019
12443069
12443085
12443155
12443201
12443213
12443325
12443391
12443501
12443525
12443607
12443639
12443721
12443863
12443903
12443941
12443967
12444087
12444159
12444229
12444285
12444475
12444509
12444543
12444553
12444579
12444605
12444619
12444627
12444631
12444637
12444647
12444737
12444773
12444797
12444821
12444931
12445017
12445263
12445315
12445353
12445379
12445409
12445521
12445541
12445583
12445991
12446165
12446169
12446205
12446237
12446273
12446479
12446529
12446561
12446571
12446615
12446841
12446885
12446899
12446953
12446983
12447097
12447119
12447295
12447697
12447715
12447723
12447737
12447777
12447807
12447843
12447895
12447909
12448097
12448201
12448237
12448277
12448307
12448355
12448387
12448733
12448749
12448781
12448813
12448945
12448997
12449039
12449051
12449125
12449163
12449311
12449389
12449421
12449427
12449491
12449557
12449665
12449847
12449879
12449903
12449939
12449973
12450041
12450119
12450183
12450323
12450565
12450641
12450717
12450873
12450927
12450929
12450935
12450941
12450955
12450969
12451011
12451057
12451073
12451079
12451189
12451193
12451201
12451205
12451259
12451281
12451365
12451613
12451647
12451649
12451659
12451687
12451857
12451927
12451981
12452051
12452055
12452067
12452121
12452171
12452253
12452263
12452593
12452773
12452855
12452877
12452893
12453087
12453111
12453163
12453187
12453233
12453273
12453285
12453369
12453547
12453631
12453675
12453709
12453745
12453765
12453815
12453857
12453859
12454061
12454211
12454227
12454331
12454363
12454405
12454527
12454641
12454671
12454791
12454825
12454951
12455033
12455099
12455107
12455217
12455289
12455295
12455361
12455367
12455377
12455405
12455407
12455413
12455461
12455487
12455635
12455769
12455819
12455975
12455999
12456269
12456281
12456331
12456423
12456433
12456449
12456529
12456581
12456651
12456705
12456715
12456763
12456869
12456905
12456971
12457009
12457029
12457033
12457241
12457387
12457485
12457503
12457609
12457615
12457709
12457721
12457767
12457811
12457987
12457989
12458001
12458033
12458131
12458147
12458389
12458437
12458765
12458795
12458895
12458981
12459089
12459103
12459235
12459263
12459353
12459417
12459419
12459427
12459579
12459585
12459591
12459607
12459619
12459629
12459635
12459893
12460005
12460077
12460091
12460109
12460175
12460271
12460313
12460319
12460347
12460385
12460387
12460417
12460539
12460545
12460573
12460821
12460835
12460899
12460993
12461033
12461223
12461293
12461349
12461361
12461373
12461393
12461453
12461543
12461559
12461567
12461661
12461679
12461785
12461791
12461843
12461881
12461895
12461935
12461955
12461993
12462031
12462071
12462113
12462159
12462185
12462203
12462263
12462389
12462455
12462499
12462531
12462585
12462609
12462801
12462829
12462847
12462873
12462909
12462925
12462939
12463041
12463057
12463059
12463109
12463127
12463163
12463323
12463329
12463481
12463497
12463513
12463535
12463617
12463727
12463729
12463773
12463887
12464023
12464051
12464065
12464081
12464265
12464463
12464473
12464575
12464641
12464671
12464737
12464795
12464851
12464899
12464923
12464925
12464979
12465097
12465105
12465155
12465175
12465289
12465317
12465405
12465437
12465549
12465559
12465561
12465563
12465581
12465639
12465757
12465875
12465887
12466051
12466061
12466069
12466095
12466113
12466157
12466293
12466465
12466497
12466523
12466659
12466769
12466831
12466853
12466861
12466893
12466921
12466965
12466989
12467173
12467335
12467339
12467433
12467451
12467573
12467683
12467749
12467911
12467999
12468003
12468067
12468149
12468247
12468265
12468273
12468293
12468297
12468437
12468459
12468521
12468567
12468655
12468729
12468735
12468815
12468905
12468909
12468933
12468977
12468979
12469049
12469269
12469355
12469605
12469629
12469645
12469697
12469709
12469741
12469775
12469859
12469911
12469925
12470069
12470095
12470199
12470211
12470393
12470489
12470733
12470781
12470939
12471111
12471215
12471301
12471411
12471545
12471579
12471617
12471629
12471651
12471735
12471913
12471961
12472031
12472109
12472261
12472299
12472313
12472359
12472411
12472627
12472637
12472759
12472865
12472927
12472941
12472945
12473007
12473009
12473073
12473159
12473251
12473291
12473329
12473333
12473351
12473437
12473449
12473451
12473497
12473527
12473533
12473561
12473595
12473627
12473671
12473731
12473919
12473947
12474007
12474117
12474125
12474167
12474171
12474199
12474309
12474347
12474389
12474425
12474585
12474587
12474595
12474601
12474619
12474687
12474767
12474777
12474941
12474979
12475017
12475049
12475085
12475139
12475141
12475293
12475355
12475357
12475377
12475395
12475445
12475471
12475881
12475915
12475955
12475971
12476155
12476277
12476369
12476487
12476531
12476581
12476599
12476787
12476903
12476927
12476963
12476999
12477017
12477067
12477117
12477137
12477163
12477293
12477433
12477537
12477555
12477581
12477725
12477805
12477883
12477951
12477965
12478019
12478079
12478113
12478193
12478249
12478355
12478415
12478445
12478461
12478485
12478569
12478579
12478733
12478741
12478753
12478791
12478865
12479143
12479253
12479261
12479271
12479293
12479317
12479329
12479339
12479579
12479611
12479617
12479719
12479725
12479737
12479769
12479831
12479863
12479867
12479899
12479999
12480003
12480061
12480119
12480293
12480299
12480327
12480385
12480523
12480537
12480565
12480643
12480765
12480775
12480795
12480839
12480877
12480905
12481051
12481055
12481191
12481293
12481349
12481389
12481393
12481403
12481589
12481605
12481625
12481643
12481727
12481769
12481857
12481859
12481887
12481919
12482145
12482235
12482361
12482483
12482515
12482541
12482579
12482595
12482629
12482705
12482721
12482761
12482769
12482899
12482967
12483049
12483209
12483223
12483301
12483383
12483455
12483571
12483623
12483691
12483711
12483883
12483889
12483925
12483957
12483995
12484189
12484353
12484381
12484399
12484401
12484469
12484487
12484627
12484755
12484893
12484967
12484981
12485007
12485053
12485099
12485183
12485243
12485311
12485329
12485447
12485505
12485513
12485597
12485631
12485657
12485687
12485811
12485963
12485981
12486091
12486185
12486189
12486201
12486271
12486437
12486509
12486697
12486833
12486973
12487075
12487175
12487277
12487327
12487445
12487533
12487557
12487743
12487823
12487985
12488045
12488061
12488167
12488181
12488197
12488205
12488275
12488329
12488507
12488557
12488791
12488965
12488993
12489129
12489283
12489363
12489465
12489495
12489667
12489759
12489819
12489943
12490261
12490363
12490387
12490431
12490489
12490495
12490765
12490779
12490823
12490897
12490907
12490913
12490923
12490955
12491187
12491201
12491257
12491263
12491283
12491315
12491419
12491471
12491585
12491633
12491655
12491753
12491881
12491961
12492001
12492045
12492189
12492207
12492229
12492363
12492415
12492475
12492601
12492765
12493009
12493255
12493349
12493453
12493539
12493659
12493709
12493765
12493773
12493785
12493797
12493803
12493865
12493917
12494189
12494239
12494293
12494417
12494483
12494591
12494593
12494649
12494771
12495031
12495043
12495115
12495209
12495237
12495315
12495317
12495359
12495363
12495383
12495425
12495455
12495549
12495829
12495933
12496069
12496113
12496131
12496151
12496227
12496229
12496237
12496281
12496397
12496399
12496419
12496429
12496475
12496527
12496531
12496625
12496643
12496705
12496707
12496895
12496969
12497009
12497211
12497243
12497361
12497443
12497479
12497563
12497599
12497625
12497795
12498091
12498105
12498151
12498171
12498267
12498359
12498443
12498535
12498547
12498551
12498629
12498755
12498843
12498989
12498993
12499129
12499131
12499153
12499179
12499221
12499241
12499319
12499323
12499339
12499457
12499517
12499643
12499705
12499793
12499889
12499895
12499901
12499943
12500043
12500311
12500349
12500365
12500547
12500645
12500729
12500769
12500851
12500993
12501081
12501199
12501301
12501431
12501519
12501611
12501675
12501759
12501883
12501899
12501917
12501939
12502093
12502105
12502271
12502283
12502379
12502431
12502477
12502549
12502571
12502623
12502713
12502797
12502799
12502891
12503053
12503081
12503141
12503167
12503207
12503411
12503459
12503605
12503627
12503709
12503749
12503817
12503847
12503857
12503965
12504029
12504149
12504161
12504163
12504247
12504257
12504279
12504459
12504495
12504503
12504511
12504619
12504717
12504831
12505275
12505283
12505387
12505405
12505469
12505715
12505773
12505969
12505973
12505979
12506021
12506031
12506309
12506465
12506533
12506595
12506801
12506813
12506933
12507001
12507033
12507183
12507205
12507275
12507309
12507391
12507423
12507427
12507445
12507483
12507533
12507639
12507647
12507701
12507753
12507847
12507871
12507953
12508223
12508453
12508555
12508645
12508653
12508755
12508791
12509037
12509131
12509443
12509479
12509481
12509589
12509663
12509703
12509797
12509867
12509883
12509919
12510061
12510177
12510307
12510403
12510591
12510659
12510843
12510867
12510895
12510927
12510973
12511003
12511007
12511103
12511143
12511245
12511295
12511365
12511439
12511483
12511637
12511679
12511731
12512001
12512033
12512043
12512103
12512223
12512227
12512277
12512377
12512475
12512677
12512763
12512779
12512845
12512941
12512979
12512995
12513065
12513099
12513183
12513185
12513277
12513297
12513383
12513399
12513427
12513581
12513661
12513759
12513889
12513947
12513957
12514077
12514159
12514177
12514229
12514283
12514369
12514499
12514527
12514545
12514567
12514577
12514591
12514687
12514709
12514721
12514743
12514783
12514817
12514881
12514891
12514907
12514929
12514949
12514983
12515019
12515021
12515131
12515139
12515187
12515287
12515493
12515695
12515755
12515777
12515911
12516011
12516133
12516199
12516283
12516313
12516457
12516463
12516515
12516599
12516683
12516717
12516719
12516777
12516793
12516839
12516851
12516929
12517031
12517059
12517193
12517255
12517343
12517419
12517437
12517441
12517467
12517555
12517581
12517809
12517861
12517867
12518017
12518129
12518133
12518177
12518205
12518217
12518221
12518269
12518323
12518397
12518421
12518635
12518747
12518771
12518805
12518827
12518841
12518913
12518933
12518977
12519051
12519123
12519143
12519233
12519265
12519283
12519341
12519419
12519553
12519643
12519719
12519729
12519753
12519897
12519959
12520097
12520359
12520455
12520473
12520501
12520539
12520619
12520669
12520681
12520761
12520847
12520945
12520951
12520963
12521179
12521207
12521379
12521443
12521457
12521465
12521673
12521755
12521831
12522143
12522149
12522201
12522325
12522361
12522419
12522485
12522505
12522549
12522605
12522641
12522887
12522905
12522919
12522955
12523029
12523091
12523121
12523269
12523449
12523613
12523641
12523749
12523759
12523849
12523963
12524033
12524105
12524393
12524479
12524485
12524597
12524675
12524683
12524735
12524837
12524839
12524851
12524907
12524939
12524993
12525017
12525215
12525331
12525359
12525455
12525571
12525653
12525875
12525915
12525999
12526035
12526205
12526231
12526257
12526343
12526349
12526375
12526379
12526383
12526445
12526473
12526521
12526555
12526559
12526591
12526601
12526725
12526735
12526785
12526807
12526859
12526887
12526907
12527069
12527105
12527157
12527169
12527277
12527363
12527515
12527575
12527641
12527649
12527713
12527747
12527797
12527925
12527939
12527967
12527975
12527991
12527997
12528129
12528165
12528175
12528191
12528231
12528239
12528269
12528277
12528337
12528375
12528499
12528533
12528601
12528643
12528741
12528775
12528865
12528875
12529275
12529291
12529329
12529779
12529781
12529837
12529867
12529991
12529999
12530035
12530093
12530169
12530177
12530205
12530353
12530375
12530491
12530581
12530605
12530607
12530747
12530809
12531055
12531091
12531227
12531245
12531307
12531333
12531417
12531523
12531551
12531703
12531769
12531883
12531999
12532019
12532021
12532071
12532085
12532091
12532163
12532171
12532233
12532347
12532503
12532563
12532659
12532729
12532793
12532867
12533083
12533329
12533339
12533399
12533441
12533531
12533647
12533867
12534085
12534151
12534203
12534447
12534543
12534741
12534983
12535051
12535063
12535103
12535113
12535127
12535219
12535249
12535289
12535475
12535603
12535711
12536077
12536091
12536181
12536187
12536239
12536251
12536275
12536317
12536479
12536481
12536549
12536553
12536645
12536663
12536673
12536681
12536779
12536783
12536835
12536899
12537053
12537065
12537071
12537339
12537547
12537631
12537653
12537697
12537915
12537927
12538055
12538069
12538087
12538193
12538249
12538383
12538405
12538435
12538463
12538479
12538513
12538587
12538609
12538793
12538831
12538887
12538943
12539017
12539093
12539131
12539147
12539177
12539211
12539243
12539299
12539301
12539441
12539449
12539455
12539563
12539585
12539593
12539653
12539729
12539731
12539847
12539917
12539953
12540085
12540147
12540175
12540251
12540253
12540385
12540487
12540563
12540613
12540657
12540725
12540833
12541091
12541287
12541419
12541505
12541613
12541703
12541755
12541833
12541867
12541869
12541905
12541945
12542069
12542207
12542209
12542529
12542601
12542621
12542653
12542715
12542723
12542725
12542811
12542881
12542955
12543337
12543377
12543399
12543441
12543747
12543785
12543863
12543887
12543905
12543931
12544051
12544175
12544363
12544371
12544423
12544441
12544525
12544569
12544655
12544915
12545139
12545289
12545463
12545469
12545601
12545635
12545829
12545887
12545897
12545945
12545949
12545997
12546099
12546113
12546115
12546231
12546235
12546239
12546257
12546455
12546615
12546637
12546767
12546771
12546821
12546851
12546945
12547033
12547143
12547219
12547285
12547483
12547505
12547641
12547667
12547761
12547767
12547827
12547899
12548025
12548033
12548035
12548049
12548089
12548113
12548137
12548171
12548205
12548337
12548367
12548399
12548443
12548489
12548577
12548603
12548841
12548863
12548893
12548939
12549003
12549197
12549221
12549267
12549275
12549319
12549359
12549641
12549689
12549707
12549895
12549947
12550015
12550027
12550061
12550067
12550069
12550107
12550221
12550339
12550341
12550369
12550543
12550653
12550709
12550733
12550825
12550831
12550945
12551129
12551183
12551203
12551249
12551305
12551437
12551501
12551507
12551535
12551541
12551565
12551573
12551607
12551687
12551709
12552097
12552115
12552131
12552161
12552201
12552383
12552529
12552573
12552607
12552611
12552665
12552827
12552851
12552877
12552881
12553017
12553093
12553157
12553185
12553219
12553267
12553277
12553575
12553771
12553841
12553873
12554031
12554175
12554319
12554323
12554343
12554349
12554423
12554503
12554545
12554635
12554637
12554681
12554695
12554743
12554783
12554911
12554913
12555049
12555125
12555137
12555199
12555235
12555245
12555287
12555293
12555321
12555335
12555351
12555411
12555475
12555507
12555557
12555781
12555793
12555813
12555927
12555931
12556019
12556081
12556169
12556175
12556231
12556239
12556247
12556253
12556265
12556289
12556299
12556575
12556625
12556809
12556901
12556925
12557023
12557029
12557139
12557291
12557339
12557387
12557399
12557607
12557645
12557657
12557755
12557837
12557887
12557993
12558011
12558029
12558093
12558097
12558189
12558229
12558233
12558291
12558405
12558445
12558507
12558529
12558549
12558553
12558599
12558643
12558649
12558761
12558771
12558885
12558929
12559063
12559073
12559099
12559133
12559175
12559209
12559219
12559365
12559375
12559457
12559481
12559583
12559697
12559769
12559795
12559909
12559919
12559953
12559969
12559997
12560069
12560127
12560181
12560185
12560213
12560243
12560347
12560443
12560611
12560717
12560729
12560887
12560919
12560923
12560967
12561153
12561185
12561199
12561349
12561387
12561557
12561601
12561653
12561729
12561793
12561867
12561879
12561899
12561913
12561991
12562029
12562189
12562375
12562541
12562603
12562693
12562725
12562759
12562831
12562843
12562945
12563069
12563079
12563113
12563117
12563131
12563135
12563163
12563279
12563357
12563375
12563529
12563741
12563829
12563871
12563901
12563911
12564001
12564049
12564057
12564133
12564167
12564191
12564407
12564531
12564611
12564613
12564763
12564769
12564815
12564905
12565075
12565177
12565179
12565225
12565359
12565427
12565559
12565567
12565631
12565639
12565655
12565897
12566067
12566125
12566177
12566361
12566367
12566397
12566451
12566497
12566641
12566673
12566735
12566745
12566889
12566903
12566915
12567125
12567157
12567185
12567213
12567293
12567381
12567395
12567679
12567711
12567749
12568049
12568301
12568327
12568483
12568603
12568695
12568699
12568775
12568823
12568861
12568951
12568991
12568993
12569063
12569119
12569283
12569381
12569429
12569451
12569511
12569845
12569867
12569879
12569923
12569989
12570005
12570033
12570085
12570115
12570547
12570639
12570691
12570719
12570791
12570801
12570927
12570941
12570981
12571077
12571141
12571157
12571205
12571273
12571365
12571447
12571487
12571621
12571707
12571717
12571745
12571771
12571977
12572013
12572117
12572197
12572229
12572293
12572341
12572395
12572401
12572493
12572583
12572841
12572931
12573041
12573131
12573157
12573231
12573235
12573415
12573427
12573431
12573525
12573533
12573537
12573651
12573837
12573953
12573959
12574001
12574007
12574105
12574555
12574557
12574751
12574785
12574903
12574959
12575045
12575069
12575129
12575191
12575249
12575431
12575453
12575469
12575575
12575609
12575647
12575737
12575817
12575839
12576009
12576191
12576271
12576349
12576365
12576381
12576421
12576425
12576509
12576549
12576551
12576599
12576607
12576615
12576641
12576643
12576679
12576727
12576825
12576925
12576947
12577091
12577135
12577185
12577241
12577249
12577435
12577467
12577509
12577591
12577651
12577667
12577909
12578177
12578267
12578273
12578299
12578305
12578425
12578479
12578741
12578755
12578999
12579033
12579111
12579131
12579265
12579273
12579277
12579339
12579453
12579461
12579725
12579741
12579797
12579929
12580091
12580099
12580109
12580119
12580405
12580439
12580601
12580623
12580675
12580723
12580789
12580937
12581073
12581135
12581179
12581209
12581331
12581443
12581565
12581717
12581761
12581773
12581901
12582065
12582091
12582143
12582147
12582297
12582351
12582481
12582739
12583033
12583127
12583257
12583487
12583495
12583651
12583681
12583703
12583707
12583757
12583977
12584047
12584093
12584181
12584289
12584321
12584343
12584481
12584683
12584741
12584871
12584881
12585129
12585139
12585195
12585267
12585383
12585541
12585639
12585675
12585773
12585955
12585969
12585997
12586149
12586187
12586213
12586253
12586343
12586347
12586391
12586557
12586707
12586723
12586821
12586881
12586973
12586989
12586997
12587009
12587019
12587103
12587189
12587271
12587431
12587517
12587549
12587683
12587689
12587701
12587719
12587747
12587841
12587871
12587887
12587955
12588043
12588115
12588135
12588251
12588293
12588305
12588315
12588319
12588379
12588429
12588621
12588811
12588861
12589015
12589143
12589193
12589229
12589329
12589453
12589467
12589647
12589715
12589781
12589809
12589835
12589937
12589971
12590057
12590141
12590251
12590271
12590385
12590561
12590689
12590715
12590913
12591093
12591203
12591207
12591467
12591495
12591673
12591735
12591839
12591925
12591933
12591991
12592049
12592055
12592139
12592341
12592373
12592375
12592377
12592393
12592669
12593047
12593107
12593211
12593525
12593559
12593583
12593993
12594049
12594075
12594133
12594249
12594261
12594297
12594317
12594501
12594627
12594641
12594695
12594787
12594819
12594845
12594893
12594911
12595173
12595251
12595463
12595509
12595521
12595541
12595649
12595671
12596015
12596057
12596097
12596431
12596469
12596493
12596503
12596557
12596565
12596631
12596711
12596773
12597061
12597117
12597125
12597379
12597557
12597663
12597685
12597787
12597889
12597947
12598119
12598151
12598175
12598179
12598203
12598209
12598285
12598349
12598369
12598399
12598451
12598497
12598505
12598657
12598701
12598715
12598751
12598797
12598867
12598921
12598943
12598957
12598983
12599053
12599201
12599215
12599281
12599437
12599501
12599503
12599519
12599629
12599805
12599817
12599831
12599833
12599869
12599941
12599947
12600031
12600117
12600165
12600207
12600235
12600251
12600275
12600283
12600305
12600353
12600375
12600479
12600509
12600527
12600601
12600623
12600701
12600829
12600841
12601079
12601217
12601263
12601301
12601487
12601685
12601759
12601971
12602141
12602183
12602193
12602207
12602355
12602375
12602519
12602525
12602587
12602621
12602757
12602807
12602815
12602929
12603145
12603281
12603343
12603393
12603483
12603527
12603601
12603671
12603699
12603731
12603893
12604027
12604099
12604261
12604337
12604447
12604471
12604485
12604571
12604605
12604615
12604647
12604803
12604849
12604903
12604913
12604985
12605157
12605317
12605549
12605585
12605721
12605855
12605939
12606029
12606037
12606059
12606085
12606415
12606481
12606579
12606631
12606685
12606715
12606725
12606731
12606749
12607057
12607183
12607193
12607313
12607491
12607515
12607715
12607783
12607787
12607809
12607853
12608067
12608151
12608251
12608451
12608459
12608463
12608605
12608729
12608807
12608831
12608873
12608909
12608911
12608921
12608923
12608933
12608987
12609035
12609077
12609189
12609209
12609353
12609359
12609387
12609403
12609405
12609757
12609771
12609797
12609817
12609823
12609943
12610023
12610221
12610237
12610331
12610453
12610559
12610583
12610717
12610745
12610769
12610889
12610921
12611011
12611083
12611139
12611147
12611243
12611287
12611411
12611559
12611601
12611785
12611839
12611869
12611887
12611955
12611981
12612081
12612263
12612279
12612287
12612295
12612337
12612479
12612769
12612789
12612839
12612963
12613161
12613249
12613257
12613373
12613399
12613445
12613525
12613581
12613613
12613671
12613679
12613711
12613727
12613805
12613821
12614081
12614127
12614291
12614599
12614617
12614627
12614641
12614763
12614791
12614817
12614839
12614953
12614973
12615109
12615129
12615143
12615153
12615163
12615195
12615247
12615269
12615277
12615285
12615333
12615353
12615391
12615433
12615595
12615667
12615719
12615723
12615849
12616025
12616071
12616135
12616177
12616195
12616233
12616269
12616365
12616425
12616439
12616463
12616481
12616599
12616609
12616631
12616695
12616757
12616787
12616817
12616927
12616949
12616951
12616971
12617091
12617161
12617171
12617215
12617259
12617281
12617485
12617579
12617729
12617735
12617743
12617807
12617929
12617983
12618001
12618121
12618223
12618267
12618313
12618337
12618453
12618463
12618527
12618687
12618689
12618713
12618759
12618819
12618893
12618999
12619127
12619143
12619159
12619193
12619225
12619393
12619397
12619479
12619523
12619695
12619811
12619837
12619919
12619921
12619943
12620007
12620087
12620095
12620313
12620331
12620357
12620405
12620443
12620479
12620605
12620611
12620629
12620677
12620729
12620751
12620767
12620849
12620867
12621005
12621011
12621045
12621147
12621543
12621749
12621807
12621891
12622043
12622081
12622165
12622225
12622257
12622293
12622297
12622411
12622441
12622457
12622491
12622501
12622557
12622595
12622631
12622647
12622683
12622705
12622733
12622819
12622833
12622853
12622909
12622919
12622981
12623031
12623225
12623283
12623327
12623329
12623357
12623587
12623671
12623695
12623717
12623747
12623771
12623785
12623845
12623871
12623875
12623965
12624147
12624149
12624191
12624249
12624443
12624571
12624599
12624739
12624901
12624909
12624927
12625025
12625129
12625189
12625239
12625267
12625315
12625333
12625425
12625491
12625515
12625549
12625557
12625577
12625623
12625837
12625851
12625855
12625917
12625935
12626073
12626095
12626185
12626337
12626409
12626481
12626561
12626691
12626705
12626741
12626745
12626807
12626837
12626875
12626917
12626973
12626981
12627179
12627373
12627473
12627539
12627649
12627679
12627737
12627739
12627871
12627907
12627951
12628041
12628107
12628209
12628487
12628521
12628559
12628595
12628607
12628871
12629035
12629227
12629351
12629437
12629475
12629521
12629561
12629653
12629665
12629695
12629787
12629877
12629893
12629947
12630009
12630011
12630021
12630075
12630085
12630091
12630117
12630161
12630257
12630261
12630429
12630481
12630531
12630607
12630653
12630663
12630775
12630935
12631093
12631109
12631175
12631195
12631297
12631337
12631375
12631437
12631459
12631595
12631621
12631631
12631701
12631801
12631921
12631935
12631997
12632083
12632117
12632271
12632297
12632313
12632419
12632473
12632483
12632495
12632609
12632671
12632851
12633025
12633249
12633353
12633367
12633483
12633505
12633585
12633607
12633625
12633681
12633709
12633857
12633891
12633903
12633941
12633977
12634033
12634059
12634063
12634129
12634161
12634413
12634523
12634637
12634655
12634779
12634893
12634999
12635037
12635147
12635247
12635263
12635307
12635373
12635405
12635447
12635495
12635703
12635745
12635749
12635835
12636345
12636383
12636465
12636499
12636605
12636733
12636855
12636905
12637143
12637165
12637199
12637297
12637451
12637589
12637667
12637853
12637883
12638037
12638055
12638101
12638163
12638169
12638179
12638189
12638253
12638263
12638577
12638651
12638719
12638905
12638931
12639021
12639027
12639067
12639087
12639135
12639195
12639259
12639293
12639333
12639453
12639455
12639463
12639471
12639569
12639709
12639713
12639717
12639817
12639819
12639905
12639949
12639955
12639973
12640169
12640267
12640287
12640321
12640429
12640473
12640581
12640591
12640593
12640679
12640689
12640877
12641069
12641205
12641341
12641541
12641557
12641687
12641741
12641899
12641977
12642075
12642099
12642139
12642199
12642253
12642371
12642397
12642425
12642445
12642463
12642531
12642587
12642623
12642639
12642679
12642761
12642771
12642817
12642851
12642919
12642943
12642951
12643005
12643479
12643671
12643731
12643841
12643925
12643993
12644049
12644193
12644241
12644247
12644291
12644309
12644349
12644471
12644475
12644567
12644585
12644637
12644673
12644695
12644863
12644953
12644957
12645127
12645149
12645155
12645179
12645387
12645417
12645517
12645611
12645661
12645691
12645707
12645803
12645811
12645955
12646055
12646101
12646207
12646241
12646255
12646295
12646567
12646727
12646875
12646957
12647057
12647129
12647143
12647173
12647201
12647233
12647239
12647319
12647323
12647393
12647401
12647437
12647481
12647537
12647799
12648011
12648081
12648157
12648193
12648277
12648347
12648363
12648385
12648419
12648435
12648501
12648591
12648607
12648653
12648681
12648711
12648891
12648941
12649085
12649113
12649175
12649219
12649231
12649303
12649391
12649431
12649487
12649527
12649597
12649611
12649619
12649717
12649863
12649883
12649893
12649987
12649989
12649993
12650011
12650017
12650135
12650359
12650391
12650395
12650549
12650599
12650605
12650669
12650681
12650709
12650723
12650761
12650779
12650923
12650959
12651009
12651027
12651071
12651121
12651223
12651233
12651331
12651533
12651597
12651689
12651807
12651825
12651857
12651891
12651975
12651985
12652017
12652105
12652253
12652295
12652335
12652351
12652437
12652445
12652513
12652533
12652727
12652741
12652899
12653039
12653101
12653139
12653203
12653241
12653245
12653351
12653369
12653423
12653441
12653459
12653487
12653495
12653547
12653661
12653759
12653811
12653813
12653851
12653881
12653931
12653967
12654047
12654073
12654085
12654099
12654257
12654627
12654813
12654851
12654857
12654929
12655083
12655285
12655305
12655337
12655389
12655479
12655515
12655639
12655695
12655833
12655939
12656019
12656089
12656149
12656165
12656169
12656177
12656251
12656277
12656371
12656409
12656461
12656489
12656519
12656553
12656591
12656607
12656617
12656661
12656713
12657005
12657045
12657179
12657293
12657307
12657341
12657383
12657433
12657483
12657589
12657641
12657659
12657729
12657771
12657813
12657847
12657879
12658171
12658187
12658241
12658393
12658421
12658427
12658459
12658559
12658579
12658585
12658601
12658721
12658725
12658769
12658905
12658917
12659029
12659053
12659085
12659263
12659309
12659381
12659445
12659477
12659487
12659673
12659681
12659729
12659851
12659861
12659869
12659949
12659987
12660003
12660155
12660171
12660277
12660413
12660461
12660497
12660541
12660613
12660629
12660671
12660693
12660721
12660815
12660849
12660881
12660975
12661043
12661231
12661275
12661309
12661443
12661459
12661509
12661611
12661613
12661615
12661725
12661771
12661801
12661811
12661825
12661871
12661877
12661919
12661961
12661985
12662067
12662187
12662221
12662225
12662291
12662383
12662421
12662621
12662901
12662967
12663027
12663153
12663325
12663357
12663437
12663485
12663513
12663791
12663923
12663933
12663965
12663989
12664117
12664185
12664315
12664373
12664399
12664409
12664435
12664541
12664551
12664563
12664623
12664773
12664799
12664809
12664963
12665003
12665105
12665143
12665233
12665291
12665295
12665431
12665449
12665477
12665563
12665693
12665715
12665825
12665833
12665877
12665965
12666153
12666187
12666537
12666607
12666679
12666707
12666833
12666857
12666903
12667019
12667223
12667253
12667453
12667497
12667521
12667587
12667601
12667639
12667675
12667711
12667733
12667835
12667843
12668071
12668089
12668139
12668455
12668597
12668631
12668697
12668793
12668809
12668891
12668981
12669061
12669065
12669185
12669187
12669259
12669341
12669641
12669695
12669709
12669711
12669779
12669785
12669867
12670181
12670273
12670377
12670405
12670479
12670581
12670617
12670701
12670763
12670765
12670827
12670831
12670869
12670951
12671105
12671203
12671217
12671273
12671377
12671461
12671527
12671591
12671613
12671701
12671725
12671861
12671883
12671951
12671973
12672027
12672083
12672103
12672119
12672231
12672239
12672279
12672303
12672359
12672431
12672465
12672489
12672511
12672733
12672885
12672895
12672905
12673285
12673297
12673459
12673495
12673533
12673767
12673777
12673791
12673833
12673867
12673961
12674035
12674049
12674095
12674123
12674257
12674261
12674279
12674293
12674335
12674405
12674585
12674625
12674823
12674889
12674989
12674995
12675031
12675087
12675213
12675241
12675243
12675293
12675319
12675405
12675547
12675563
12675775
12675869
12675879
12675971
12676097
12676155
12676313
12676365
12676435
12676437
12676449
12676503
12676575
12676623
12676709
12676731
12676815
12677015
12677173
12677189
12677195
12677271
12677285
12677353
12677463
12677533
12677585
12677671
12677677
12677733
12677741
12677781
12677859
12677911
12677943
12677975
12678015
12678165
12678205
12678317
12678385
12678409
12678473
12678689
12678749
12678929
12679075
12679165
12679379
12679393
12679403
12679441
12679457
12679815
12679933
12679955
12680027
12680075
12680137
12680201
12680299
12680323
12680349
12680357
12680439
12680461
12680513
12680595
12680657
12680689
12680761
12680833
12680845
12680867
12680931
12680933
12680999
12681013
12681021
12681149
12681193
12681197
12681207
12681311
12681353
12681407
12681591
12681721
12681783
12681943
12681973
12681997
12682075
12682127
12682309
12682405
12682465
12682549
12682551
12682811
12682917
12683091
12683101
12683161
12683203
12683293
12683493
12683587
12683659
12683671
12683879
12684017
12684069
12684073
12684157
12684253
12684315
12684393
12684437
12684595
12684649
12684667
12684697
12684771
12684823
12684915
12684957
12684965
12685017
12685019
12685087
12685201
12685251
12685265
12685333
12685355
12685357
12685493
12685497
12685525
12685555
12685611
12685633
12685671
12685817
12685853
12686033
12686195
12686415
12686435
12686599
12686689
12686695
12686743
12686759
12686795
12686799
12687009
12687021
12687159
12687223
12687245
12687319
12687449
12687507
12687575
12687779
12687815
12687903
12688001
12688071
12688093
12688169
12688171
12688193
12688209
12688219
12688339
12688349
12688389
12688473
12688539
12688581
12688629
12688665
12688683
12688699
12688937
12688957
12689143
12689173
12689193
12689233
12689441
12689517
12689557
12689725
12689751
12690011
12690317
12690347
12690381
12690619
12690703
12690727
12690731
12690789
12690793
12690851
12690869
12690911
12690923
12690991
12691229
12691343
12691345
12691507
12691509
12691579
12691609
12691665
12691717
12691815
12691835
12692051
12692053
12692073
12692099
12692161
12692227
12692291
12692349
12692353
12692443
12692473
12692549
12692753
12692763
12692845
12692859
12692917
12693025
12693191
12693209
12693235
12693239
12693321
12693377
12693611
12693687
12693775
12693849
12693867
12693923
12693985
12694139
12694245
12694253
12694317
12694525
12694537
12694581
12694691
12694739
12694873
12694935
12694965
12695145
12695167
12695213
12695311
12695391
12695463
12695543
12695559
12695625
12695687
12695689
12695727
12695823
12695947
12695965
12696123
12696149
12696239
12696323
12696327
12696401
12696409
12696425
12696467
12696595
12696599
12696657
12696677
12696713
12696789
12696937
12696941
12697147
12697149
12697211
12697307
12697387
12697435
12697487
12697517
12697555
12697631
12697715
12697745
12697781
12697799
12697803
12697823
12697855
12697885
12697905
12697957
12697961
12698089
12698221
12698269
12698357
12698377
12698379
12698423
12698631
12698819
12698961
12698989
12699043
12699049
12699059
12699087
12699149
12699151
12699197
12699227
12699283
12699335
12699523
12699541
12699603
12699725
12699747
12699757
12699801
12699825
12699845
12699849
12699905
12700015
12700025
12700219
12700387
12700429
12700435
12700451
12700453
12700497
12700611
12700733
12700829
12700949
12700987
12701045
12701155
12701233
12701245
12701339
12701385
12701403
12701427
12701455
12701493
12701497
12701627
12701733
12701765
12701803
12701841
12701897
12701903
12701955
12701969
12702061
12702147
12702149
12702245
12702329
12702357
12702535
12702631
12702647
12702727
12702739
12702869
12702927
12703085
12703147
12703303
12703317
12703335
12703357
12703385
12703531
12703615
12703693
12703711
12703727
12703799
12703925
12703927
12703939
12704091
12704179
12704187
12704219
12704295
12704469
12704481
12704515
12704559
12704565
12704591
12704673
12704835
12704899
12704927
12704959
12705071
12705091
12705217
12705289
12705563
12705593
12705747
12705819
12705937
12706041
12706059
12706111
12706265
12706493
12706497
12706673
12706707
12706773
12706805
12706859
12706929
12707029
12707035
12707083
12707163
12707259
12707341
12707373
12707453
12707535
12707561
12707583
12707791
12707799
12707885
12707929
12708085
12708115
12708165
12708207
12708283
12708309
12708317
12708323
12708417
12708867
12708869
12708943
12709023
12709279
12709359
12709403
12709437
12709497
12709601
12709691
12709729
12709791
12709801
12709915
12709935
12709951
12710063
12710067
12710147
12710169
12710183
12710257
12710397
12710451
12710589
12710711
12710743
12710979
12711001
12711039
12711087
12711161
12711269
12711273
12711285
12711329
12711349
12711449
12711483
12711499
12711555
12711581
12711635
12711647
12711669
12711695
12711847
12711861
12712083
12712357
12712427
12712629
12712781
12712783
12712815
12712881
12712901
12712921
12713005
12713029
12713177
12713191
12713205
12713315
12713449
12713487
12713691
12713699
12713843
12713887
12713903
12713949
12714103
12714121
12714173
12714331
12714443
12714625
12714657
12714853
12714867
12714913
12714979
12715039
12715073
12715163
12715247
12715261
12715283
12715341
12715371
12715373
12715489
12715601
12715621
12715735
12715767
12716031
12716075
12716091
12716191
12716247
12716269
12716469
12716659
12716667
12716757
12716885
12716983
12717067
12717137
12717193
12717375
12717419
12717445
12717479
12717487
12717533
12717561
12717687
12717837
12717869
12717871
12717977
12718063
12718239
12718285
12718293
12718325
12718365
12718389
12718519
12718525
12718547
12718603
12718615
12718775
12718827
12719045
12719075
12719147
12719315
12719409
12719509
12719809
12719877
12719951
12720107
12720443
12720497
12720595
12720679
12720821
12720869
12720885
12720935
12720989
12720997
12721005
12721057
12721145
12721163
12721341
12721349
12721381
12721511
12721567
12721665
12721673
12721935
12722037
12722051
12722155
12722173
12722231
12722239
12722289
12722337
12722471
12722527
12722549
12722585
12722719
12722917
12723075
12723091
12723123
12723267
12723281
12723331
12723457
12723675
12723721
12723723
12723757
12723907
12724023
12724047
12724057
12724183
12724227
12724229
12724237
12724253
12724351
12724365
12724535
12724551
12724589
12724625
12724627
12724685
12724805
12724999
12725009
12725071
12725101
12725129
12725277
12725451
12725543
12725571
12725621
12725915
12725963
12726007
12726099
12726197
12726259
12726285
12726327
12726409
12726619
12726735
12726817
12726935
12726999
12727039
12727117
12727317
12727347
12727475
12727557
12727567
12727577
12727613
12727621
12727661
12727753
12727771
12727799
12727837
12727917
12727939
12727995
12728081
12728247
12728251
12728307
12728365
12728369
12728387
12728517
12728593
12728733
12728891
12729077
12729349
12729515
12729525
12729533
12729661
12729755
12729865
12729905
12729935
12729977
12729991
12730021
12730025
12730145
12730167
12730169
12730193
12730327
12730387
12730473
12730517
12730697
12730701
12730857
12730871
12730887
12730909
12730967
12731087
12731103
12731169
12731193
12731229
12731235
12731299
12731353
12731791
12731821
12731983
12731999
12732005
12732057
12732107
12732131
12732185
12732217
12732349
12732453
12732487
12732511
12732525
12732537
12732565
12732631
12732635
12732789
12732819
12732855
12732885
12732897
12732901
12732947
12733067
12733157
12733227
12733467
12733525
12733557
12733669
12733729
12733745
12733781
12733977
12734009
12734089
12734257
12734275
12734279
12734397
12734501
12734619
12734643
12734649
12734661
12734703
12734785
12734909
12734947
12735049
12735055
12735127
12735217
12735239
12735313
12735489
12735517
12735551
12735609
12735727
12735785
12735833
12736059
12736079
12736107
12736157
12736197
12736347
12736365
12736511
12736545
12736547
12736581
12736593
12736729
12736739
12736753
12736797
12736991
12737085
12737093
12737119
12737167
12737221
12737259
12737267
12737455
12737599
12737609
12737611
12737787
12737919
12738009
12738123
12738125
12738147
12738163
12738187
12738327
12738387
12738421
12738653
12738665
12738715
12738773
12738823
12738907
12738937
12739009
12739019
12739031
12739043
12739045
12739383
12739493
12739527
12739601
12739607
12739621
12739653
12739681
12739891
12739923
12739975
12740075
12740087
12740169
12740187
12740399
12740451
12740459
12740527
12740529
12740537
12740643
12740665
12740667
12740703
12740859
12740885
12740953
12740961
12740981
12741039
12741061
12741103
12741139
12741227
12741277
12741297
12741333
12741381
12741435
12741611
12741617
12741729
12741733
12741737
12741801
12741817
12742015
12742031
12742093
12742187
12742469
12742485
12742525
12742621
12742691
12742877
12742911
12742931
12742939
12742977
12743013
12743025
12743083
12743093
12743097
12743119
12743133
12743351
12743475
12743635
12743695
12743719
12743861
12743907
12744017
12744061
12744135
12744149
12744173
12744177
12744473
12744485
12744533
12744605
12744623
12744791
12744799
12744829
12744891
12744933
12745027
12745083
12745095
12745201
12745245
12745251
12745299
12745389
12745409
12745415
12745483
12745605
12745617
12745623
12745709
12745739
12745809
12745821
12745977
12745981
12746043
12746053
12746127
12746259
12746345
12746351
12746431
12746443
12746457
12746553
12746635
12746663
12746843
12746899
12747061
12747087
12747127
12747131
12747205
12747353
12747369
12747391
12747547
12747553
12747745
12747749
12747823
12747827
12747845
12747955
12748055
12748067
12748095
12748099
12748129
12748189
12748371
12748437
12748473
12748555
12748575
12748597
12748825
12748899
12748989
12749017
12749157
12749281
12749349
12749455
12749481
12749499
12749621
12749665
12749685
12749693
12749723
12749853
12749885
12749961
12750039
12750101
12750155
12750203
12750315
12750577
12750637
12750667
12750729
12750737
12750771
12750779
12750883
12751043
12751075
12751097
12751135
12751153
12751261
12751377
12751399
12751405
12751415
12751439
12751467
12751513
12751633
12751641
12751719
12751799
12751819
12751977
12752035
12752037
12752043
12752199
12752207
12752291
12752425
12752443
12752533
12752613
12752643
12752751
12752893
12752999
12753013
12753025
12753067
12753085
12753129
12753181
12753219
12753307
12753471
12753601
12753663
12753669
12753671
12753689
12753733
12754059
12754111
12754239
12754245
12754327
12754553
12754703
12754737
12754781
12754827
12754951
12755041
12755069
12755073
12755083
12755087
12755111
12755193
12755285
12755327
12755331
12755405
12755415
12755469
12755527
12755537
12755543
12755597
12755767
12756089
12756131
12756247
12756249
12756319
12756369
12756409
12756723
12756837
12756873
12757021
12757051
12757063
12757135
12757147
12757235
12757247
12757267
12757327
12757431
12757471
12757593
12757609
12757803
12757815
12757821
12757829
12757843
12757995
12758015
12758033
12758037
12758055
12758071
12758137
12758159
12758291
12758375
12758407
12758423
12758577
12758715
12758741
12758805
12758903
12758987
12758999
12759071
12759137
12759323
12759453
12759463
12759711
12759751
12759757
12759793
12759807
12759963
12760005
12760073
12760131
12760189
12760289
12760301
12760353
12760545
12760597
12760609
12760649
12760657
12760681
12760689
12760695
12760745
12760781
12760835
12760859
12760879
12760885
12760909
12761123
12761139
12761159
12761167
12761259
12761283
12761417
12761563
12761619
12761703
12761761
12761805
12761975
12762009
12762011
12762043
12762195
12762237
12762311
12762315
12762339
12762371
12762409
12762521
12762537
12762557
12762625
12762643
12762677
12762769
12762779
12762881
12762975
12763223
12763225
12763263
12763375
12763381
12763537
12763547
12763697
12763757
12763877
12763989
12764313
12764323
12764339
12764341
12764367
12764409
12764411
12764435
12764451
12764523
12764595
12764601
12764737
12764787
12764897
12765019
12765063
12765065
12765109
12765111
12765163
12765347
12765453
12765539
12765551
12765573
12765601
12765793
12765979
12766037
12766127
12766143
12766207
12766335
12766343
12766549
12766553
12766607
12766713
12766761
12766851
12766867
12766919
12766953
12767045
12767099
12767409
12767449
12767629
12767731
12767755
12767771
12767793
12767841
12767913
12768095
12768113
12768123
12768145
12768313
12768327
12768533
12768573
12768577
12768735
12768849
12768879
12768885
12768951
12768973
12769083
12769117
12769163
12769209
12769259
12769261
12769283
12769359
12769381
12769393
12769447
12769565
12769591
12769601
12769653
12769693
12769783
12769839
12769873
12769961
12770139
12770363
12770365
12770399
12770407
12770417
12770435
12770449
12770459
12770531
12770589
12770591
12770619
12770799
12770811
12770867
12770967
12770983
12771231
12771433
12771507
12771541
12771655
12771707
12771829
12771893
12771937
12772281
12772391
12772417
12772607
12772633
12772647
12772653
12772719
12772769
12772773
12772819
12772849
12773033
12773111
12773141
12773151
12773257
12773267
12773447
12773503
12773529
12773533
12773635
12773683
12773687
12773695
12773721
12773809
12773815
12774063
12774147
12774165
12774209
12774303
12774325
12774343
12774361
12774379
12774535
12774621
12774695
12774701
12774799
12774829
12774909
12775001
12775037
12775117
12775191
12775265
12775325
12775385
12775397
12775495
12775539
12775685
12775791
12775885
12775927
12775981
12776017
12776081
12776101
12776157
12776161
12776175
12776225
12776249
12776261
12776355
12776439
12776457
12776805
12776959
12776991
12777071
12777309
12777315
12777461
12777463
12777713
12777807
12777875
12777939
12778123
12778233
12778281
12778283
12778289
12778343
12778609
12778635
12778661
12778669
12778723
12778753
12778793
12778813
12778851
12778903
12779047
12779069
12779261
12779331
12779401
12779451
12779543
12779563
12779643
12779667
12779677
12779693
12779763
12779835
12779929
12779931
12779947
12779991
12780095
12780117
12780131
12780159
12780245
12780443
12780467
12780599
12780671
12780681
12780809
12780853
12780993
12781195
12781203
12781227
12781387
12781633
12781727
12781755
12781841
12781847
12781893
12781897
12781931
12781971
12781979
12782053
12782165
12782213
12782355
12782383
12782405
12782467
12782471
12782515
12782631
12782761
12782781
12782939
12782963
12783033
12783151
12783209
12783225
12783253
12783395
12783421
12783645
12783647
12783667
12783943
12784261
12784271
12784323
12784403
12784485
12784503
12784539
12784551
12784613
12784665
12784713
12784811
12784841
12784909
12785087
12785101
12785117
12785217
12785337
12785475
12785479
12785489
12785495
12785595
12785661
12785757
12785857
12786061
12786337
12786367
12786475
12786533
12786579
12786711
12786783
12786863
12786965
12787113
12787117
12787127
12787159
12787181
12787221
12787351
12787527
12787597
12787645
12787779
12787799
12787811
12787857
12787859
12787885
12787903
12787987
12788153
12788269
12788405
12788433
12788653
12788769
12788899
12788979
12789065
12789067
12789321
12789371
12789447
12789467
12789559
12789731
12789807
12789833
12789897
12790017
12790029
12790557
12790637
12790655
12790705
12790801
12790987
12791009
12791035
12791255
12791365
12791381
12791401
12791739
12791743
12792003
12792029
12792117
12792177
12792303
12792363
12792387
12792463
12792517
12792637
12792699
12792753
12792769
12792831
12792839
12792941
12793177
12793189
12793257
12793295
12793351
12793413
12793565
12793577
12793627
12793711
12793757
12793807
12793941
12793999
12794105
12794229
12794293
12794301
12794315
12794463
12794519
12794581
12794603
12794697
12794717
12794747
12794761
12794785
12794869
12794929
12795027
12795079
12795129
12795167
12795291
12795357
12795385
12795423
12795465
12795489
12795657
12795717
12795737
12795825
12795885
12795963
12795987
12796081
12796103
12796137
12796143
12796145
12796161
12796197
12796405
12796549
12796591
12796617
12796815
12796979
12796993
12797167
12797187
12797205
12797235
12797331
12797399
12797409
12797509
12797567
12797703
12797731
12797753
12797817
12797915
12797945
12797955
12798001
12798073
12798217
12798315
12798357
12798387
12798391
12798421
12798531
12798659
12798689
12798849
12798995
12799093
12799165
12799171
12799233
12799301
12799333
12799535
12799563
12799569
12799625
12799761
12799767
12799775
12799781
12799803
12799835
12799923
12799927
12800147
12800179
12800211
12800229
12800253
12800455
12800501
12800515
12800637
12800773
12800785
12800789
12800907
12800927
12800949
12801047
12801121
12801169
12801317
12801389
12801501
12801515
12801607
12801643
12801655
12801697
12801807
12801959
12802051
12802195
12802225
12802413
12802491
12802551
12802607
12802635
12802753
12802771
12802821
12803025
12803103
12803123
12803233
12803249
12803375
12803475
12803607
12803655
12803661
12803699
12803745
12803765
12803819
12803847
12803865
12804007
12804035
12804049
12804091
12804161
12804173
12804201
12804221
12804327
12804395
12804425
12804491
12804495
12804497
12804555
12804695
12804723
12804733
12804811
12804873
12804883
12804937
12804971
12805051
12805169
12805177
12805199
12805249
12805335
12805359
12805379
12805397
12805449
12805467
12805519
12805627
12806051
12806209
12806291
12806303
12806317
12806421
12806607
12806643
12806709
12806719
12806989
12807341
12807477
12807585
12807593
12807695
12807815
12807841
12808361
12808379
12808413
12808463
12808465
12808689
12808801
12809003
12809133
12809201
12809267
12809311
12809469
12809481
12809521
12809763
12809805
12809861
12809953
12810057
12810165
12810213
12810307
12810517
12810531
12810653
12810767
12810779
12810797
12810861
12810875
12810877
12810941
12810959
12810971
12811119
12811195
12811199
12811209
12811225
12811299
12811347
12811431
12811443
12811625
12811861
12811993
12811995
12812039
12812057
12812075
12812243
12812465
12812503
12812511
12812525
12812673
12812849
12812927
12812931
12813021
12813239
12813259
12813299
12813373
12813447
12813515
12813559
12813567
12813815
12813819
12813929
12813993
12814077
12814089
12814195
12814287
12814293
12814305
12814315
12814319
12814377
12814675
12814705
12814749
12814777
12814789
12814817
12814831
12814861
12814903
12815051
12815157
12815277
12815289
12815311
12815393
12815489
12815507
12815597
12815617
12815647
12815701
12815745
12815811
12815847
12815953
12816001
12816149
12816271
12816319
12816379
12816497
12816535
12816545
12816583
12816609
12816615
12816621
12816733
12816773
12816853
12816927
12817015
12817103
12817307
12817359
12817415
12817551
12817587
12817589
12817617
12817743
12817803
12817805
12817821
12817893
12817911
12817961
12817993
12818029
12818047
12818159
12818271
12818415
12818431
12818447
12818519
12818529
12818571
12818625
12818649
12818659
12818701
12818713
12818715
12818717
12818747
12818805
12818927
12818947
12818977
12819051
12819079
12819095
12819103
12819119
12819309
12819401
12819509
12819585
12819603
12819677
12819715
12819741
12819743
12819779
12819833
12819849
12819929
12820045
12820089
12820417
12820461
12820579
12820603
12820679
12820697
12820797
12820843
12820847
12820851
12820895
12820997
12821083
12821113
12821183
12821291
12821453
12821571
12821579
12821625
12821645
12821677
12821691
12822073
12822091
12822155
12822157
12822223
12822241
12822369
12822423
12822453
12822487
12822537
12822565
12822757
12822785
12822845
12822909
12822913
12822975
12823047
12823097
12823147
12823181
12823305
12823765
12823773
12823829
12823849
12823961
12823965
12824083
12824093
12824321
12824359
12824379
12824393
12824443
12824541
12824747
12824763
12824869
12824953
12824987
12825325
12825455
12825513
12825545
12825687
12825713
12825715
12825761
12825907
12825965
12826143
12826173
12826211
12826223
12826271
12826299
12826353
12826383
12826389
12826483
12826609
12826851
12826907
12826923
12826985
12826999
12827005
12827071
12827123
12827185
12827257
12827259
12827277
12827295
12827339
12827403
12827409
12827427
12827449
12827467
12827475
12827589
12827595
12827695
12827725
12827827
12827941
12828209
12828243
12828385
12828647
12828711
12828727
12828825
12828857
12828907
12828979
12829141
12829147
12829209
12829277
12829305
12829445
12829447
12829617
12829649
12829893
12829903
12829967
12830147
12830223
12830503
12830563
12830593
12830781
12830923
12831015
12831221
12831315
12831341
12831425
12831433
12831671
12831681
12831703
12831727
12831815
12831895
12831907
12832031
12832091
12832235
12832307
12832331
12832553
12832591
12832605
12832617
12832669
12832677
12832735
12832905
12832993
12833103
12833183
12833271
12833291
12833327
12833375
12833483
12833497
12833509
12833517
12833655
12833691
12833713
12833845
12834037
12834207
12834491
12834543
12834553
12834613
12834641
12834677
12834917
12834999
12835081
12835239
12835293
12835325
12835477
12835643
12835759
12835877
12835973
12836103
12836193
12836289
12836437
12836561
12836603
12836829
12836945
12836971
12836981
12837075
12837093
12837101
12837127
12837153
12837197
12837213
12837283
12837365
12837619
12837659
12837809
12837953
12838259
12838295
12838327
12838425
12838457
12838491
12838535
12838565
12838621
12838691
12838719
12838741
12838899
12839081
12839273
12839401
12839507
12839533
12839535
12839555
12839631
12839831
12839903
12839905
12839965
12840047
12840057
12840071
12840127
12840133
12840163
12840379
12840401
12840407
12840429
12840451
12840483
12840631
12840659
12840725
12840747
12840899
12841019
12841159
12841207
12841413
12841439
12841479
12841607
12841685
12841823
12842045
12842183
12842213
12842225
12842409
12842451
12842507
12842707
12842829
12842959
12843009
12843065
12843083
12843087
12843183
12843325
12843397
12843423
12843453
12843477
12843489
12843491
12843511
12843537
12843565
12843583
12843629
12843859
12843929
12843931
12844063
12844109
12844111
12844141
12844211
12844339
12844379
12844381
12844433
12844457
12844509
12844511
12844515
12844619
12844641
12844707
12844775
12844777
12844813
12844943
12844951
12845081
12845097
12845127
12845215
12845219
12845251
12845309
12845355
12845541
12845587
12845605
12845639
12845683
12845695
12845795
12845833
12845891
12845921
12846067
12846157
12846193
12846195
12846243
12846251
12846335
12846391
12846685
12846695
12846707
12846821
12846857
12846987
12847115
12847177
12847295
12847351
12847375
12847381
12847385
12847735
12847787
12847945
12848055
12848095
12848121
12848143
12848153
12848293
12848307
12848355
12848399
12848417
12848429
12848559
12848651
12848719
12848727
12848735
12848765
12848787
12848873
12848887
12848997
12849019
12849061
12849083
12849177
12849209
12849241
12849295
12849335
12849381
12849491
12849619
12849665
12849799
12849857
12850031
12850161
12850295
12850337
12850371
12850419
12850519
12850581
12850631
12850669
12850683
12850771
12850813
12850827
12850857
12850921
12851001
12851077
12851101
12851113
12851137
12851201
12851235
12851309
12851339
12851487
12851771
12851797
12851891
12851913
12852005
12852079
12852139
12852151
12852219
12852235
12852305
12852355
12852461
12852499
12852743
12852991
12853033
12853065
12853071
12853085
12853087
12853183
12853255
12853265
12853315
12853457
12853463
12853465
12853485
12853527
12853623
12853661
12853681
12853817
12853857
12853863
12853953
12854027
12854137
12854161
12854213
12854235
12854259
12854261
12854369
12854409
12854655
12854681
12854705
12854729
12854731
12854867
12854869
12854893
12854921
12854965
12855035
12855237
12855403
12855627
12855631
12855845
12855863
12855887
12856077
12856287
12856349
12856363
12856423
12856427
12856453
12856557
12856761
12857021
12857037
12857071
12857121
12857191
12857235
12857253
12857337
12857441
12857505
12857533
12857549
12857569
12857587
12857619
12857737
12857797
12857909
12857921
12857929
12858221
12858351
12858379
12858425
12858439
12858441
12858453
12858523
12858567
12858585
12858647
12858659
12858745
12858781
12858855
12858863
12858911
12858917
12858977
12859011
12859015
12859031
12859103
12859249
12859347
12859489
12859605
12859639
12859701
12859823
12860093
12860103
12860109
12860181
12860187
12860269
12860349
12860371
12860545
12860587
12860599
12860659
12860691
12860785
12860793
12860907
12861053
12861117
12861151
12861207
12861441
12861473
12861547
12861781
12861809
12861921
12861997
12862003
12862017
12862291
12862419
12862595
12862755
12862767
12862773
12862789
12862819
12862999
12863007
12863033
12863059
12863157
12863209
12863343
12863445
12863589
12863775
12863791
12863899
12863919
12863979
12863981
12864117
12864467
12864517
12864553
12864607
12864697
12864737
12864883
12864981
12864995
12865295
12865309
12865321
12865347
12865611
12865665
12865675
12865763
12865779
12865857
12866051
12866159
12866171
12866305
12866345
12866575
12866727
12866807
12866877
12866967
12867297
12867499
12867547
12867799
12867933
12867983
12868175
12868337
12868465
12868505
12868515
12868545
12868585
12868667
12868683
12868715
12868761
12868807
12868893
12868931
12868983
12868991
12869031
12869081
12869103
12869141
12869259
12869269
12869275
12869321
12869403
12869461
12869551
12869581
12869589
12869647
12869663
12869691
12869707
12869739
12869847
12869971
12869981
12869985
12870019
12870065
12870195
12870289
12870401
12870429
12870551
12870589
12870759
12870831
12870955
12871025
12871051
12871155
12871253
12871309
12871415
12871483
12871491
12871535
12871767
12871807
12871869
12871895
12871915
12871953
12871989
12872083
12872131
12872173
12872255
12872263
12872311
12872315
12872487
12872515
12872659
12872665
12872859
12872895
12872897
12872985
12872999
12873041
12873065
12873097
12873125
12873573
12873717
12873743
12873865
12873927
12873953
12874009
12874065
12874123
12874139
12874231
12874243
12874261
12874263
12874455
12874583
12874897
12874955
12875061
12875103
12875105
12875117
12875327
12875755
12875783
12875873
12875893
12875947
12875949
12876013
12876015
12876031
12876089
12876189
12876217
12876267
12876331
12876401
12876555
12876581
12876647
12876715
12876763
12876823
12876845
12877063
12877079
12877085
12877127
12877133
12877137
12877295
12877375
12877489
12877537
12877549
12877583
12877693
12877727
12877733
12877745
12878151
12878355
12878519
12878543
12878619
12878667
12878727
12878819
12878927
12878969
12878977
12879051
12879085
12879277
12879309
12879401
12879505
12879647
12879697
12879755
12879771
12879875
12879893
12879959
12879961
12880107
12880171
12880219
12880241
12880243
12880247
12880259
12880325
12880379
12880477
12880625
12880657
12880683
12880709
12880775
12880853
12880947
12881047
12881159
12881175
12881253
12881293
12881305
12881373
12881377
12881379
12881479
12881535
12881557
12881583
12881591
12881607
12881621
12881627
12881699
12881785
12881867
12881873
12881877
12881945
12881961
12882015
12882085
12882101
12882197
12882221
12882257
12882347
12882351
12882405
12882425
12882473
12882557
12882603
12882619
12882627
12882711
12882829
12882839
12882873
12882927
12882963
12882969
12882971
12882991
12883143
12883149
12883157
12883245
12883263
12883405
12883445
12883505
12883539
12883557
12883627
12883751
12883761
12883945
12884007
12884139
12884159
12884205
12884257
12884273
12884277
12884365
12884469
12884499
12884645
12884889
12885011
12885071
12885211
12885289
12885377
12885391
12885405
12885421
12885457
12885767
12885787
12885879
12885899
12885933
12885975
12885977
12886005
12886015
12886047
12886105
12886123
12886137
12886147
12886227
12886339
12886341
12886347
12886491
12886643
12886659
12886885
12886951
12886997
12887015
12887031
12887259
12887363
12887433
12887653
12887851
12887865
12887891
12888193
12888211
12888287
12888289
12888311
12888349
12888537
12888559
12888659
12888751
12888929
12888939
12888945
12889003
12889225
12889321
12889333
12889413
12889505
12889607
12889687
12889739
12889753
12889781
12889863
12889927
12889945
12890183
12890325
12890487
12890553
12890561
12890573
12890613
12890631
12890713
12890895
12890909
12890971
12891027
12891107
12891109
12891333
12891383
12891593
12891595
12891859
12891867
12891897
12891973
12892237
12892245
12892411
12892441
12892627
12892817
12892843
12892879
12892961
12893035
12893125
12893235
12893261
12893281
12893287
12893321
12893401
12893537
12893567
12893717
12893721
12893847
12893863
12893931
12893937
12893987
12894033
12894045
12894199
12894257
12894319
12894351
12894367
12894373
12894417
12894421
12894445
12894465
12894469
12894639
12894683
12894691
12894755
12894805
12894827
12894927
12894955
12895071
12895101
12895237
12895245
12895375
12895439
12895473
12895529
12895621
12895721
12895767
12895891
12895895
12895999
12896121
12896129
12896145
12896189
12896197
12896315
12896377
12896553
12896633
12896701
12896725
12896781
12896909
12896985
12897059
12897087
12897093
12897135
12897163
12897287
12897293
12897331
12897523
12897583
12897599
12897621
12897641
12897671
12897767
12897793
12897799
12897835
12897913
12898079
12898173
12898189
12898203
12898283
12898305
12898365
12898463
12898481
12899011
12899061
12899063
12899065
12899075
12899097
12899239
12899363
12899475
12899715
12899749
12899789
12899949
12899989
12900001
12900005
12900041
12900127
12900177
12900219
12900253
12900261
12900381
12900507
12900521
12900587
12901215
12901235
12901293
12901309
12901313
12901339
12901431
12901481
12901499
12901547
12901565
12901625
12901635
12901735
12901751
12901773
12901953
12902017
12902089
12902107
12902165
12902317
12902333
12902401
12902453
12902469
12902499
12902687
12902731
12902759
12902901
12902999
12903183
12903271
12903285
12903287
12903367
12903437
12903469
12903485
12903677
12903687
12903725
12903797
12903873
12903947
12904045
12904143
12904189
12904225
12904239
12904249
12904337
12904357
12904397
12904413
12904643
12904747
12904751
12904805
12904939
12904955
12904961
12905053
12905067
12905485
12905541
12905623
12905639
12905665
12905689
12905779
12905801
12905819
12905839
12905863
12905909
12905923
12905953
12906077
12906153
12906279
12906543
12906593
12906667
12906723
12906913
12907109
12907125
12907375
12907401
12907495
12907573
12907601
12907691
12907787
12907789
12908031
12908153
12908261
12908343
12908361
12908463
12908471
12908533
12908619
12908639
12908675
12908689
12908721
12908745
12908773
12908857
12908941
12909047
12909101
12909135
12909159
12909201
12909223
12909433
12909443
12909531
12909571
12909611
12909713
12909755
12909791
12909819
12909829
12909881
12910287
12910303
12910511
12910691
12910835
12910889
12910941
12910983
12911063
12911179
12911217
12911241
12911305
12911427
12911517
12911523
12911541
12911611
12911621
12911731
12911757
12911779
12911867
12911875
12911913
12912023
12912075
12912289
12912309
12912363
12912371
12912411
12912431
12912533
12912575
12912597
12912637
12912665
12912731
12912741
12913029
12913121
12913201
12913217
12913257
12913333
12913351
12913409
12913415
12913465
12913531
12913651
12913681
12913739
12913757
12913819
12913863
12913937
12913987
12914003
12914041
12914191
12914215
12914343
12914443
12914491
12914501
12914613
12914801
12914831
12914835
12914849
12914859
12914907
12914951
12915185
12915203
12915219
12915249
12915379
12915403
12915421
12915551
12915553
12915685
12915787
12915843
12915939
12915955
12915967
12916017
12916053
12916159
12916217
12916231
12916233
12916269
12916315
12916339
12916369
12916525
12916851
12916955
12916991
12917011
12917027
12917069
12917143
12917333
12917353
12917367
12917381
12917433
12917447
12917635
12917649
12917653
12917733
12917793
12917889
12918019
12918119
12918167
12918231
12918245
12918259
12918313
12918327
12918361
12918677
12918753
12918845
12918875
12918897
12918969
12918985
12919141
12919289
12919391
12919597
12919629
12919635
12919801
12919917
12920033
12920037
12920069
12920073
12920205
12920303
12920357
12920415
12920423
12920425
12920505
12920603
12920637
12920703
12920775
12920837
12920873
12920885
12920921
12920977
12920993
12921095
12921163
12921177
12921265
12921323
12921377
12921891
12921919
12921941
12922009
12922043
12922103
12922207
12922287
12922345
12922371
12922389
12922411
12922447
12922451
12922533
12922623
12922721
12922881
12922893
12922905
12922915
12922981
12923033
12923075
12923119
12923195
12923399
12923417
12923461
12923475
12923587
12923711
12923821
12923921
12923963
12924059
12924183
12924491
12924539
12924553
12924557
12924657
12924659
12924783
12924867
12924877
12924903
12924911
12924933
12925017
12925023
12925091
12925115
12925127
12925169
12925175
12925243
12925245
12925339
12925355
12925415
12925419
12925429
12925461
12925555
12925677
12925885
12925961
12925985
12925993
12926003
12926059
12926225
12926241
12926321
12926349
12926463
12926535
12926599
12926673
12926727
12926741
12926753
12926785
12926805
12926831
12926863
12926999
12927001
12927003
12927119
12927215
12927381
12927415
12927609
12927749
12927755
12927821
12927969
12927975
12928055
12928061
12928245
12928273
12928375
12928589
12928655
12928705
12928773
12928785
12928943
12928947
12928951
12929103
12929133
12929165
12929167
12929215
12929245
12929407
12929431
12929475
12929509
12929629
12929665
12929817
12929959
12930131
12930197
12930247
12930285
12930333
12930599
12930621
12930711
12930755
12930769
12930817
12930847
12930893
12930913
12931041
12931095
12931269
12931387
12931437
12931647
12931655
12931667
12931673
12931753
12931935
12931967
12932069
12932133
12932313
12932323
12932353
12932369
12932379
12932489
12932493
12932507
12932533
12932541
12932549
12932693
12932787
12932881
12933211
12933489
12933493
12933685
12933867
12933891
12933895
12933959
12933973
12934011
12934091
12934145
12934463
12934473
12934509
12934635
12934925
12935193
12935241
12935285
12935297
12935457
12935501
12935535
12935709
12935751
12935805
12935871
12935879
12935973
12935977
12936055
12936107
12936119
12936147
12936317
12936365
12936509
12936663
12936667
12936671
12936703
12936707
12936863
12936963
12936995
12937127
12937133
12937155
12937207
12937249
12937271
12937295
12937381
12937469
12937489
12937533
12937543
12937601
12937625
12937759
12937799
12937811
12937875
12937893
12938115
12938167
12938289
12938457
12938533
12938621
12938727
12938737
12939009
12939159
12939207
12939231
12939253
12939373
12939589
12939779
12939903
12939941
12939957
12940015
12940019
12940127
12940131
12940223
12940283
12940367
12940391
12940409
12940541
12940563
12940567
12940635
12940759
12940763
12940791
12940795
12940861
12940929
12940949
12941025
12941075
12941151
12941189
12941273
12941281
12941405
12941435
12941523
12941571
12941731
12941763
12941829
12941905
12941907
12942131
12942181
12942185
12942219
12942221
12942281
12942305
12942467
12942563
12942699
12942793
12942801
12942817
12943005
12943059
12943085
12943123
12943131
12943163
12943209
12943293
12943433
12943489
12943493
12943567
12943647
12943675
12943849
12943887
12944029
12944111
12944181
12944271
12944283
12944345
12944427
12944843
12944939
12944995
12945007
12945049
12945125
12945153
12945159
12945173
12945383
12945651
12945653
12945755
12945829
12945861
12945887
12946013
12946087
12946127
12946187
12946251
12946293
12946361
12946395
12946413
12946531
12946541
12946613
12946631
12946727
12946767
12946809
12947071
12947075
12947125
12947133
12947199
12947213
12947287
12947339
12947387
12947517
12947557
12947599
12947651
12947747
12947801
12947859
12947899
12948039
12948109
12948173
12948221
12948309
12948447
12948531
12948553
12948589
12948665
12948707
12948737
12948933
12949051
12949121
12949173
12949285
12949313
12949371
12949421
12949479
12949497
12949613
12949895
12950227
12950249
12950255
12950299
12950389
12950417
12950435
12950465
12950615
12950621
12950671
12950703
12950765
12950977
12950979
12951067
12951109
12951113
12951151
12951181
12951217
12951295
12951343
12951437
12951597
12951631
12951639
12951655
12951683
12951741
12951957
12952107
12952307
12952349
12952353
12952383
12952503
12952699
12952713
12952761
12952799
12952837
12953089
12953221
12953235
12953247
12953393
12953635
12953693
12953743
12953763
12953783
12953817
12953839
12953861
12954005
12954021
12954067
12954139
12954363
12954435
12954465
12954469
12954655
12954657
12954679
12954703
12954779
12954791
12954827
12954859
12954899
12954901
12955047
12955191
12955407
12955419
12955421
12955517
12955523
12955555
12955611
12955711
12955779
12955871
12955959
12956003
12956091
12956093
12956139
12956361
12956369
12956427
12956451
12956487
12956961
12957001
12957053
12957059
12957119
12957123
12957217
12957345
12957361
12957493
12957519
12957591
12957641
12957643
12957665
12957679
12957727
12957735
12957757
12957993
12958053
12958209
12958219
12958359
12958533
12958535
12958545
12958597
12958617
12958619
12958633
12958705
12958711
12958787
12958797
12958851
12958923
12958981
12959019
12959071
12959103
12959177
12959303
12959313
12959407
12959451
12959475
12959551
12959595
12959637
12959663
12959871
12959917
12960015
12960069
12960077
12960211
12960241
12960249
12960263
12960279
12960435
12960563
12960633
12960639
12960805
12960847
12960913
12961061
12961113
12961137
12961143
12961165
12961187
12961219
12961225
12961301
12961363
12961371
12961437
12961495
12961697
12961955
12962003
12962137
12962143
12962181
12962295
12962319
12962375
12962449
12962461
12962547
12962599
12962775
12962901
12963085
12963221
12963257
12963385
12963527
12963605
12963621
12963633
12963769
12963771
12963891
12964035
12964059
12964089
12964143
12964249
12964339
12964391
12964469
12964517
12964561
12964657
12964673
12964705
12964723
12964755
12964825
12964907
12964915
12965129
12965165
12965173
12965379
12965395
12965407
12965449
12965521
12965541
12965549
12965593
12965603
12965701
12965753
12965775
12965895
12965931
12965969
12966019
12966021
12966187
12966263
12966265
12966271
12966335
12966357
12966363
12966421
12966437
12966457
12966475
12966511
12966525
12966549
12966571
12966723
12966757
12966825
12966881
12966945
12967191
12967195
12967299
12967339
12967443
12967489
12967567
12967575
12967767
12968001
12968141
12968283
12968297
12968401
12968547
12968559
12968635
12968891
12969001
12969085
12969123
12969203
12969223
12969323
12969507
12969575
12969581
12969685
12969711
12969717
12969781
12969795
12969837
12969869
12969871
12969887
12969927
12970031
12970071
12970149
12970169
12970323
12970431
12970457
12970513
12970533
12970549
12970633
12970681
12970717
12970747
12970749
12970913
12970999
12971069
12971095
12971125
12971143
12971245
12971307
12971349
12971373
12971437
12971443
12971669
12971675
12971739
12971779
12971793
12971863
12972035
12972587
12972731
12972733
12972969
12972975
12973089
12973321
12973325
12973565
12973635
12973697
12973723
12973767
12973775
12973797
12973887
12973949
12974113
12974127
12974367
12974441
12974453
12974583
12974633
12974691
12974799
12974867
12974909
12974963
12974985
12975021
12975095
12975105
12975267
12975293
12975359
12975387
12975461
12975531
12975689
12975719
12975837
12975875
12976081
12976125
12976241
12976271
12976333
12976337
12976443
12976505
12976685
12976745
12976827
12976869
12976875
12977033
12977037
12977047
12977129
12977211
12977355
12977463
12977519
12977533
12977535
12977583
12977599
12977723
12977783
12977979
12977981
12978029
12978059
12978091
12978129
12978185
12978203
12978207
12978235
12978307
12978333
12978341
12978401
12978419
12978643
12978693
12978747
12978779
12978835
12978957
12978963
12979041
12979159
12979323
12979413
12979455
12979517
12979609
12979623
12979657
12979753
12979765
12979779
12979865
12979897
12979965
12980005
12980067
12980079
12980115
12980195
12980209
12980309
12980513
12980597
12980637
12980649
12980711
12980757
12980761
12980841
12980871
12980921
12980935
12981031
12981041
12981105
12981151
12981211
12981277
12981279
12981321
12981333
12981355
12981369
12981655
12981667
12981729
12981815
12981905
12981955
12981985
12982011
12982035
12982051
12982079
12982201
12982221
12982367
12982443
12982515
12982591
12982599
12982671
12982821
12982905
12982917
12982955
12983151
12983167
12983267
12983287
12983355
12983361
12983485
12983493
12983639
12983745
12984093
12984125
12984129
12984235
12984259
12984459
12984527
12984543
12984699
12984705
12984719
12984777
12984799
12984815
12984963
12985175
12985223
12985283
12985475
12985511
12985659
12985667
12985687
12985771
12985913
12985957
12986011
12986127
12986181
12986351
12986363
12986531
12986559
12986615
12986647
12986689
12986765
12986855
12986919
12986967
12987211
12987271
12987355
12987415
12987511
12987523
12987837
12987877
12987883
12987973
12988163
12988269
12988293
12988311
12988337
12988457
12988483
12988589
12988601
12988781
12988853
12988963
12988987
12989029
12989243
12989265
12989467
12989549
12989629
12989643
12989717
12989847
12990017
12990093
12990135
12990233
12990249
12990257
12990277
12990281
12990297
12990399
12990471
12990579
12990665
12990817
12990849
12990943
12990991
12991251
12991325
12991347
12991415
12991497
12991559
12991613
12991659
12991717
12991897
12991953
12992145
12992233
12992327
12992331
12992359
12992369
12992375
12992409
12992415
12992607
12992659
12992751
12992785
12992833
12992863
12992983
12993041
12993111
12993189
12993243
12993279
12993295
12993319
12993377
12993431
12993495
12993513
12993609
12993727
12993833
12993893
12993921
12993947
12994025
12994199
12994267
12994285
12994387
12994401
12994477
12994573
12994595
12994599
12994615
12994775
12994781
12994905
12994945
12994987
12995019
12995025
12995063
12995123
12995263
12995295
12995381
12995539
12995587
12995665
12995765
12995837
12995897
12996035
12996037
12996063
12996075
12996135
12996233
12996253
12996277
12996425
12996639
12996677
12996783
12996957
12997037
12997115
12997167
12997203
12997233
12997235
12997273
12997347
12997423
12997439
12997451
12997491
12997563
12997579
12997721
12997821
12997903
12998171
12998193
12998205
12998291
12998297
12998417
12998469
12998485
12998523
12998579
12998801
12998891
12998929
12999061
12999071
12999159
12999207
12999319
12999371
12999579
12999917
