# proven primes: b with (b^16+1)/2 prime (aprcl), block [13000000,14000000)
13000029
13000075
13000091
13000167
13000353
13000365
13000449
13000461
13000527
13000579
13000605
13000675
13000707
13000733
13000849
13000963
13001013
13001021
13001107
13001115
13001139
13001201
13001209
13001245
13001299
13001345
13001347
13001351
13001357
13001445
13001461
13001507
13001625
13001951
13001975
13002003
13002053
13002133
13002401
13002571
13002653
13002665
13002683
13002691
13002731
13002821
13002937
13003037
13003091
13003125
13003211
13003277
13003373
13003771
13003783
13003827
13004007
13004169
13004241
13004369
13004485
13004639
13004769
13004923
13005025
13005093
13005333
13005385
13005483
13005663
13005755
13005819
13005913
13005981
13006073
13006105
13006145
13006195
13006305
13006313
13006417
13006433
13006657
13006671
13006673
13006709
13007033
13007043
13007075
13007385
13007407
13007459
13007515
13007521
13007547
13007563
13007587
13007603
13007701
13007739
13007757
13007789
13007821
13007885
13007937
13007951
13007977
13008063
13008161
13008235
13008335
13008411
13008419
13008513
13008817
13009089
13009331
13009417
13009437
13009611
13009653
13009693
13009769
13009857
13009891
13009953
13010021
13010029
13010075
13010215
13010325
13010391
13010429
13010501
13010697
13010797
13010963
13011021
13011045
13011083
13011299
13011425
13011591
13011611
13011615
13011661
13011797
13011935
13012011
13012169
13012343
13012455
13012501
13012587
13012721
13012727
13012907
13013141
13013171
13013175
13013213
13013293
13013317
13013325
13013379
13013385
13013429
13013593
13013657
13013699
13013763
13013883
13013991
13014167
13014211
13014217
13014223
13014391
13014405
13014433
13014515
13014519
13014605
13014645
13014721
13014755
13014821
13014837
13014887
13014905
13014907
13014927
13014999
13015055
13015107
13015163
13015259
13015331
13015373
13015435
13015455
13015459
13015461
13015519
13015613
13015675
13015677
13015765
13015819
13016067
13016117
13016157
13016253
13016307
13016311
13016325
13016587
13016671
13016775
13016975
13017231
13017237
13017351
13017373
13017425
13017501
13017559
13017605
13017647
13017715
13017757
13017921
13017951
13018041
13018143
13018197
13018203
13018361
13018385
13018417
13018461
13018511
13018845
13018911
13018955
13019061
13019063
13019335
13019375
13019429
13019481
13019541
13019615
13019771
13019815
13019851
13019979
13020029
13020075
13020079
13020157
13020273
13020293
13020305
13020369
13020429
13020513
13020551
13020565
13020585
13020671
13020773
13020907
13020921
13021013
13021191
13021193
13021231
13021447
13021491
13021513
13021663
13021665
13021699
13021715
13021841
13021909
13022085
13022089
13022363
13022451
13022471
13022565
13022631
13022641
13022757
13022945
13023005
13023041
13023163
13023177
13023227
13023243
13023281
13023367
13023427
13023451
13023507
13023561
13023661
13023731
13023753
13023803
13024105
13024141
13024251
13024397
13024411
13024487
13024497
13024561
13024657
13024675
13024773
13024801
13024845
13025007
13025183
13025195
13025437
13025473
13025725
13025745
13025839
13025851
13026109
13026203
13026267
13026271
13026419
13026535
13026713
13026783
13026901
13026933
13026999
13027135
13027199
13027257
13027365
13027493
13027549
13027739
13027899
13028049
13028053
13028243
13028281
13028487
13028519
13028529
13028631
13028665
13028685
13028733
13028905
13028921
13028937
13028951
13028957
13028961
13029001
13029027
13029083
13029221
13029295
13029327
13029333
13029345
13029457
13029487
13029561
13029579
13029707
13029757
13029823
13029827
13029843
13030229
13030285
13030297
13030349
13030411
13030447
13030473
13030527
13030567
13030569
13030571
13030587
13030713
13030771
13030799
13030975
13031021
13031033
13031073
13031085
13031327
13031635
13031745
13031857
13031935
13031961
13031983
13032033
13032043
13032119
13032205
13032241
13032361
13032391
13032501
13032521
13032593
13032631
13032721
13032737
13032747
13032797
13032919
13033031
13033215
13033255
13033355
13033419
13033431
13033479
13033509
13033643
13033685
13033703
13033733
13033749
13033753
13033787
13033881
13033929
13034045
13034053
13034305
13034307
13034331
13034469
13034473
13034689
13034779
13034787
13034833
13034961
13035071
13035145
13035211
13035313
13035521
13035625
13035725
13035733
13035745
13035887
13035909
13035935
13035939
13036057
13036089
13036123
13036211
13036267
13036425
13036701
13036753
13036891
13036951
13036995
13037095
13037183
13037201
13037203
13037225
13037391
13037399
13037457
13037519
13037679
13037697
13037781
13037805
13037817
13037885
13037921
13037931
13037943
13037951
13038001
13038025
13038125
13038135
13038195
13038199
13038281
13038329
13038379
13038499
13038587
13038881
13038891
13038967
13038975
13039019
13039033
13039193
13039239
13039371
13039475
13039503
13039577
13039793
13039801
13039947
13039963
13039975
13040011
13040013
13040107
13040157
13040221
13040353
13040485
13040493
13040673
13040703
13040777
13040871
13040907
13040939
13040949
13041021
13041107
13041143
13041261
13041311
13041455
13041529
13041909
13041927
13041939
13042079
13042157
13042227
13042257
13042305
13042341
13042529
13042535
13042589
13042607
13042649
13042661
13042695
13042841
13042925
13042935
13043015
13043081
13043115
13043179
13043181
13043243
13043335
13043367
13043373
13043383
13043413
13043431
13043481
13043583
13043593
13043601
13043623
13043687
13043743
13043769
13043823
13043885
13043887
13043941
13043985
13043987
13043995
13044107
13044187
13044261
13044455
13044633
13044675
13044697
13044841
13044857
13044921
13045101
13045203
13045229
13045251
13045419
13045523
13045587
13045631
13045639
13045649
13045741
13045803
13045835
13046087
13046295
13046381
13046387
13046451
13046553
13046799
13046853
13046859
13046881
13047043
13047055
13047067
13047129
13047299
13047303
13047377
13047427
13047445
13047493
13047511
13047535
13047563
13047669
13047717
13047737
13047911
13048003
13048021
13048023
13048131
13048305
13048335
13048423
13048479
13048483
13048531
13048659
13048807
13048989
13049113
13049157
13049203
13049349
13049353
13049369
13049383
13049543
13049557
13049561
13049575
13049769
13049971
13050013
13050071
13050159
13050185
13050211
13050321
13050623
13050745
13050851
13050875
13050897
13051053
13051077
13051161
13051179
13051209
13051221
13051269
13051399
13051483
13051523
13051533
13051545
13051549
13051725
13051833
13052037
13052039
13052087
13052133
13052307
13052539
13052605
13052633
13052699
13052793
13052845
13052945
13053095
13053129
13053143
13053191
13053305
13053329
13053343
13053545
13053571
13053639
13053661
13053673
13053731
13053849
13053865
13053981
13054103
13054139
13054153
13054161
13054245
13054333
13054389
13054411
13054537
13054565
13054781
13054813
13054855
13054865
13055011
13055115
13055149
13055181
13055241
13055335
13055459
13055473
13055539
13055581
13055627
13055657
13055739
13055779
13055791
13055809
13055835
13055853
13055861
13056045
13056275
13056279
13056403
13056661
13056681
13056683
13056809
13056943
13056971
13056977
13057095
13057129
13057133
13057139
13057165
13057169
13057257
13057447
13057469
13057511
13057547
13057555
13057655
13057657
13057737
13057823
13057855
13057915
13057939
13058043
13058045
13058091
13058171
13058399
13058521
13058607
13058727
13058793
13058803
13058893
13058923
13059107
13059145
13059305
13059309
13059363
13059437
13059653
13059731
13060007
13060015
13060059
13060083
13060321
13060473
13060497
13060559
13060687
13060699
13060803
13060927
13060955
13060969
13061011
13061071
13061171
13061173
13061221
13061227
13061241
13061315
13061349
13061479
13061551
13061697
13061897
13061901
13061909
13062179
13062243
13062313
13062377
13062451
13062523
13062565
13062639
13062683
13062835
13063043
13063069
13063283
13063361
13063531
13063535
13063675
13063735
13063967
13064007
13064045
13064067
13064075
13064119
13064179
13064333
13064461
13064519
13064635
13064683
13064703
13064801
13064995
13065037
13065039
13065065
13065085
13065205
13065283
13065465
13065601
13065665
13065699
13065767
13065939
13065957
13066035
13066045
13066151
13066175
13066179
13066201
13066203
13066259
13066275
13066347
13066487
13066649
13066757
13066829
13066839
13066931
13067077
13067093
13067149
13067165
13067221
13067339
13067457
13067599
13067603
13067703
13067797
13067847
13067893
13067955
13067985
13068005
13068045
13068049
13068055
13068137
13068147
13068175
13068263
13068383
13068409
13068431
13068697
13068945
13069115
13069127
13069381
13069391
13069481
13069549
13069555
13069601
13069751
13069801
13069853
13069889
13070023
13070063
13070191
13070313
13070319
13070357
13070377
13070443
13070483
13070539
13070579
13070661
13070725
13070775
13070803
13070809
13070835
13070957
13071073
13071165
13071179
13071219
13071233
13071317
13071417
13071515
13071557
13071659
13071709
13071735
13071815
13071861
13071907
13072135
13072167
13072211
13072359
13072553
13072603
13072695
13072819
13072851
13072875
13072905
13072975
13073047
13073109
13073243
13073263
13073491
13073689
13073745
13073749
13073863
13073885
13073991
13074079
13074259
13074307
13074387
13074619
13074673
13074695
13074749
13074913
13074923
13074929
13074957
13075077
13075203
13075237
13075261
13075373
13075429
13075445
13075471
13075491
13075497
13075671
13075709
13075981
13076011
13076255
13076333
13076359
13076449
13076535
13076587
13076595
13076635
13076797
13076849
13077005
13077053
13077069
13077073
13077129
13077189
13077213
13077251
13077329
13077383
13077439
13077523
13077643
13077771
13077815
13077835
13077949
13078123
13078131
13078229
13078399
13078469
13078505
13078569
13078595
13078699
13078753
13078837
13078963
13078977
13079133
13079185
13079287
13079339
13079391
13079463
13079483
13079495
13079519
13079553
13079687
13079713
13079819
13079847
13079853
13079855
13079897
13080041
13080093
13080173
13080207
13080247
13080263
13080265
13080281
13080355
13080397
13080453
13080491
13080607
13080685
13080743
13080991
13081059
13081217
13081233
13081247
13081269
13081463
13081573
13081695
13081701
13081707
13081755
13081807
13081997
13081999
13082005
13082023
13082089
13082295
13082325
13082373
13082455
13082687
13082725
13083003
13083077
13083079
13083109
13083119
13083145
13083181
13083273
13083397
13083467
13083731
13083759
13083813
13083867
13084105
13084151
13084221
13084313
13084337
13084445
13084599
13084639
13084739
13084827
13085067
13085107
13085147
13085277
13085303
13085411
13085503
13085543
13085553
13085657
13085715
13085875
13086075
13086431
13086481
13086501
13086563
13086649
13086657
13086771
13086905
13086927
13086947
13087029
13087077
13087133
13087313
13087335
13087423
13087535
13087651
13087653
13087747
13087787
13087833
13087869
13088201
13088231
13088249
13088283
13088311
13088437
13088597
13088645
13088767
13088841
13088871
13088939
13088991
13089219
13089267
13089285
13089287
13089309
13089359
13089379
13089397
13089433
13089561
13089641
13089673
13089733
13089793
13089973
13090057
13090149
13090221
13090223
13090319
13090499
13090565
13090731
13090769
13090825
13090891
13090893
13090901
13090911
13091137
13091159
13091161
13091315
13091347
13091485
13091511
13091517
13091533
13091695
13091805
13091823
13091835
13091863
13091943
13092107
13092191
13092193
13092235
13092275
13092765
13092787
13092927
13092947
13093077
13093325
13093341
13093373
13093401
13093665
13093733
13093885
13094079
13094361
13094511
13094629
13094673
13094741
13094757
13094797
13095049
13095165
13095167
13095223
13095295
13095507
13095509
13095585
13095599
13095705
13095747
13095761
13095817
13095987
13096099
13096247
13096273
13096381
13096399
13096459
13096465
13096499
13096567
13096681
13096723
13096817
13097175
13097191
13097263
13097269
13097443
13097491
13097519
13097533
13097537
13097571
13097587
13097613
13097837
13097911
13098023
13098029
13098091
13098147
13098151
13098153
13098157
13098185
13098301
13098321
13098397
13098499
13098597
13098653
13098685
13098723
13098775
13098783
13099043
13099203
13099241
13099355
13099361
13099389
13099431
13099449
13099533
13099549
13099599
13099643
13099651
13099755
13099779
13099829
13099879
13099949
13099955
13099965
13100203
13100235
13100255
13100341
13100479
13100493
13100539
13100547
13100565
13100569
13100597
13100631
13100649
13100685
13100729
13100901
13100911
13100925
13100979
13101045
13101051
13101319
13101417
13101423
13101439
13101575
13101643
13101731
13101741
13101755
13101773
13101787
13101823
13101901
13101923
13102099
13102139
13102165
13102217
13102333
13102383
13102455
13102501
13102719
13102881
13102897
13102907
13102931
13102937
13102979
13103057
13103143
13103207
13103221
13103233
13103249
13103305
13103331
13103531
13103593
13103627
13103641
13103755
13103789
13104003
13104089
13104127
13104183
13104227
13104353
13104577
13104639
13104675
13104865
13104905
13104995
13105003
13105083
13105295
13105383
13105389
13105609
13105969
13106015
13106119
13106295
13106301
13106351
13106499
13106549
13106579
13106581
13106647
13106689
13106745
13106747
13106791
13106833
13106971
13107049
13107061
13107135
13107235
13107375
13107381
13107561
13107577
13107705
13107769
13107803
13107833
13107887
13108097
13108199
13108221
13108397
13108563
13108637
13108741
13108789
13108817
13108869
13108945
13108997
13109063
13109077
13109105
13109121
13109123
13109183
13109307
13109315
13109445
13109451
13109523
13109575
13109589
13109591
13109615
13109645
13109665
13109771
13109825
13109863
13110019
13110133
13110261
13110269
13110291
13110303
13110433
13110455
13110463
13110509
13110621
13110657
13110951
13111017
13111117
13111131
13111177
13111243
13111387
13111451
13111561
13111593
13111597
13111605
13111613
13111623
13111669
13111675
13111785
13111983
13111985
13112025
13112035
13112253
13112273
13112445
13112719
13112767
13112809
13112849
13113049
13113075
13113081
13113139
13113171
13113243
13113247
13113295
13113301
13113307
13113417
13113487
13113639
13113661
13113663
13113685
13113731
13113761
13113801
13113809
13113851
13114111
13114415
13114427
13114431
13114439
13114461
13114493
13114553
13114641
13114697
13114729
13114741
13114755
13114955
13114985
13115031
13115071
13115097
13115279
13115385
13115589
13115593
13115651
13115801
13115849
13115873
13116195
13116219
13116227
13116337
13116369
13116439
13116653
13116737
13116757
13116885
13116913
13116951
13117153
13117165
13117383
13117403
13117409
13117423
13117429
13117479
13117661
13117683
13117725
13117817
13117927
13117929
13118053
13118219
13118381
13118447
13118555
13118563
13118581
13118647
13118801
13118867
13118871
13118873
13119073
13119201
13119261
13119311
13119641
13119651
13119673
13119737
13119745
13119767
13119847
13119889
13119917
13119973
13119985
13120025
13120139
13120177
13120257
13120329
13120521
13120597
13120611
13120645
13120709
13120719
13120837
13120867
13120985
13121043
13121151
13121183
13121227
13121277
13121331
13121337
13121345
13121351
13121387
13121613
13121691
13121697
13121755
13121787
13121799
13121803
13121851
13121875
13121917
13121927
13121983
13122023
13122085
13122163
13122181
13122189
13122377
13122407
13122443
13122595
13122613
13122627
13122731
13122741
13122847
13122923
13122929
13123031
13123089
13123223
13123287
13123561
13123575
13123695
13123717
13123747
13123805
13123927
13123939
13123963
13124015
13124367
13124449
13124487
13124609
13124861
13124963
13125075
13125087
13125113
13125129
13125169
13125189
13125329
13125875
13125905
13125961
13125983
13126235
13126259
13126333
13126605
13126613
13126629
13126839
13126917
13127033
13127129
13127217
13127247
13127265
13127275
13127383
13127433
13127457
13127491
13127527
13127591
13127605
13127733
13127771
13127861
13127905
13127915
13128019
13128185
13128197
13128203
13128235
13128279
13128285
13128357
13128743
13128749
13128767
13128797
13128869
13129065
13129111
13129141
13129177
13129349
13129363
13129371
13129413
13129451
13129453
13129561
13129567
13129617
13129715
13129909
13129931
13130091
13130139
13130203
13130221
13130261
13130369
13130693
13130703
13130791
13130811
13130873
13130917
13131055
13131413
13131567
13131649
13131663
13131673
13131747
13131833
13131857
13131907
13131917
13131969
13132011
13132043
13132149
13132333
13132411
13132427
13132483
13132571
13132619
13132635
13132787
13132847
13132879
13132909
13132913
13132981
13133041
13133175
13133203
13133257
13133507
13133519
13133759
13133811
13133821
13133903
13133985
13133989
13134007
13134303
13134395
13134407
13134447
13134493
13134553
13134605
13134617
13134675
13134697
13134723
13134769
13134809
13134817
13134845
13134873
13134915
13134935
13134943
13134973
13135083
13135385
13135443
13135887
13135961
13136099
13136139
13136155
13136247
13136467
13136517
13136577
13136603
13136681
13136703
13136749
13136857
13136897
13136899
13136935
13136963
13136999
13137027
13137045
13137183
13137185
13137211
13137279
13137401
13137405
13137605
13137609
13137627
13137705
13137769
13138011
13138039
13138069
13138121
13138231
13138477
13138495
13138565
13138643
13138821
13138831
13138849
13138937
13139199
13139343
13139415
13139423
13139739
13139761
13139787
13139827
13139909
13139965
13140067
13140081
13140095
13140101
13140109
13140111
13140127
13140217
13140323
13140325
13140349
13140411
13140519
13140557
13140679
13140687
13140795
13140921
13141003
13141059
13141065
13141081
13141161
13141167
13141225
13141357
13141397
13141469
13141527
13141569
13141649
13141697
13141751
13141767
13141811
13141839
13141845
13141875
13141933
13142059
13142129
13142229
13142261
13142301
13142353
13142401
13142417
13142471
13142579
13142591
13142627
13142709
13142861
13142869
13142945
13142957
13143111
13143159
13143225
13143303
13143377
13143395
13143401
13143521
13143593
13143699
13143775
13143817
13143891
13143953
13144055
13144083
13144211
13144229
13144271
13144305
13144357
13144369
13144387
13144405
13144413
13144439
13144541
13144559
13144873
13144959
13145049
13145065
13145199
13145339
13145425
13145629
13145633
13145669
13145799
13145805
13145807
13145861
13145893
13145963
13146019
13146095
13146173
13146225
13146311
13146421
13146521
13146569
13146603
13146693
13146745
13146757
13146913
13146933
13146977
13146983
13147023
13147027
13147129
13147143
13147145
13147165
13147175
13147349
13147351
13147423
13147493
13147501
13147563
13147565
13147583
13147661
13147677
13147739
13147783
13147847
13147849
13147861
13147881
13148033
13148119
13148189
13148227
13148259
13148291
13148333
13148367
13148399
13148403
13148627
13148663
13148665
13148689
13148717
13148731
13148781
13148849
13149031
13149111
13149209
13149255
13149401
13149479
13149491
13149501
13149503
13149517
13149561
13149701
13149745
13149755
13149919
13150005
13150215
13150219
13150287
13150435
13150571
13150689
13150725
13150793
13150801
13150837
13150957
13150993
13151049
13151145
13151259
13151343
13151389
13151589
13151657
13151783
13151801
13151831
13151947
13151957
13152237
13152309
13152323
13152335
13152677
13152739
13152807
13152849
13152911
13152997
13153003
13153279
13153285
13153299
13153329
13153333
13153347
13153389
13153425
13153669
13153711
13153717
13153753
13153857
13154033
13154429
13154545
13154585
13154725
13154845
13154925
13155019
13155041
13155057
13155133
13155153
13155177
13155223
13155685
13155687
13155699
13155761
13155787
13155819
13155893
13155901
13156051
13156101
13156111
13156151
13156221
13156257
13156287
13156289
13156325
13156383
13156395
13156665
13156699
13156739
13156749
13156773
13156985
13157033
13157065
13157073
13157159
13157181
13157193
13157227
13157473
13157505
13157539
13157557
13157573
13157609
13157683
13157691
13157929
13158025
13158139
13158141
13158201
13158229
13158243
13158273
13158391
13158519
13158545
13158633
13158649
13158685
13158697
13158753
13158761
13158973
13159019
13159023
13159031
13159223
13159253
13159605
13159619
13159709
13159723
13159757
13159797
13159807
13159955
13159983
13160005
13160031
13160149
13160173
13160295
13160313
13160341
13160417
13160585
13160607
13160685
13160777
13160831
13160845
13160847
13160861
13160885
13160913
13160967
13161073
13161117
13161175
13161265
13161299
13161355
13161365
13161391
13161483
13161671
13161901
13161921
13161957
13161991
13162087
13162127
13162235
13162259
13162367
13162441
13162459
13162547
13162569
13162699
13162711
13162781
13162859
13162879
13162993
13162995
13163261
13163367
13163379
13163455
13163457
13163467
13163725
13163751
13163783
13163811
13163833
13163843
13164025
13164093
13164349
13164369
13164381
13164391
13164395
13164523
13164543
13164619
13164637
13164657
13164873
13164905
13164927
13164943
13165003
13165011
13165059
13165179
13165469
13165517
13165605
13165647
13165675
13165993
13166029
13166087
13166363
13166399
13166525
13166701
13166769
13166783
13166885
13166989
13166991
13167011
13167073
13167075
13167137
13167207
13167251
13167279
13167339
13167389
13167427
13167485
13167577
13167631
13167651
13167727
13167807
13167815
13167823
13167945
13167959
13167993
13168035
13168107
13168217
13168365
13168519
13168521
13168535
13168647
13168673
13168873
13168875
13168889
13168915
13168979
13169187
13169201
13169323
13169385
13169407
13169619
13169739
13169763
13169859
13169869
13169875
13169975
13169989
13170065
13170081
13170193
13170225
13170231
13170331
13170373
13170377
13170651
13170657
13170869
13170973
13170975
13170977
13170991
13171057
13171145
13171253
13171341
13171507
13171555
13171609
13171701
13171727
13171939
13171993
13172009
13172013
13172029
13172111
13172113
13172117
13172163
13172175
13172177
13172229
13172235
13172247
13172253
13172297
13172341
13172409
13172557
13172573
13172689
13172931
13172967
13173081
13173139
13173183
13173231
13173253
13173343
13173345
13173365
13173481
13173497
13173627
13173731
13173775
13173825
13173869
13173899
13174153
13174155
13174169
13174285
13174705
13174935
13175061
13175181
13175339
13175349
13175477
13175543
13175593
13175605
13175671
13175689
13175705
13175733
13175783
13175839
13175963
13175985
13176017
13176031
13176107
13176153
13176181
13176303
13176507
13176569
13176687
13176795
13176819
13177287
13177327
13177451
13177531
13177729
13177749
13177797
13177867
13177879
13177941
13177967
13178007
13178067
13178221
13178227
13178267
13178373
13178389
13178453
13178467
13178587
13178709
13178791
13178817
13178883
13178931
13179153
13179293
13179385
13179535
13179559
13179583
13179641
13179691
13179751
13179805
13179807
13179811
13179945
13180119
13180153
13180165
13180225
13180259
13180375
13180545
13180555
13180755
13180805
13180835
13180915
13180931
13180951
13181039
13181049
13181053
13181089
13181127
13181163
13181223
13181317
13181337
13181429
13181439
13181441
13181449
13181487
13181529
13181559
13181619
13181645
13182105
13182215
13182243
13182265
13182329
13182375
13182429
13182547
13182587
13182591
13182763
13182865
13182871
13182943
13182967
13182981
13183073
13183129
13183167
13183241
13183253
13183303
13183353
13183479
13183489
13183577
13183635
13183669
13183673
13183691
13183909
13183935
13183953
13184179
13184199
13184353
13184407
13184459
13184595
13184607
13184611
13184677
13184789
13184941
13185045
13185101
13185105
13185303
13185377
13185567
13185585
13185587
13185593
13185713
13185755
13185893
13185921
13185979
13186039
13186047
13186121
13186155
13186157
13186177
13186369
13186391
13186439
13186445
13186503
13186551
13186621
13186647
13186757
13186803
13186857
13186873
13186931
13187029
13187037
13187111
13187149
13187193
13187221
13187223
13187225
13187233
13187251
13187377
13187457
13187613
13187627
13187865
13187987
13188047
13188093
13188115
13188135
13188203
13188219
13188399
13188413
13188659
13188733
13188759
13188773
13188931
13189005
13189037
13189063
13189091
13189111
13189143
13189189
13189283
13189321
13189641
13189667
13189709
13189711
13189721
13189773
13189829
13189873
13190113
13190249
13190277
13190319
13190363
13190477
13190553
13190653
13190717
13190743
13190753
13190789
13190807
13190935
13190945
13191033
13191113
13191227
13191277
13191323
13191327
13191443
13191505
13191571
13191607
13191777
13191835
13191847
13191917
13191919
13191921
13191993
13192001
13192157
13192317
13192381
13192497
13192593
13192603
13192741
13192797
13192815
13192817
13192931
13192935
13192961
13192979
13192987
13192997
13193011
13193137
13193325
13193357
13193387
13193397
13193477
13193711
13193847
13193853
13193911
13193943
13193997
13194059
13194113
13194205
13194299
13194327
13194463
13194625
13194725
13194901
13195067
13195097
13195105
13195161
13195179
13195201
13195205
13195251
13195417
13195427
13195475
13195507
13195521
13195821
13195901
13195909
13196045
13196051
13196085
13196105
13196221
13196269
13196273
13196307
13196577
13196613
13196643
13196679
13196763
13196875
13197003
13197253
13197357
13197415
13197427
13197473
13197587
13197635
13197675
13197699
13197815
13197909
13197917
13197989
13198073
13198155
13198279
13198393
13198523
13198539
13198547
13198761
13198851
13198889
13198909
13199009
13199043
13199075
13199137
13199205
13199253
13199363
13199411
13199651
13199675
13199681
13199789
13199987
13199993
13200037
13200135
13200147
13200263
13200293
13200341
13200435
13200457
13200509
13200617
13200631
13200673
13200757
13200809
13200913
13200933
13200945
13200963
13201003
13201017
13201025
13201057
13201139
13201145
13201221
13201301
13201303
13201319
13201373
13201425
13201539
13201685
13201701
13201731
13201735
13201743
13201907
13201931
13201933
13201959
13202067
13202183
13202357
13202373
13202393
13202439
13202455
13202477
13202501
13202529
13202533
13202583
13202647
13202683
13202761
13202789
13202853
13203089
13203159
13203275
13203277
13203355
13203373
13203397
13203423
13203521
13203527
13203599
13203601
13203737
13203743
13203797
13203843
13203847
13203927
13203933
13204013
13204051
13204115
13204125
13204399
13204421
13204451
13204453
13204511
13204579
13204653
13204701
13204717
13204827
13204851
13204905
13204975
13204997
13205055
13205069
13205117
13205215
13205285
13205373
13205393
13205403
13205659
13205743
13205823
13205925
13206193
13206245
13206263
13206297
13206317
13206347
13206383
13206477
13206589
13206635
13206663
13206685
13206739
13206775
13207051
13207105
13207117
13207229
13207235
13207265
13207319
13207347
13207379
13207425
13207483
13207633
13207667
13207735
13207819
13208029
13208045
13208065
13208075
13208151
13208313
13208517
13208563
13208573
13208577
13208619
13208659
13208681
13208785
13209175
13209341
13209355
13209377
13209569
13209593
13209657
13209725
13209787
13209857
13209895
13209931
13210017
13210073
13210085
13210137
13210391
13210413
13210697
13210715
13210735
13210761
13210853
13210915
13210989
13211105
13211113
13211189
13211245
13211307
13211431
13211535
13211615
13211685
13211753
13211755
13211783
13211897
13211925
13211935
13211997
13212023
13212029
13212043
13212085
13212135
13212287
13212289
13212369
13212457
13212539
13212817
13212837
13212843
13212877
13212881
13212917
13213059
13213103
13213211
13213219
13213303
13213379
13213433
13213469
13213495
13213531
13213627
13213699
13213881
13213883
13213935
13214187
13214275
13214287
13214313
13214317
13214345
13214405
13214477
13214543
13214639
13214715
13214897
13214991
13215127
13215207
13215295
13215749
13215849
13215879
13215947
13216059
13216149
13216203
13216391
13216413
13216529
13216581
13216607
13216745
13216817
13216827
13216921
13216969
13216973
13216999
13217027
13217083
13217091
13217149
13217225
13217377
13217383
13217421
13217437
13217567
13217769
13217777
13217845
13217849
13217905
13217971
13218087
13218141
13218243
13218323
13218355
13218463
13218487
13218589
13218619
13218769
13218939
13219009
13219027
13219053
13219131
13219165
13219195
13219271
13219329
13219623
13219669
13219765
13219799
13219965
13220103
13220115
13220117
13220275
13220395
13220399
13220411
13220479
13220495
13220533
13220535
13220711
13220773
13220901
13221053
13221191
13221233
13221237
13221347
13221351
13221707
13221723
13221753
13221877
13221899
13221987
13222041
13222109
13222169
13222225
13222235
13222265
13222299
13222347
13222449
13222541
13222543
13222557
13222569
13222649
13222675
13222731
13222797
13222849
13222929
13222949
13223127
13223139
13223159
13223355
13223527
13223549
13223741
13223845
13223963
13224039
13224215
13224289
13224401
13224477
13224493
13224627
13224757
13224765
13224865
13225165
13225195
13225325
13225335
13225429
13225461
13225529
13225549
13225627
13225633
13225695
13225707
13225805
13225907
13225989
13226049
13226061
13226063
13226141
13226219
13226239
13226241
13226399
13226417
13226431
13226499
13226521
13226715
13226761
13226867
13226991
13227167
13227267
13227307
13227461
13227469
13227733
13227787
13227799
13227853
13227877
13227915
13227923
13227931
13227937
13227983
13227995
13228119
13228189
13228435
13228525
13228577
13228739
13228821
13228867
13228899
13228901
13229075
13229089
13229149
13229225
13229367
13229745
13229845
13229865
13229917
13229921
13229931
13229939
13230179
13230181
13230289
13230291
13230355
13230363
13230409
13230417
13230427
13230465
13230473
13230659
13230665
13230697
13230813
13230963
13231067
13231075
13231103
13231179
13231249
13231277
13231309
13231511
13231733
13231827
13231861
13231937
13231995
13232035
13232101
13232117
13232123
13232137
13232305
13232549
13232567
13232619
13232767
13232827
13232863
13232937
13232961
13232991
13233075
13233121
13233227
13233325
13233347
13233379
13233383
13233409
13233587
13233615
13233657
13233751
13233855
13233879
13233891
13233989
13234009
13234059
13234081
13234127
13234243
13234267
13234279
13234321
13234459
13234471
13234519
13234681
13234697
13234755
13234779
13234783
13234815
13234835
13234873
13234879
13234905
13234915
13235037
13235043
13235089
13235129
13235165
13235197
13235249
13235257
13235305
13235447
13235677
13235679
13235747
13235763
13235995
13236307
13236383
13236483
13236525
13236559
13236937
13236943
13236985
13237035
13237105
13237195
13237229
13237365
13237431
13237471
13237515
13237589
13237621
13237631
13237773
13237813
13237855
13237885
13237887
13237945
13238113
13238175
13238185
13238257
13238329
13238335
13238657
13238659
13239029
13239033
13239199
13239237
13239261
13239441
13239471
13239529
13239671
13239713
13239795
13239833
13239897
13239927
13240041
13240073
13240275
13240279
13240281
13240297
13240447
13240483
13240507
13240647
13240681
13240715
13240717
13240881
13240997
13241007
13241035
13241195
13241421
13241433
13241473
13241519
13241553
13241725
13241773
13241779
13241889
13241981
13242089
13242349
13242387
13242453
13242457
13242497
13242527
13242537
13242611
13242629
13242799
13242829
13243263
13243309
13243447
13243451
13243489
13243503
13243517
13243523
13243597
13243635
13243677
13243725
13243755
13243903
13243939
13243953
13244035
13244127
13244129
13244147
13244441
13244513
13244545
13244603
13244727
13244775
13244825
13244833
13244883
13244983
13244985
13245147
13245243
13245317
13245391
13245441
13245681
13245701
13245727
13245841
13245981
13245989
13246165
13246399
13246455
13246465
13246509
13246655
13246659
13246707
13246807
13246831
13247039
13247181
13247205
13247269
13247427
13247573
13247629
13247725
13247739
13247775
13247799
13247869
13247931
13247977
13248041
13248175
13248353
13248647
13248937
13248951
13249035
13249069
13249095
13249315
13249377
13249485
13249553
13249581
13249773
13249783
13249835
13249919
13249971
13249981
13250125
13250135
13250329
13250371
13250451
13250499
13250509
13250557
13250575
13250653
13250683
13250699
13250707
13250755
13250769
13250967
13250989
13251009
13251055
13251361
13251387
13251461
13251527
13251765
13251845
13251909
13251975
13252099
13252141
13252147
13252253
13252269
13252313
13252433
13252513
13252517
13252521
13252531
13252891
13252999
13253009
13253135
13253171
13253201
13253331
13253397
13253457
13253613
13253633
13253649
13253705
13253773
13253785
13253925
13254067
13254103
13254493
13254529
13254551
13254615
13254625
13254683
13254813
13254857
13254915
13254977
13254985
13255063
13255121
13255125
13255159
13255325
13255367
13255401
13255443
13255467
13255573
13255793
13256029
13256053
13256069
13256179
13256243
13256295
13256307
13256319
13256383
13256393
13256455
13256509
13256709
13256805
13256813
13256893
13256959
13256961
13257303
13257305
13257401
13257419
13257483
13257499
13257511
13257549
13257565
13257659
13257729
13257761
13257789
13257827
13257841
13257853
13257881
13257901
13257949
13258013
13258045
13258047
13258059
13258187
13258385
13258437
13258519
13258551
13258577
13258637
13258697
13258725
13258821
13258909
13258971
13259109
13259215
13259217
13259243
13259311
13259399
13259497
13259601
13259613
13259659
13259695
13259731
13259809
13259997
13260021
13260055
13260077
13260209
13260251
13260261
13260483
13260519
13260525
13260723
13261047
13261071
13261075
13261197
13261315
13261379
13261419
13261473
13261533
13261543
13261581
13261631
13261661
13261669
13261827
13261849
13261857
13261897
13261959
13261961
13262057
13262075
13262129
13262229
13262335
13262387
13262687
13262729
13262777
13262835
13262869
13262871
13262897
13262917
13262933
13263005
13263039
13263107
13263223
13263231
13263367
13263407
13263701
13263773
13263777
13263783
13263817
13263839
13263881
13263893
13263915
13263941
13264001
13264059
13264133
13264315
13264371
13264377
13264423
13264499
13264519
13264545
13264617
13264649
13264717
13264763
13264767
13264807
13264977
13264985
13265009
13265039
13265177
13265275
13265323
13265331
13265411
13265415
13265527
13265547
13265583
13265591
13265607
13265661
13265757
13265785
13265849
13265865
13265955
13265975
13266105
13266119
13266137
13266139
13266145
13266271
13266295
13266383
13266397
13266485
13266489
13266577
13266595
13266823
13266883
13266979
13266993
13267045
13267103
13267185
13267239
13267309
13267315
13267405
13267477
13267561
13267607
13267633
13267637
13267691
13267779
13267805
13267815
13267821
13267913
13267941
13267953
13268035
13268039
13268119
13268137
13268203
13268239
13268303
13268401
13268471
13268583
13268897
13268917
13268969
13269043
13269065
13269089
13269105
13269165
13269171
13269175
13269217
13269313
13269317
13269397
13269417
13269421
13269509
13269565
13269603
13269609
13269641
13269685
13269767
13269835
13269855
13269961
13269999
13270209
13270265
13270311
13270345
13270401
13270419
13270425
13270531
13270561
13270585
13270803
13270839
13270919
13271037
13271063
13271081
13271129
13271191
13271241
13271275
13271305
13271315
13271369
13271451
13271461
13271567
13271711
13271757
13271917
13272095
13272147
13272245
13272333
13272531
13272535
13272585
13272593
13272621
13272729
13272951
13273119
13273171
13273285
13273479
13273481
13273577
13273641
13273675
13273727
13273773
13273781
13273883
13273943
13273963
13274039
13274197
13274215
13274369
13274421
13274447
13274553
13274613
13274647
13274693
13274799
13274975
13275297
13275495
13275501
13275549
13275689
13275759
13275795
13276039
13276049
13276161
13276183
13276355
13276381
13276473
13276497
13276611
13276617
13276669
13276681
13276745
13276785
13276791
13276821
13276859
13276941
13277061
13277069
13277141
13277431
13277453
13277531
13277667
13277739
13277789
13278163
13278241
13278259
13278345
13278369
13278417
13278679
13278689
13278735
13278789
13278847
13278897
13279191
13279247
13279337
13279493
13279519
13279559
13279595
13279729
13279799
13279843
13279881
13280137
13280141
13280149
13280163
13280279
13280425
13280513
13280539
13280599
13280623
13280643
13280691
13280731
13280761
13280975
13281069
13281251
13281301
13281335
13281393
13281459
13281651
13281783
13281785
13281895
13282183
13282281
13282421
13282483
13282493
13282559
13282615
13282627
13282683
13282693
13282783
13282807
13282947
13282949
13282991
13283023
13283085
13283173
13283215
13283341
13283541
13283557
13283579
13283595
13283617
13283651
13283669
13283783
13283791
13283795
13283939
13283943
13284127
13284247
13284263
13284339
13284353
13284381
13284513
13284543
13284653
13284659
13284807
13284999
13285123
13285199
13285249
13285255
13285265
13285271
13285429
13285437
13285477
13285605
13285643
13285705
13285707
13285731
13285743
13285767
13285775
13285873
13285907
13285957
13286043
13286075
13286247
13286267
13286275
13286525
13286651
13286753
13286787
13286923
13287017
13287133
13287139
13287165
13287207
13287233
13287239
13287241
13287249
13287349
13287401
13287435
13287555
13287679
13287749
13287809
13287839
13288041
13288061
13288089
13288115
13288137
13288317
13288377
13288385
13288395
13288483
13288501
13288513
13288625
13288885
13288965
13288969
13289011
13289053
13289109
13289223
13289291
13289307
13289317
13289327
13289383
13289459
13289539
13289567
13289581
13289631
13289635
13289687
13289739
13289767
13289855
13289873
13289889
13289895
13289899
13289953
13290151
13290171
13290185
13290193
13290263
13290347
13290739
13290899
13290957
13291271
13291305
13291381
13291447
13291521
13291637
13291679
13291717
13291743
13291815
13291853
13291927
13292073
13292105
13292115
13292185
13292203
13292265
13292303
13292337
13292355
13292461
13292535
13292589
13292677
13292681
13292789
13292837
13292869
13292969
13293031
13293107
13293397
13293537
13293545
13293691
13293757
13293765
13293861
13293941
13293983
13294103
13294131
13294141
13294163
13294223
13294225
13294265
13294401
13294409
13294597
13294657
13294709
13294869
13294965
13295093
13295117
13295265
13295327
13295331
13295395
13295531
13295587
13295711
13295719
13295741
13295789
13295869
13295875
13295897
13295901
13295953
13295979
13295995
13296129
13296201
13296287
13296299
13296447
13296481
13296563
13296601
13296639
13296671
13296739
13296775
13296817
13296857
13296939
13297047
13297089
13297181
13297289
13297319
13297375
13297489
13297779
13297783
13297955
13297971
13298009
13298039
13298045
13298143
13298147
13298167
13298365
13298485
13298627
13298725
13298883
13298985
13298991
13299131
13299189
13299277
13299315
13299361
13299363
13299371
13299375
13299401
13299435
13299449
13299573
13299803
13300015
13300055
13300073
13300213
13300229
13300433
13300483
13300539
13300623
13300825
13300931
13301027
13301117
13301199
13301255
13301293
13301597
13301703
13301705
13301715
13301765
13301827
13301971
13302023
13302139
13302169
13302187
13302227
13302239
13302329
13302345
13302375
13302407
13302417
13302591
13302603
13302847
13302859
13302867
13303141
13303157
13303183
13303219
13303463
13303509
13303581
13303591
13303615
13303749
13303785
13303885
13303967
13304021
13304037
13304299
13304481
13304525
13304567
13304619
13304705
13304945
13305183
13305205
13305211
13305255
13305399
13305433
13305551
13305561
13305663
13305813
13305861
13305919
13306035
13306069
13306111
13306177
13306275
13306435
13306483
13306489
13306571
13306639
13306653
13306683
13306767
13306775
13306811
13306841
13306905
13307009
13307311
13307389
13307413
13307425
13307483
13307539
13307541
13307565
13307609
13307629
13307841
13307843
13307983
13308025
13308043
13308047
13308097
13308247
13308359
13308535
13308551
13308587
13308615
13308647
13308735
13308835
13308899
13308921
13308975
13309167
13309261
13309269
13309271
13309281
13309611
13309621
13309651
13309673
13309765
13309797
13309959
13309961
13309993
13310071
13310099
13310113
13310143
13310183
13310187
13310207
13310291
13310333
13310453
13310509
13310539
13310563
13310631
13310935
13311093
13311117
13311133
13311223
13311363
13311429
13311467
13311655
13311661
13311893
13311919
13311985
13312095
13312175
13312487
13312691
13312729
13312757
13312791
13312883
13312893
13312927
13312965
13313043
13313063
13313149
13313201
13313203
13313221
13313229
13313455
13313591
13313627
13313699
13313831
13313839
13313923
13313925
13313937
13314017
13314173
13314191
13314349
13314383
13314421
13314443
13314631
13314709
13314873
13314905
13314963
13315081
13315111
13315213
13315265
13315411
13315579
13315609
13315755
13315767
13315861
13315969
13315977
13316045
13316135
13316267
13316279
13316329
13316355
13316357
13316459
13316521
13316705
13316745
13316837
13316841
13316861
13316971
13317065
13317095
13317131
13317147
13317357
13317471
13317495
13317545
13317567
13317669
13317681
13317695
13317759
13317815
13317817
13317863
13317943
13318103
13318113
13318211
13318215
13318307
13318319
13318321
13318355
13318395
13318407
13318499
13318679
13318691
13318707
13318741
13318881
13318893
13318901
13318949
13318961
13318971
13319023
13319067
13319129
13319169
13319185
13319321
13319469
13319591
13319843
13319953
13319961
13319975
13319983
13320061
13320227
13320247
13320251
13320335
13320389
13320395
13320501
13320591
13320701
13320733
13320751
13320787
13320857
13320877
13320969
13320971
13321023
13321107
13321129
13321233
13321311
13321373
13321385
13321387
13321497
13321681
13321747
13321795
13321871
13321901
13321919
13321975
13321981
13322021
13322261
13322265
13322549
13322553
13322603
13322731
13322741
13322777
13322791
13323021
13323143
13323179
13323239
13323323
13323367
13323447
13323457
13323537
13323575
13323607
13323661
13323749
13323761
13323823
13323849
13324009
13324077
13324107
13324151
13324153
13324215
13324217
13324283
13324337
13324351
13324595
13324663
13324669
13324693
13324717
13324733
13324755
13324931
13325049
13325053
13325071
13325143
13325225
13325269
13325309
13325331
13325339
13325455
13325519
13325635
13325681
13325765
13325825
13325831
13325835
13325939
13325969
13326037
13326151
13326189
13326297
13326313
13326381
13326383
13326451
13326501
13326517
13326561
13326695
13326841
13326937
13326989
13326999
13327045
13327133
13327159
13327325
13327373
13327429
13327659
13327663
13327681
13327757
13327953
13327973
13328029
13328033
13328047
13328287
13328481
13328483
13328589
13328615
13328669
13328737
13328875
13328903
13329043
13329115
13329159
13329223
13329229
13329293
13329341
13329367
13329383
13329427
13329603
13329771
13329831
13329899
13329903
13329925
13330013
13330047
13330287
13330479
13330495
13330541
13330623
13330693
13330715
13330863
13331085
13331211
13331219
13331295
13331323
13331329
13331333
13331371
13331477
13331515
13331529
13331585
13331775
13331801
13331873
13331973
13332027
13332215
13332257
13332273
13332361
13332483
13332577
13332603
13332763
13332795
13332819
13332891
13332909
13332951
13333015
13333049
13333071
13333075
13333129
13333221
13333249
13333291
13333319
13333399
13333423
13333433
13333693
13333773
13333793
13333803
13333839
13333909
13333925
13333935
13333937
13333987
13334003
13334015
13334023
13334045
13334179
13334195
13334259
13334295
13334383
13334559
13334809
13334863
13334881
13334947
13335003
13335025
13335049
13335125
13335129
13335143
13335181
13335269
13335277
13335395
13335441
13335451
13335463
13335467
13335477
13335555
13335695
13335757
13335869
13335883
13335933
13336027
13336053
13336101
13336103
13336111
13336311
13336343
13336447
13336539
13336553
13336559
13336579
13336789
13336795
13336897
13336961
13336991
13337111
13337145
13337153
13337253
13337281
13337543
13337699
13337703
13337827
13337877
13338035
13338065
13338081
13338113
13338129
13338245
13338259
13338333
13338395
13338417
13338563
13338567
13338673
13338759
13338763
13338773
13338787
13338811
13338819
13338885
13338895
13338995
13339055
13339067
13339197
13339299
13339409
13339417
13339489
13339505
13339561
13339563
13339577
13339587
13339611
13339613
13339629
13339693
13339695
13339725
13339727
13339851
13339871
13339875
13339909
13339999
13340005
13340033
13340047
13340075
13340115
13340121
13340239
13340423
13340481
13340591
13340687
13340785
13340793
13340831
13341005
13341063
13341091
13341107
13341171
13341371
13341377
13341547
13341697
13341703
13341783
13341903
13341987
13342171
13342183
13342217
13342239
13342323
13342461
13342505
13342559
13342667
13342813
13342871
13342899
13342939
13343007
13343065
13343077
13343205
13343367
13343377
13343395
13343461
13343527
13343695
13343715
13343875
13344193
13344303
13344349
13344371
13344385
13344387
13344487
13344491
13344493
13344495
13344517
13344519
13344521
13344597
13344771
13344847
13344863
13344909
13344973
13345023
13345025
13345049
13345349
13345367
13345805
13345825
13345859
13345879
13345931
13346035
13346051
13346093
13346351
13346363
13346485
13346617
13346729
13346769
13346799
13346809
13346887
13346925
13346985
13347045
13347071
13347089
13347225
13347469
13347557
13347709
13347781
13347807
13348113
13348139
13348253
13348341
13348355
13348359
13348593
13348637
13348677
13348713
13348715
13348723
13348863
13349027
13349037
13349131
13349137
13349143
13349237
13349251
13349323
13349337
13349415
13349435
13349525
13349683
13349733
13349843
13349901
13349953
13350157
13350167
13350195
13350281
13350283
13350289
13350295
13350315
13350377
13350493
13350523
13350583
13350645
13350669
13350679
13350849
13350879
13350893
13350943
13351031
13351269
13351333
13351361
13351409
13351433
13351451
13351463
13351845
13351871
13351921
13351937
13352025
13352039
13352297
13352435
13352453
13352479
13352485
13352487
13352531
13352545
13352653
13352693
13352761
13352863
13352987
13353005
13353157
13353185
13353263
13353321
13353401
13353437
13353633
13353645
13353649
13353875
13353883
13353977
13354051
13354103
13354137
13354287
13354425
13354657
13354701
13354717
13354809
13354853
13354889
13354927
13354947
13355021
13355095
13355133
13355143
13355241
13355359
13355463
13355521
13355529
13355617
13355641
13355725
13355937
13356031
13356043
13356097
13356317
13356321
13356401
13356473
13356519
13356619
13356641
13356675
13356737
13356835
13356859
13356867
13356887
13356983
13357019
13357053
13357071
13357089
13357131
13357473
13357509
13357511
13357575
13357595
13357691
13357763
13357829
13357837
13357841
13357897
13357927
13358003
13358049
13358087
13358269
13358373
13358377
13358499
13358547
13358609
13358615
13358623
13358705
13358847
13359003
13359013
13359073
13359081
13359099
13359155
13359163
13359169
13359181
13359189
13359215
13359251
13359455
13359531
13359757
13359769
13359793
13359995
13360113
13360155
13360471
13360617
13360661
13360815
13360917
13360969
13360973
13361001
13361119
13361177
13361325
13361395
13361451
13361455
13361523
13361539
13361725
13361905
13361949
13361965
13362027
13362059
13362137
13362147
13362155
13362177
13362279
13362295
13362333
13362349
13362371
13362575
13362725
13362873
13362891
13362941
13362945
13362967
13362999
13363025
13363099
13363273
13363439
13363791
13363797
13363831
13363861
13363955
13364005
13364031
13364037
13364045
13364057
13364157
13364281
13364519
13364603
13364621
13364693
13364783
13364817
13364855
13364945
13364975
13364977
13365001
13365031
13365145
13365193
13365237
13365291
13365299
13365473
13365605
13365623
13365817
13365921
13366047
13366083
13366119
13366125
13366147
13366163
13366415
13366541
13366551
13366627
13366711
13366807
13366809
13366827
13366833
13366853
13366877
13367023
13367219
13367369
13367455
13367495
13367537
13367547
13367555
13367591
13367623
13367661
13367723
13367811
13367855
13367875
13367921
13368023
13368109
13368285
13368297
13368333
13368385
13368417
13368475
13368557
13368669
13368717
13368723
13368727
13368737
13368769
13368817
13368855
13368869
13368879
13368939
13369091
13369143
13369149
13369171
13369197
13369201
13369495
13369677
13369739
13369757
13369819
13369977
13370007
13370053
13370065
13370203
13370253
13370479
13370511
13370795
13370827
13370851
13370951
13370987
13371137
13371229
13371263
13371391
13371397
13371445
13371591
13371845
13371877
13371985
13372015
13372017
13372033
13372309
13372411
13372513
13372571
13372645
13372825
13372841
13373005
13373017
13373083
13373185
13373197
13373353
13373381
13373447
13373493
13373513
13373527
13373659
13373735
13373795
13373851
13374093
13374167
13374171
13374173
13374187
13374203
13374205
13374237
13374281
13374303
13374463
13374467
13374473
13374557
13374709
13374783
13374805
13374847
13374999
13375031
13375121
13375345
13375501
13375519
13375661
13375671
13375803
13375819
13375863
13375877
13375885
13375927
13376079
13376297
13376429
13376433
13376483
13376493
13376681
13376715
13376783
13376811
13376839
13376871
13376985
13377003
13377049
13377091
13377097
13377155
13377329
13377437
13377493
13377659
13377885
13377905
13377931
13378021
13378041
13378161
13378181
13378215
13378329
13378347
13378491
13378519
13378655
13378667
13378763
13378787
13378799
13378935
13379069
13379177
13379195
13379409
13379457
13379559
13379641
13379671
13379785
13379787
13379801
13379997
13380043
13380267
13380293
13380365
13380369
13380385
13380411
13380537
13380581
13380611
13380655
13380669
13380749
13380791
13380827
13380921
13380969
13381121
13381273
13381313
13381503
13381505
13381527
13381627
13381813
13381827
13381851
13381895
13381929
13382077
13382149
13382339
13382405
13382429
13382543
13382587
13382681
13382875
13383041
13383113
13383163
13383169
13383243
13383439
13383507
13383713
13383785
13383825
13383835
13383851
13383945
13383971
13383999
13384027
13384103
13384153
13384157
13384259
13384313
13384325
13384391
13384457
13384609
13384679
13384753
13384973
13384997
13385029
13385043
13385101
13385167
13385247
13385353
13385403
13385503
13385525
13385547
13385565
13385583
13385595
13385609
13385635
13385757
13385783
13385865
13386011
13386065
13386075
13386173
13386267
13386275
13386341
13386381
13386391
13386509
13386553
13386561
13386607
13386611
13386641
13386675
13386775
13386819
13386835
13386841
13386851
13386879
13386947
13386973
13387121
13387263
13387381
13387451
13387457
13387505
13387513
13387553
13387581
13387593
13387617
13387647
13387673
13387675
13387745
13387775
13387793
13387893
13387947
13388287
13388303
13388511
13388539
13388677
13388795
13388803
13388827
13388867
13388903
13388907
13388953
13389063
13389099
13389103
13389175
13389211
13389237
13389269
13389301
13389313
13389371
13389377
13389465
13389505
13389573
13389655
13389703
13389771
13389795
13389963
13390047
13390059
13390085
13390195
13390545
13390553
13390633
13390691
13390697
13390939
13390979
13391027
13391035
13391039
13391055
13391073
13391077
13391209
13391215
13391235
13391357
13391367
13391421
13391449
13391453
13391609
13391787
13391857
13391925
13392281
13392375
13392397
13392415
13392525
13392743
13392781
13392819
13392823
13392893
13392925
13392963
13393001
13393325
13393341
13393387
13393445
13393469
13393507
13393583
13393671
13393713
13393743
13393833
13393845
13393853
13393861
13393987
13394011
13394047
13394117
13394241
13394345
13394377
13394499
13394677
13394683
13394933
13394939
13394947
13395047
13395317
13395325
13395403
13395407
13395415
13395629
13395689
13395743
13395757
13395837
13395927
13395955
13396039
13396045
13396127
13396203
13396297
13396557
13396591
13396657
13396683
13396735
13396789
13396841
13396937
13396945
13396947
13397091
13397521
13397635
13397785
13397837
13397929
13397953
13398039
13398055
13398253
13398255
13398269
13398283
13398395
13398489
13398529
13398545
13398553
13398611
13398657
13398721
13398761
13398781
13398787
13398861
13398903
13398987
13399031
13399131
13399183
13399209
13399295
13399313
13399349
13399363
13399407
13399447
13399479
13399575
13399685
13399799
13399867
13399935
13400097
13400161
13400211
13400263
13400385
13400421
13400581
13400609
13400701
13400707
13400735
13400741
13400761
13400881
13400889
13400943
13400973
13401135
13401229
13401247
13401253
13401267
13401311
13401495
13401497
13401509
13401561
13401717
13401901
13401983
13402109
13402257
13402299
13402443
13402503
13402505
13402577
13402627
13402705
13402723
13402865
13402981
13403259
13403425
13403435
13403579
13403613
13403931
13404041
13404053
13404147
13404149
13404195
13404263
13404273
13404317
13404439
13404587
13404653
13404747
13404779
13404847
13404879
13405061
13405097
13405125
13405147
13405211
13405253
13405315
13405365
13405435
13405473
13405507
13405561
13405577
13405597
13405625
13405813
13405817
13405897
13405933
13406043
13406065
13406147
13406199
13406211
13406295
13406313
13406359
13406491
13406553
13406735
13406781
13406791
13406837
13406865
13406899
13407199
13407233
13407251
13407265
13407341
13407369
13407453
13407459
13407679
13407741
13407775
13407841
13407947
13407997
13408001
13408085
13408277
13408295
13408351
13408369
13408531
13408583
13408779
13408863
13409059
13409087
13409293
13409311
13409345
13409373
13409427
13409449
13409633
13409647
13409651
13409653
13409671
13409839
13409845
13409949
13410081
13410131
13410215
13410241
13410363
13410691
13410743
13410855
13410931
13410947
13410995
13411137
13411187
13411259
13411263
13411349
13411383
13411411
13411507
13411599
13411601
13411643
13411703
13411715
13411769
13411961
13412009
13412013
13412083
13412231
13412377
13412477
13412569
13412575
13412585
13412657
13412713
13412747
13412773
13412819
13412831
13412869
13413095
13413127
13413225
13413259
13413357
13413365
13413377
13413453
13413473
13413505
13413507
13413595
13413789
13413835
13413847
13414119
13414147
13414187
13414331
13414335
13414403
13414437
13414485
13414521
13414679
13414707
13414777
13414801
13414981
13414989
13414993
13415043
13415085
13415191
13415295
13415317
13415341
13415481
13415629
13415633
13415741
13415829
13415947
13415955
13415971
13415979
13416047
13416049
13416071
13416279
13416281
13416293
13416297
13416399
13416405
13416447
13416457
13416603
13416799
13416807
13416935
13416993
13417329
13417461
13417501
13417513
13417581
13417587
13417629
13417729
13417881
13417909
13418139
13418151
13418369
13418409
13418447
13418485
13418509
13418511
13418543
13418609
13418675
13418987
13419029
13419395
13419415
13419501
13419577
13419663
13419741
13419939
13419965
13420109
13420121
13420165
13420201
13420329
13420349
13420443
13420453
13420475
13420479
13420503
13420629
13420653
13420691
13420723
13420905
13421103
13421303
13421383
13421453
13422145
13422217
13422277
13422463
13422683
13422715
13422737
13422817
13422843
13422907
13423155
13423223
13423251
13423377
13423399
13423433
13423507
13423517
13423565
13423689
13423829
13423837
13423857
13423905
13423971
13424061
13424169
13424197
13424291
13424439
13424595
13424653
13424689
13424817
13424857
13424947
13424985
13425175
13425213
13425261
13425339
13425357
13425481
13425593
13425679
13425729
13425853
13425861
13425889
13425917
13425993
13426051
13426161
13426187
13426245
13426259
13426309
13426327
13426453
13426475
13426487
13426539
13426577
13426617
13426629
13426653
13426699
13426729
13426939
13426977
13427015
13427039
13427233
13427293
13427363
13427379
13427413
13427543
13427557
13427609
13427621
13427697
13427743
13427831
13427939
13428069
13428081
13428103
13428133
13428259
13428269
13428445
13428495
13428519
13428535
13428659
13428667
13428861
13428965
13428983
13429059
13429115
13429171
13429181
13429315
13429409
13429433
13429513
13429529
13429613
13429661
13429673
13429699
13429841
13429903
13429997
13430027
13430081
13430097
13430235
13430241
13430255
13430275
13430335
13430355
13430469
13430523
13430793
13430825
13430925
13431109
13431293
13431365
13431631
13431737
13431807
13431903
13432195
13432269
13432291
13432573
13432683
13432827
13432923
13432959
13433047
13433171
13433183
13433247
13433369
13433377
13433379
13433429
13433571
13433601
13433665
13433809
13433839
13433971
13433983
13434083
13434129
13434203
13434257
13434315
13434471
13434485
13434487
13434491
13434543
13434547
13434583
13434667
13434673
13434775
13434791
13434889
13435123
13435355
13435413
13435453
13435457
13435497
13435519
13435599
13435603
13435611
13435661
13435685
13435757
13435851
13435875
13436063
13436127
13436131
13436181
13436317
13436409
13436471
13436543
13436627
13436643
13436731
13436745
13437315
13437345
13437405
13437457
13437577
13437613
13437755
13438041
13438129
13438159
13438175
13438179
13438195
13438215
13438217
13438247
13438285
13438565
13438799
13438869
13438927
13438941
13439107
13439123
13439239
13439257
13439343
13439371
13439375
13439391
13439393
13439425
13439491
13439505
13439605
13439645
13439729
13439829
13439859
13439921
13439969
13440099
13440119
13440183
13440241
13440333
13440443
13440505
13440517
13440585
13440617
13440725
13440787
13440811
13440869
13440995
13441009
13441021
13441039
13441111
13441127
13441129
13441143
13441199
13441261
13441393
13441401
13441445
13441579
13441641
13441687
13441737
13441763
13441859
13442059
13442177
13442211
13442405
13442411
13442467
13442689
13442751
13442867
13442955
13442977
13443079
13443213
13443253
13443371
13443419
13443503
13443575
13443583
13443621
13443801
13443839
13443901
13443911
13443979
13444021
13444077
13444101
13444241
13444435
13444493
13444505
13444599
13444617
13444641
13444765
13444773
13444897
13445013
13445079
13445139
13445147
13445241
13445259
13445361
13445461
13445527
13445541
13445581
13445611
13445615
13445649
13445653
13445967
13446019
13446179
13446299
13446303
13446407
13446445
13446481
13446521
13446551
13446631
13446663
13446713
13446727
13446749
13446805
13446857
13446919
13446941
13447085
13447195
13447201
13447357
13447407
13447413
13447481
13447493
13447557
13447601
13447611
13447657
13447695
13447735
13447847
13447883
13447973
13447995
13448063
13448081
13448167
13448233
13448297
13448339
13448517
13448639
13448759
13448855
13448899
13448975
13449011
13449023
13449043
13449173
13449183
13449261
13449323
13449491
13449591
13449601
13449617
13449753
13449801
13449873
13450003
13450043
13450127
13450235
13450247
13450255
13450311
13450451
13450497
13450589
13450721
13450755
13450799
13450839
13451193
13451231
13451293
13451297
13451335
13451357
13451421
13451793
13451841
13451939
13451977
13452021
13452075
13452151
13452255
13452259
13452565
13452793
13452887
13452957
13453001
13453091
13453101
13453129
13453135
13453165
13453347
13453571
13453683
13453741
13453749
13453865
13453911
13453981
13453989
13454041
13454111
13454187
13454229
13454285
13454317
13454329
13454341
13454541
13454665
13454683
13454813
13455059
13455077
13455079
13455199
13455215
13455329
13455359
13455365
13455387
13455447
13455565
13455645
13455655
13455679
13455703
13455761
13455831
13455857
13455955
13456039
13456147
13456211
13456253
13456381
13456407
13456425
13456429
13456433
13456475
13456513
13456529
13456595
13456647
13456659
13456779
13456843
13456925
13456987
13457033
13457115
13457397
13457495
13457505
13457559
13457681
13457687
13457693
13457709
13457879
13457921
13457973
13458247
13458249
13458373
13458497
13458577
13458717
13458723
13459019
13459049
13459223
13459353
13459357
13459429
13459645
13459661
13459691
13459711
13459985
13460015
13460091
13460193
13460211
13460241
13460367
13460431
13460455
13460587
13460701
13460831
13460877
13461017
13461051
13461091
13461271
13461279
13461285
13461319
13461337
13461371
13461505
13461531
13461551
13461595
13461659
13461671
13461741
13461743
13461891
13461903
13461959
13462007
13462095
13462105
13462127
13462183
13462225
13462233
13462281
13462403
13462445
13462497
13462549
13462555
13462683
13462711
13462735
13462737
13462807
13462873
13463051
13463245
13463285
13463377
13463403
13463437
13463513
13463535
13463547
13463571
13463629
13463781
13463789
13463891
13464097
13464107
13464181
13464261
13464303
13464371
13464471
13464563
13464635
13464651
13464685
13464805
13464893
13464947
13464973
13464983
13464993
13465109
13465117
13465131
13465185
13465319
13465433
13465581
13465641
13465765
13465791
13465841
13465867
13465959
13465985
13466017
13466183
13466337
13466357
13466485
13466541
13466669
13466673
13466739
13466857
13466887
13466897
13466899
13466945
13467065
13467229
13467273
13467381
13467397
13467449
13467459
13467673
13467767
13467861
13468039
13468177
13468209
13468263
13468459
13468571
13468573
13468585
13468661
13468669
13468929
13468959
13469039
13469187
13469213
13469237
13469407
13469441
13469467
13469485
13469501
13469505
13469515
13469519
13469525
13469603
13469607
13469963
13470013
13470135
13470169
13470179
13470183
13470205
13470217
13470287
13470373
13470389
13470691
13470867
13470889
13470911
13471045
13471077
13471079
13471095
13471273
13471295
13471335
13471343
13471393
13471407
13471421
13471447
13471511
13471577
13471627
13471641
13471797
13472013
13472125
13472165
13472171
13472247
13472249
13472259
13472277
13472307
13472343
13472405
13472493
13472549
13472637
13472689
13472703
13472731
13472789
13472911
13472913
13472965
13473027
13473079
13473177
13473227
13473251
13473289
13473415
13473527
13473597
13473665
13473677
13473703
13473723
13473759
13473797
13473891
13473935
13474065
13474123
13474195
13474197
13474255
13474259
13474261
13474327
13474429
13474431
13474449
13474571
13474625
13474629
13474759
13474869
13474875
13474899
13475199
13475701
13475737
13475821
13475833
13475845
13475895
13476053
13476131
13476145
13476209
13476225
13476245
13476253
13476407
13476439
13476457
13476557
13476565
13476573
13476681
13476751
13476823
13476835
13476849
13476899
13477203
13477221
13477279
13477299
13477385
13477521
13477543
13477561
13477617
13477855
13478071
13478103
13478183
13478199
13478225
13478319
13478339
13478391
13478435
13478575
13478625
13478779
13478879
13479013
13479127
13479317
13479347
13479519
13479603
13479649
13479655
13479687
13479781
13479927
13479969
13480053
13480121
13480161
13480175
13480281
13480469
13480509
13480647
13480757
13480791
13480831
13480837
13480951
13480963
13481059
13481091
13481161
13481303
13481325
13481491
13481683
13481771
13481797
13481813
13481987
13482015
13482115
13482233
13482259
13482271
13482311
13482419
13482497
13482499
13482599
13482771
13482843
13482847
13482905
13483097
13483229
13483339
13483381
13483541
13483559
13483609
13483617
13483619
13483695
13483761
13483763
13483765
13483789
13484061
13484213
13484287
13484449
13484491
13484521
13484681
13484745
13484767
13484891
13484915
13484937
13485155
13485187
13485267
13485323
13485337
13485341
13485499
13485559
13485645
13485701
13485763
13485791
13485797
13486033
13486169
13486283
13486383
13486449
13486483
13486491
13486573
13486577
13486697
13486827
13487001
13487091
13487115
13487257
13487305
13487695
13487705
13487709
13487803
13487839
13487887
13487925
13487939
13487969
13487973
13488023
13488085
13488143
13488185
13488237
13488241
13488375
13488383
13488491
13488513
13488657
13488665
13488799
13488855
13488857
13488905
13489009
13489113
13489287
13489291
13489293
13489509
13489573
13489699
13489769
13489779
13489833
13489895
13489903
13489937
13489941
13489959
13489971
13490007
13490043
13490065
13490139
13490203
13490275
13490279
13490377
13490453
13490545
13490593
13490603
13490615
13490729
13490765
13490787
13490825
13490857
13490905
13490915
13490931
13491025
13491127
13491157
13491195
13491277
13491281
13491391
13491521
13491533
13491561
13491693
13491705
13491729
13491733
13491871
13491915
13491997
13492139
13492219
13492735
13492887
13492979
13492991
13493045
13493089
13493101
13493145
13493175
13493193
13493387
13493439
13493465
13493541
13493735
13493741
13493923
13493979
13494015
13494037
13494177
13494283
13494293
13494349
13494479
13494503
13494505
13494569
13494657
13494857
13494875
13494891
13494905
13494955
13494975
13494981
13495251
13495421
13495513
13495641
13495645
13495769
13496029
13496121
13496253
13496281
13496357
13496381
13496387
13496393
13496645
13496695
13496731
13496787
13496791
13496927
13496983
13497075
13497091
13497185
13497189
13497277
13497283
13497297
13497385
13497455
13497567
13497631
13497653
13497745
13497853
13497899
13497971
13497981
13498043
13498045
13498095
13498231
13498255
13498315
13498349
13498423
13498425
13498433
13498625
13498703
13498855
13498915
13498935
13498995
13499003
13499073
13499119
13499221
13499223
13499269
13499353
13499487
13499503
13499543
13499585
13499623
13499631
13499691
13499743
13499807
13500001
13500059
13500129
13500381
13500459
13500541
13500571
13500601
13500697
13500821
13500825
13500891
13500963
13501059
13501141
13501161
13501417
13501425
13501661
13501745
13501747
13501803
13501915
13501947
13502169
13502199
13502277
13502297
13502313
13502507
13502537
13502569
13502607
13502683
13502715
13502753
13502785
13502803
13502847
13502869
13503161
13503257
13503395
13503413
13503451
13503541
13503551
13503861
13504047
13504097
13504111
13504135
13504171
13504237
13504281
13504329
13504537
13504561
13504569
13504649
13504653
13504745
13504753
13504757
13504843
13504865
13504961
13505145
13505337
13505339
13505349
13505451
13505491
13505527
13505535
13505935
13505979
13505993
13506095
13506135
13506165
13506259
13506399
13506487
13506559
13506571
13506693
13506775
13506813
13506905
13506921
13507061
13507105
13507171
13507207
13507235
13507343
13507371
13507491
13507637
13507745
13507847
13507943
13507969
13507995
13508223
13508319
13508391
13508401
13508455
13508619
13508711
13508813
13508883
13508991
13509009
13509099
13509105
13509215
13509383
13509457
13509551
13509607
13509617
13509775
13509807
13509943
13509969
13510131
13510147
13510161
13510183
13510231
13510523
13510597
13510605
13510739
13510825
13510863
13510871
13510949
13510963
13510977
13511047
13511055
13511137
13511215
13511333
13511347
13511411
13511427
13511457
13511651
13511749
13511883
13511931
13512025
13512065
13512091
13512093
13512183
13512211
13512263
13512267
13512307
13512445
13512499
13512503
13512583
13512651
13512653
13512711
13512717
13512901
13513029
13513033
13513061
13513105
13513123
13513207
13513259
13513265
13513275
13513293
13513369
13513397
13513483
13513523
13513637
13513749
13513807
13513831
13513885
13513907
13513917
13513939
13513979
13514037
13514143
13514477
13514515
13514547
13514643
13514661
13514759
13514873
13515075
13515109
13515113
13515163
13515175
13515265
13515503
13515677
13515685
13515795
13515887
13515899
13515971
13516113
13516197
13516209
13516253
13516525
13516583
13516621
13516661
13516773
13516901
13516957
13516987
13517279
13517281
13517377
13517397
13517589
13517615
13517689
13517863
13518023
13518333
13518343
13518373
13518443
13518465
13518567
13518663
13518681
13518711
13518975
13518991
13519025
13519083
13519111
13519133
13519191
13519235
13519353
13519399
13519439
13519445
13519483
13519525
13519543
13519575
13519623
13519709
13519761
13519767
13519785
13519847
13519877
13519955
13519957
13520061
13520069
13520077
13520127
13520349
13520495
13520583
13520615
13520697
13520771
13520783
13520859
13520901
13520937
13521271
13521321
13521327
13521347
13521417
13521469
13521717
13521721
13521803
13521875
13521893
13521909
13521913
13521921
13521969
13522101
13522219
13522289
13522355
13522387
13522417
13522497
13522547
13522619
13522681
13522771
13522869
13522915
13522961
13522975
13523021
13523179
13523335
13523425
13523475
13523535
13523555
13523635
13523741
13523749
13523767
13523805
13524087
13524115
13524123
13524217
13524229
13524239
13524257
13524289
13524335
13524345
13524421
13524429
13524509
13524575
13524603
13524653
13524821
13524995
13525063
13525391
13525401
13525475
13525527
13525821
13525827
13525881
13525917
13525975
13526055
13526065
13526095
13526219
13526231
13526255
13526337
13526347
13526371
13526399
13526433
13526449
13526455
13526615
13526633
13526675
13526677
13526725
13526763
13526861
13526935
13527113
13527143
13527157
13527189
13527257
13527291
13527327
13527383
13527413
13527421
13527523
13527595
13527613
13527615
13527729
13527765
13527787
13527961
13528001
13528015
13528403
13528425
13528481
13528549
13528615
13528695
13528725
13528807
13528975
13528989
13529147
13529151
13529157
13529209
13529219
13529335
13529365
13529399
13529621
13529667
13529763
13529785
13529789
13530023
13530041
13530133
13530305
13530345
13530493
13530515
13530555
13530623
13530811
13530869
13530891
13530909
13530923
13530935
13530955
13530991
13531125
13531147
13531213
13531227
13531407
13531451
13531471
13531477
13531529
13531827
13531867
13531973
13531999
13532001
13532051
13532259
13532291
13532431
13532487
13532657
13532697
13532739
13532763
13532777
13532779
13532979
13533057
13533075
13533161
13533409
13533559
13533619
13533627
13533651
13533699
13533785
13533827
13533915
13534039
13534163
13534221
13534237
13534299
13534381
13534397
13534481
13534531
13534545
13534577
13534579
13534605
13534617
13534775
13534895
13534897
13534913
13534983
13535007
13535151
13535183
13535191
13535195
13535225
13535239
13535245
13535309
13535401
13535415
13535571
13535669
13535671
13535695
13535719
13535747
13535759
13535867
13535877
13535923
13536057
13536149
13536371
13536471
13536549
13536637
13536767
13536817
13536821
13536909
13536979
13537031
13537165
13537167
13537361
13537369
13537391
13537453
13537485
13537517
13537525
13537605
13537691
13537705
13537721
13537803
13537827
13537841
13537903
13537983
13538007
13538137
13538295
13538301
13538493
13538531
13538567
13538629
13538703
13538737
13538769
13538807
13538823
13538863
13538887
13538913
13539155
13539165
13539187
13539211
13539237
13539255
13539445
13539559
13539645
13539663
13539997
13540215
13540283
13540295
13540389
13540467
13540535
13540559
13540649
13540825
13540895
13540975
13540991
13540995
13541305
13541371
13541491
13541581
13541667
13541747
13541769
13541935
13541949
13541993
13542049
13542065
13542075
13542111
13542177
13542197
13542199
13542227
13542437
13542509
13542713
13542809
13542825
13542861
13542871
13542881
13542963
13543005
13543351
13543373
13543467
13543593
13543619
13543629
13543631
13543643
13543689
13543793
13543805
13543869
13543873
13544081
13544311
13544417
13544441
13544457
13544601
13544651
13544685
13544741
13544751
13544779
13544825
13544833
13545073
13545139
13545213
13545281
13545307
13545369
13545577
13545623
13545667
13546001
13546363
13546439
13546441
13546461
13546517
13546533
13546579
13546753
13546867
13546929
13547041
13547049
13547171
13547199
13547209
13547261
13547289
13547473
13547521
13547573
13547609
13547615
13547693
13547739
13547763
13547933
13547959
13548265
13548409
13548413
13548425
13548529
13548555
13548621
13548665
13548673
13548777
13548859
13548911
13549047
13549127
13549129
13549139
13549183
13549243
13549269
13549299
13549405
13549435
13549505
13549543
13549655
13549769
13549801
13549849
13549869
13549887
13549921
13549933
13550127
13550185
13550383
13550437
13550501
13550631
13550811
13550861
13551055
13551093
13551135
13551175
13551249
13551411
13551515
13551521
13551523
13551605
13551617
13551681
13551829
13551865
13551967
13552167
13552223
13552229
13552267
13552279
13552363
13552427
13552475
13552487
13552509
13552597
13552615
13552637
13552669
13552705
13552855
13553007
13553115
13553203
13553451
13553471
13553821
13553823
13553919
13554025
13554087
13554099
13554185
13554257
13554381
13554417
13554431
13554515
13554683
13554755
13554785
13554823
13554855
13554887
13554909
13554951
13554959
13554987
13555033
13555103
13555127
13555241
13555261
13555411
13555465
13555491
13555541
13555569
13555621
13555647
13555779
13555799
13555857
13555895
13555927
13556033
13556045
13556051
13556117
13556133
13556191
13556197
13556431
13556451
13556491
13556565
13556617
13556645
13556745
13556813
13556889
13556921
13557123
13557211
13557237
13557245
13557295
13557459
13557475
13557489
13557583
13557609
13557617
13557659
13557673
13557831
13557843
13557853
13557911
13558061
13558101
13558105
13558427
13558559
13558601
13558721
13558761
13558847
13558897
13558907
13559039
13559169
13559271
13559301
13559389
13559515
13559525
13559597
13559655
13559857
13559925
13560049
13560393
13560421
13560521
13560541
13560695
13560723
13560771
13560777
13560785
13560809
13560811
13560827
13560875
13561025
13561031
13561409
13561605
13561721
13561731
13561779
13561799
13561853
13561883
13561953
13562065
13562103
13562157
13562161
13562183
13562205
13562213
13562417
13562513
13562555
13562639
13562651
13562659
13562725
13562739
13562757
13562793
13562809
13562831
13562887
13562955
13562993
13563085
13563227
13563399
13563405
13563429
13563463
13563511
13563607
13563727
13563733
13563769
13563787
13563803
13563837
13563865
13563875
13563933
13564175
13564181
13564215
13564299
13564329
13564345
13564387
13564391
13564585
13564659
13564773
13564787
13564795
13564891
13564951
13564953
13564969
13565005
13565015
13565033
13565053
13565169
13565195
13565277
13565295
13565341
13565355
13565457
13565611
13565683
13565843
13566035
13566197
13566237
13566301
13566523
13566577
13566689
13566703
13566717
13566725
13566771
13566881
13566971
13566973
13566981
13566995
13567077
13567115
13567365
13567489
13567785
13567799
13567893
13567949
13567965
13567999
13568127
13568139
13568175
13568337
13568401
13568409
13568421
13568549
13568625
13568629
13568743
13568771
13569147
13569151
13569163
13569185
13569211
13569225
13569273
13569287
13569291
13569439
13569445
13569609
13569627
13569637
13569825
13569833
13569863
13569865
13569941
13570003
13570139
13570155
13570167
13570217
13570287
13570297
13570379
13570497
13570599
13570657
13570741
13570745
13570811
13570865
13570941
13570947
13571027
13571065
13571085
13571179
13571323
13571353
13571357
13571359
13571377
13571465
13571537
13571547
13571557
13571585
13571617
13571645
13571663
13571715
13571731
13571773
13571847
13571849
13571997
13572003
13572117
13572233
13572241
13572265
13572301
13572305
13572413
13572613
13572631
13572633
13572639
13572655
13572741
13572795
13572897
13573037
13573175
13573207
13573249
13573263
13573267
13573291
13573367
13573507
13573605
13573607
13573699
13573779
13573807
13573809
13573813
13573839
13573877
13573883
13573929
13573961
13574215
13574273
13574421
13574445
13574651
13574683
13574689
13574767
13574935
13574959
13574977
13575155
13575175
13575279
13575369
13575425
13575445
13575611
13575697
13575711
13575869
13575903
13575933
13576045
13576113
13576169
13576181
13576249
13576301
13576335
13576337
13576341
13576565
13576581
13576631
13576645
13576653
13576681
13576691
13576725
13576749
13576855
13576879
13577191
13577249
13577261
13577297
13577305
13577317
13577393
13577453
13577535
13577557
13577559
13577561
13577765
13577865
13577897
13578025
13578097
13578195
13578267
13578303
13578347
13578647
13578683
13578713
13578725
13578749
13578789
13578901
13578927
13578933
13579149
13579217
13579345
13579553
13579579
13579673
13579693
13579785
13579807
13579821
13579859
13579965
13579967
13580031
13580141
13580293
13580501
13580539
13580593
13580671
13580677
13580763
13580921
13580971
13581123
13581197
13581455
13581535
13581583
13581637
13581757
13581769
13581899
13581913
13582055
13582081
13582149
13582279
13582297
13582385
13582565
13582631
13582683
13582821
13582873
13583131
13583179
13583211
13583245
13583249
13583285
13583359
13583411
13583413
13583439
13583515
13583539
13583709
13583711
13583805
13583827
13583979
13584021
13584197
13584423
13584471
13584503
13584599
13584749
13584891
13584893
13585013
13585083
13585131
13585167
13585235
13585263
13585277
13585299
13585407
13585547
13585567
13585627
13585637
13585673
13585687
13585707
13585717
13585747
13585989
13586055
13586073
13586087
13586107
13586207
13586409
13586431
13586473
13586719
13586779
13586813
13586953
13587011
13587145
13587151
13587345
13587347
13587433
13587493
13587529
13587543
13587551
13587565
13587581
13587623
13587759
13587769
13587861
13587927
13588001
13588061
13588311
13588341
13588351
13588367
13588461
13588545
13588579
13588795
13588809
13588911
13588965
13589045
13589097
13589219
13589259
13589453
13589463
13589531
13589635
13589665
13589785
13589997
13590009
13590161
13590335
13590381
13590423
13590487
13590497
13590597
13590639
13590673
13590753
13590765
13590839
13590869
13590903
13590977
13591043
13591097
13591111
13591123
13591149
13591243
13591269
13591345
13591419
13591459
13591473
13591629
13591667
13591673
13591749
13591829
13591917
13591945
13591949
13591981
13592111
13592185
13592207
13592243
13592323
13592377
13592385
13592391
13592451
13592495
13592549
13592603
13592667
13592809
13592817
13592889
13593031
13593045
13593157
13593179
13593279
13593281
13593315
13593345
13593363
13593419
13593501
13593607
13593661
13593675
13593685
13593709
13593737
13593779
13593789
13593827
13593859
13593991
13593995
13593999
13594015
13594105
13594115
13594243
13594259
13594295
13594439
13594455
13594521
13594565
13594607
13594637
13594787
13594827
13594911
13595205
13595311
13595425
13595441
13595629
13595633
13595653
13595775
13595885
13595891
13595895
13595995
13596019
13596151
13596287
13596307
13596317
13596327
13596635
13596853
13596911
13596915
13596957
13597059
13597145
13597157
13597163
13597171
13597279
13597369
13597569
13597593
13597595
13597613
13597669
13597703
13597789
13597967
13597969
13597983
13597993
13598011
13598133
13598245
13598265
13598297
13598343
13598349
13598467
13598663
13598689
13598843
13598889
13598903
13599093
13599147
13599159
13599211
13599231
13599515
13599761
13599849
13599887
13599899
13599929
13599953
13600159
13600279
13600285
13600343
13600373
13600385
13600409
13600481
13600603
13600623
13600735
13600801
13600815
13600899
13601037
13601057
13601123
13601175
13601251
13601621
13601649
13601697
13601731
13601813
13601955
13602007
13602079
13602251
13602275
13602399
13602411
13602417
13602419
13602521
13602593
13602799
13602803
13602807
13602867
13603055
13603079
13603197
13603283
13603371
13603465
13603545
13603639
13603689
13603965
13603971
13604027
13604071
13604091
13604093
13604287
13604323
13604387
13604465
13604517
13604591
13604643
13604713
13604729
13604833
13604905
13604913
13605055
13605119
13605179
13605207
13605381
13605421
13605429
13605495
13605587
13605635
13605691
13605709
13605727
13605791
13605801
13605805
13605809
13605877
13605899
13605999
13606001
13606125
13606147
13606167
13606237
13606303
13606467
13606639
13606749
13606807
13606815
13606929
13606951
13607061
13607189
13607321
13607327
13607523
13607601
13607613
13607801
13607861
13607915
13607963
13608025
13608051
13608153
13608203
13608219
13608313
13608431
13608489
13608555
13608565
13608571
13608641
13608675
13608707
13608871
13608875
13609113
13609129
13609147
13609165
13609209
13609261
13609291
13609417
13609441
13609547
13609695
13609711
13609731
13609779
13609833
13609835
13609837
13610105
13610135
13610163
13610237
13610479
13610553
13610983
13610993
13611005
13611115
13611127
13611143
13611161
13611209
13611325
13611341
13611513
13611679
13611681
13611683
13611695
13611779
13611803
13611841
13611985
13612069
13612215
13612293
13612361
13612365
13612385
13612391
13612583
13612671
13612681
13612839
13612859
13612899
13613005
13613055
13613079
13613145
13613157
13613195
13613325
13613477
13613699
13613743
13613855
13613861
13613891
13613923
13613989
13614219
13614229
13614305
13614311
13614471
13614483
13614567
13614603
13614611
13614713
13614907
13614993
13615287
13615303
13615307
13615337
13615367
13615403
13615625
13615713
13615809
13615913
13615927
13615979
13616119
13616143
13616155
13616205
13616307
13616321
13616369
13616387
13616447
13616457
13616459
13616479
13616593
13616607
13616765
13616811
13616817
13616883
13616935
13617031
13617135
13617263
13617355
13617499
13617531
13617583
13617623
13617653
13617669
13617833
13617865
13618007
13618045
13618137
13618195
13618245
13618291
13618499
13618509
13618583
13618585
13618789
13618793
13618861
13618887
13619075
13619139
13619173
13619211
13619467
13619477
13619665
13619871
13619907
13619963
13620165
13620175
13620269
13620423
13620459
13620563
13620593
13620667
13620691
13620885
13620895
13620907
13620939
13620971
13621029
13621053
13621117
13621129
13621161
13621519
13621551
13621735
13621763
13621821
13622077
13622111
13622129
13622177
13622197
13622261
13622271
13622309
13622335
13622385
13622665
13622685
13622695
13622851
13622865
13622873
13622883
13622885
13622967
13623033
13623037
13623091
13623181
13623235
13623247
13623269
13623367
13623403
13623423
13623481
13623491
13623527
13623593
13623629
13623651
13623665
13623761
13623795
13624009
13624027
13624031
13624047
13624147
13624161
13624195
13624231
13624297
13624313
13624383
13624419
13624429
13624431
13624531
13624571
13624647
13624661
13624749
13624761
13624779
13624917
13625113
13625191
13625495
13625833
13625957
13626231
13626463
13626489
13626583
13626613
13626715
13626915
13626977
13627199
13627221
13627253
13627265
13627327
13627457
13627645
13627857
13627951
13627957
13628031
13628201
13628217
13628313
13628367
13628415
13628463
13628493
13628497
13628515
13628741
13628777
13628885
13628891
13628923
13628953
13629109
13629113
13629187
13629197
13629227
13629259
13629311
13629477
13629499
13629503
13629553
13629567
13629681
13629697
13629705
13629831
13629901
13630031
13630047
13630105
13630141
13630175
13630285
13630299
13630329
13630361
13630493
13630709
13630763
13630813
13630849
13630859
13630941
13630957
13630999
13631109
13631129
13631173
13631177
13631303
13631315
13631349
13631385
13631543
13631561
13631603
13631641
13631789
13631803
13631943
13632031
13632209
13632247
13632283
13632351
13632377
13632387
13632421
13632427
13632459
13632675
13632767
13632769
13632841
13632851
13632883
13632941
13632967
13633055
13633121
13633125
13633227
13633279
13633289
13633407
13633409
13633545
13633723
13633775
13633795
13633845
13633853
13633885
13633889
13633911
13634003
13634023
13634131
13634169
13634185
13634197
13634229
13634341
13634345
13634571
13634593
13634597
13634679
13634711
13634791
13634945
13635083
13635145
13635155
13635403
13635447
13635563
13635649
13635701
13635707
13635847
13635971
13635973
13636075
13636089
13636203
13636281
13636345
13636415
13636469
13636525
13636549
13636613
13636805
13636839
13636979
13636987
13636999
13637059
13637203
13637253
13637283
13637289
13637319
13637385
13637407
13637461
13637497
13637511
13637535
13637623
13637731
13637865
13637965
13638039
13638081
13638169
13638237
13638293
13638313
13638399
13638595
13638617
13638691
13638721
13638729
13638847
13638885
13639157
13639195
13639291
13639339
13639429
13639477
13639585
13639631
13639633
13639667
13639691
13639781
13639825
13639899
13639939
13639971
13640079
13640189
13640229
13640275
13640423
13640463
13640601
13640803
13640837
13640901
13640903
13640965
13641027
13641097
13641201
13641279
13641321
13641369
13641507
13641539
13641601
13641663
13641911
13641927
13641929
13642051
13642193
13642257
13642275
13642377
13642433
13642557
13642659
13642701
13642869
13642947
13643035
13643051
13643143
13643217
13643421
13643453
13643543
13643691
13643815
13643887
13643977
13643983
13644051
13644081
13644103
13644183
13644213
13644273
13644405
13644501
13644603
13644805
13644817
13644831
13644839
13644937
13644951
13644997
13645181
13645199
13645273
13645275
13645297
13645313
13645341
13645393
13645643
13645659
13645695
13645777
13645781
13645985
13646047
13646101
13646161
13646183
13646237
13646241
13646249
13646275
13646347
13646349
13646397
13646537
13646589
13646651
13646901
13646967
13647089
13647203
13647355
13647397
13647407
13647479
13647489
13647499
13647603
13647611
13647805
13647843
13647927
13647993
13648035
13648097
13648129
13648183
13648249
13648271
13648283
13648375
13648383
13648407
13648409
13648685
13648687
13648689
13648699
13648737
13648861
13648981
13649057
13649097
13649153
13649185
13649205
13649257
13649465
13649513
13649613
13649633
13649705
13649751
13649781
13649803
13649817
13650043
13650153
13650201
13650249
13650261
13650369
13650593
13650627
13650763
13650813
13650825
13650939
13651033
13651151
13651161
13651195
13651241
13651259
13651475
13651585
13651699
13651759
13651807
13651851
13651917
13651965
13652065
13652375
13652435
13652529
13652583
13652591
13652597
13652639
13652713
13652725
13652863
13652903
13652907
13652927
13652961
13653051
13653081
13653115
13653123
13653129
13653191
13653195
13653217
13653317
13653371
13653415
13653455
13653483
13653597
13653601
13653733
13653795
13653803
13653861
13653925
13654015
13654019
13654065
13654215
13654299
13654333
13654363
13654479
13654601
13654653
13654699
13654873
13654915
13654977
13655003
13655051
13655307
13655331
13655361
13655377
13655413
13655483
13655677
13655681
13655695
13655761
13655867
13656061
13656123
13656429
13656531
13656533
13656535
13656537
13656551
13656565
13656625
13656631
13656647
13656653
13656701
13656729
13656785
13656803
13656909
13656913
13656961
13656981
13657027
13657065
13657165
13657175
13657205
13657567
13657701
13657827
13657841
13658089
13658213
13658263
13658365
13658383
13658651
13658741
13658775
13658857
13658999
13659029
13659307
13659427
13659455
13659465
13659527
13659663
13659691
13659707
13659711
13659713
13659737
13659781
13659805
13659939
13659981
13659993
13660015
13660145
13660149
13660193
13660303
13660321
13660357
13660625
13660643
13660743
13660937
13660983
13660997
13661013
13661249
13661301
13661325
13661359
13661387
13661391
13661395
13661445
13661475
13661507
13661827
13661831
13661879
13661889
13662027
13662047
13662185
13662203
13662277
13662337
13662443
13662583
13662661
13662741
13662757
13662805
13662807
13662827
13662895
13662949
13663021
13663069
13663089
13663105
13663221
13663237
13663349
13663455
13663511
13663593
13663687
13663837
13663971
13663995
13664293
13664361
13664379
13664503
13664531
13664559
13664751
13664773
13664803
13664825
13664871
13664931
13664943
13664949
13665059
13665063
13665155
13665207
13665245
13665247
13665271
13665285
13665339
13665369
13665585
13665587
13665843
13665851
13665885
13665913
13666015
13666207
13666343
13666347
13666403
13666409
13666427
13666439
13666445
13666533
13666551
13666571
13666597
13666615
13666685
13666691
13666799
13667005
13667127
13667165
13667187
13667273
13667279
13667375
13667393
13667527
13667613
13667629
13667779
13667809
13667993
13668125
13668279
13668287
13668405
13668431
13668473
13668493
13668627
13668647
13668651
13668673
13668949
13668955
13669007
13669079
13669083
13669117
13669219
13669247
13669271
13669377
13669407
13669567
13669615
13669629
13669643
13669711
13669809
13670077
13670099
13670105
13670187
13670275
13670409
13670577
13670585
13670687
13670705
13670901
13670915
13670947
13670981
13671013
13671059
13671291
13671367
13671379
13671427
13671463
13671541
13671649
13671657
13671671
13671931
13672039
13672089
13672101
13672121
13672123
13672141
13672229
13672309
13672333
13672367
13672427
13672473
13672491
13672599
13672653
13672679
13672695
13672763
13672797
13672883
13672887
13673041
13673063
13673113
13673135
13673343
13673471
13673515
13673581
13673599
13673789
13673917
13674037
13674097
13674203
13674421
13674469
13674477
13674501
13674599
13674677
13674831
13674893
13674979
13675315
13675327
13675349
13675417
13675749
13675871
13675885
13675923
13675949
13676105
13676127
13676143
13676261
13676357
13676359
13676407
13676425
13676449
13676493
13676515
13676563
13676641
13676695
13676779
13676783
13676911
13676971
13677023
13677087
13677221
13677361
13677395
13677489
13677553
13677567
13677605
13677715
13678121
13678203
13678205
13678353
13678361
13678367
13678369
13678389
13678415
13678443
13678445
13678455
13678499
13678537
13678545
13678547
13678633
13678667
13678759
13678781
13678909
13678979
13679025
13679035
13679037
13679085
13679087
13679235
13679245
13679329
13679413
13679439
13679451
13679743
13679765
13679805
13679853
13679901
13680017
13680091
13680191
13680223
13680267
13680297
13680303
13680485
13680499
13680513
13680565
13680573
13680587
13680613
13680707
13680777
13680909
13680939
13680977
13681079
13681253
13681381
13681427
13681467
13681521
13681573
13681575
13681617
13681743
13681817
13681871
13681961
13682011
13682145
13682211
13682263
13682291
13682323
13682437
13682463
13682469
13682471
13682619
13682771
13682803
13682935
13683009
13683199
13683301
13683369
13683415
13683459
13683559
13683581
13683595
13683609
13683687
13683843
13683977
13684105
13684217
13684277
13684315
13684407
13684519
13684563
13684701
13684735
13684795
13684801
13684847
13684907
13685257
13685399
13685465
13685505
13685621
13685691
13685695
13685753
13685851
13685891
13685893
13685933
13686087
13686117
13686191
13686395
13686481
13686495
13686579
13686613
13686643
13686661
13686679
13686799
13686861
13686911
13686931
13686959
13687017
13687067
13687275
13687429
13687707
13687811
13687913
13688179
13688199
13688209
13688269
13688411
13688429
13688543
13688579
13688679
13688687
13688739
13688805
13688819
13688893
13688937
13689103
13689223
13689319
13689351
13689385
13689401
13689519
13689535
13689581
13689757
13689839
13690263
13690277
13690299
13690305
13690327
13690427
13690563
13690589
13690621
13690695
13690815
13690935
13690985
13691001
13691003
13691285
13691291
13691331
13691471
13691479
13691573
13691633
13691815
13691937
13691941
13692061
13692211
13692297
13692311
13692441
13692471
13692579
13692687
13692743
13692767
13692807
13692849
13693063
13693119
13693253
13693259
13693265
13693271
13693313
13693319
13693349
13693369
13693561
13693565
13693601
13693661
13693769
13693873
13693925
13693961
13693997
13694085
13694195
13694209
13694473
13694491
13694655
13694907
13694957
13695043
13695215
13695251
13695301
13695423
13695521
13695613
13695731
13695853
13696043
13696051
13696095
13696307
13696315
13696363
13696365
13696373
13696489
13696509
13696519
13696533
13696669
13696689
13696751
13696771
13696797
13696957
13696997
13697015
13697053
13697071
13697323
13697461
13697499
13697503
13697591
13697845
13697847
13697919
13697931
13698147
13698251
13698347
13698397
13698559
13698605
13698657
13698833
13698857
13698895
13698907
13698913
13699153
13699191
13699225
13699399
13699467
13699513
13699723
13699731
13699817
13699877
13699883
13699951
13700201
13700265
13700283
13700303
13700395
13700575
13700621
13700677
13700693
13700743
13700767
13700775
13700877
13701009
13701159
13701177
13701391
13701427
13701517
13701637
13701659
13701675
13701757
13701789
13701799
13701849
13701869
13701881
13701945
13701961
13702221
13702313
13702389
13702417
13702467
13702575
13702581
13702621
13702679
13702809
13702819
13702823
13703163
13703197
13703243
13703325
13703341
13703411
13703693
13703751
13703867
13704051
13704059
13704111
13704151
13704201
13704371
13704487
13704499
13704543
13704549
13704597
13704633
13704703
13704803
13704875
13704899
13704925
13704949
13705021
13705091
13705105
13705213
13705267
13705373
13705431
13705469
13705525
13705605
13705663
13705677
13705697
13705709
13705845
13706009
13706107
13706141
13706161
13706175
13706179
13706261
13706335
13706383
13706397
13706401
13706561
13706573
13706575
13706661
13706697
13706719
13706741
13706753
13706767
13706941
13706979
13706987
13707123
13707141
13707203
13707241
13707275
13707277
13707451
13707455
13707567
13707577
13707711
13707857
13707899
13707929
13707939
13708119
13708193
13708221
13708345
13708375
13708531
13708591
13708613
13708675
13708831
13708843
13708847
13708889
13708957
13709097
13709123
13709143
13709151
13709201
13709283
13709527
13709535
13709681
13709759
13709799
13709947
13710023
13710033
13710135
13710167
13710277
13710287
13710333
13710373
13710375
13710429
13710487
13710671
13710799
13710901
13710939
13710947
13710959
13711059
13711061
13711179
13711203
13711249
13711253
13711301
13711375
13711409
13711411
13711633
13711731
13711761
13711797
13711833
13711845
13711949
13711985
13712083
13712157
13712219
13712233
13712293
13712407
13712491
13712593
13712595
13712605
13712621
13712659
13712687
13712699
13712789
13712863
13712933
13712963
13712973
13713053
13713117
13713365
13713469
13713471
13713581
13713605
13713627
13713659
13713661
13713689
13713777
13713995
13714033
13714161
13714201
13714219
13714419
13714463
13714479
13714523
13714551
13714635
13714805
13714855
13714931
13714967
13714975
13715015
13715063
13715105
13715227
13715339
13715405
13715583
13715595
13715743
13715793
13715811
13716019
13716139
13716149
13716167
13716183
13716221
13716493
13716497
13716559
13716691
13716947
13716987
13717053
13717115
13717137
13717165
13717251
13717313
13717363
13717369
13717373
13717437
13717533
13717577
13717679
13717687
13717705
13717793
13717815
13717863
13717945
13718033
13718089
13718301
13718573
13718727
13718811
13718815
13718847
13718881
13718943
13719121
13719285
13719303
13719527
13719645
13719685
13719795
13719867
13719949
13719977
13720011
13720019
13720129
13720133
13720161
13720291
13720319
13720403
13720467
13720755
13720771
13721067
13721203
13721255
13721259
13721291
13721673
13721731
13721767
13721943
13722015
13722201
13722251
13722259
13722475
13722519
13722591
13722597
13722627
13722643
13722673
13722689
13722713
13722877
13722931
13722953
13723037
13723039
13723093
13723225
13723283
13723317
13723355
13723425
13723437
13723467
13723479
13723487
13723523
13723563
13723567
13723581
13723589
13723599
13723749
13723839
13723851
13723877
13723935
13723957
13724021
13724135
13724191
13724235
13724333
13724497
13724529
13724613
13724659
13724713
13724727
13724803
13724805
13724821
13724921
13724927
13724931
13725129
13725173
13725299
13725393
13725419
13725441
13725727
13725779
13725813
13726135
13726177
13726219
13726263
13726301
13726383
13726431
13726471
13726493
13726497
13726551
13726575
13726591
13726643
13726647
13726671
13726711
13726743
13726761
13726821
13726835
13726911
13726929
13727411
13727443
13727541
13727547
13727555
13727597
13727665
13727683
13727915
13727983
13727995
13728051
13728105
13728123
13728173
13728209
13728425
13728507
13728599
13728709
13728847
13728899
13728911
13728921
13728951
13728999
13729015
13729133
13729213
13729287
13729319
13729411
13729627
13729663
13729789
13729797
13729807
13729821
13729865
13729913
13730019
13730081
13730107
13730133
13730209
13730279
13730367
13730451
13730629
13730819
13730839
13731099
13731121
13731157
13731159
13731327
13731483
13731513
13731521
13731557
13731673
13731739
13731877
13731955
13732351
13732369
13732387
13732389
13732585
13732781
13732899
13732995
13733009
13733029
13733091
13733235
13733289
13733395
13733575
13733595
13733737
13733803
13733817
13733833
13733863
13733907
13733933
13733937
13733951
13733953
13734127
13734227
13734239
13734323
13734393
13734545
13734595
13734607
13734635
13734651
13734683
13734785
13734849
13735039
13735059
13735241
13735361
13735379
13735397
13735451
13735535
13735553
13735591
13735671
13735699
13735751
13735777
13735821
13735919
13735933
13736005
13736157
13736207
13736231
13736307
13736353
13736497
13736587
13736601
13736657
13736695
13736727
13736729
13736741
13736825
13736931
13736949
13736983
13737067
13737113
13737303
13737327
13737359
13737369
13737405
13737433
13737607
13737651
13737687
13737715
13737723
13737735
13737857
13737927
13737999
13738023
13738139
13738213
13738221
13738233
13738297
13738519
13738589
13738687
13738773
13738855
13738883
13738925
13738987
13739091
13739193
13739227
13739231
13739321
13739529
13739571
13739763
13739863
13739903
13740047
13740087
13740103
13740423
13740491
13740537
13740629
13740789
13740829
13740929
13740935
13740963
13741101
13741129
13741133
13741173
13741267
13741359
13741401
13741409
13741455
13741639
13741641
13741937
13742113
13742143
13742225
13742241
13742257
13742275
13742299
13742345
13742411
13742555
13742561
13742663
13742713
13742741
13742745
13742787
13742791
13742849
13742949
13743259
13743337
13743391
13743413
13743741
13743869
13743873
13743991
13744019
13744053
13744059
13744083
13744109
13744157
13744281
13744287
13744313
13744315
13744425
13744479
13744529
13744593
13744935
13744981
13744989
13744999
13745093
13745229
13745375
13745395
13745711
13745775
13745789
13745853
13745861
13745883
13745969
13746079
13746187
13746205
13746307
13746311
13746341
13746373
13746633
13746765
13746813
13746865
13746951
13747017
13747091
13747093
13747121
13747197
13747233
13747243
13747311
13747375
13747449
13747495
13747497
13747627
13748031
13748051
13748077
13748165
13748237
13748239
13748387
13748403
13748423
13748429
13748707
13748709
13748751
13748869
13748901
13748909
13748947
13748997
13749075
13749201
13749203
13749281
13749335
13749353
13749419
13749427
13749449
13749547
13749657
13749751
13749755
13749903
13750003
13750017
13750039
13750089
13750139
13750257
13750381
13750479
13750579
13750729
13750779
13751047
13751131
13751407
13751417
13751459
13751681
13751695
13751733
13751915
13751997
13752057
13752109
13752263
13752359
13752707
13752841
13752879
13753071
13753101
13753121
13753141
13753221
13753257
13753263
13753347
13753459
13753525
13753545
13753551
13753571
13753599
13753695
13753703
13753763
13753837
13754105
13754127
13754223
13754409
13754455
13754465
13754485
13754521
13754611
13754993
13755089
13755273
13755339
13755363
13755387
13755577
13755593
13755677
13755823
13755947
13756039
13756065
13756105
13756111
13756253
13756265
13756377
13756385
13756441
13756635
13756755
13756853
13757007
13757101
13757137
13757147
13757151
13757215
13757321
13757517
13757545
13757549
13757631
13757647
13757669
13757673
13757711
13757715
13757865
13757869
13758071
13758215
13758295
13758395
13758519
13758527
13758617
13758649
13758723
13758765
13758851
13759023
13759033
13759041
13759219
13759407
13759471
13759539
13759645
13759789
13759853
13760137
13760199
13760209
13760215
13760233
13760417
13760523
13760591
13760599
13760651
13760837
13760981
13761033
13761183
13761199
13761283
13761389
13761393
13761451
13761497
13761697
13761749
13761777
13761807
13761935
13762021
13762079
13762135
13762205
13762319
13762435
13762863
13762869
13762919
13763057
13763135
13763315
13763355
13763373
13763387
13763697
13763711
13763739
13763749
13763807
13763821
13763825
13763895
13763937
13763953
13764077
13764093
13764095
13764159
13764555
13764585
13764607
13764683
13764705
13764833
13764839
13764917
13764931
13764985
13765035
13765055
13765093
13765097
13765137
13765171
13765195
13765239
13765247
13765261
13765319
13765365
13765439
13765503
13765549
13765597
13765615
13765669
13765741
13765787
13765817
13766245
13766355
13766359
13766401
13766409
13766677
13767029
13767291
13767295
13767409
13767445
13767489
13767509
13767591
13767693
13767695
13767721
13767829
13767965
13767981
13768001
13768013
13768057
13768071
13768087
13768131
13768137
13768371
13768569
13768617
13768625
13768723
13768727
13768729
13768733
13768777
13768867
13768945
13768963
13768991
13769065
13769301
13769321
13769393
13769551
13769621
13769861
13769983
13769997
13769999
13770009
13770017
13770177
13770289
13770299
13770319
13770561
13770823
13770933
13770937
13770971
13771009
13771211
13771247
13771267
13771321
13771365
13771441
13771637
13771679
13771681
13771733
13771761
13771795
13771813
13771819
13771823
13771833
13771835
13771865
13771899
13771901
13771913
13771951
13772017
13772067
13772135
13772169
13772251
13772443
13772461
13772639
13772683
13772739
13772765
13772789
13772801
13772805
13772811
13772923
13773109
13773209
13773307
13773525
13773547
13773563
13773573
13773577
13773645
13773691
13773775
13773837
13773893
13774083
13774133
13774153
13774269
13774363
13774469
13774483
13774499
13774503
13774507
13774603
13774607
13774735
13774767
13774803
13774841
13774847
13774927
13775189
13775327
13775515
13775521
13775743
13775767
13775789
13775821
13775849
13775935
13775979
13776037
13776055
13776135
13776169
13776221
13776481
13776489
13776535
13776593
13776643
13776723
13776765
13776787
13776805
13776823
13776831
13777025
13777151
13777225
13777259
13777275
13777341
13777449
13777451
13777539
13777579
13777607
13777723
13777729
13777903
13778027
13778283
13778431
13778499
13778527
13778547
13778549
13778567
13778959
13778983
13779073
13779079
13779179
13779253
13779281
13779373
13779639
13779659
13779721
13779741
13779933
13780089
13780175
13780187
13780289
13780367
13780499
13780525
13780571
13780749
13780759
13780943
13780955
13780973
13780985
13781217
13781225
13781307
13781365
13781369
13781407
13781495
13781535
13781541
13781731
13781769
13781777
13781907
13781937
13782015
13782047
13782099
13782155
13782363
13782543
13782741
13782753
13782771
13782805
13783039
13783045
13783191
13783291
13783323
13783335
13783347
13783421
13783459
13783497
13783627
13783669
13783771
13783803
13783967
13784005
13784009
13784105
13784117
13784243
13784285
13784439
13784505
13784517
13784559
13784633
13784837
13784841
13784859
13784869
13784871
13784935
13784959
13785069
13785083
13785119
13785131
13785331
13785347
13785355
13785527
13785531
13785605
13785653
13785675
13785735
13785761
13785939
13785955
13785993
13786027
13786125
13786137
13786249
13786329
13786369
13786437
13786503
13786539
13786585
13786685
13786691
13786977
13786989
13787029
13787041
13787105
13787179
13787203
13787221
13787267
13787353
13787411
13787461
13787495
13787507
13787509
13787565
13787567
13787607
13787715
13787773
13787791
13787877
13787907
13788029
13788179
13788267
13788347
13788371
13788381
13788563
13788609
13788647
13788729
13788905
13788939
13788949
13788991
13789039
13789109
13789223
13789235
13789241
13789329
13789521
13789549
13789613
13789641
13789771
13790021
13790135
13790235
13790331
13790385
13790425
13790577
13790667
13790951
13790953
13790975
13791131
13791145
13791161
13791167
13791309
13791353
13791365
13791427
13791543
13791547
13791561
13791567
13791615
13791625
13791677
13791741
13791843
13791961
13792021
13792067
13792095
13792101
13792215
13792269
13792311
13792323
13792329
13792527
13792607
13792609
13792617
13792713
13792783
13792847
13792905
13792975
13793015
13793065
13793167
13793213
13793263
13793303
13793359
13793403
13793449
13793619
13793673
13793713
13793885
13793941
13793943
13794031
13794041
13794105
13794117
13794237
13794393
13794477
13794623
13794643
13794895
13795163
13795249
13795311
13795331
13795335
13795497
13795499
13795681
13795735
13795793
13795935
13796217
13796297
13796421
13796457
13796587
13796617
13796655
13796675
13796701
13796781
13796783
13796861
13796923
13797091
13797199
13797339
13797361
13797453
13797531
13797609
13797615
13797667
13797733
13797753
13797919
13797961
13798047
13798063
13798233
13798263
13798333
13798395
13798531
13798545
13798677
13798747
13798911
13798943
13798961
13799105
13799195
13799381
13799413
13799447
13799551
13799571
13799647
13799705
13799759
13799773
13799829
13800003
13800033
13800137
13800191
13800201
13800227
13800261
13800269
13800275
13800297
13800415
13800487
13800493
13800531
13800621
13800637
13800661
13800675
13800723
13800925
13800957
13800961
13800987
13801013
13801079
13801081
13801155
13801161
13801173
13801209
13801221
13801249
13801305
13801459
13801591
13801803
13801823
13801825
13801861
13801921
13801989
13802159
13802173
13802209
13802211
13802445
13802605
13802641
13802685
13802741
13802799
13802943
13802987
13803067
13803101
13803189
13803245
13803407
13803451
13803657
13803703
13803803
13803843
13803937
13803949
13803951
13804085
13804099
13804177
13804299
13804375
13804441
13804663
13804767
13804821
13804829
13804833
13805097
13805251
13805287
13805331
13805333
13805407
13805453
13805521
13805537
13805721
13805839
13805917
13806041
13806109
13806397
13806431
13806507
13806533
13806561
13806613
13806701
13806753
13806991
13807009
13807055
13807063
13807185
13807297
13807331
13807361
13807457
13807497
13807541
13807593
13807623
13807651
13807743
13807749
13807765
13807879
13807981
13808023
13808043
13808133
13808223
13808241
13808303
13808331
13808335
13808345
13808373
13808429
13808485
13808615
13808651
13808691
13808737
13808825
13808871
13808993
13809031
13809039
13809041
13809111
13809131
13809189
13809341
13809453
13809537
13809681
13809735
13809793
13809913
13809919
13810003
13810111
13810175
13810261
13810411
13810467
13810767
13810789
13810795
13810837
13810867
13810993
13811015
13811083
13811139
13811155
13811175
13811263
13811357
13811531
13811609
13811803
13811867
13811905
13811943
13812015
13812089
13812095
13812109
13812165
13812187
13812301
13812311
13812373
13812377
13812553
13812713
13812765
13812783
13812787
13812817
13812839
13812879
13812881
13812999
13813021
13813149
13813293
13813307
13813351
13813353
13813367
13813395
13813535
13813593
13813753
13813769
13813783
13813893
13813925
13814013
13814111
13814253
13814291
13814389
13814431
13814457
13814603
13814715
13814843
13814851
13814901
13815041
13815273
13815289
13815605
13815695
13815915
13816151
13816179
13816469
13816495
13816651
13816709
13816773
13816791
13816837
13816889
13816891
13816931
13816959
13817047
13817079
13817161
13817169
13817197
13817267
13817277
13817471
13817645
13817729
13817757
13817931
13817977
13818231
13818395
13818439
13818499
13818609
13818627
13818791
13818809
13818825
13818911
13818947
13819025
13819049
13819301
13819335
13819411
13819467
13819573
13819579
13819753
13819833
13819869
13819875
13819895
13819971
13820021
13820125
13820151
13820331
13820419
13820469
13820693
13820785
13820863
13820875
13820945
13821045
13821057
13821137
13821167
13821229
13821279
13821335
13821349
13821385
13821457
13821471
13821473
13821637
13821699
13821713
13821905
13822091
13822227
13822463
13822599
13822655
13822885
13823111
13823259
13823299
13823337
13823359
13823435
13823545
13823811
13823883
13823897
13823965
13823993
13824043
13824149
13824229
13824259
13824307
13824493
13824539
13824563
13824585
13824631
13824719
13824749
13824763
13824871
13824947
13825163
13825189
13825217
13825357
13825367
13825395
13825545
13825689
13825705
13825757
13825763
13825807
13825839
13825857
13825975
13825991
13826077
13826181
13826267
13826333
13826359
13826559
13826565
13826799
13826821
13827073
13827103
13827125
13827143
13827163
13827209
13827217
13827313
13827555
13827597
13827629
13827651
13827685
13827899
13827911
13827923
13827941
13827961
13827967
13828103
13828191
13828199
13828317
13828717
13828795
13828865
13829167
13829191
13829261
13829275
13829305
13829349
13829355
13829441
13829485
13829499
13829557
13829641
13829679
13829709
13829721
13829929
13829945
13830159
13830199
13830265
13830287
13830379
13830483
13830491
13830519
13830539
13830661
13830845
13830907
13830915
13830923
13830997
13831051
13831061
13831165
13831181
13831291
13831377
13831431
13831477
13831557
13831721
13831759
13831779
13831841
13831843
13831905
13831917
13832151
13832171
13832205
13832363
13832417
13832473
13832499
13832623
13832869
13832893
13832939
13832941
13832953
13832999
13833035
13833091
13833259
13833307
13833453
13833543
13833549
13833587
13833597
13833693
13833753
13833865
13833881
13833907
13833915
13834131
13834213
13834243
13834319
13834373
13834387
13834493
13834517
13834631
13834665
13834723
13834751
13834759
13834803
13834819
13834821
13834977
13835159
13835239
13835275
13835403
13835439
13835609
13835671
13835967
13836175
13836187
13836263
13836299
13836375
13836431
13836491
13836627
13836679
13836703
13836711
13836765
13836767
13836861
13836937
13836941
13837039
13837053
13837281
13837491
13837527
13837539
13837547
13837725
13837809
13837937
13837989
13837993
13838093
13838157
13838367
13838377
13838625
13838685
13838823
13838877
13839001
13839099
13839147
13839255
13839319
13839321
13839343
13839349
13839401
13839453
13839457
13839657
13839685
13839757
13839907
13839943
13839953
13839975
13840017
13840071
13840169
13840189
13840203
13840207
13840273
13840277
13840379
13840381
13840383
13840521
13840643
13840727
13840751
13840891
13841085
13841141
13841163
13841199
13841213
13841233
13841409
13841633
13841763
13841825
13841861
13841979
13842203
13842207
13842245
13842273
13842291
13842313
13842327
13842387
13842489
13842541
13842589
13842735
13842759
13842791
13842827
13842869
13842873
13842899
13842985
13843003
13843023
13843085
13843159
13843399
13843439
13843453
13843589
13843921
13844133
13844191
13844311
13844481
13844531
13844535
13844631
13844651
13844695
13844823
13844883
13844889
13844957
13845001
13845009
13845045
13845145
13845189
13845201
13845207
13845351
13845445
13845473
13845479
13845507
13845561
13845595
13845599
13845615
13845667
13845821
13845875
13846083
13846103
13846351
13846383
13846405
13846445
13846497
13846553
13846577
13846667
13846675
13846759
13846895
13846897
13846905
13846921
13847113
13847131
13847223
13847249
13847323
13847355
13847637
13847655
13847743
13847761
13847885
13847927
13847955
13848023
13848137
13848311
13848339
13848395
13848443
13848531
13848585
13848603
13848651
13848653
13848967
13849127
13849293
13849297
13849299
13849301
13849311
13849321
13849367
13849451
13849453
13849561
13849563
13849635
13849685
13849771
13849843
13849939
13849947
13849955
13850011
13850041
13850141
13850161
13850237
13850263
13850337
13850353
13850587
13850595
13850609
13850633
13850701
13850777
13850799
13850827
13850917
13850979
13851001
13851205
13851269
13851273
13851295
13851463
13851601
13851843
13851897
13851995
13852061
13852171
13852355
13852429
13852435
13852455
13852465
13852541
13852545
13852619
13852671
13852689
13852705
13852717
13852725
13852751
13852803
13852887
13853023
13853043
13853167
13853297
13853425
13853443
13853501
13853539
13853649
13853681
13853893
13853967
13854145
13854157
13854413
13854475
13854581
13854615
13854871
13854927
13854939
13854951
13855045
13855103
13855131
13855141
13855327
13855397
13855437
13855477
13855527
13855555
13855691
13855703
13855755
13855871
13855875
13855997
13856157
13856177
13856233
13856457
13856535
13856547
13856731
13856859
13857131
13857173
13857285
13857407
13857513
13857571
13857599
13857623
13857639
13857795
13857807
13857901
13857989
13858009
13858205
13858349
13858499
13858575
13858937
13858969
13858985
13859003
13859037
13859047
13859197
13859395
13859467
13859473
13859591
13859639
13859801
13859805
13859809
13859883
13859905
13859931
13859947
13859985
13860049
13860075
13860151
13860175
13860291
13860345
13860429
13860463
13860493
13860559
13860561
13860571
13860613
13860847
13860881
13860887
13861011
13861071
13861111
13861147
13861273
13861341
13861375
13861389
13861481
13861489
13861507
13861547
13861653
13861729
13861731
13861789
13861803
13861903
13861913
13862001
13862045
13862065
13862103
13862163
13862237
13862365
13862449
13862489
13862583
13862711
13862743
13862837
13862847
13862869
13862887
13862899
13862923
13862935
13862959
13863345
13863413
13863555
13863619
13863649
13863657
13863853
13863903
13863959
13864033
13864047
13864115
13864475
13864581
13864697
13864839
13864857
13864871
13864873
13865107
13865181
13865263
13865379
13865427
13865457
13865509
13865569
13865581
13865719
13865751
13865763
13865783
13865903
13865913
13865953
13866005
13866015
13866133
13866135
13866505
13866541
13866545
13866621
13866643
13866759
13866797
13866819
13866867
13866877
13866911
13866921
13867061
13867111
13867133
13867181
13867241
13867273
13867281
13867361
13867461
13867473
13867481
13867535
13867695
13867775
13867853
13867863
13867975
13868117
13868187
13868201
13868465
13868467
13868619
13868633
13868677
13868697
13868879
13868905
13869091
13869093
13869189
13869261
13869419
13869589
13869753
13869847
13869879
13869915
13869981
13870045
13870113
13870123
13870163
13870183
13870263
13870313
13870391
13870461
13870483
13870539
13870643
13870699
13870701
13870803
13870909
13870921
13870969
13870989
13871041
13871087
13871161
13871199
13871203
13871235
13871359
13871375
13871491
13871501
13871569
13871611
13871667
13871683
13871813
13871991
13871995
13872031
13872131
13872221
13872245
13872299
13872335
13872495
13872561
13872577
13872599
13872601
13872665
13872849
13872923
13872925
13872957
13873113
13873287
13873311
13873401
13873403
13873437
13873451
13873583
13873621
13873643
13873715
13873757
13873839
13873899
13873997
13874061
13874117
13874139
13874147
13874359
13874595
13874799
13874907
13874961
13875027
13875121
13875231
13875305
13875427
13875431
13875527
13875603
13875615
13875649
13875651
13875671
13875745
13875771
13875803
13875827
13875837
13875867
13875881
13875987
13876137
13876229
13876253
13876259
13876265
13876287
13876421
13876463
13876529
13876697
13876833
13876903
13876925
13876941
13876971
13876979
13877001
13877175
13877181
13877197
13877369
13877433
13877451
13877473
13877475
13877477
13877559
13877587
13877685
13877715
13877851
13878091
13878211
13878249
13878277
13878351
13878407
13878471
13878473
13878527
13878639
13878721
13878749
13878763
13878787
13878825
13878881
13878905
13878915
13878983
13879091
13879101
13879295
13879417
13879487
13879639
13879641
13879649
13879703
13879815
13880031
13880075
13880095
13880233
13880281
13880383
13880423
13880495
13880523
13880741
13880867
13881051
13881079
13881193
13881243
13881285
13881287
13881377
13881449
13881585
13881635
13881637
13881771
13881943
13881985
13882265
13882277
13882317
13882345
13882631
13882633
13882665
13882769
13882805
13882905
13882957
13882967
13882969
13882993
13883015
13883085
13883113
13883185
13883189
13883221
13883313
13883357
13883393
13883523
13883607
13883663
13883725
13883839
13883905
13883977
13884003
13884099
13884201
13884347
13884363
13884369
13884371
13884381
13884393
13884411
13884479
13884629
13884769
13884815
13885139
13885167
13885177
13885295
13885379
13885395
13885629
13885665
13885721
13885733
13885801
13885879
13885925
13886089
13886099
13886191
13886261
13886319
13886323
13886355
13886357
13886441
13886741
13886995
13887041
13887207
13887211
13887257
13887343
13887361
13887457
13887477
13887481
13887505
13887587
13887593
13887613
13887681
13887695
13887975
13888035
13888065
13888325
13888467
13888579
13888639
13888647
13888715
13888837
13888955
13889095
13889201
13889245
13889265
13889279
13889407
13889433
13889545
13889551
13889621
13889631
13889835
13889897
13889901
13890123
13890131
13890217
13890287
13890447
13890471
13890503
13890683
13890845
13890885
13891015
13891143
13891343
13891539
13891625
13891635
13891717
13891855
13891941
13891951
13892005
13892013
13892093
13892221
13892349
13892353
13892441
13892517
13892521
13892587
13892653
13892745
13892777
13892839
13893001
13893089
13893137
13893175
13893187
13893227
13893253
13893267
13893325
13893347
13893487
13893601
13893657
13893723
13893777
13893819
13893939
13893985
13894029
13894095
13894101
13894117
13894151
13894223
13894233
13894243
13894377
13894425
13894437
13894441
13894545
13894603
13894629
13894679
13894701
13894823
13894921
13894957
13894999
13895383
13895421
13895589
13895647
13895677
13895773
13895911
13896009
13896031
13896117
13896119
13896349
13896427
13896461
13896547
13896549
13896761
13896769
13896777
13896807
13896875
13896913
13896965
13897023
13897049
13897057
13897071
13897075
13897115
13897159
13897185
13897195
13897261
13897583
13897615
13897699
13897773
13897801
13897867
13898027
13898079
13898085
13898313
13898325
13898483
13898607
13898629
13898745
13898837
13898931
13898935
13898959
13899069
13899143
13899153
13899179
13899275
13899325
13899377
13899409
13899535
13899561
13899593
13899633
13899679
13899765
13899769
13899783
13899817
13899823
13899847
13899849
13899901
13900063
13900331
13900365
13900455
13900513
13900549
13900567
13900577
13900659
13900769
13900823
13900861
13900887
13900997
13901163
13901279
13901425
13901545
13901615
13901693
13901761
13901771
13901773
13901823
13901917
13901925
13902073
13902105
13902519
13902625
13902703
13902717
13902729
13902773
13902783
13902855
13902887
13902913
13903035
13903097
13903209
13903211
13903231
13903521
13903613
13903749
13903765
13903775
13903813
13903829
13903847
13903951
13903977
13903981
13904045
13904117
13904165
13904233
13904235
13904389
13904415
13904535
13904573
13904585
13904633
13904747
13904751
13904795
13904803
13904815
13904817
13904835
13904851
13904977
13904989
13905039
13905237
13905265
13905397
13905451
13905453
13905479
13905615
13905705
13905749
13905763
13905887
13905897
13905911
13906067
13906171
13906189
13906233
13906247
13906259
13906349
13906453
13906611
13906779
13906811
13906817
13907115
13907155
13907181
13907253
13907279
13907449
13907579
13907581
13907587
13907609
13907763
13907907
13907997
13908057
13908113
13908195
13908225
13908253
13908307
13908327
13908389
13908469
13908479
13908541
13908589
13908595
13908607
13908625
13908635
13908675
13908729
13908757
13908783
13908821
13908827
13908841
13908873
13908929
13908997
13909027
13909103
13909113
13909175
13909297
13909461
13909601
13909613
13909623
13909767
13909769
13909879
13909973
13909991
13910115
13910301
13910381
13910435
13910543
13910561
13910799
13910801
13910941
13911163
13911179
13911401
13911453
13911553
13911781
13911829
13911853
13911869
13911875
13911925
13912015
13912157
13912175
13912297
13912437
13912601
13912649
13912701
13912735
13912803
13912843
13912879
13912897
13913011
13913093
13913127
13913145
13913199
13913211
13913275
13913367
13913497
13913535
13913559
13913639
13913669
13913771
13913831
13913863
13913911
13914091
13914173
13914223
13914237
13914303
13914397
13914557
13914623
13914629
13914815
13914919
13914997
13915039
13915071
13915079
13915119
13915125
13915249
13915311
13915317
13915563
13915679
13915713
13915787
13915825
13915861
13915895
13915929
13915995
13916217
13916227
13916235
13916255
13916317
13916321
13916347
13916363
13916507
13916541
13916555
13916581
13916595
13916771
13916795
13916807
13916895
13916999
13917147
13917211
13917247
13917383
13917585
13917707
13917713
13917843
13917863
13917937
13918067
13918297
13918415
13918641
13918683
13918735
13918749
13919087
13919117
13919159
13919289
13919335
13919409
13919645
13919659
13919701
13919797
13919845
13919871
13919873
13919879
13919897
13919961
13920035
13920227
13920229
13920241
13920255
13920291
13920429
13920513
13920531
13920599
13920605
13920649
13920699
13920711
13920713
13920759
13920993
13921043
13921133
13921175
13921233
13921283
13921387
13921391
13921405
13921441
13921665
13921763
13921941
13922051
13922093
13922101
13922177
13922199
13922209
13922251
13922305
13922759
13922765
13922877
13922931
13922971
13923107
13923159
13923243
13923315
13923375
13923381
13923395
13923437
13923453
13923479
13923503
13923577
13923581
13923721
13923737
13923783
13923821
13923871
13923881
13923947
13924003
13924053
13924097
13924117
13924151
13924173
13924293
13924355
13924569
13924699
13924707
13924731
13924857
13925005
13925023
13925127
13925147
13925165
13925201
13925205
13925209
13925239
13925247
13925333
13925423
13925453
13925625
13925703
13925711
13925751
13925767
13925769
13925853
13926109
13926313
13926377
13926383
13926527
13926541
13926559
13926585
13926715
13926793
13926863
13926889
13926959
13926975
13926995
13927043
13927067
13927113
13927141
13927163
13927179
13927225
13927267
13927397
13927469
13927485
13927491
13927557
13927563
13927619
13927747
13927749
13927815
13927907
13928083
13928111
13928165
13928195
13928241
13928289
13928337
13928411
13928671
13928837
13929161
13929281
13929377
13929405
13929509
13929541
13929753
13929815
13929953
13929959
13930013
13930033
13930057
13930083
13930099
13930289
13930311
13930351
13930521
13930759
13930833
13930837
13930935
13930983
13931007
13931019
13931043
13931051
13931137
13931281
13931423
13931549
13931757
13931769
13931805
13931815
13931835
13931911
13931949
13932135
13932183
13932427
13932483
13932545
13932715
13932745
13932763
13932901
13933053
13933069
13933103
13933169
13933193
13933231
13933271
13933533
13933665
13933741
13933775
13933871
13933967
13934003
13934055
13934065
13934155
13934211
13934217
13934265
13934271
13934425
13934427
13934553
13934595
13934615
13934823
13934837
13934921
13934945
13935043
13935219
13935319
13935335
13935347
13935361
13935413
13935429
13935513
13935519
13935631
13935639
13935681
13935849
13935891
13936043
13936143
13936181
13936413
13936421
13936465
13936481
13936497
13936693
13936705
13936813
13936859
13936889
13936895
13936977
13937141
13937163
13937291
13937343
13937441
13937551
13937573
13937601
13937661
13937807
13937891
13937917
13938459
13938471
13938503
13938587
13938599
13938743
13938781
13938863
13938873
13938925
13938959
13939061
13939071
13939277
13939295
13939315
13939395
13939487
13939507
13939575
13939593
13939601
13939703
13939729
13939777
13939813
13939885
13939955
13940021
13940101
13940185
13940259
13940281
13940361
13940509
13940547
13940553
13940585
13940589
13940611
13940717
13940769
13940775
13940835
13941193
13941199
13941213
13941307
13941413
13941487
13941517
13941853
13942075
13942087
13942173
13942257
13942277
13942283
13942397
13942429
13942457
13942463
13942611
13942757
13942797
13942845
13942927
13943067
13943085
13943087
13943195
13943215
13943225
13943369
13943405
13943463
13943577
13943703
13943729
13943895
13943947
13943975
13944089
13944219
13944251
13944275
13944347
13944381
13944415
13944417
13944519
13944575
13944719
13944875
13944939
13945103
13945109
13945209
13945269
13945327
13945367
13945397
13945407
13945409
13945505
13945519
13945527
13945569
13945599
13945657
13945683
13945689
13945775
13945779
13945785
13945845
13945853
13945897
13945899
13945921
13945991
13946049
13946183
13946259
13946281
13946361
13946431
13946437
13946443
13946539
13946731
13946761
13946947
13946949
13946989
13946999
13947009
13947245
13947257
13947321
13947419
13947493
13947495
13947501
13947689
13947775
13948003
13948015
13948215
13948285
13948293
13948367
13948377
13948453
13948557
13948601
13948623
13948659
13948751
13948875
13948889
13948891
13948899
13948973
13948975
13948999
13949133
13949205
13949273
13949369
13949391
13949423
13949441
13949459
13949499
13949521
13949603
13949613
13949619
13949641
13949655
13949759
13949811
13949863
13950039
13950057
13950159
13950173
13950233
13950355
13950363
13950373
13950447
13950525
13950601
13950669
13950977
13951041
13951159
13951269
13951315
13951351
13951461
13951497
13951523
13951703
13951851
13951867
13951945
13951971
13952115
13952255
13952277
13952323
13952345
13952405
13952463
13952505
13952595
13952641
13952701
13952755
13952883
13952889
13952989
13953133
13953219
13953259
13953355
13953497
13953941
13954015
13954123
13954259
13954391
13954419
13954427
13954509
13954579
13954621
13954641
13954673
13954717
13954777
13954817
13954905
13954917
13954941
13954955
13955015
13955073
13955105
13955149
13955231
13955299
13955333
13955363
13955383
13955385
13955523
13955545
13955659
13955689
13955695
13955739
13955817
13955821
13955881
13955969
13955977
13956045
13956069
13956085
13956209
13956253
13956307
13956389
13956633
13956719
13956783
13956941
13957111
13957133
13957163
13957425
13957485
13957531
13957537
13957633
13957645
13957697
13957825
13957869
13957875
13957917
13957947
13958031
13958193
13958235
13958295
13958343
13958403
13958543
13958665
13958729
13958769
13958809
13958899
13959083
13959149
13959175
13959181
13959485
13959493
13959699
13959751
13959771
13959795
13959853
13959965
13960069
13960073
13960137
13960167
13960337
13960409
13960443
13960447
13960457
13960509
13960543
13960601
13960603
13960741
13960793
13960823
13960849
13960865
13960887
13960989
13961019
13961087
13961187
13961195
13961223
13961263
13961345
13961365
13961573
13961595
13961607
13961615
13961683
13961701
13961735
13961803
13961877
13961959
13962035
13962095
13962171
13962239
13962309
13962347
13962379
13962403
13962449
13962641
13962651
13962691
13962865
13962951
13963009
13963091
13963103
13963113
13963329
13963419
13963543
13963639
13963937
13964037
13964049
13964145
13964167
13964185
13964241
13964243
13964277
13964353
13964461
13964517
13964547
13964581
13964627
13964705
13964787
13964847
13964937
13965047
13965049
13965061
13965113
13965143
13965431
13965611
13965683
13965709
13965751
13965781
13965783
13965813
13965907
13966225
13966259
13966293
13966399
13966671
13966727
13966747
13966761
13966819
13966849
13966945
13967159
13967249
13967281
13967309
13967325
13967329
13967379
13967431
13967533
13967565
13967597
13967603
13967621
13967797
13967911
13968165
13968167
13968185
13968221
13968253
13968287
13968295
13968357
13968403
13968459
13968467
13968571
13968629
13968743
13968799
13968875
13968981
13969117
13969211
13969225
13969253
13969261
13969429
13969439
13969479
13969539
13969639
13969643
13969705
13969717
13969777
13969857
13970039
13970051
13970055
13970177
13970239
13970355
13970433
13970485
13970515
13970559
13970593
13970711
13970777
13971047
13971077
13971097
13971109
13971177
13971195
13971197
13971227
13971287
13971495
13971527
13971529
13971545
13971757
13971793
13971795
13971915
13971923
13972291
13972299
13972315
13972459
13972501
13972575
13972577
13972617
13972647
13972671
13972987
13973005
13973127
13973141
13973229
13973271
13973447
13973463
13973505
13973543
13973669
13973731
13973779
13973811
13973843
13973863
13973879
13973965
13973973
13973975
13974109
13974113
13974175
13974233
13974247
13974283
13974313
13974323
13974843
13974887
13974947
13974971
13974991
13975081
13975183
13975213
13975261
13975375
13975453
13975473
13975537
13975557
13975721
13975937
13976051
13976091
13976099
13976131
13976233
13976349
13976385
13976399
13976497
13976595
13976643
13976889
13976897
13976937
13976989
13977075
13977113
13977115
13977147
13977153
13977157
13977159
13977167
13977297
13977327
13977431
13977593
13977609
13977619
13977669
13977705
13977727
13977823
13977965
13978063
13978145
13978163
13978309
13978361
13978379
13978491
13978599
13978605
13978661
13978677
13978711
13978723
13978743
13978847
13978959
13978977
13979021
13979215
13979263
13979277
13979281
13979357
13979389
13979519
13979617
13979619
13979627
13979669
13979727
13979803
13979867
13979923
13980037
13980103
13980237
13980255
13980257
13980281
13980545
13980587
13980599
13980617
13980625
13980763
13980903
13980981
13980995
13981103
13981201
13981423
13981443
13981499
13981675
13981839
13981879
13982005
13982109
13982161
13982177
13982179
13982233
13982277
13982341
13982385
13982405
13982439
13982489
13982509
13982563
13982661
13982695
13982709
13982723
13982743
13982753
13982797
13982831
13982863
13982901
13982913
13982953
13983071
13983365
13983455
13983503
13983545
13983617
13983625
13983643
13983677
13983699
13983705
13983711
13983715
13983785
13983817
13983861
13983885
13983955
13984049
13984079
13984125
13984199
13984303
13984309
13984369
13984411
13984431
13984485
13984667
13984767
13984793
13984817
13984913
13985093
13985257
13985309
13985379
13985423
13985429
13985461
13985521
13985597
13985611
13985655
13985657
13985665
13985683
13985833
13985835
13985921
13985943
13985945
13985951
13986051
13986277
13986335
13986377
13986387
13986451
13986631
13986635
13986665
13986699
13986717
13986833
13986963
13987087
13987453
13987487
13987545
13987611
13987621
13987829
13987873
13987909
13987917
13987961
13987999
13988041
13988057
13988135
13988197
13988247
13988387
13988417
13988541
13988561
13988655
13988657
13988719
13988759
13988769
13988771
13988815
13988909
13988983
13988987
13989067
13989229
13989367
13989427
13989433
13989441
13989625
13989633
13989663
13989697
13989725
13989787
13989847
13989927
13989979
13990285
13990327
13990393
13990423
13990517
13990577
13990609
13990615
13990641
13990711
13990745
13990785
13990821
13990931
13990989
13991015
13991057
13991127
13991133
13991189
13991241
13991317
13991329
13991379
13991413
13991459
13991475
13991491
13991565
13991673
13991675
13991711
13991803
13992135
13992249
13992339
13992409
13992423
13992519
13992545
13992643
13992771
13992793
13992873
13992933
13993033
13993173
13993177
13993181
13993221
13993307
13993385
13993515
13993543
13993555
13994013
13994099
13994233
13994427
13994587
13994853
13994869
13994933
13994945
13995089
13995129
13995239
13995341
13995577
13995591
13995649
13995753
13995887
13995983
13996055
13996223
13996301
13996503
13996533
13996671
13996835
13996859
13996907
13997053
13997079
13997093
13997143
13997401
13997455
13997579
13997693
13997709
13997743
13997833
13997851
13997957
13998005
13998047
13998347
13998489
13998519
13998523
13998603
13998679
13998981
13999219
13999367
13999431
13999623
13999675
13999687
13999781
13999795
13999817
13999839
13999869
13999897
13999993
