# proven primes: b with (b^16+1)/2 prime (aprcl), block [14000000,15000000)
14000053
14000171
14000261
14000419
14000425
14000495
14000621
14000633
14000671
14000683
14000701
14000729
14000877
14000919
14001055
14001087
14001141
14001169
14001195
14001211
14001259
14001337
14001361
14001371
14001403
14001471
14001479
14001537
14001599
14001663
14001707
14001765
14001799
14001877
14002045
14002079
14002115
14002201
14002223
14002277
14002307
14002359
14002569
14002685
14002695
14002825
14002877
14002981
14003029
14003041
14003117
14003161
14003267
14003269
14003315
14003325
14003403
14003535
14003667
14003721
14003859
14004113
14004257
14004293
14004309
14004465
14004479
14004485
14004585
14004665
14004697
14004707
14004757
14004881
14004885
14004889
14004957
14004971
14005089
14005191
14005231
14005243
14005309
14005513
14005747
14005843
14005855
14005857
14005861
14006099
14006177
14006203
14006219
14006249
14006333
14006347
14006415
14006525
14006527
14006777
14006895
14006963
14006977
14007109
14007127
14007175
14007245
14007307
14007359
14007473
14007537
14007591
14007685
14007711
14007797
14007843
14007957
14007959
14007961
14007997
14008017
14008047
14008075
14008079
14008085
14008097
14008135
14008241
14008461
14008551
14008653
14008661
14008789
14008827
14008851
14009131
14009169
14009171
14009211
14009221
14009331
14009421
14009473
14009509
14009531
14009557
14009651
14009709
14009715
14009731
14009809
14009979
14010051
14010091
14010257
14010329
14010357
14010381
14010455
14010483
14010585
14010643
14010713
14010813
14011011
14011045
14011081
14011083
14011169
14011181
14011311
14011333
14011419
14011429
14011467
14011477
14011521
14011651
14011687
14011757
14011831
14011893
14011981
14012021
14012047
14012055
14012193
14012197
14012203
14012257
14012427
14012443
14012705
14012707
14012777
14012929
14012977
14013067
14013307
14013353
14013479
14013677
14013769
14013957
14013985
14014009
14014113
14014115
14014219
14014231
14014253
14014361
14014401
14014427
14014489
14014539
14014591
14014667
14014695
14014793
14014795
14015007
14015503
14015611
14015641
14015665
14015671
14015753
14015813
14015853
14015883
14015927
14015965
14016079
14016121
14016217
14016353
14016385
14016391
14016469
14016521
14016531
14016871
14016889
14016915
14017187
14017361
14017755
14017757
14017811
14017841
14017857
14018013
14018055
14018075
14018399
14018741
14018781
14018801
14018871
14018963
14019083
14019189
14019287
14019361
14019393
14019503
14019519
14019529
14019555
14019579
14019803
14019811
14019835
14019895
14019921
14019933
14020019
14020081
14020089
14020101
14020139
14020159
14020233
14020383
14020417
14020553
14020595
14020663
14020689
14020759
14020841
14020963
14020983
14021015
14021229
14021333
14021511
14021561
14021775
14021891
14021979
14022047
14022115
14022235
14022255
14022283
14022349
14022399
14022441
14022537
14022593
14022655
14022707
14022715
14022731
14022845
14022879
14022901
14022993
14022999
14023035
14023049
14023087
14023203
14023283
14023291
14023297
14023349
14023381
14023463
14023739
14023801
14023995
14024055
14024131
14024147
14024281
14024309
14024495
14024511
14024535
14024633
14024685
14024759
14024951
14024971
14025117
14025197
14025317
14025319
14025419
14025547
14025727
14025771
14025789
14025899
14025923
14025993
14026019
14026053
14026087
14026093
14026159
14026279
14026551
14026573
14026631
14026855
14026873
14026879
14026893
14026965
14027129
14027159
14027321
14027363
14027537
14027565
14027575
14027579
14027637
14027643
14027653
14027725
14027775
14027839
14027871
14028033
14028075
14028123
14028137
14028177
14028333
14028387
14028419
14028513
14028515
14028701
14028819
14028931
14029005
14029243
14029303
14029417
14029449
14029525
14029619
14029627
14029657
14029687
14029693
14029739
14029871
14029907
14029969
14029981
14029999
14030171
14030553
14030833
14030993
14031045
14031235
14031243
14031327
14031429
14031475
14031595
14031719
14031741
14031745
14031847
14031891
14032007
14032171
14032211
14032261
14032371
14032479
14032511
14032519
14032521
14032543
14032571
14032637
14032881
14032907
14033051
14033185
14033283
14033325
14033475
14033611
14033645
14033705
14033783
14033839
14034117
14034189
14034317
14034325
14034463
14034687
14034697
14034703
14034721
14034723
14034729
14034747
14034767
14034779
14034847
14034869
14034901
14034929
14034973
14034987
14035025
14035031
14035051
14035077
14035285
14035349
14035565
14035597
14035635
14035789
14035897
14036019
14036065
14036111
14036215
14036263
14036475
14036495
14036529
14036561
14036587
14036853
14036863
14036883
14036907
14036971
14037169
14037197
14037201
14037363
14037479
14037505
14037525
14037561
14037565
14037607
14037609
14037739
14037915
14038031
14038039
14038067
14038135
14038143
14038193
14038303
14038343
14038391
14038429
14038525
14038599
14038705
14038839
14038859
14038863
14038917
14038925
14038977
14038997
14039069
14039195
14039393
14039427
14039561
14039639
14039673
14039845
14039903
14039959
14039995
14040021
14040119
14040141
14040265
14040301
14040333
14040361
14040421
14040519
14040707
14040803
14040857
14040863
14040891
14040915
14040969
14041049
14041111
14041147
14041177
14041359
14041443
14041795
14041945
14042085
14042141
14042505
14042663
14042685
14042713
14042869
14042871
14042917
14043081
14043093
14043137
14043139
14043197
14043299
14043375
14043463
14043747
14043755
14043807
14043865
14043935
14044149
14044183
14044221
14044229
14044255
14044479
14044509
14044793
14044833
14044835
14044849
14044897
14045121
14045131
14045227
14045285
14045409
14045695
14045755
14045829
14045955
14045991
14046147
14046385
14046499
14046715
14046755
14046811
14046843
14047061
14047155
14047185
14047253
14047385
14047523
14047563
14047567
14047611
14047633
14047729
14047763
14047775
14047833
14048355
14048377
14048585
14048613
14048775
14048915
14049105
14049123
14049139
14049213
14049269
14049303
14049423
14049433
14049447
14049483
14049513
14049517
14049603
14049617
14049635
14049803
14049855
14049861
14050059
14050111
14050169
14050181
14050341
14050397
14050483
14050537
14050571
14050591
14050597
14050765
14050867
14051019
14051067
14051285
14051405
14051641
14051647
14051663
14051791
14051849
14051883
14051889
14051907
14051927
14051941
14052009
14052061
14052107
14052155
14052189
14052207
14052287
14052407
14052491
14052493
14052621
14052669
14052767
14052819
14052967
14052999
14053165
14053237
14053269
14053453
14053467
14053493
14053595
14053837
14053871
14053907
14053917
14054027
14054125
14054297
14054345
14054421
14054487
14054511
14054557
14054727
14054745
14054805
14054879
14054907
14054935
14055045
14055053
14055073
14055095
14055155
14055165
14055243
14055515
14055591
14055675
14055693
14055763
14055773
14055801
14055869
14055953
14055985
14056137
14056239
14056241
14056297
14056557
14056655
14056689
14056717
14056737
14056779
14056867
14056933
14056965
14056967
14057215
14057293
14057347
14057495
14057535
14057631
14057661
14057747
14057847
14058013
14058131
14058211
14058323
14058443
14058447
14058559
14058563
14058615
14058635
14058703
14058743
14058745
14058759
14058829
14058985
14059173
14059197
14059339
14059493
14059509
14059545
14059653
14059705
14059725
14059727
14059787
14059837
14060013
14060061
14060161
14060223
14060239
14060437
14060477
14060521
14060577
14060579
14060645
14060709
14060813
14060855
14061013
14061045
14061073
14061151
14061159
14061223
14061293
14061319
14061325
14061349
14061379
14061427
14061451
14061517
14061711
14061713
14061741
14061817
14061883
14061927
14062019
14062191
14062219
14062363
14062383
14062437
14062515
14062537
14062589
14062591
14062599
14062649
14062655
14062695
14062697
14062765
14062981
14063065
14063149
14063197
14063225
14063249
14063283
14063315
14063409
14063619
14063783
14063809
14063829
14063889
14064209
14064211
14064235
14064241
14064357
14064419
14064727
14064765
14064769
14064781
14064901
14064977
14064979
14065013
14065059
14065093
14065159
14065173
14065287
14065307
14065317
14065375
14065403
14065559
14065759
14065871
14066055
14066059
14066081
14066127
14066257
14066279
14066299
14066391
14066393
14066417
14066503
14066509
14066581
14066625
14066659
14066787
14066899
14066957
14066989
14067023
14067049
14067053
14067059
14067101
14067217
14067219
14067307
14067311
14067359
14067481
14067525
14067527
14067715
14067731
14067759
14067797
14067809
14067931
14068009
14068107
14068117
14068183
14068347
14068359
14068371
14068385
14068457
14068487
14068597
14068605
14068627
14068707
14068775
14068885
14069017
14069021
14069177
14069271
14069387
14069401
14069421
14069439
14069457
14069459
14069487
14069689
14069699
14069797
14070075
14070195
14070367
14070461
14070511
14070555
14070609
14070649
14070669
14070675
14070783
14070837
14070859
14070895
14070905
14070981
14071023
14071161
14071289
14071467
14071513
14071543
14071683
14071687
14071747
14071755
14071819
14071851
14071861
14071897
14071905
14071959
14071973
14072009
14072021
14072057
14072089
14072153
14072157
14072181
14072465
14072483
14072627
14072695
14072775
14073175
14073187
14073285
14073317
14073365
14073631
14073639
14073687
14073693
14073845
14073933
14073949
14074017
14074089
14074101
14074269
14074273
14074337
14074359
14074411
14074413
14074601
14074795
14074807
14074921
14074923
14074927
14074951
14075041
14075049
14075141
14075323
14075335
14075341
14075381
14075397
14075483
14075489
14075493
14075535
14075631
14075731
14075761
14075765
14075817
14075969
14075979
14076029
14076067
14076081
14076173
14076279
14076343
14076367
14076415
14076511
14076553
14076677
14076823
14076953
14077041
14077149
14077169
14077247
14077325
14077367
14077425
14077441
14077451
14077453
14077563
14077601
14077693
14077761
14077843
14078027
14078095
14078145
14078207
14078223
14078351
14078375
14078461
14078485
14078579
14078651
14078663
14078783
14078849
14078885
14079205
14079243
14079453
14079459
14079589
14079641
14079653
14079683
14079737
14079863
14079949
14079961
14080043
14080057
14080285
14080313
14080315
14080361
14080385
14080479
14080559
14080813
14080849
14080865
14080897
14080915
14080983
14081133
14081269
14081319
14081357
14081523
14081577
14081655
14081907
14082107
14082381
14082395
14082831
14083051
14083121
14083195
14083329
14083587
14083709
14083809
14083849
14083947
14083979
14084115
14084119
14084197
14084227
14084237
14084265
14084267
14084295
14084365
14084647
14084695
14084879
14084921
14084987
14085101
14085393
14085403
14085471
14085577
14085729
14085819
14085861
14085899
14085951
14085961
14086131
14086195
14086241
14086311
14086329
14086337
14086369
14086421
14086451
14086523
14086559
14086593
14086637
14086695
14086731
14086749
14086849
14086865
14086981
14087079
14087123
14087331
14087391
14087461
14087605
14087731
14087733
14087835
14087859
14087881
14087885
14087917
14087965
14088007
14088071
14088307
14088337
14088345
14088359
14088381
14088441
14088473
14088497
14088607
14088645
14088659
14088697
14088773
14088819
14088847
14089229
14089253
14089303
14089517
14089675
14089733
14089797
14089861
14089919
14089987
14090053
14090191
14090257
14090349
14090513
14090543
14090669
14090791
14090971
14091237
14091243
14091273
14091363
14091387
14091525
14091567
14091847
14091959
14092023
14092163
14092169
14092195
14092249
14092339
14092393
14092397
14092627
14092699
14092845
14092909
14093101
14093153
14093195
14093205
14093209
14093217
14093497
14093553
14093735
14093751
14093947
14094105
14094347
14094351
14094369
14094423
14094509
14094527
14094529
14094541
14094561
14094579
14094653
14094665
14094709
14094713
14094791
14094803
14094887
14094919
14095203
14095433
14095457
14095481
14095591
14095669
14095821
14095855
14095955
14095979
14096007
14096027
14096047
14096089
14096153
14096177
14096205
14096217
14096327
14096443
14096573
14096757
14096851
14096863
14096877
14096987
14097099
14097155
14097179
14097245
14097385
14097395
14097439
14097511
14097531
14097629
14097761
14097825
14097875
14097883
14097907
14097941
14097965
14098021
14098099
14098125
14098131
14098145
14098163
14098167
14098213
14098475
14098539
14098611
14098691
14098715
14098843
14098871
14098893
14098901
14098971
14099109
14099113
14099121
14099175
14099185
14099251
14099267
14099373
14099381
14099515
14099535
14099613
14099855
14099963
14100041
14100153
14100221
14100383
14100487
14100489
14100621
14100689
14100719
14100811
14100831
14100833
14100963
14100981
14101001
14101107
14101157
14101257
14101269
14101289
14101317
14101371
14101399
14101497
14101655
14101683
14101689
14101763
14101811
14101825
14101885
14102077
14102091
14102199
14102263
14102367
14102453
14102455
14102475
14102543
14102549
14102583
14102733
14102749
14102945
14102983
14103015
14103053
14103089
14103137
14103223
14103261
14103409
14103505
14103671
14103799
14103827
14104007
14104017
14104099
14104201
14104267
14104307
14104325
14104341
14104419
14104731
14104769
14104823
14104885
14104975
14105123
14105315
14105343
14105431
14105593
14105611
14105645
14105765
14105905
14106031
14106107
14106357
14106395
14106407
14106445
14106467
14106487
14106559
14106601
14106675
14106751
14106763
14106799
14106939
14107065
14107089
14107091
14107231
14107305
14107397
14107455
14107519
14107587
14107591
14107607
14107667
14107755
14107771
14107783
14107851
14107857
14107863
14107905
14107949
14107979
14108015
14108029
14108105
14108143
14108209
14108355
14108383
14108431
14108443
14108509
14108549
14108571
14108681
14108779
14108821
14108861
14108869
14108873
14108919
14108953
14108977
14109027
14109167
14109267
14109303
14109353
14109365
14109395
14109401
14109411
14109467
14109517
14109521
14109589
14109607
14109653
14109729
14109783
14109785
14109817
14109959
14110001
14110093
14110203
14110205
14110227
14110287
14110367
14110403
14110477
14110507
14110533
14110599
14110651
14110929
14110991
14111017
14111119
14111163
14111337
14111361
14111485
14111753
14111769
14111901
14111923
14112013
14112035
14112041
14112121
14112153
14112165
14112177
14112199
14112245
14112305
14112325
14112435
14112653
14112719
14112957
14113277
14113321
14113391
14113403
14113479
14113573
14113715
14113781
14113853
14113877
14113895
14113929
14114111
14114185
14114193
14114253
14114281
14114349
14114375
14114431
14114669
14114707
14114755
14114769
14114823
14114831
14114899
14114961
14115019
14115043
14115045
14115251
14115273
14115383
14115411
14115595
14115799
14116007
14116013
14116029
14116075
14116097
14116143
14116151
14116251
14116335
14116371
14116407
14116437
14116443
14116459
14116645
14116711
14116727
14116749
14116851
14116969
14117083
14117089
14117103
14117113
14117177
14117185
14117187
14117279
14117309
14117365
14117369
14117463
14117567
14117605
14117611
14117615
14117697
14117703
14117729
14117825
14117833
14117867
14117919
14117951
14117969
14117971
14117975
14118109
14118171
14118187
14118209
14118437
14118549
14118619
14118665
14118821
14118993
14119045
14119121
14119191
14119279
14119283
14119363
14119455
14119621
14119705
14119751
14119877
14119959
14120085
14120185
14120195
14120237
14120263
14120323
14120325
14120543
14120595
14120763
14120781
14120785
14120955
14121057
14121285
14121293
14121333
14121365
14121507
14121685
14121719
14121735
14121749
14121819
14121835
14121841
14121855
14121857
14121965
14122101
14122119
14122213
14122217
14122239
14122283
14122371
14122423
14122451
14122535
14122569
14122621
14122659
14122675
14122873
14122947
14122975
14122995
14123005
14123197
14123209
14123215
14123289
14123431
14123507
14123875
14123927
14123963
14123977
14124067
14124349
14124385
14124501
14124525
14124569
14124631
14124637
14124749
14124757
14124853
14124953
14125033
14125055
14125197
14125287
14125365
14125507
14125539
14125563
14125599
14125635
14125651
14125841
14125919
14125933
14125949
14126003
14126021
14126151
14126213
14126441
14126529
14126667
14126715
14126719
14126735
14126811
14126833
14126911
14126947
14126977
14127023
14127065
14127163
14127165
14127217
14127221
14127263
14127269
14127289
14127425
14127489
14127511
14127589
14127647
14127745
14127767
14127797
14127905
14127931
14127949
14127989
14128045
14128131
14128147
14128169
14128315
14128391
14128627
14128669
14128671
14128761
14128833
14128857
14128973
14129045
14129053
14129067
14129133
14129255
14129317
14129375
14129439
14129493
14129531
14129677
14129685
14129787
14129799
14130097
14130127
14130259
14130289
14130345
14130347
14130355
14130395
14130405
14130417
14130713
14130735
14130807
14130819
14130899
14130917
14130989
14130997
14131061
14131163
14131177
14131239
14131287
14131299
14131345
14131359
14131427
14131495
14131555
14131759
14131873
14131895
14131909
14132033
14132101
14132151
14132153
14132219
14132329
14132437
14132453
14132463
14132499
14132801
14132869
14132921
14132953
14132973
14133037
14133187
14133451
14133479
14133499
14133735
14133877
14134165
14134247
14134305
14134323
14134415
14134489
14134491
14134551
14134563
14134651
14134655
14134671
14134883
14134899
14134961
14135365
14135417
14135437
14135447
14135501
14135569
14135785
14135787
14135893
14135943
14135993
14136015
14136083
14136183
14136351
14136429
14136553
14136801
14136811
14136861
14136865
14136901
14136909
14136945
14136947
14136961
14137155
14137209
14137289
14137297
14137503
14137565
14137913
14137931
14137987
14138141
14138165
14138237
14138243
14138309
14138335
14138345
14138353
14138393
14138455
14138511
14138597
14138753
14138873
14138901
14138997
14138999
14139015
14139091
14139135
14139169
14139431
14139475
14139663
14139691
14139715
14139729
14139777
14139889
14139985
14140075
14140163
14140175
14140215
14140313
14140351
14140377
14140391
14140423
14140549
14140719
14140733
14140829
14140855
14140911
14141131
14141263
14141437
14141457
14141465
14141671
14141723
14141823
14141885
14141993
14141995
14142027
14142047
14142139
14142155
14142173
14142191
14142297
14142349
14142441
14142493
14142505
14142517
14142591
14142603
14142643
14142685
14142841
14142895
14142909
14142947
14142963
14143045
14143097
14143281
14143289
14143355
14143409
14143571
14143811
14143871
14143943
14144049
14144069
14144211
14144429
14144505
14144507
14144567
14144581
14144597
14144659
14144687
14144729
14144765
14144889
14144915
14145137
14145217
14145233
14145293
14145313
14145499
14145585
14145629
14145665
14145725
14145761
14145791
14145957
14146045
14146075
14146121
14146139
14146163
14146243
14146287
14146361
14146381
14146395
14146601
14146781
14146783
14146787
14146789
14146925
14147001
14147083
14147209
14147257
14147267
14147277
14147347
14147429
14147449
14147573
14147705
14147807
14147839
14147871
14147909
14147979
14148197
14148261
14148407
14148615
14148617
14148619
14148719
14148751
14148917
14148997
14149011
14149039
14149091
14149111
14149115
14149183
14149219
14149389
14149425
14149489
14149509
14149553
14149555
14149613
14149749
14149801
14149843
14149881
14149941
14149957
14149963
14150119
14150125
14150159
14150207
14150329
14150367
14150407
14150409
14150431
14150547
14150569
14150603
14150613
14150635
14150675
14150683
14150713
14150787
14150809
14151015
14151139
14151145
14151179
14151207
14151249
14151337
14151451
14151727
14151823
14151827
14151847
14151879
14152007
14152049
14152073
14152107
14152163
14152203
14152269
14152385
14152573
14152585
14152931
14152981
14153003
14153117
14153163
14153205
14153267
14153273
14153345
14153427
14153449
14153465
14153503
14153507
14153539
14153623
14153675
14153717
14153793
14153949
14154069
14154095
14154169
14154219
14154401
14154471
14154491
14154569
14154709
14154727
14154761
14154765
14154843
14154845
14154851
14154865
14154979
14155045
14155057
14155151
14155153
14155211
14155259
14155347
14155355
14155421
14155457
14155567
14155573
14155585
14155685
14155687
14155689
14155739
14155793
14155895
14155943
14155961
14155977
14156009
14156119
14156259
14156287
14156357
14156389
14156427
14156455
14156479
14156487
14156519
14156551
14156625
14156675
14156713
14156907
14156955
14156967
14156985
14156997
14157035
14157139
14157225
14157297
14157313
14157319
14157357
14157381
14157439
14157619
14157621
14157643
14157715
14157733
14157861
14158109
14158143
14158201
14158255
14158285
14158495
14158645
14158701
14158787
14158793
14158957
14159065
14159163
14159219
14159273
14159341
14159345
14159349
14159363
14159515
14159527
14159557
14159587
14159781
14159857
14159987
14160255
14160261
14160443
14160755
14160797
14160829
14160973
14160999
14161143
14161321
14161429
14161443
14161483
14161515
14161573
14161589
14161621
14161909
14162035
14162079
14162095
14162167
14162183
14162305
14162381
14162481
14162503
14162553
14162629
14162751
14162805
14162849
14163105
14163387
14163495
14163583
14163599
14163739
14163829
14163897
14163939
14164013
14164175
14164267
14164269
14164353
14164357
14164371
14164431
14164527
14164561
14164595
14164683
14164741
14164755
14164773
14164809
14164989
14164993
14165147
14165161
14165265
14165287
14165291
14165573
14165649
14165787
14165827
14165867
14165909
14165919
14165941
14165979
14166041
14166083
14166107
14166135
14166333
14166415
14166439
14166613
14166617
14166623
14166847
14166941
14166997
14167015
14167117
14167131
14167213
14167255
14167285
14167347
14167463
14167465
14167467
14167555
14167723
14167855
14167891
14167939
14167955
14167987
14168207
14168233
14168605
14168731
14168765
14168893
14168927
14168951
14169207
14169275
14169277
14169299
14169393
14169445
14169959
14169977
14169983
14170043
14170173
14170231
14170257
14170293
14170321
14170453
14170471
14170475
14170479
14170557
14170563
14170571
14170649
14170683
14170915
14170977
14171095
14171125
14171145
14171259
14171279
14171289
14171311
14171317
14171325
14171771
14171841
14172077
14172089
14172135
14172153
14172315
14172365
14172403
14172415
14172447
14172455
14172477
14172503
14172633
14172743
14172771
14172815
14172903
14172949
14173025
14173105
14173187
14173351
14173359
14173375
14173475
14173485
14173493
14173549
14173701
14173733
14173759
14173795
14173925
14173941
14173945
14173949
14174101
14174205
14174221
14174337
14174357
14174515
14174589
14174627
14174729
14174731
14174839
14174905
14175031
14175103
14175177
14175253
14175275
14175325
14175337
14175347
14175359
14175565
14175581
14175669
14175683
14175689
14175695
14175717
14175737
14175791
14175797
14175799
14175915
14175995
14176145
14176275
14176295
14176327
14176551
14176559
14176587
14176679
14176911
14177019
14177107
14177139
14177171
14177427
14177449
14177511
14177615
14177633
14177655
14177921
14177947
14178017
14178181
14178211
14178273
14178465
14178489
14178685
14178717
14178723
14178725
14178765
14178813
14178831
14178881
14179047
14179131
14179251
14179263
14179271
14179299
14179305
14179377
14179485
14179653
14179931
14179935
14180101
14180239
14180341
14180577
14180659
14180681
14180859
14181043
14181293
14181593
14181631
14181665
14181815
14181879
14181891
14182019
14182047
14182141
14182181
14182199
14182289
14182327
14182405
14182427
14182521
14182561
14182567
14182593
14182711
14182721
14182751
14182805
14182917
14182993
14183001
14183017
14183047
14183049
14183309
14183347
14183527
14183545
14183555
14183681
14183707
14183725
14183785
14183793
14183993
14184007
14184069
14184123
14184143
14184219
14184287
14184477
14184517
14184539
14184585
14184755
14184781
14184785
14185087
14185101
14185233
14185327
14185367
14185369
14185447
14185507
14185581
14185609
14185675
14185691
14185727
14185877
14186059
14186241
14186267
14186271
14186325
14186347
14186461
14186585
14186665
14186751
14186799
14186819
14186849
14186861
14186881
14186927
14186943
14187057
14187357
14187387
14187679
14187711
14187819
14187931
14188067
14188153
14188239
14188263
14188343
14188405
14188421
14188481
14188555
14188587
14188667
14188673
14188733
14188775
14188779
14188785
14188813
14188821
14188931
14188983
14189053
14189265
14189317
14189353
14189385
14189391
14189473
14189491
14189505
14189633
14189643
14189713
14189767
14189971
14190017
14190025
14190101
14190145
14190157
14190203
14190377
14190407
14190425
14190599
14190617
14190707
14190811
14190853
14190871
14190937
14190965
14191097
14191115
14191127
14191189
14191199
14191353
14191391
14191435
14191449
14191585
14191719
14191757
14191801
14191841
14191867
14191919
14192027
14192067
14192365
14192459
14192529
14192691
14192693
14192733
14192881
14192931
14192941
14192981
14193187
14193225
14193245
14193267
14193347
14193375
14193391
14193453
14193511
14193541
14193799
14193821
14193829
14193967
14194017
14194083
14194173
14194269
14194373
14194413
14194421
14194599
14194617
14194681
14194729
14194743
14194845
14195061
14195257
14195491
14195525
14195571
14195579
14195615
14195747
14195761
14195777
14195859
14195867
14195935
14196069
14196119
14196131
14196215
14196279
14196353
14196403
14196569
14196571
14196615
14196623
14196645
14196661
14196673
14196677
14196913
14197003
14197131
14197167
14197309
14197403
14197407
14197419
14197455
14197491
14197597
14197687
14197721
14197787
14197901
14198013
14198083
14198173
14198353
14198383
14198493
14198619
14198655
14198669
14198703
14198777
14198839
14198845
14198897
14198967
14199047
14199051
14199069
14199071
14199095
14199107
14199183
14199291
14199459
14199491
14199599
14199757
14200115
14200253
14200283
14200317
14200321
14200371
14200493
14200677
14200899
14201095
14201335
14201493
14201563
14201567
14201767
14201831
14201927
14201973
14202039
14202093
14202131
14202141
14202153
14202233
14202401
14202423
14202425
14202503
14202619
14202679
14202815
14202819
14202887
14202931
14202947
14202959
14203041
14203125
14203209
14203211
14203327
14203495
14203599
14203715
14203823
14203863
14203865
14203871
14203953
14204057
14204185
14204287
14204397
14204479
14204589
14204665
14204687
14204741
14204799
14204839
14204871
14204881
14204923
14205139
14205323
14205557
14205571
14205619
14205681
14205729
14205843
14206195
14206209
14206211
14206327
14206361
14206571
14206629
14206721
14206761
14206887
14206991
14207017
14207029
14207045
14207079
14207087
14207141
14207163
14207167
14207189
14207195
14207313
14207417
14207481
14207941
14207963
14208011
14208061
14208101
14208159
14208231
14208427
14208471
14208499
14208777
14208787
14208953
14208989
14209019
14209293
14209471
14209569
14209571
14209681
14209771
14209901
14209979
14209983
14210017
14210159
14210187
14210195
14210199
14210413
14210477
14210479
14210597
14210601
14210673
14210697
14210703
14210773
14210857
14210867
14210913
14210947
14211003
14211173
14211273
14211491
14211611
14211685
14211695
14211749
14211785
14211819
14211915
14211919
14211959
14212005
14212091
14212475
14212627
14212681
14212687
14212823
14212893
14212963
14212989
14213059
14213119
14213193
14213253
14213447
14213483
14213547
14213605
14213613
14213635
14213663
14213675
14213693
14213737
14213919
14213921
14213931
14213985
14214013
14214155
14214193
14214201
14214211
14214463
14214531
14214561
14214579
14214615
14214673
14214733
14214861
14214865
14214941
14214985
14215121
14215353
14215491
14215507
14215513
14215581
14215609
14215643
14215647
14215655
14215667
14215731
14215851
14215959
14216025
14216077
14216079
14216101
14216147
14216149
14216235
14216281
14216327
14216561
14216563
14216593
14216661
14216683
14216737
14216783
14216787
14216867
14217035
14217093
14217113
14217259
14217325
14217389
14217419
14217517
14217545
14217839
14217885
14218057
14218173
14218429
14218441
14218605
14218671
14218677
14218747
14218811
14218813
14218851
14218943
14218949
14219093
14219133
14219135
14219291
14219337
14219517
14219615
14219861
14219869
14219993
14220011
14220021
14220029
14220045
14220091
14220099
14220209
14220223
14220421
14220437
14220483
14220515
14220609
14220619
14220637
14220653
14220687
14220739
14220797
14220903
14220997
14221023
14221071
14221293
14221307
14221311
14221349
14221361
14221365
14221391
14221413
14221525
14221591
14221637
14221709
14221751
14221779
14221937
14221949
14221977
14222067
14222293
14222361
14222421
14222431
14222709
14222765
14222823
14222869
14223019
14223099
14223109
14223317
14223385
14223461
14223491
14223499
14223639
14223655
14223669
14223679
14223709
14223763
14223851
14223859
14223863
14223945
14224063
14224081
14224083
14224245
14224249
14224439
14224691
14224757
14225059
14225075
14225183
14225341
14225347
14225513
14225629
14225655
14225685
14225739
14225809
14225817
14225839
14225901
14225941
14225999
14226027
14226061
14226155
14226287
14226343
14226395
14226501
14226561
14226589
14226993
14227073
14227223
14227355
14227561
14227605
14227607
14227859
14227947
14227961
14228003
14228143
14228185
14228211
14228227
14228235
14228331
14228447
14228457
14228493
14228569
14228595
14228617
14228699
14228729
14228739
14228741
14228829
14228877
14229023
14229059
14229065
14229139
14229149
14229163
14229173
14229271
14229307
14229309
14229311
14229345
14229405
14229413
14229537
14229669
14229733
14229795
14229839
14229897
14229907
14229917
14229933
14229971
14230023
14230079
14230123
14230239
14230321
14230325
14230347
14230353
14230387
14230393
14230543
14230585
14230735
14230797
14230877
14231129
14231143
14231147
14231235
14231349
14231355
14231361
14231561
14231573
14231581
14231637
14231657
14231721
14231805
14231893
14231927
14232077
14232235
14232347
14232443
14232481
14232541
14232555
14232605
14232653
14232729
14232785
14232919
14233105
14233281
14233293
14233327
14233489
14233575
14233615
14233731
14233763
14233765
14233893
14234083
14234121
14234179
14234215
14234291
14234357
14234369
14234409
14234459
14234461
14234713
14234745
14234791
14234793
14234863
14234957
14235105
14235171
14235185
14235243
14235597
14235619
14235625
14235707
14235713
14235807
14235975
14235993
14236111
14236113
14236297
14236361
14236629
14236695
14236747
14236795
14236799
14236925
14237135
14237191
14237347
14237365
14237395
14237457
14237465
14237525
14237607
14237623
14237629
14237797
14237933
14237975
14238013
14238233
14238239
14238241
14238419
14238477
14238483
14238495
14238497
14238621
14238657
14238721
14238765
14238865
14238907
14238913
14239129
14239139
14239303
14239341
14239417
14239467
14239511
14239611
14239621
14239627
14239635
14239671
14239697
14239783
14239945
14240287
14240295
14240315
14240365
14240391
14240415
14240473
14240483
14240663
14240679
14240717
14240755
14240759
14240823
14240927
14240985
14240995
14241177
14241241
14241265
14241309
14241459
14241529
14241721
14241857
14241901
14241905
14241939
14242115
14242117
14242245
14242399
14242483
14242551
14242613
14242763
14242799
14242825
14242873
14242971
14243057
14243063
14243115
14243117
14243185
14243243
14243259
14243357
14243397
14243503
14243529
14243735
14243815
14243825
14243895
14243981
14244055
14244075
14244079
14244177
14244321
14244643
14244729
14244755
14244891
14244935
14245031
14245111
14245235
14245301
14245349
14245367
14245393
14245639
14245697
14245771
14246013
14246089
14246111
14246115
14246137
14246173
14246207
14246587
14246649
14246827
14246985
14246999
14247135
14247205
14247265
14247269
14247301
14247403
14247489
14247557
14247677
14247731
14247783
14247823
14247913
14247967
14247983
14247991
14248121
14248227
14248329
14248341
14248537
14248749
14248757
14249023
14249381
14249387
14249457
14249537
14249713
14249823
14249905
14250059
14250211
14250229
14250293
14250429
14250459
14250561
14250805
14250819
14250843
14250853
14250863
14250881
14250887
14250891
14250985
14251059
14251079
14251083
14251213
14251335
14251345
14251347
14251397
14251425
14251493
14251813
14251893
14252047
14252231
14252309
14252507
14252533
14252657
14252757
14252765
14252801
14252813
14252873
14252921
14252925
14252939
14252949
14252963
14252985
14253265
14253299
14253383
14253445
14253563
14253629
14253677
14253687
14253713
14253725
14253747
14253791
14253859
14253873
14253877
14254183
14254341
14254405
14254479
14254497
14254697
14254761
14254891
14254955
14255027
14255085
14255167
14255239
14255271
14255285
14255421
14255469
14255511
14255513
14255637
14255789
14255809
14255811
14255861
14255879
14255883
14255897
14255907
14255923
14255925
14255955
14255985
14256267
14256343
14256369
14256379
14256399
14256565
14256581
14256607
14256647
14256783
14256807
14256817
14256837
14256867
14256923
14256953
14257073
14257081
14257091
14257259
14257389
14257483
14257593
14257633
14257731
14257821
14258059
14258117
14258127
14258143
14258183
14258257
14258401
14258517
14258621
14258635
14258701
14258721
14258731
14258803
14259085
14259115
14259217
14259231
14259401
14259621
14259623
14259701
14259755
14259803
14259823
14259883
14259957
14259983
14260133
14260157
14260223
14260235
14260283
14260363
14260381
14260383
14260689
14260725
14260759
14260795
14260897
14261117
14261121
14261213
14261229
14261269
14261275
14261279
14261321
14261329
14261361
14261435
14261469
14261561
14261617
14261635
14261737
14261927
14261931
14261949
14261953
14261985
14262165
14262241
14262271
14262359
14262575
14262637
14262815
14262933
14262941
14263127
14263187
14263227
14263247
14263333
14263367
14263401
14263519
14263527
14263537
14263559
14263585
14263695
14263721
14263749
14263853
14263943
14263961
14263971
14264047
14264077
14264097
14264137
14264149
14264199
14264223
14264265
14264279
14264297
14264323
14264361
14264439
14264517
14264523
14264551
14264615
14264795
14264821
14264827
14264859
14264881
14265095
14265111
14265117
14265143
14265301
14265705
14265733
14265889
14265981
14265991
14266025
14266057
14266079
14266271
14266311
14266347
14266377
14266453
14266461
14266465
14266471
14266563
14266663
14266707
14266757
14266793
14266947
14266963
14266987
14267051
14267155
14267171
14267175
14267229
14267247
14267255
14267269
14267463
14267531
14267571
14267601
14267623
14267777
14268011
14268047
14268061
14268121
14268167
14268295
14268359
14268371
14268373
14268591
14268671
14268743
14268765
14268815
14268819
14269007
14269009
14269147
14269315
14269323
14269379
14269459
14269517
14269551
14269577
14269785
14269901
14269987
14270043
14270161
14270205
14270249
14270343
14270381
14270429
14270525
14270643
14270673
14270675
14270747
14270799
14270801
14270825
14271137
14271229
14271251
14271317
14271357
14271359
14271569
14271623
14271635
14271659
14271685
14271755
14271831
14271851
14271949
14271957
14271995
14272007
14272159
14272301
14272487
14272573
14272763
14272807
14272945
14272989
14273025
14273119
14273141
14273275
14273465
14273491
14273521
14273529
14273607
14273621
14273685
14273731
14273737
14273781
14273855
14273865
14273951
14274011
14274037
14274175
14274205
14274291
14274369
14274385
14274417
14274531
14274855
14275017
14275115
14275145
14275263
14275289
14275355
14275627
14275659
14275669
14275719
14275999
14276015
14276023
14276125
14276241
14276245
14276253
14276257
14276265
14276403
14276435
14276439
14276453
14276549
14276555
14276597
14276611
14276707
14276909
14276967
14277045
14277055
14277283
14277289
14277487
14277513
14277563
14277635
14277655
14277753
14277789
14277845
14277899
14278033
14278159
14278223
14278303
14278343
14278709
14278771
14278875
14278881
14279189
14279233
14279363
14279589
14279671
14279781
14279833
14279923
14279955
14279995
14280013
14280025
14280031
14280037
14280045
14280075
14280211
14280245
14280313
14280347
14280357
14280405
14280415
14280421
14280443
14280469
14280495
14280813
14280889
14280931
14281177
14281225
14281503
14281527
14281565
14281639
14281645
14281705
14281757
14282101
14282441
14282483
14282675
14282759
14282857
14282859
14282871
14282875
14282921
14283099
14283131
14283141
14283211
14283315
14283331
14283361
14283527
14283605
14283649
14283653
14283675
14283759
14283817
14283825
14283843
14283885
14283915
14283921
14283937
14283967
14284011
14284097
14284117
14284223
14284255
14284269
14284309
14284381
14284401
14284405
14284407
14284519
14284521
14284537
14284571
14284625
14284793
14284795
14284835
14284917
14284921
14284985
14284989
14285043
14285219
14285571
14285697
14285719
14285767
14285945
14285959
14285989
14286087
14286169
14286175
14286207
14286271
14286289
14286365
14286391
14286483
14286507
14286543
14286631
14286713
14286737
14286747
14286837
14286931
14286985
14287019
14287093
14287287
14287361
14287415
14287483
14287753
14287971
14287985
14288005
14288183
14288229
14288295
14288353
14288429
14288439
14288559
14288643
14288833
14288869
14288891
14289009
14289047
14289071
14289161
14289203
14289443
14289471
14289561
14289573
14289629
14289693
14289759
14289831
14289893
14290089
14290181
14290235
14290485
14290513
14290657
14290697
14290755
14290795
14291145
14291207
14291221
14291233
14291247
14291291
14291369
14291405
14291567
14291593
14291739
14291745
14291923
14292021
14292351
14292395
14292637
14292643
14292751
14292943
14292967
14293033
14293047
14293197
14293279
14293337
14293351
14293361
14293403
14293419
14293443
14293447
14293549
14293633
14293717
14294013
14294189
14294297
14294373
14294381
14294395
14294401
14294415
14294469
14294479
14294679
14295069
14295091
14295173
14295221
14295469
14295499
14295551
14295645
14295663
14295857
14295887
14295957
14295989
14296001
14296067
14296135
14296147
14296641
14296685
14296797
14296833
14296887
14296913
14297003
14297315
14297385
14297455
14297469
14297523
14297567
14297633
14297709
14297721
14297773
14297879
14297907
14298023
14298085
14298209
14298285
14298341
14298353
14298423
14298441
14298453
14298455
14298495
14298497
14298647
14298943
14299017
14299071
14299195
14299295
14299517
14299675
14299773
14299841
14299875
14299891
14299917
14300043
14300137
14300149
14300231
14300305
14300375
14300437
14300457
14300507
14300517
14300549
14300667
14300673
14300675
14300741
14300771
14300797
14300919
14301049
14301459
14301475
14301539
14301547
14301631
14301703
14301909
14301917
14301989
14301995
14302083
14302175
14302209
14302441
14302451
14302463
14302639
14302801
14302933
14303021
14303027
14303031
14303173
14303355
14303373
14303377
14303439
14303509
14303535
14303589
14303591
14303721
14303955
14303975
14304047
14304141
14304161
14304195
14304291
14304317
14304515
14304555
14304583
14304989
14305059
14305145
14305215
14305243
14305257
14305263
14305415
14305467
14305489
14305499
14305679
14305791
14305919
14305957
14306013
14306027
14306169
14306195
14306307
14306421
14306507
14306569
14306605
14306687
14306713
14306857
14306861
14306875
14306949
14306977
14306999
14307133
14307219
14307253
14307319
14307329
14307399
14307525
14307547
14307605
14307615
14307725
14307847
14307915
14308289
14308503
14308579
14308635
14308663
14308673
14308693
14308705
14308957
14308991
14309151
14309273
14309289
14309361
14309375
14309419
14309549
14309553
14309599
14309601
14309661
14309665
14309683
14309741
14310007
14310035
14310121
14310141
14310175
14310249
14310287
14310339
14310431
14310435
14310525
14310619
14310657
14310811
14310827
14310845
14310891
14310893
14310957
14311093
14311103
14311297
14311339
14311365
14311479
14311495
14311755
14311861
14311881
14312121
14312179
14312235
14312249
14312319
14312327
14312337
14312363
14312511
14312513
14312633
14312833
14312943
14312975
14313047
14313051
14313127
14313223
14313315
14313391
14313395
14313405
14313415
14313439
14313441
14313487
14313515
14313597
14313613
14313643
14313723
14313747
14313909
14313939
14313995
14313997
14314047
14314119
14314237
14314283
14314351
14314427
14314605
14314665
14314887
14314889
14314985
14315059
14315221
14315289
14315303
14315363
14315587
14315657
14315719
14315937
14316229
14316317
14316341
14316391
14316511
14316553
14316657
14316667
14316803
14316983
14317001
14317147
14317225
14317379
14317429
14317507
14317517
14317549
14317635
14317725
14317915
14317937
14317975
14317993
14318015
14318037
14318089
14318185
14318223
14318265
14318385
14318391
14318525
14318555
14318631
14318643
14318731
14318773
14318805
14318961
14319101
14319189
14319213
14319259
14319421
14319629
14319683
14319687
14319747
14319999
14320105
14320183
14320297
14320401
14320405
14320791
14321089
14321153
14321183
14321209
14321215
14321299
14321307
14321361
14321455
14321753
14321895
14321953
14321967
14321969
14322033
14322039
14322063
14322065
14322141
14322161
14322297
14322381
14322441
14322449
14322455
14322499
14322589
14322601
14322663
14322685
14322693
14322729
14322733
14322829
14322859
14322945
14323047
14323193
14323323
14323381
14323383
14323641
14323649
14324079
14324089
14324127
14324207
14324215
14324399
14324499
14324727
14324781
14324857
14324927
14325019
14325105
14325167
14325227
14325331
14325363
14325391
14325409
14325469
14325481
14325495
14325499
14325559
14325649
14325697
14325833
14325973
14325987
14326043
14326107
14326117
14326195
14326283
14326343
14326401
14326409
14326527
14326657
14326813
14326899
14327065
14327067
14327127
14327153
14327181
14327195
14327227
14327423
14327471
14327605
14327655
14327859
14328101
14328105
14328193
14328317
14328439
14328463
14328479
14328501
14328643
14328901
14328933
14328991
14328993
14329157
14329167
14329285
14329289
14329321
14329405
14329439
14329483
14329543
14329601
14329641
14329711
14329851
14329889
14329965
14330019
14330203
14330269
14330359
14330369
14330583
14330785
14330925
14330935
14330967
14330991
14331163
14331175
14331197
14331275
14331345
14331375
14331391
14331423
14331445
14331507
14331527
14331583
14331675
14331851
14331891
14331957
14331971
14332127
14332251
14332311
14332341
14332435
14332473
14332585
14332621
14332683
14332689
14332719
14332821
14332971
14333005
14333015
14333125
14333155
14333265
14333275
14333293
14333307
14333331
14333335
14333583
14333587
14333595
14333699
14333779
14333853
14333949
14333969
14334037
14334057
14334143
14334163
14334215
14334219
14334271
14334305
14334409
14334465
14334497
14334499
14334527
14334721
14334795
14334849
14334891
14334919
14334933
14335027
14335041
14335059
14335137
14335163
14335347
14335529
14335705
14335737
14335749
14335857
14336027
14336113
14336189
14336293
14336587
14336665
14336699
14336853
14336895
14336951
14336961
14337049
14337071
14337109
14337213
14337275
14337335
14337351
14337627
14337675
14337781
14337899
14337957
14338059
14338119
14338157
14338209
14338249
14338259
14338285
14338313
14338385
14338399
14338661
14338695
14338739
14338743
14338757
14338795
14338841
14338985
14339051
14339063
14339163
14339229
14339233
14339339
14339501
14339597
14339613
14339643
14339655
14339663
14339697
14339787
14339839
14339899
14339911
14339919
14339993
14340001
14340031
14340067
14340091
14340153
14340395
14340423
14340559
14340665
14340701
14340767
14340901
14341051
14341065
14341101
14341119
14341289
14341403
14341445
14341459
14341665
14341801
14342017
14342019
14342167
14342183
14342325
14342503
14342583
14342709
14342719
14342727
14342815
14342843
14342917
14343013
14343015
14343067
14343209
14343267
14343551
14343573
14343633
14343703
14343739
14343755
14343791
14343839
14343867
14343937
14343965
14344179
14344281
14344327
14344357
14344361
14344367
14344393
14344453
14344585
14344641
14344643
14344763
14344975
14345027
14345051
14345093
14345163
14345201
14345295
14345401
14345527
14345597
14345695
14345707
14345823
14345911
14345951
14345973
14346047
14346189
14346229
14346251
14346323
14346435
14346437
14346453
14346527
14346573
14346581
14346659
14346735
14346745
14346801
14346877
14346941
14347229
14347275
14347405
14347487
14347511
14347521
14347549
14347729
14347733
14347865
14347873
14347975
14347981
14347989
14348153
14348179
14348261
14348375
14348463
14348553
14348611
14348623
14348733
14348863
14348883
14348903
14348909
14348935
14348941
14348955
14349059
14349125
14349197
14349209
14349609
14349639
14349743
14349817
14349821
14349927
14349937
14349993
14350159
14350211
14350287
14350313
14350363
14350395
14350427
14350461
14350629
14350729
14350841
14350959
14350991
14351005
14351147
14351233
14351449
14351451
14351577
14351625
14351657
14351729
14351789
14351813
14351861
14351897
14352299
14352303
14352351
14352395
14352491
14352541
14352717
14352897
14352925
14352945
14352967
14353063
14353107
14353213
14353267
14353407
14353697
14353713
14353747
14353781
14353831
14353835
14353845
14353931
14353945
14353987
14354019
14354027
14354099
14354143
14354155
14354165
14354227
14354233
14354539
14354547
14354647
14354655
14354695
14354889
14354933
14355089
14355115
14355245
14355285
14355313
14355393
14355455
14355533
14355539
14355585
14355641
14355693
14355715
14355721
14355785
14355839
14355995
14356177
14356183
14356191
14356251
14356283
14356341
14356363
14356669
14356693
14356711
14356771
14357133
14357135
14357181
14357197
14357243
14357287
14357297
14357305
14357355
14357411
14357423
14357451
14357453
14357461
14357491
14357513
14357527
14357549
14357689
14357747
14357753
14357783
14357839
14357993
14358025
14358055
14358087
14358107
14358155
14358247
14358289
14358387
14358501
14358565
14358805
14358899
14358919
14358957
14358963
14359017
14359097
14359125
14359135
14359153
14359215
14359315
14359357
14359467
14359501
14359539
14359579
14359709
14359801
14359859
14359869
14360015
14360271
14360351
14360353
14360405
14360461
14360995
14361005
14361047
14361077
14361165
14361327
14361443
14361627
14361721
14361725
14361755
14362011
14362027
14362123
14362179
14362191
14362231
14362239
14362257
14362269
14362417
14362865
14362975
14363107
14363113
14363209
14363269
14363347
14363431
14363453
14363535
14363545
14363689
14363703
14363793
14363939
14363941
14363997
14364027
14364119
14364163
14364307
14364313
14364367
14364445
14364511
14364527
14364533
14364553
14364563
14364573
14364579
14364611
14364651
14364701
14364709
14364719
14364779
14364887
14364909
14364945
14365021
14365121
14365133
14365333
14365347
14365453
14365535
14365647
14365721
14365741
14365813
14365853
14365873
14365881
14365901
14365917
14365959
14366055
14366061
14366141
14366233
14366291
14366459
14366479
14366499
14366507
14366567
14366673
14366901
14366917
14366955
14366961
14367075
14367149
14367219
14367279
14367295
14367361
14367393
14367535
14367629
14367651
14367689
14367811
14367821
14367849
14367929
14367935
14367969
14367997
14368007
14368125
14368193
14368287
14368719
14368903
14368937
14368939
14368977
14368993
14369031
14369121
14369427
14369451
14369763
14369775
14369783
14369965
14369973
14370173
14370201
14370353
14370519
14370525
14370559
14370587
14370591
14370657
14370721
14370733
14370819
14370823
14370825
14370873
14370935
14371057
14371091
14371109
14371163
14371203
14371267
14371291
14371295
14371415
14371421
14371505
14371517
14371545
14371555
14371643
14371709
14371911
14372161
14372321
14372333
14372387
14372627
14372645
14372675
14372727
14372731
14372851
14372869
14372871
14372877
14373049
14373257
14373347
14373389
14373439
14373443
14373625
14373697
14373805
14373835
14373941
14373985
14374077
14374099
14374163
14374225
14374229
14374245
14374339
14374359
14374473
14374537
14374551
14374611
14374635
14374779
14374861
14374909
14374955
14374971
14374991
14375203
14375315
14375353
14375421
14375441
14375501
14375773
14375891
14375903
14375947
14375969
14376097
14376185
14376299
14376431
14376441
14376461
14376463
14376515
14376575
14376645
14376657
14376671
14376763
14376789
14376801
14376851
14376911
14377205
14377219
14377315
14377431
14377491
14377641
14377691
14377861
14378025
14378129
14378219
14378445
14378487
14378509
14378627
14378851
14378941
14378975
14379145
14379283
14379511
14379531
14379545
14379577
14379677
14379715
14379717
14379781
14379857
14380003
14380139
14380235
14380243
14380263
14380287
14380303
14380427
14380539
14380621
14380713
14380721
14380733
14380743
14380779
14380795
14380917
14380951
14381035
14381199
14381267
14381397
14381413
14381439
14381543
14381755
14381813
14381819
14381833
14381851
14381901
14381953
14381995
14382017
14382167
14382179
14382189
14382299
14382369
14382381
14382459
14382471
14382475
14382707
14382735
14382987
14383057
14383071
14383135
14383185
14383203
14383281
14383347
14383411
14383515
14383609
14383713
14383741
14383823
14383909
14383923
14383949
14384127
14384133
14384151
14384161
14384271
14384315
14384345
14384545
14384597
14384673
14384747
14384865
14384979
14385073
14385229
14385317
14385367
14385611
14385687
14385763
14385769
14385835
14386285
14386435
14386617
14386803
14386931
14387247
14387273
14387335
14387339
14387343
14387379
14387461
14387549
14387681
14387703
14387705
14387707
14387839
14387865
14387901
14387927
14388045
14388099
14388161
14388209
14388325
14388369
14388373
14388409
14388431
14388701
14388803
14388943
14389175
14389247
14389257
14389279
14389421
14389473
14389557
14389697
14389725
14389853
14390003
14390073
14390083
14390137
14390145
14390343
14390419
14390423
14390523
14390573
14390801
14390915
14390923
14390933
14391085
14391265
14391287
14391399
14391717
14391735
14391883
14391907
14392031
14392035
14392069
14392165
14392247
14392639
14392739
14392931
14392949
14393133
14393139
14393219
14393223
14393231
14393287
14393331
14393349
14393399
14393439
14393597
14393693
14393835
14393839
14393845
14393857
14393909
14394001
14394035
14394083
14394131
14394207
14394213
14394225
14394241
14394261
14394365
14394377
14394429
14394503
14394507
14394563
14394573
14394709
14394743
14394843
14394883
14395007
14395019
14395051
14395065
14395109
14395223
14395237
14395325
14395341
14395447
14395463
14395563
14395611
14395729
14395753
14395765
14395823
14395863
14395877
14395917
14395995
14396003
14396005
14396047
14396151
14396217
14396401
14396455
14396503
14396525
14396589
14396647
14396669
14396741
14396783
14396825
14396837
14396935
14397013
14397031
14397035
14397063
14397145
14397181
14397273
14397433
14397569
14397591
14397763
14397793
14397903
14398025
14398041
14398129
14398235
14398267
14398277
14398339
14398587
14398653
14398715
14398745
14398763
14398833
14398995
14399009
14399035
14399071
14399085
14399097
14399167
14399171
14399245
14399247
14399259
14399315
14399347
14399425
14399433
14399493
14399541
14399567
14399617
14399667
14399689
14399709
14399711
14399757
14399765
14399833
14399973
14400003
14400111
14400191
14400195
14400247
14400265
14400355
14400365
14400367
14400439
14400591
14400597
14400613
14400715
14400717
14400773
14400781
14400809
14400899
14400959
14401087
14401109
14401149
14401255
14401403
14401561
14401575
14401589
14401615
14401669
14401709
14401769
14401881
14402021
14402049
14402219
14402237
14402275
14402293
14402533
14402671
14402713
14402791
14402845
14403229
14403255
14403279
14403309
14403471
14403501
14403553
14403631
14403689
14403725
14403931
14403983
14404037
14404123
14404219
14404363
14404399
14404425
14404487
14404581
14404595
14404601
14404741
14404783
14404795
14404841
14404871
14405003
14405011
14405185
14405211
14405239
14405269
14405287
14405359
14405487
14405623
14405631
14405669
14405711
14405751
14405891
14405969
14406065
14406095
14406153
14406197
14406247
14406279
14406339
14406559
14406631
14406667
14406691
14406781
14406787
14406887
14406899
14406919
14407039
14407117
14407155
14407173
14407187
14407209
14407463
14407521
14407543
14407663
14407763
14407891
14407977
14407991
14407997
14408009
14408085
14408099
14408165
14408173
14408193
14408275
14408307
14408339
14408349
14408359
14408369
14408379
14408397
14408499
14408513
14408545
14408745
14408763
14408803
14408839
14408875
14409121
14409255
14409267
14409351
14409361
14409367
14409379
14409397
14409545
14409625
14409691
14409765
14409775
14410011
14410023
14410155
14410291
14410319
14410357
14410465
14410497
14410599
14410613
14410719
14410861
14410867
14410873
14410923
14410935
14410967
14411021
14411091
14411113
14411135
14411169
14411201
14411249
14411319
14411385
14411413
14411445
14411521
14411683
14411801
14411895
14411995
14412017
14412071
14412087
14412353
14412447
14412591
14412623
14412811
14412817
14413035
14413069
14413123
14413159
14413321
14413363
14413413
14413423
14413481
14413513
14413525
14413539
14413647
14413933
14414021
14414097
14414173
14414285
14414309
14414361
14414381
14414429
14414555
14414573
14414699
14414797
14414865
14414923
14415073
14415159
14415201
14415281
14415293
14415305
14415365
14415493
14415497
14415657
14415711
14415719
14415853
14415939
14416035
14416155
14416165
14416193
14416201
14416293
14416317
14416391
14416581
14416637
14416725
14416807
14416841
14416881
14416937
14417007
14417017
14417039
14417243
14417597
14417653
14417775
14417843
14417997
14418265
14418383
14418457
14418511
14418563
14418565
14418633
14418657
14418685
14418723
14418753
14418821
14418825
14418863
14418921
14418945
14419137
14419229
14419301
14419339
14419343
14419471
14419495
14419597
14419647
14419717
14419783
14419849
14419891
14419901
14419967
14419989
14420029
14420091
14420197
14420247
14420271
14420585
14420637
14420701
14420819
14420889
14420919
14421019
14421089
14421153
14421257
14421293
14421339
14421363
14421489
14421621
14421677
14421793
14421839
14421841
14421877
14421995
14422177
14422245
14422247
14422377
14422381
14422409
14422455
14422829
14422833
14422835
14423031
14423103
14423133
14423215
14423231
14423283
14423319
14423341
14423361
14423421
14423425
14423529
14423613
14423667
14423779
14423937
14423947
14423995
14424033
14424097
14424273
14424309
14424311
14424421
14424449
14424481
14424505
14424817
14424839
14424957
14424983
14425023
14425029
14425097
14425107
14425161
14425405
14425459
14425461
14425479
14425501
14425557
14425663
14425745
14425807
14425841
14426003
14426125
14426135
14426171
14426253
14426293
14426307
14426333
14426365
14426519
14426583
14426601
14426709
14426737
14426781
14426833
14427021
14427031
14427083
14427355
14427507
14427595
14427629
14427699
14427899
14428053
14428081
14428137
14428241
14428309
14428313
14428323
14428375
14428395
14428547
14428595
14428635
14428739
14428741
14428757
14428809
14429009
14429223
14429369
14429373
14429443
14429609
14429635
14429689
14429705
14429755
14429761
14429855
14429949
14429953
14430025
14430079
14430113
14430133
14430147
14430189
14430241
14430583
14430675
14430721
14430755
14430911
14430923
14430969
14430991
14431113
14431151
14431211
14431347
14431369
14431495
14431581
14431683
14431743
14431765
14431843
14431943
14432141
14432199
14432209
14432245
14432263
14432405
14432441
14432571
14432651
14432669
14432917
14432927
14432987
14433109
14433175
14433177
14433225
14433235
14433273
14433385
14433399
14433441
14433443
14433459
14433489
14433591
14433699
14433707
14433781
14433793
14433801
14433817
14433821
14434083
14434109
14434125
14434129
14434169
14434203
14434241
14434413
14434549
14434575
14434663
14434741
14434805
14434807
14434823
14434847
14434887
14435053
14435147
14435163
14435217
14435437
14435447
14435615
14435629
14435669
14435727
14435751
14435757
14435833
14435963
14436073
14436091
14436235
14436303
14436305
14436311
14436411
14436445
14436479
14436549
14436823
14436887
14436905
14437071
14437097
14437153
14437221
14437275
14437339
14437377
14437539
14437577
14437667
14437681
14437771
14437915
14437961
14438121
14438147
14438259
14438281
14438357
14438419
14438613
14438681
14438709
14438727
14438741
14438779
14438891
14438945
14439055
14439131
14439241
14439261
14439347
14439437
14439505
14439583
14439663
14439761
14439913
14440019
14440085
14440199
14440369
14440415
14440475
14440527
14440681
14440729
14440757
14440777
14440877
14440957
14440981
14440997
14441037
14441095
14441285
14441301
14441307
14441407
14441467
14441531
14441543
14441545
14441557
14441615
14441709
14441725
14441805
14441849
14441867
14441963
14442083
14442207
14442217
14442229
14442245
14442255
14442459
14442477
14442565
14442597
14442623
14442639
14442847
14442983
14443129
14443133
14443159
14443185
14443259
14443295
14443505
14443511
14443569
14443585
14443705
14443723
14443731
14443745
14443761
14443889
14443943
14444041
14444273
14444341
14444353
14444393
14444425
14444449
14444511
14444545
14444597
14444791
14444817
14444841
14444893
14444937
14444987
14445053
14445145
14445261
14445333
14445363
14445507
14445859
14445919
14446025
14446049
14446077
14446115
14446245
14446301
14446305
14446317
14446383
14446427
14446493
14446669
14446691
14446789
14446815
14446853
14446879
14446987
14446999
14447045
14447153
14447251
14447265
14447295
14447417
14447519
14447521
14447641
14447923
14447969
14447973
14448035
14448061
14448111
14448121
14448333
14448341
14448401
14448465
14448561
14448701
14448711
14448731
14448811
14449033
14449091
14449293
14449311
14449367
14449433
14449487
14449515
14449637
14449699
14449723
14449801
14449989
14450011
14450017
14450235
14450397
14450469
14450493
14450527
14450643
14450645
14450683
14450695
14450703
14450713
14450877
14450891
14450897
14450925
14451057
14451059
14451261
14451357
14451495
14451615
14451717
14451831
14451877
14452073
14452083
14452315
14452383
14452553
14452581
14452701
14452799
14452817
14452903
14452979
14453013
14453041
14453203
14453207
14453235
14453295
14453313
14453327
14453347
14453463
14453471
14453475
14453683
14453797
14453819
14453933
14454029
14454041
14454151
14454283
14454299
14454321
14454333
14454349
14454661
14454739
14454757
14455053
14455363
14455393
14455403
14455687
14455717
14455813
14455829
14455923
14455953
14456011
14456025
14456029
14456055
14456057
14456107
14456489
14456509
14456519
14456709
14456797
14456805
14456871
14456973
14456989
14457189
14457207
14457251
14457301
14457315
14457317
14457339
14457375
14457391
14457435
14457459
14457477
14457487
14457567
14457641
14457709
14457717
14457743
14457771
14457863
14457907
14457959
14457969
14458081
14458135
14458145
14458399
14458463
14458465
14458771
14458979
14458985
14458999
14459089
14459099
14459135
14459187
14459193
14459221
14459233
14459247
14459293
14459309
14459389
14459475
14459575
14459613
14459737
14459815
14459875
14459937
14459961
14459977
14460007
14460171
14460187
14460201
14460205
14460437
14460495
14460519
14460529
14460573
14460615
14460673
14460759
14460857
14460883
14460971
14461043
14461077
14461145
14461151
14461249
14461257
14461395
14461465
14461509
14461525
14461609
14461629
14461843
14461967
14462207
14462313
14462395
14462529
14462535
14462593
14462613
14462713
14462731
14462829
14462851
14462985
14463059
14463171
14463187
14463195
14463255
14463293
14463307
14463343
14463357
14463507
14463693
14463773
14463857
14463871
14463891
14463893
14463901
14463971
14463979
14463983
14464037
14464055
14464147
14464225
14464287
14464293
14464341
14464537
14464559
14464561
14464567
14464625
14464735
14464741
14464745
14464807
14464859
14464963
14464975
14465051
14465161
14465193
14465245
14465303
14465379
14465401
14465415
14465497
14465545
14465635
14465709
14465717
14465763
14465835
14466095
14466159
14466245
14466325
14466375
14466379
14466413
14466427
14466465
14466469
14466573
14466615
14466617
14466695
14466845
14466921
14466983
14467125
14467157
14467179
14467295
14467353
14467373
14467409
14467581
14467585
14467661
14467721
14467741
14467775
14467841
14467843
14468053
14468103
14468357
14468511
14468527
14468585
14468595
14468763
14468767
14468827
14468875
14468943
14469211
14469353
14469383
14469415
14469449
14469469
14469485
14469521
14469595
14469675
14469705
14469759
14469849
14469853
14469927
14470205
14470223
14470305
14470307
14470421
14470439
14470513
14470555
14470611
14470825
14470841
14470877
14470927
14471041
14471077
14471107
14471201
14471387
14471393
14471537
14471631
14471659
14471721
14471779
14471787
14471811
14471825
14471831
14471855
14471909
14471941
14471983
14472087
14472103
14472179
14472183
14472247
14472363
14472397
14472507
14472519
14472757
14472945
14473069
14473127
14473219
14473285
14473311
14473331
14473427
14473591
14473763
14473783
14473815
14473849
14473869
14474039
14474045
14474099
14474141
14474239
14474247
14474399
14474615
14474631
14474669
14474715
14474857
14474915
14474955
14474963
14475007
14475013
14475021
14475029
14475109
14475119
14475203
14475239
14475313
14475339
14475343
14475393
14475463
14475519
14475583
14475787
14475801
14476021
14476241
14476259
14476303
14476561
14476633
14476697
14476831
14476885
14476955
14477059
14477185
14477275
14477279
14477325
14477345
14477349
14477475
14477737
14477779
14477861
14477885
14478205
14478251
14478503
14478537
14478621
14478629
14478817
14478841
14478965
14479009
14479013
14479021
14479037
14479249
14479341
14479351
14479621
14479627
14479661
14479739
14479799
14479895
14479901
14479925
14480171
14480195
14480247
14480311
14480325
14480585
14480645
14480683
14480741
14480829
14480949
14481011
14481051
14481205
14481217
14481271
14481407
14481471
14481485
14481501
14481541
14481555
14481571
14481703
14481799
14482135
14482223
14482413
14482511
14482571
14482757
14482767
14482869
14482981
14483225
14483445
14483501
14483579
14483739
14483911
14484009
14484039
14484093
14484139
14484145
14484181
14484217
14484257
14484275
14484317
14484435
14484439
14484461
14484605
14484607
14484701
14484917
14484931
14484993
14484997
14485125
14485129
14485225
14485403
14485423
14485473
14485485
14485505
14485697
14485743
14485761
14485967
14485979
14486061
14486089
14486153
14486191
14486297
14486397
14486457
14486509
14486531
14486587
14486677
14486783
14486827
14486865
14486885
14486915
14486919
14486993
14487071
14487103
14487175
14487205
14487249
14487315
14487509
14487535
14487661
14487813
14487847
14487947
14487959
14487999
14488093
14488115
14488127
14488499
14488529
14488549
14488713
14488735
14488889
14488907
14488997
14489031
14489071
14489157
14489187
14489203
14489379
14489477
14489511
14489579
14489649
14489671
14489693
14489719
14489811
14489881
14489909
14490041
14490097
14490113
14490149
14490167
14490385
14490399
14490419
14490523
14490579
14490695
14490919
14490937
14491015
14491037
14491045
14491099
14491115
14491139
14491171
14491193
14491299
14491331
14491387
14491421
14491441
14491549
14491589
14491679
14491705
14491889
14491895
14491941
14491953
14492139
14492261
14492387
14492431
14492485
14492519
14492581
14492613
14492677
14492747
14492765
14492799
14492817
14492853
14492857
14492885
14492947
14493037
14493093
14493197
14493217
14493253
14493411
14493413
14493523
14493639
14493903
14493927
14493939
14493945
14494081
14494111
14494127
14494225
14494299
14494477
14494487
14494695
14494711
14494735
14494797
14494809
14494845
14494931
14494969
14495183
14495283
14495365
14495381
14495433
14495513
14495875
14496103
14496111
14496301
14496449
14496609
14496617
14496621
14496729
14496755
14496791
14496803
14496909
14496915
14496923
14496949
14497007
14497009
14497039
14497075
14497077
14497189
14497373
14497441
14497499
14497517
14497521
14497535
14497577
14497615
14497627
14497647
14497699
14498007
14498013
14498023
14498275
14498495
14498549
14498563
14498677
14498699
14498741
14498797
14498831
14498855
14499039
14499155
14499255
14499279
14499309
14499345
14499375
14499403
14499521
14499545
14499561
14499577
14499595
14499719
14499725
14499745
14499775
14499853
14499949
14499989
14500031
14500169
14500213
14500229
14500255
14500459
14500481
14500523
14500563
14500917
14501021
14501027
14501401
14501469
14501505
14501633
14501647
14501683
14501715
14501925
14501993
14502007
14502105
14502211
14502291
14502355
14502461
14502463
14502491
14502555
14502565
14502633
14502657
14502755
14502895
14502947
14503019
14503061
14503133
14503135
14503387
14503449
14503457
14503683
14503757
14503763
14503865
14504027
14504031
14504141
14504231
14504525
14504533
14504569
14504597
14504695
14504709
14504749
14504945
14505057
14505111
14505251
14505403
14505415
14505499
14505777
14505781
14505953
14506003
14506119
14506169
14506183
14506237
14506253
14506323
14506327
14506347
14506517
14506643
14506653
14506709
14506847
14506873
14507099
14507129
14507131
14507167
14507285
14507319
14507395
14507549
14507793
14507829
14507843
14507845
14507909
14507933
14507955
14507993
14508031
14508047
14508105
14508119
14508193
14508237
14508247
14508339
14508405
14508511
14508571
14508573
14508587
14508629
14508709
14508861
14508903
14509051
14509069
14509083
14509219
14509273
14509343
14509375
14509411
14509441
14509485
14509643
14509661
14509729
14509793
14509857
14509913
14509935
14509965
14510001
14510047
14510115
14510227
14510265
14510497
14510557
14510651
14510657
14510661
14510709
14510723
14510837
14510897
14510905
14511063
14511091
14511279
14511397
14511431
14511527
14511551
14511575
14511637
14511697
14511773
14511803
14511841
14511865
14511911
14512023
14512051
14512127
14512153
14512195
14512255
14512277
14512417
14512429
14512497
14512515
14512551
14512557
14512571
14512581
14512605
14512703
14512931
14512975
14513053
14513177
14513219
14513239
14513273
14513275
14513311
14513345
14513427
14513549
14513609
14513619
14513713
14513845
14513879
14514001
14514005
14514081
14514111
14514377
14514383
14514391
14514839
14514881
14515055
14515089
14515251
14515253
14515525
14515533
14515589
14515625
14515693
14515721
14515735
14515751
14515815
14515833
14515843
14515917
14515941
14515953
14515967
14515993
14516103
14516147
14516153
14516159
14516211
14516221
14516227
14516341
14516401
14516475
14516477
14516561
14516801
14516973
14517013
14517031
14517081
14517175
14517205
14517217
14517531
14517563
14517637
14517689
14517813
14517889
14518205
14518219
14518263
14518289
14518319
14518471
14518589
14518655
14518777
14518877
14518939
14519069
14519107
14519241
14519371
14519579
14519689
14519719
14519743
14519819
14519877
14520005
14520027
14520031
14520035
14520195
14520219
14520389
14520781
14520801
14520857
14520875
14520987
14521019
14521061
14521107
14521177
14521289
14521311
14521653
14521697
14521765
14521769
14521783
14521897
14521975
14522067
14522087
14522185
14522323
14522337
14522349
14522371
14522495
14522641
14522687
14522699
14522725
14522733
14522765
14522819
14522833
14522925
14522947
14522969
14522973
14522991
14523029
14523121
14523153
14523215
14523281
14523313
14523423
14523495
14523533
14523591
14523637
14523641
14523673
14523783
14523939
14523963
14523987
14524005
14524017
14524043
14524087
14524097
14524185
14524251
14524375
14524427
14524699
14524755
14524759
14524927
14525175
14525261
14525275
14525321
14525333
14525383
14525427
14525447
14525523
14525531
14525545
14525605
14525719
14525739
14525835
14525847
14525953
14525993
14526057
14526067
14526227
14526285
14526295
14526397
14526485
14526529
14526563
14526613
14526721
14526781
14527021
14527103
14527259
14527281
14527309
14527389
14527395
14527401
14527435
14527437
14527455
14527501
14527655
14527663
14527765
14527771
14527827
14528041
14528111
14528149
14528159
14528235
14528351
14528493
14528509
14528565
14528577
14528747
14528783
14528989
14528999
14529129
14529189
14529193
14529321
14529591
14529689
14529717
14529785
14529787
14529859
14529917
14529953
14530025
14530027
14530057
14530109
14530235
14530477
14530485
14530503
14530577
14530601
14530697
14530931
14530979
14531019
14531025
14531031
14531073
14531191
14531211
14531247
14531291
14531323
14531375
14531399
14531499
14531527
14531693
14531721
14531725
14531789
14531859
14532053
14532077
14532189
14532241
14532527
14532599
14532767
14532815
14532847
14532901
14532971
14532999
14533043
14533223
14533405
14533415
14533419
14533421
14533427
14533515
14533681
14533689
14533751
14533791
14533839
14533911
14533957
14534133
14534145
14534281
14534309
14534371
14534471
14534529
14534553
14534639
14534643
14534711
14534777
14534867
14534883
14534949
14535049
14535207
14535281
14535295
14535361
14535449
14535457
14535465
14535553
14535627
14535735
14535859
14536125
14536185
14536201
14536243
14536287
14536341
14536367
14536611
14536653
14536855
14536979
14537033
14537051
14537061
14537209
14537413
14537417
14537431
14537547
14537617
14537697
14537853
14537865
14537969
14538159
14538215
14538331
14538363
14538559
14538587
14538615
14538721
14538911
14539025
14539027
14539029
14539223
14539337
14539513
14539595
14539623
14539659
14539687
14539709
14539717
14539729
14539761
14539853
14539901
14540079
14540139
14540149
14540215
14540291
14540337
14540373
14540575
14540595
14540635
14540665
14540699
14540729
14540781
14540791
14540929
14540953
14541055
14541061
14541091
14541183
14541259
14541355
14541487
14541501
14541647
14541667
14541779
14541843
14541877
14541949
14542007
14542117
14542151
14542197
14542203
14542211
14542235
14542241
14542327
14542537
14542569
14542605
14542661
14542707
14543037
14543097
14543127
14543173
14543369
14543401
14543439
14543469
14543619
14543739
14543841
14543903
14543911
14544283
14544337
14544349
14544473
14544577
14544773
14544827
14544849
14545085
14545123
14545173
14545257
14545287
14545367
14545443
14545481
14545561
14545723
14545729
14545793
14546117
14546143
14546235
14546351
14546425
14546529
14546609
14546689
14546839
14546849
14546861
14546989
14547077
14547225
14547305
14547325
14547345
14547363
14547375
14547397
14547527
14547557
14547563
14547607
14547619
14547647
14547667
14547959
14547971
14548035
14548181
14548419
14548473
14548637
14548639
14548723
14548751
14548801
14548833
14548835
14548857
14548941
14549199
14549257
14549271
14549273
14549289
14549577
14549629
14549655
14549913
14549921
14550163
14550259
14550373
14550417
14550483
14550521
14550631
14550671
14550687
14550729
14550847
14550855
14550937
14550957
14551011
14551077
14551159
14551293
14551349
14551429
14551521
14551569
14551639
14551699
14551887
14551893
14551897
14551915
14552023
14552027
14552111
14552159
14552187
14552237
14552263
14552317
14552381
14552409
14552451
14552485
14552497
14552553
14552603
14552635
14552871
14552895
14552925
14552937
14553029
14553051
14553055
14553063
14553197
14553283
14553297
14553331
14553439
14553523
14553601
14553603
14553875
14553993
14554067
14554269
14554285
14554301
14554387
14554475
14554499
14554503
14554543
14554567
14554653
14554689
14554803
14554847
14554875
14554949
14554965
14555013
14555037
14555077
14555173
14555233
14555325
14555345
14555407
14555513
14555621
14555647
14555683
14555791
14555913
14555921
14555987
14556001
14556013
14556045
14556137
14556173
14556299
14556407
14556427
14556509
14556559
14556619
14556757
14556787
14556825
14556865
14556967
14556997
14557071
14557155
14557249
14557265
14557301
14557399
14557541
14557571
14557587
14557631
14557793
14557809
14557907
14557981
14558041
14558157
14558173
14558185
14558205
14558365
14558369
14558441
14558483
14558489
14558539
14558571
14558671
14558743
14558787
14558805
14558965
14558971
14559025
14559057
14559109
14559117
14559131
14559161
14559343
14559415
14559417
14559497
14559505
14559543
14559577
14559677
14559709
14559725
14559811
14559821
14559885
14559899
14559909
14559919
14559969
14559997
14560097
14560119
14560177
14560247
14560343
14560389
14560405
14560661
14560793
14560803
14560811
14560829
14560831
14560835
14560857
14560961
14560993
14561023
14561031
14561075
14561163
14561179
14561305
14561385
14561411
14561421
14561449
14561489
14561505
14561683
14561719
14561755
14561849
14561913
14562033
14562077
14562081
14562307
14562423
14562497
14562563
14562573
14562609
14562693
14562775
14562817
14562879
14562905
14563109
14563355
14563377
14563471
14563583
14563725
14563739
14563749
14563857
14563871
14563943
14564025
14564043
14564051
14564063
14564405
14564615
14564645
14564655
14564685
14564747
14564779
14564803
14564833
14564867
14564891
14564899
14564985
14565003
14565067
14565171
14565315
14565351
14565353
14565421
14565607
14565705
14565787
14565801
14565877
14565901
14565931
14565943
14566065
14566081
14566089
14566131
14566161
14566197
14566223
14566283
14566369
14566543
14566589
14566593
14566707
14566755
14566969
14566991
14567059
14567093
14567097
14567181
14567183
14567209
14567337
14567387
14567451
14567465
14567481
14567547
14567569
14567737
14567817
14567971
14568107
14568221
14568239
14568445
14568495
14568587
14568599
14568789
14568901
14569371
14569429
14569435
14569441
14569497
14569573
14569581
14569605
14569653
14569673
14569675
14569803
14569883
14569921
14569997
14570011
14570019
14570247
14570413
14570533
14570573
14570579
14570647
14570693
14570767
14570899
14570947
14570979
14571013
14571109
14571185
14571461
14571671
14571697
14571743
14571745
14571873
14572009
14572017
14572159
14572221
14572363
14572395
14572403
14572595
14572689
14572757
14572773
14572883
14572933
14572957
14572985
14572999
14573089
14573099
14573119
14573161
14573191
14573289
14573307
14573315
14573375
14573379
14573475
14573477
14573521
14573593
14573791
14573983
14574127
14574167
14574171
14574303
14574341
14574653
14574665
14574779
14574797
14574965
14575109
14575241
14575285
14575343
14575367
14575431
14575453
14575509
14575637
14575691
14575881
14575917
14575961
14575971
14576037
14576049
14576173
14576255
14576269
14576335
14576473
14576493
14576693
14576765
14576845
14576861
14576865
14576869
14576933
14576939
14576961
14576963
14577007
14577123
14577131
14577343
14577527
14577531
14577585
14577645
14577657
14577659
14577669
14577979
14577985
14578059
14578105
14578249
14578271
14578277
14578321
14578345
14578351
14578363
14578489
14578513
14578615
14578685
14578749
14578759
14578849
14578935
14578977
14579027
14579077
14579161
14579165
14579187
14579253
14579379
14579467
14579561
14579563
14579769
14579773
14580129
14580165
14580169
14580185
14580205
14580217
14580345
14580531
14580647
14580681
14580767
14580875
14581019
14581105
14581209
14581261
14581391
14581427
14581507
14581573
14581613
14581661
14581723
14581865
14581873
14581951
14581997
14582095
14582191
14582447
14582479
14582485
14582501
14582549
14582561
14582571
14582589
14582745
14582987
14583017
14583021
14583073
14583075
14583127
14583187
14583347
14583425
14583457
14583521
14583555
14583563
14583593
14583729
14583879
14583917
14584145
14584323
14584363
14584505
14584525
14584641
14584651
14584711
14584717
14584721
14584769
14584817
14585019
14585121
14585175
14585307
14585311
14585381
14585399
14585407
14585471
14585515
14585525
14585587
14585609
14585691
14585729
14585791
14585865
14585885
14585943
14586009
14586111
14586113
14586321
14586461
14586469
14586507
14586651
14586699
14586849
14586953
14587047
14587069
14587213
14587261
14587351
14587449
14587463
14587515
14587579
14587631
14587647
14587793
14587815
14587823
14587989
14588007
14588027
14588081
14588191
14588235
14588241
14588293
14588313
14588353
14588369
14588721
14588797
14588813
14588883
14588911
14588915
14588941
14588947
14588961
14589015
14589215
14589253
14589299
14589469
14589527
14589583
14589625
14589649
14589863
14589915
14589935
14590043
14590111
14590141
14590359
14590459
14590681
14590707
14590783
14590983
14591111
14591113
14591139
14591181
14591247
14591329
14591331
14591375
14591411
14591547
14591599
14591677
14591687
14591791
14591883
14591903
14591939
14591953
14591989
14592077
14592081
14592289
14592407
14592569
14592589
14592793
14592831
14592887
14592911
14592949
14592987
14592997
14593063
14593191
14593231
14593309
14593395
14593403
14593407
14593483
14593561
14593567
14593577
14593635
14593763
14593847
14593951
14593989
14594161
14594345
14594389
14594523
14594573
14594773
14595073
14595153
14595371
14595405
14595449
14595531
14595537
14595731
14595855
14595991
14596011
14596027
14596063
14596145
14596237
14596259
14596423
14596501
14596511
14596635
14596639
14596727
14596883
14596927
14596933
14596975
14597415
14597423
14597443
14597509
14597799
14597897
14598053
14598089
14598191
14598249
14598253
14598471
14598539
14598717
14598859
14598917
14598961
14598977
14599009
14599035
14599143
14599183
14599311
14599383
14599423
14599465
14599567
14599849
14599939
14600065
14600075
14600101
14600209
14600229
14600531
14600609
14600739
14600771
14600899
14600913
14600937
14600989
14601017
14601031
14601079
14601119
14601157
14601305
14601351
14601555
14601611
14601625
14601657
14601757
14601887
14601899
14601959
14601975
14602261
14602275
14602277
14602417
14602427
14602475
14602537
14602575
14602585
14602703
14602721
14602729
14602745
14602909
14603115
14603173
14603193
14603241
14603423
14603439
14603483
14603527
14603573
14603637
14603919
14604105
14604147
14604205
14604209
14604329
14604499
14604529
14604541
14604547
14604669
14604757
14604823
14604853
14604983
14605043
14605049
14605071
14605135
14605281
14605403
14605693
14605713
14605793
14605943
14606025
14606059
14606101
14606267
14606303
14606371
14606411
14606443
14606511
14606611
14606675
14606687
14606689
14606879
14606921
14606925
14606949
14606993
14607023
14607145
14607149
14607165
14607173
14607265
14607283
14607433
14607437
14607507
14607613
14607645
14607713
14607841
14607877
14607977
14608045
14608091
14608235
14608243
14608249
14608363
14608507
14608575
14608679
14608755
14609047
14609099
14609231
14609263
14609271
14609299
14609321
14609337
14609347
14609493
14609515
14609533
14609785
14609793
14609811
14609917
14609945
14610093
14610103
14610183
14610215
14610233
14610263
14610281
14610299
14610341
14610391
14610481
14610511
14610565
14610567
14610577
14610657
14610697
14610747
14610963
14611045
14611061
14611145
14611175
14611245
14611247
14611321
14611339
14611397
14611415
14611423
14611487
14611497
14611545
14611551
14611731
14611763
14611781
14611903
14612217
14612225
14612271
14612365
14612371
14612387
14612473
14612479
14612497
14612741
14612765
14612815
14612929
14612949
14612969
14613041
14613079
14613097
14613351
14613547
14613575
14613639
14613769
14613801
14613849
14613867
14613883
14613899
14613905
14613955
14613979
14614173
14614303
14614359
14614401
14614407
14614439
14614499
14614517
14614615
14614645
14614813
14614857
14615111
14615259
14615291
14615317
14615507
14615549
14615777
14615895
14615981
14616171
14616313
14616439
14616569
14616707
14616711
14616737
14616743
14616747
14616753
14616817
14616819
14616843
14616871
14616893
14616963
14617247
14617309
14617521
14617543
14617595
14617649
14617665
14617691
14617703
14617825
14617859
14617907
14617983
14618051
14618181
14618293
14618295
14618595
14618729
14618781
14618865
14618963
14618979
14619011
14619267
14619311
14619365
14619373
14619417
14619451
14619469
14619653
14619673
14619803
14619827
14619831
14619837
14619927
14619933
14619963
14620041
14620043
14620149
14620253
14620285
14620301
14620525
14620537
14620557
14620627
14620651
14621051
14621181
14621223
14621401
14621503
14621521
14621615
14621627
14621629
14621639
14621645
14621757
14621793
14621833
14621845
14621937
14621951
14621963
14622013
14622195
14622201
14622203
14622239
14622319
14622453
14622525
14622723
14622797
14622853
14622909
14623063
14623085
14623153
14623167
14623195
14623217
14623259
14623301
14623411
14623419
14623427
14623505
14623553
14623557
14623667
14623673
14623849
14623855
14623905
14624099
14624241
14624349
14624387
14624499
14624519
14624601
14624717
14624785
14624793
14624863
14624877
14624965
14625199
14625277
14625283
14625497
14625573
14625623
14625703
14625717
14625797
14625847
14625929
14625937
14626009
14626025
14626107
14626181
14626199
14626217
14626365
14626395
14626559
14626861
14626871
14626929
14627071
14627101
14627325
14627411
14627459
14627465
14627571
14627627
14627679
14627713
14627759
14627885
14628081
14628147
14628417
14628419
14628489
14628627
14628703
14628721
14628775
14628973
14629137
14629233
14629275
14629281
14629315
14629457
14629511
14629519
14629523
14629765
14629775
14629787
14629821
14629927
14629939
14629963
14630083
14630121
14630133
14630157
14630183
14630221
14630237
14630263
14630279
14630289
14630291
14630403
14630547
14630569
14630571
14630619
14630717
14630887
14630999
14631063
14631157
14631187
14631257
14631279
14631319
14631347
14631467
14631609
14631615
14631755
14631809
14631835
14631865
14631897
14631957
14631997
14632069
14632293
14632445
14632617
14632647
14632747
14632759
14632823
14633011
14633239
14633413
14633423
14633505
14633539
14633575
14633613
14633637
14633655
14633781
14633813
14633837
14633873
14633883
14633903
14633987
14633989
14634003
14634107
14634131
14634161
14634255
14634299
14634307
14634421
14634431
14634463
14634525
14634541
14634559
14634585
14634605
14634665
14634673
14634699
14634713
14634755
14634807
14634861
14634941
14635003
14635031
14635173
14635179
14635367
14635469
14635569
14635665
14635705
14635713
14635751
14635871
14635989
14635991
14636111
14636143
14636159
14636189
14636229
14636303
14636305
14636379
14636509
14636609
14636635
14636645
14636709
14636735
14637003
14637011
14637177
14637267
14637275
14637373
14637753
14637955
14637973
14638133
14638277
14638317
14638379
14638649
14638693
14638829
14638887
14638939
14638957
14639009
14639067
14639085
14639111
14639167
14639325
14639531
14639669
14639689
14639715
14639843
14639847
14639865
14639913
14639917
14639957
14639977
14640033
14640113
14640187
14640207
14640257
14640345
14640435
14640597
14640701
14640953
14641043
14641099
14641151
14641201
14641281
14641473
14641519
14641531
14641533
14641571
14641593
14641691
14641757
14641773
14641833
14641863
14641885
14642147
14642151
14642199
14642255
14642271
14642319
14642321
14642537
14642571
14642599
14642619
14642647
14642739
14642835
14642873
14642903
14643291
14643299
14643433
14643533
14643579
14643711
14643801
14643873
14643913
14644029
14644117
14644181
14644203
14644279
14644301
14644399
14644515
14644619
14644729
14644831
14644861
14644877
14644925
14645141
14645171
14645189
14645193
14645201
14645207
14645219
14645373
14645559
14645647
14645731
14645955
14645973
14646023
14646083
14646141
14646237
14646257
14646423
14646571
14646797
14646821
14646915
14646967
14647009
14647103
14647153
14647185
14647403
14647479
14647631
14647735
14647873
14647971
14648043
14648073
14648123
14648127
14648255
14648261
14648267
14648285
14648329
14648355
14648401
14648509
14648585
14648593
14648605
14648617
14648663
14648827
14648833
14648859
14648887
14648927
14648977
14649025
14649051
14649107
14649195
14649243
14649279
14649415
14649417
14649425
14649509
14649523
14649543
14649609
14649645
14649765
14649795
14649851
14649989
14650111
14650257
14650299
14650385
14650427
14650501
14650567
14650693
14650759
14650967
14651105
14651369
14651431
14651461
14651489
14651541
14651569
14651681
14651757
14651875
14651937
14652071
14652153
14652213
14652291
14652453
14652467
14652599
14652641
14652805
14652955
14652961
14652979
14653011
14653017
14653449
14653633
14653821
14653861
14654073
14654199
14654397
14654463
14654563
14654605
14654655
14654661
14654667
14654685
14654723
14654733
14654793
14654869
14654919
14654995
14655035
14655067
14655123
14655309
14655317
14655345
14655349
14655437
14655449
14655627
14655695
14655713
14656061
14656205
14656231
14656345
14656347
14656349
14656403
14656527
14656547
14656603
14656687
14657015
14657187
14657355
14657435
14657467
14657523
14657559
14657655
14657709
14657769
14657891
14657901
14657911
14658011
14658015
14658067
14658079
14658155
14658299
14658337
14658359
14658415
14658469
14658473
14658665
14658683
14658883
14658893
14658935
14658981
14658995
14659185
14659209
14659257
14659259
14659269
14659363
14659487
14659539
14659573
14659675
14659775
14659923
14659933
14660091
14660117
14660127
14660225
14660279
14660281
14660297
14660345
14660395
14660397
14660419
14660613
14660677
14660865
14660935
14661087
14661089
14661251
14661297
14661303
14661413
14661431
14661469
14661539
14661581
14661593
14661783
14661881
14661931
14661979
14662033
14662229
14662357
14662383
14662391
14662511
14662521
14662543
14662549
14662711
14662815
14662881
14662995
14663019
14663045
14663451
14663571
14663657
14663673
14663707
14663727
14663835
14663857
14663873
14663991
14664051
14664089
14664155
14664251
14664387
14664389
14664481
14664509
14664531
14664543
14664575
14664589
14664615
14664623
14664641
14664667
14664719
14664923
14665089
14665135
14665261
14665345
14665349
14665393
14665425
14665447
14665535
14665583
14665593
14665705
14665747
14665959
14666017
14666103
14666237
14666289
14666317
14666425
14666453
14666485
14666505
14666757
14666789
14666795
14666797
14666835
14666845
14666871
14666957
14666969
14666981
14666985
14667039
14667139
14667201
14667235
14667247
14667393
14667451
14667561
14667563
14667573
14667595
14667749
14668349
14668413
14668441
14668513
14668543
14668581
14668605
14668607
14668643
14668689
14668811
14668869
14668987
14669081
14669137
14669173
14669285
14669491
14669519
14669525
14669527
14669537
14669569
14669593
14669657
14669725
14669845
14669971
14670007
14670175
14670245
14670265
14670415
14670425
14670711
14670751
14670869
14670911
14670977
14671045
14671049
14671089
14671283
14671509
14671573
14671615
14671713
14671855
14671857
14671891
14672065
14672111
14672181
14672215
14672241
14672273
14672299
14672445
14672485
14672489
14672535
14672605
14672957
14673001
14673247
14673269
14673299
14673387
14673487
14673507
14673513
14673549
14673579
14673631
14673769
14673811
14673815
14673819
14673979
14674071
14674129
14674341
14674381
14674489
14674641
14674845
14675031
14675083
14675211
14675293
14675557
14675663
14675665
14675755
14675761
14675795
14675891
14676001
14676007
14676009
14676035
14676043
14676237
14676245
14676381
14676459
14676645
14676667
14676689
14676755
14676829
14676871
14676875
14676887
14676903
14676919
14676969
14677017
14677189
14677199
14677305
14677547
14677637
14677665
14677831
14677993
14678155
14678223
14678389
14678407
14678537
14678819
14678833
14678839
14678869
14678887
14679017
14679081
14679163
14679181
14679565
14679579
14679591
14679615
14679629
14679663
14679665
14679793
14679821
14679901
14679963
14680013
14680109
14680163
14680247
14680307
14680513
14680547
14680563
14680593
14680633
14680829
14680861
14681167
14681259
14681265
14681321
14681373
14681385
14681395
14681445
14681493
14681523
14681555
14681565
14681589
14681731
14681825
14681849
14682009
14682015
14682029
14682271
14682299
14682369
14682529
14682575
14682587
14682857
14682865
14682893
14682991
14683089
14683091
14683133
14683195
14683411
14683425
14683571
14683681
14683833
14683861
14684021
14684133
14684205
14684297
14684515
14684645
14684649
14685033
14685109
14685187
14685213
14685329
14685399
14685517
14685531
14685579
14685613
14685679
14685685
14685705
14685719
14685919
14686051
14686059
14686215
14686269
14686291
14686501
14686523
14686565
14686709
14686801
14686823
14687189
14687255
14687379
14687605
14687769
14687895
14687973
14688187
14688189
14688211
14688371
14688401
14688433
14688493
14688531
14688683
14688875
14688951
14689193
14689265
14689277
14689285
14689401
14689449
14689595
14689631
14689687
14689711
14689761
14689775
14689783
14689927
14689953
14690047
14690097
14690231
14690269
14690279
14690371
14690535
14690563
14690575
14690579
14690671
14690741
14690887
14691005
14691023
14691049
14691171
14691245
14691259
14691385
14691421
14691427
14691449
14691509
14691531
14691595
14691625
14692007
14692017
14692019
14692043
14692181
14692213
14692237
14692339
14692353
14692367
14692453
14692491
14692495
14692515
14692563
14692591
14692629
14692845
14693039
14693069
14693145
14693169
14693195
14693247
14693353
14693389
14693451
14693459
14693539
14693649
14693681
14693837
14693961
14694027
14694049
14694081
14694199
14694331
14694347
14694367
14694423
14694509
14694711
14694959
14695201
14695211
14695215
14695377
14695409
14695505
14695507
14695525
14695595
14695603
14695655
14695721
14695747
14695799
14695889
14695931
14696173
14696259
14696469
14696527
14696573
14696725
14696821
14696947
14696995
14697043
14697109
14697175
14697203
14697233
14697257
14697277
14697295
14697305
14697387
14697413
14697443
14697511
14697519
14697541
14697617
14697625
14697717
14697725
14697805
14697841
14697969
14697975
14698163
14698187
14698253
14698297
14698331
14698439
14698499
14698765
14698975
14698993
14699247
14699259
14699309
14699319
14699323
14699415
14699471
14699557
14699565
14699605
14699631
14699761
14700149
14700155
14700187
14700345
14700501
14700531
14700539
14700633
14700703
14700809
14700827
14700903
14701131
14701199
14701237
14701349
14701363
14701369
14701439
14701481
14701589
14701637
14701871
14701879
14701895
14701907
14702201
14702273
14702425
14702445
14702537
14702657
14702699
14702737
14702823
14702831
14702865
14702963
14702993
14703101
14703201
14703321
14703441
14703563
14703625
14703859
14703941
14704021
14704033
14704093
14704171
14704287
14704309
14704325
14704333
14704439
14704571
14704589
14704621
14704747
14704825
14704919
14704957
14704959
14704963
14704981
14705015
14705035
14705135
14705141
14705165
14705187
14705237
14705379
14705453
14705485
14705507
14705591
14705663
14705741
14705757
14705789
14705881
14705905
14705915
14705943
14705977
14705985
14706187
14706435
14706443
14706493
14706537
14706547
14706555
14706571
14706615
14706717
14706731
14706783
14706831
14706847
14707043
14707179
14707295
14707405
14707485
14707497
14707525
14707527
14707549
14707705
14707719
14707757
14707759
14707867
14707999
14708045
14708111
14708123
14708257
14708277
14708527
14708595
14708717
14708843
14708861
14708875
14708903
14708971
14709111
14709321
14709445
14709641
14709927
14709965
14710087
14710091
14710111
14710217
14710297
14710335
14710589
14710599
14710721
14710741
14710745
14710773
14710799
14710919
14711009
14711069
14711095
14711275
14711307
14711373
14711479
14711711
14711747
14711749
14711779
14711805
14711869
14711933
14712001
14712013
14712147
14712159
14712307
14712647
14712673
14712729
14712815
14712871
14712907
14712985
14713101
14713197
14713225
14713355
14713423
14713433
14713449
14713589
14713613
14713711
14713871
14713959
14714067
14714071
14714083
14714095
14714137
14714161
14714275
14714285
14714361
14714367
14714409
14714447
14714469
14714487
14714543
14714561
14714631
14714713
14714767
14714829
14714835
14714841
14714865
14714915
14715041
14715073
14715095
14715193
14715195
14715197
14715367
14715569
14715751
14715767
14715785
14715831
14715917
14715979
14715989
14716125
14716241
14716311
14716415
14716483
14716493
14716607
14716743
14716801
14716889
14716919
14716993
14717055
14717131
14717199
14717433
14717605
14717703
14717717
14717757
14717767
14717789
14717795
14717905
14718057
14718095
14718127
14718205
14718257
14718435
14718439
14718463
14718507
14718547
14718565
14718583
14718609
14718697
14718705
14718727
14718813
14718841
14718877
14718913
14718939
14718945
14718947
14718961
14718973
14719133
14719161
14719203
14719291
14719483
14719529
14719613
14719631
14719663
14719667
14719775
14719885
14719993
14720049
14720117
14720211
14720413
14720533
14720671
14720679
14720749
14720819
14720831
14720877
14721011
14721023
14721035
14721237
14721273
14721325
14721397
14721403
14721511
14721617
14721651
14721813
14721881
14721895
14721995
14722025
14722039
14722111
14722199
14722269
14722387
14722409
14722429
14722451
14722477
14722553
14722573
14722603
14722619
14722753
14722783
14722885
14723043
14723091
14723121
14723159
14723325
14723337
14723351
14723413
14723429
14723445
14723577
14723603
14723777
14723781
14723783
14724195
14724303
14724317
14724511
14724609
14724639
14724641
14724729
14724799
14724835
14724869
14724879
14724963
14725129
14725221
14725413
14725773
14725929
14725953
14725983
14726029
14726043
14726073
14726103
14726123
14726261
14726299
14726375
14726583
14726611
14726661
14726707
14726737
14726917
14726933
14726949
14727129
14727147
14727347
14727387
14727391
14727395
14727399
14727537
14727545
14727603
14727789
14728085
14728109
14728117
14728259
14728865
14728947
14729023
14729035
14729037
14729093
14729137
14729181
14729449
14729497
14729719
14729723
14729729
14729909
14730001
14730019
14730081
14730125
14730177
14730305
14730387
14730399
14730657
14730729
14730893
14730905
14730961
14731003
14731131
14731173
14731193
14731355
14731383
14731401
14731413
14731431
14731649
14731675
14731761
14731969
14732055
14732057
14732183
14732317
14732381
14732401
14732407
14732421
14732433
14732493
14732607
14732653
14732667
14732677
14732717
14732833
14732911
14732931
14732937
14732977
14733025
14733031
14733051
14733149
14733235
14733241
14733259
14733273
14733329
14733369
14733383
14733411
14733427
14733719
14733749
14733765
14733955
14733991
14734021
14734045
14734069
14734159
14734315
14734523
14734729
14734767
14734829
14735051
14735099
14735117
14735239
14735425
14735695
14735835
14735841
14736061
14736145
14736151
14736169
14736193
14736229
14736257
14736267
14736305
14736399
14736407
14736423
14736471
14736525
14736627
14736751
14736823
14736827
14736847
14736895
14737011
14737063
14737069
14737149
14737203
14737351
14737369
14737499
14737587
14737705
14737787
14737815
14737867
14737979
14738175
14738251
14738273
14738279
14738339
14738361
14738465
14738603
14738833
14738841
14738859
14738881
14738989
14739045
14739125
14739143
14739197
14739207
14739321
14739337
14739365
14739467
14739489
14739517
14739613
14739699
14739705
14739715
14739813
14739823
14739835
14739843
14739845
14739931
14739991
14740035
14740059
14740095
14740151
14740331
14740421
14740557
14740627
14740731
14740897
14740923
14740983
14741025
14741029
14741079
14741093
14741101
14741117
14741225
14741257
14741321
14741439
14741507
14741619
14741665
14741677
14741697
14741705
14741757
14741989
14742025
14742147
14742247
14742277
14742391
14742407
14742417
14742489
14742523
14742601
14742691
14742797
14742849
14742959
14742983
14743001
14743067
14743117
14743123
14743131
14743211
14743239
14743321
14743325
14743345
14743375
14743401
14743411
14743441
14743619
14743775
14743987
14743995
14744121
14744273
14744471
14744535
14744569
14744677
14744723
14744937
14745093
14745189
14745363
14745531
14745705
14745799
14746011
14746073
14746117
14746171
14746175
14746239
14746307
14746375
14746741
14746837
14746877
14746899
14746907
14746989
14747019
14747025
14747103
14747115
14747137
14747339
14747351
14747359
14747369
14747571
14747589
14747651
14747675
14747797
14747805
14747855
14747961
14748041
14748083
14748401
14748437
14748451
14748751
14748827
14748941
14749009
14749013
14749031
14749049
14749143
14749287
14749403
14749621
14749627
14749643
14749713
14749723
14749867
14749913
14749919
14749929
14750261
14750621
14750703
14750733
14750737
14750775
14750803
14750843
14750927
14750953
14750971
14751011
14751177
14751195
14751201
14751259
14751291
14751293
14751371
14751425
14751431
14751467
14751479
14751487
14751841
14751859
14751951
14751985
14751995
14752133
14752139
14752143
14752205
14752295
14752305
14752379
14752401
14752415
14752457
14752621
14752629
14752689
14752699
14752731
14752743
14752763
14752791
14752893
14752915
14753003
14753013
14753053
14753117
14753315
14753321
14753339
14753343
14753351
14753405
14753547
14753643
14753683
14753863
14753943
14753989
14753997
14754113
14754189
14754363
14754371
14754391
14754497
14754865
14754935
14754945
14754997
14755173
14755235
14755245
14755363
14755389
14755449
14755469
14755591
14755761
14755803
14755875
14756341
14756345
14756603
14756721
14756723
14756761
14756797
14756825
14756919
14757119
14757251
14757349
14757375
14757429
14757501
14757509
14757551
14757715
14757767
14757857
14757921
14758069
14758137
14758237
14758273
14758373
14758385
14758421
14758529
14758623
14758713
14758837
14758931
14758963
14759049
14759095
14759221
14759233
14759269
14759441
14759861
14759867
14759895
14759913
14759929
14760003
14760163
14760181
14760203
14760287
14760309
14760457
14760465
14760485
14760527
14760721
14760741
14760821
14760953
14760975
14761043
14761047
14761101
14761161
14761181
14761183
14761191
14761401
14761437
14761457
14761595
14761643
14761655
14761713
14761831
14761887
14761909
14761945
14762055
14762429
14762549
14762571
14762601
14762683
14762727
14762809
14762897
14763009
14763041
14763055
14763195
14763223
14763263
14763375
14763437
14763479
14763553
14763685
14763689
14763729
14763837
14763933
14763959
14764097
14764159
14764337
14764463
14764479
14764551
14764649
14764727
14764755
14764823
14764895
14764919
14765617
14765649
14765699
14765829
14765917
14765943
14766017
14766085
14766141
14766271
14766451
14766487
14766495
14766583
14766669
14766681
14766741
14766785
14766931
14766981
14767007
14767015
14767053
14767085
14767097
14767247
14767291
14767337
14767479
14767491
14767607
14767675
14767759
14767891
14767921
14767945
14767959
14767965
14768033
14768157
14768211
14768221
14768335
14768347
14768373
14768549
14768559
14768667
14768803
14768921
14769083
14769123
14769135
14769171
14769281
14769401
14769425
14769485
14769561
14769729
14769777
14769829
14769855
14770045
14770069
14770249
14770263
14770291
14770331
14770345
14770477
14770521
14770711
14770747
14770843
14770983
14771055
14771099
14771185
14771239
14771245
14771259
14771321
14771383
14771443
14771449
14771489
14771575
14771607
14771751
14771803
14772125
14772235
14772251
14772323
14772415
14772565
14772749
14772921
14773005
14773029
14773035
14773089
14773173
14773247
14773281
14773351
14773491
14773521
14773531
14773593
14773661
14773681
14773691
14773869
14773875
14773937
14773957
14774011
14774061
14774181
14774207
14774223
14774231
14774261
14774371
14774379
14774423
14774449
14774495
14774515
14774849
14774881
14774905
14775005
14775037
14775199
14775321
14775347
14775407
14775481
14775719
14775799
14775811
14775899
14775905
14775931
14775961
14776069
14776097
14776209
14776263
14776445
14776473
14776509
14776697
14776825
14776857
14776861
14776885
14777007
14777019
14777071
14777081
14777143
14777205
14777263
14777321
14777333
14777415
14777537
14777549
14777725
14777751
14777761
14777765
14777781
14777845
14777953
14778111
14778413
14778471
14778503
14778529
14778531
14778579
14778669
14778711
14778775
14778787
14778879
14778885
14778891
14779023
14779035
14779193
14779365
14779495
14779513
14779517
14779615
14779637
14779657
14779673
14779853
14779883
14779943
14780025
14780041
14780067
14780101
14780123
14780143
14780265
14780337
14780359
14780425
14780439
14780509
14780545
14780553
14780719
14780741
14780753
14780933
14781155
14781233
14781443
14781449
14781471
14781537
14781601
14781783
14782013
14782029
14782137
14782219
14782541
14782629
14782671
14782839
14782913
14782971
14782987
14783085
14783099
14783249
14783253
14783261
14783269
14783423
14783455
14783605
14783607
14783629
14783657
14783661
14783723
14783737
14783765
14783813
14783845
14783853
14783877
14784273
14784309
14784497
14784635
14784683
14784719
14784727
14784813
14784849
14784873
14784913
14785005
14785039
14785053
14785075
14785101
14785129
14785181
14785305
14785323
14785363
14785467
14785473
14785555
14785573
14785611
14785671
14785685
14785727
14785763
14785785
14785793
14785911
14785961
14785979
14786013
14786083
14786145
14786173
14786269
14786283
14786307
14786345
14786633
14786779
14786863
14786933
14786969
14787003
14787015
14787027
14787051
14787075
14787099
14787109
14787143
14787247
14787253
14787315
14787415
14787547
14787579
14787647
14787677
14787743
14787875
14787945
14788039
14788133
14788205
14788427
14788449
14788513
14788567
14788603
14788755
14788855
14788947
14789111
14789131
14789159
14789267
14789343
14789461
14789563
14789583
14789611
14789663
14789675
14789823
14790139
14790171
14790189
14790197
14790419
14790425
14790427
14790557
14790607
14790613
14790761
14790819
14791031
14791041
14791049
14791145
14791147
14791175
14791239
14791243
14791425
14791595
14791617
14791935
14792139
14792241
14792277
14792387
14792427
14792583
14792593
14792657
14792661
14792721
14792791
14792803
14792817
14792835
14792859
14792865
14792883
14792889
14792947
14793011
14793097
14793171
14793453
14793467
14793495
14793755
14793793
14793955
14794141
14794335
14794415
14794705
14794801
14794841
14794875
14794921
14794941
14795005
14795269
14795543
14795607
14795695
14795715
14795739
14795741
14795773
14795821
14795881
14795903
14795943
14795997
14796027
14796041
14796103
14796173
14796233
14796377
14796423
14796451
14796541
14796617
14796627
14796763
14796951
14796955
14796977
14797165
14797441
14797483
14797631
14797657
14797681
14797761
14797943
14798051
14798055
14798111
14798125
14798201
14798311
14798343
14798393
14798439
14798515
14798531
14798579
14798585
14798823
14798827
14798837
14799043
14799083
14799137
14799187
14799435
14799495
14799629
14799635
14799759
14799769
14799785
14799993
14800189
14800383
14800461
14800491
14800801
14800815
14801111
14801191
14801197
14801213
14801235
14801389
14801459
14801465
14801559
14801657
14801843
14802103
14802115
14802171
14802223
14802301
14802329
14802367
14802373
14802423
14802491
14802557
14802561
14802613
14802821
14802829
14802991
14803127
14803171
14803203
14803235
14803305
14803483
14803541
14803551
14803581
14803623
14803711
14803795
14803921
14803979
14804179
14804233
14804255
14804297
14804377
14804433
14804447
14804485
14804525
14804589
14804629
14804915
14804953
14805063
14805077
14805101
14805139
14805251
14805255
14805283
14805329
14805333
14805357
14805475
14805495
14805661
14805665
14805717
14805763
14805829
14805897
14805901
14806041
14806045
14806171
14806187
14806355
14806427
14806471
14806489
14806629
14806679
14806769
14806867
14806899
14807013
14807083
14807097
14807143
14807211
14807319
14807667
14807713
14807735
14807769
14807955
14807977
14807983
14807993
14808079
14808123
14808155
14808215
14808227
14808261
14808385
14808419
14808495
14808519
14808569
14808577
14808595
14808605
14808779
14808811
14808825
14809093
14809255
14809319
14809413
14809439
14809531
14809537
14809539
14809579
14809583
14809651
14809805
14809875
14809955
14809961
14809997
14810153
14810191
14810261
14810321
14810361
14810371
14810573
14810627
14810643
14810737
14810745
14810757
14810783
14810987
14811039
14811103
14811129
14811163
14811223
14811399
14811425
14811665
14811745
14811803
14811993
14812057
14812187
14812375
14812553
14812601
14812663
14812705
14812893
14813027
14813057
14813091
14813111
14813229
14813301
14813341
14813373
14813425
14813437
14813549
14813567
14813581
14813607
14813633
14813649
14813679
14813693
14813699
14813813
14813815
14813853
14814021
14814091
14814189
14814229
14814269
14814331
14814449
14814557
14814617
14814677
14814807
14814987
14815197
14815207
14815233
14815271
14815349
14815501
14815765
14815775
14815813
14815859
14815865
14815879
14815893
14815915
14815951
14815983
14815985
14816077
14816127
14816357
14816373
14816483
14816503
14816533
14816659
14816689
14816713
14816729
14816771
14816777
14816823
14816895
14816897
14816943
14816971
14816975
14817001
14817089
14817105
14817143
14817219
14817227
14817303
14817309
14817437
14817477
14817479
14817519
14817641
14817711
14817757
14817827
14817855
14818113
14818141
14818183
14818195
14818267
14818281
14818363
14818403
14818493
14818509
14818529
14818615
14818625
14818631
14818773
14818877
14818915
14818955
14818971
14818979
14819053
14819179
14819199
14819201
14819219
14819393
14819469
14819515
14819539
14819565
14819683
14819771
14819983
14820065
14820135
14820289
14820327
14820337
14820405
14820437
14820727
14820731
14820749
14820877
14821115
14821249
14821297
14821369
14821525
14821657
14821751
14821997
14822147
14822173
14822207
14822253
14822425
14822559
14822733
14822769
14823069
14823073
14823247
14823249
14823347
14823359
14823499
14823513
14823575
14823661
14823663
14823787
14823899
14824041
14824049
14824081
14824089
14824133
14824135
14824187
14824345
14824401
14824415
14824707
14824729
14824791
14824799
14824897
14824945
14824971
14825021
14825153
14825257
14825323
14825333
14825365
14825387
14825457
14825505
14825661
14825681
14825687
14825711
14825809
14826087
14826127
14826153
14826155
14826261
14826403
14826507
14826607
14826615
14826645
14826661
14826703
14826849
14826949
14827007
14827105
14827119
14827151
14827185
14827259
14827383
14827431
14827505
14827515
14827519
14827667
14827727
14827749
14827791
14827835
14827841
14827845
14827969
14828329
14828337
14828399
14828431
14828449
14828485
14828543
14828689
14828827
14828911
14828923
14828941
14828979
14828981
14829199
14829257
14829303
14829419
14829655
14829661
14829917
14830041
14830105
14830119
14830137
14830547
14830571
14830605
14830609
14830799
14830855
14830927
14830953
14831041
14831049
14831063
14831107
14831121
14831139
14831171
14831199
14831395
14831599
14831629
14831793
14831987
14832033
14832053
14832155
14832293
14832463
14832655
14832767
14832777
14832877
14832879
14832917
14833093
14833131
14833169
14833207
14833249
14833265
14833311
14833313
14833343
14833431
14833585
14833849
14833925
14833959
14834005
14834011
14834179
14834333
14834375
14834497
14834563
14834625
14834671
14834699
14834749
14834787
14834789
14834875
14834895
14834943
14834951
14834993
14835019
14835151
14835163
14835203
14835439
14835479
14835503
14835735
14835767
14835923
14836049
14836069
14836077
14836133
14836159
14836189
14836221
14836379
14836449
14836491
14836515
14836517
14836789
14836829
14836921
14836983
14837023
14837123
14837169
14837255
14837319
14837325
14837389
14837425
14837443
14837549
14837649
14837681
14837735
14837855
14837883
14837887
14838007
14838087
14838149
14838255
14838297
14838325
14838399
14838509
14838615
14838721
14838869
14838897
14839027
14839063
14839339
14839487
14839599
14839669
14839859
14839867
14839869
14840131
14840183
14840195
14840211
14840383
14840515
14840571
14840575
14840643
14840683
14840717
14840781
14840841
14841015
14841279
14841293
14841389
14841399
14841423
14841535
14841585
14841641
14841701
14841711
14841807
14841815
14841841
14841905
14841963
14842069
14842157
14842253
14842267
14842519
14842527
14842611
14842643
14842663
14842751
14842839
14842933
14842947
14842955
14842993
14843049
14843113
14843117
14843121
14843239
14843295
14843525
14843569
14843611
14843675
14843677
14843695
14843757
14843873
14843879
14843901
14843913
14843925
14843967
14844135
14844245
14844257
14844283
14844383
14844391
14844453
14844507
14844567
14844575
14844597
14844599
14844629
14844633
14844653
14844665
14844729
14844735
14844771
14844805
14844867
14844875
14844901
14844951
14845047
14845067
14845187
14845203
14845281
14845371
14845377
14845509
14845533
14845569
14845591
14845659
14845715
14845747
14845785
14845837
14845853
14845857
14846003
14846011
14846119
14846325
14846411
14846605
14846665
14846795
14846915
14847025
14847099
14847257
14847445
14847503
14847567
14847595
14847629
14847635
14847685
14847699
14847763
14847787
14847869
14847881
14847995
14848079
14848221
14848287
14848361
14848737
14848843
14848853
14849015
14849039
14849089
14849113
14849123
14849307
14849337
14849423
14849501
14849805
14849833
14849841
14849933
14850069
14850087
14850089
14850133
14850205
14850233
14850403
14850483
14850515
14850565
14850867
14850877
14850889
14850891
14851183
14851207
14851377
14851565
14851693
14851749
14851755
14851891
14851925
14851973
14851975
14851979
14852087
14852205
14852237
14852285
14852375
14852393
14852421
14852457
14852525
14852545
14852619
14853127
14853221
14853249
14853253
14853331
14853377
14853529
14853573
14853683
14853705
14853707
14853721
14853757
14853771
14854027
14854113
14854149
14854171
14854179
14854467
14854481
14854485
14854491
14854601
14854683
14854869
14854897
14854919
14854921
14855113
14855157
14855199
14855449
14855589
14855623
14855685
14855745
14855761
14855837
14855881
14855931
14856033
14856101
14856109
14856223
14856337
14856445
14856479
14856509
14856581
14856657
14856711
14856747
14856799
14856843
14856855
14856895
14856897
14856929
14856931
14856937
14857001
14857029
14857075
14857177
14857197
14857213
14857259
14857281
14857337
14857485
14857543
14857589
14857597
14857643
14857673
14857807
14857943
14858267
14858273
14858291
14858463
14858503
14858569
14858627
14858665
14858685
14858759
14858881
14858951
14858953
14858963
14859015
14859039
14859057
14859165
14859187
14859293
14859437
14859621
14859681
14859811
14859867
14859913
14860037
14860053
14860109
14860125
14860175
14860183
14860229
14860351
14860411
14860473
14860551
14860811
14860921
14860959
14861187
14861213
14861255
14861257
14861337
14861371
14861451
14861459
14861477
14861491
14861511
14861543
14861549
14861645
14861667
14861719
14861733
14861767
14861787
14861797
14861815
14861963
14861987
14862115
14862237
14862255
14862265
14862347
14862387
14862433
14862491
14862559
14862749
14862787
14862799
14862905
14863101
14863105
14863223
14863331
14863407
14863443
14863463
14863491
14863579
14863737
14863745
14863785
14863787
14863805
14863855
14863875
14863899
14863965
14864033
14864171
14864179
14864187
14864327
14864367
14864413
14864461
14864577
14864611
14864773
14864775
14864783
14864841
14864951
14864961
14865071
14865093
14865237
14865291
14865475
14865509
14865557
14865573
14865623
14865663
14865675
14865687
14865745
14865773
14865805
14865875
14865889
14866009
14866019
14866075
14866121
14866145
14866229
14866241
14866261
14866295
14866305
14866357
14866415
14866535
14866657
14866683
14866731
14866759
14866787
14866825
14866877
14866983
14866989
14866993
14867021
14867045
14867233
14867255
14867265
14867283
14867325
14867367
14867385
14867409
14867505
14867569
14867577
14867581
14867675
14867869
14868045
14868077
14868295
14868397
14868487
14868549
14868561
14868565
14868595
14868619
14868633
14868751
14868879
14868925
14868951
14868983
14869217
14869319
14869333
14869373
14869415
14869483
14869611
14869617
14869629
14869659
14869679
14869687
14869701
14869773
14869915
14869993
14870069
14870087
14870099
14870139
14870199
14870261
14870325
14870383
14870417
14870467
14870603
14870651
14870789
14870883
14870897
14870923
14870973
14870987
14871009
14871077
14871091
14871293
14871295
14871323
14871357
14871529
14871539
14871677
14871727
14871867
14872051
14872105
14872283
14872317
14872441
14872487
14872581
14872657
14872729
14872903
14872923
14873091
14873205
14873247
14873265
14873315
14873947
14874021
14874133
14874161
14874239
14874333
14874335
14874393
14874513
14874551
14874557
14874597
14874709
14874779
14874859
14874907
14874923
14874997
14875033
14875101
14875109
14875127
14875141
14875251
14875327
14875379
14875561
14875615
14875625
14875633
14875635
14875713
14875719
14875739
14875765
14875967
14876017
14876055
14876091
14876237
14876279
14876531
14876567
14876679
14876721
14876743
14876749
14876767
14876841
14876883
14876887
14877023
14877049
14877069
14877125
14877137
14877219
14877377
14877461
14877553
14877679
14877903
14877947
14877963
14878001
14878103
14878157
14878213
14878329
14878341
14878367
14878481
14878551
14878675
14878799
14878809
14879035
14879415
14879417
14879509
14879575
14879611
14879631
14879647
14879655
14879777
14879807
14879825
14879831
14879875
14879911
14879955
14879979
14880215
14880223
14880279
14880359
14880397
14880423
14880455
14880481
14880491
14880599
14880735
14880873
14880889
14881069
14881119
14881277
14881295
14881323
14881545
14881575
14881709
14881753
14881789
14881863
14882025
14882273
14882281
14882327
14882397
14882405
14882425
14882429
14882525
14882607
14882619
14882667
14882669
14882815
14882919
14882925
14882931
14883045
14883289
14883317
14883329
14883387
14883559
14883561
14883631
14883651
14883733
14884159
14884167
14884277
14884371
14884457
14884559
14884643
14884761
14884835
14884847
14884881
14884883
14884939
14884953
14885017
14885035
14885037
14885119
14885255
14885393
14885541
14885589
14885695
14885785
14885811
14885845
14885917
14885993
14886025
14886173
14886395
14886599
14886681
14886685
14886799
14886891
14886919
14887083
14887135
14887177
14887199
14887377
14887381
14887383
14887469
14887525
14887563
14887601
14887779
14887791
14887829
14887865
14887925
14887935
14888033
14888181
14888191
14888239
14888417
14888447
14888569
14888583
14888605
14888611
14888703
14888835
14888953
14889031
14889069
14889137
14889285
14889319
14889405
14889557
14889565
14889605
14889697
14889773
14889855
14889871
14890229
14890461
14890519
14890551
14890623
14890625
14890661
14890685
14890687
14890697
14890723
14890739
14890755
14890759
14890779
14890809
14890835
14890879
14890881
14890899
14890971
14891165
14891423
14891433
14891537
14891611
14891681
14891683
14891845
14891853
14891865
14891937
14891943
14891981
14892159
14892237
14892317
14892325
14892397
14892421
14892469
14892555
14892575
14892643
14892775
14892801
14892847
14892857
14892955
14892981
14893183
14893269
14893327
14893349
14893371
14893421
14893439
14893463
14893561
14893563
14893565
14893577
14893601
14893661
14893671
14893725
14893839
14893909
14894257
14894297
14894333
14894379
14894509
14894539
14894561
14894581
14894697
14894725
14894765
14894897
14894909
14894925
14894959
14895015
14895067
14895109
14895157
14895179
14895211
14895273
14895299
14895319
14895351
14895431
14895461
14895485
14895603
14895629
14895709
14895755
14895805
14895877
14895963
14896017
14896025
14896411
14896477
14896571
14896797
14896845
14896985
14897131
14897153
14897267
14897359
14897419
14897431
14897529
14897573
14897659
14897769
14897841
14897853
14897859
14897863
14897929
14897933
14897939
14897961
14898015
14898037
14898043
14898119
14898159
14898227
14898587
14898613
14898809
14898813
14898887
14898957
14899351
14899423
14899613
14899687
14899717
14899761
14899889
14900183
14900241
14900275
14900391
14900591
14900669
14900725
14900765
14900907
14901155
14901189
14901205
14901427
14901455
14901503
14901537
14901647
14901689
14901717
14901887
14901941
14901995
14902049
14902159
14902171
14902203
14902229
14902271
14902389
14902401
14902483
14902489
14902617
14902697
14902829
14902865
14902915
14902951
14902959
14903059
14903087
14903159
14903181
14903193
14903781
14903825
14903847
14903991
14904027
14904169
14904253
14904349
14904481
14904623
14904779
14904829
14904923
14905081
14905105
14905311
14905347
14905379
14905407
14905423
14905499
14905599
14905637
14905649
14905769
14905813
14905889
14905903
14906101
14906111
14906191
14906271
14906285
14906371
14906439
14906573
14906619
14906687
14906797
14906869
14906873
14906925
14906933
14906995
14907153
14907287
14907301
14907865
14907921
14908087
14908149
14908221
14908227
14908345
14908351
14908367
14908371
14908391
14908431
14908451
14908571
14908573
14908617
14908675
14908697
14908721
14908753
14908807
14908819
14908901
14908987
14908999
14909005
14909105
14909127
14909331
14909421
14909639
14909759
14909865
14909949
14910053
14910183
14910255
14910317
14910419
14910455
14910573
14910585
14910675
14910901
14911005
14911007
14911133
14911341
14911409
14911443
14911523
14911625
14911651
14911707
14911753
14911837
14911871
14911909
14911977
14911981
14912009
14912013
14912029
14912041
14912093
14912189
14912579
14912611
14912677
14912887
14912891
14913143
14913153
14913193
14913247
14913283
14913767
14913775
14913793
14913803
14913915
14913935
14913957
14914025
14914059
14914131
14914171
14914267
14914311
14914649
14914683
14914687
14914749
14914825
14914891
14914911
14915065
14915157
14915277
14915331
14915409
14915413
14915511
14915517
14915583
14915795
14915805
14915809
14915811
14915889
14915957
14916017
14916171
14916245
14916249
14916303
14916393
14916499
14916501
14916573
14916667
14916681
14916829
14916831
14916875
14916911
14917233
14917251
14917265
14917267
14917443
14917459
14917465
14917603
14917615
14917653
14917739
14917743
14917827
14917913
14918023
14918041
14918299
14918377
14918501
14918547
14918567
14918571
14918597
14918637
14918671
14918989
14919013
14919159
14919169
14919191
14919287
14919365
14919479
14919509
14919575
14919611
14919679
14919737
14919845
14919867
14919943
14919983
14920039
14920069
14920147
14920151
14920231
14920251
14920263
14920337
14920339
14920351
14920501
14920625
14920653
14920699
14920735
14920987
14921007
14921339
14921343
14921355
14921591
14921683
14921713
14921827
14921887
14922033
14922039
14922049
14922095
14922237
14922245
14922265
14922317
14922369
14922447
14922457
14922625
14922641
14922727
14922779
14922851
14922877
14922907
14923055
14923289
14923447
14923457
14923537
14923551
14923553
14923583
14923647
14923687
14923789
14923873
14923879
14923899
14923953
14923967
14924055
14924113
14924203
14924221
14924231
14924317
14924395
14924403
14924411
14924673
14924707
14924711
14924737
14924743
14924769
14924797
14924799
14924825
14924831
14925013
14925059
14925161
14925179
14925181
14925253
14925269
14925385
14925483
14925499
14925535
14925595
14925599
14925607
14925609
14925655
14925843
14925861
14925987
14926021
14926069
14926289
14926497
14926569
14926571
14926647
14927061
14927079
14927099
14927101
14927113
14927259
14927425
14927497
14927669
14927837
14927971
14928137
14928209
14928339
14928455
14928597
14928653
14928889
14929169
14929175
14929217
14929469
14929545
14929619
14929761
14929857
14929987
14930035
14930077
14930105
14930209
14930595
14930685
14930711
14930805
14930977
14930991
14931013
14931015
14931075
14931105
14931239
14931271
14931299
14931575
14931679
14931735
14931785
14931945
14932011
14932013
14932157
14932185
14932215
14932227
14932233
14932379
14932537
14932803
14932915
14932979
14933103
14933129
14933231
14933297
14933357
14933375
14933397
14933455
14933477
14933767
14933811
14933911
14934299
14934305
14934329
14934367
14934371
14934373
14934421
14934503
14934551
14934581
14934591
14934607
14934907
14935055
14935285
14935307
14935359
14935405
14935421
14935447
14935515
14935637
14935643
14935661
14935673
14935819
14935887
14936061
14936243
14936249
14936417
14936481
14936631
14936737
14936867
14936919
14936931
14936989
14937027
14937115
14937215
14937271
14937297
14937317
14937435
14937517
14937691
14937859
14937943
14938191
14938241
14938251
14938279
14938291
14938339
14938375
14938413
14938481
14938523
14938539
14938561
14938607
14938641
14938715
14938941
14938945
14938979
14939045
14939055
14939345
14939499
14939551
14939569
14939657
14939689
14939729
14939771
14939795
14939831
14939839
14939957
14940077
14940103
14940137
14940441
14940515
14940543
14940645
14940713
14940759
14940801
14940827
14940877
14941055
14941061
14941195
14941211
14941263
14941281
14941295
14941303
14941369
14941405
14941615
14941715
14941747
14942003
14942009
14942015
14942045
14942071
14942097
14942153
14942349
14942363
14942451
14942527
14942537
14942543
14942561
14942651
14942669
14942709
14942755
14942775
14942909
14942915
14942961
14943009
14943131
14943209
14943245
14943343
14943395
14943415
14943471
14943541
14943845
14943929
14943931
14944007
14944035
14944087
14944209
14944257
14944269
14944293
14944311
14944317
14944373
14944409
14944411
14944451
14944559
14944589
14944597
14944683
14944819
14944823
14944861
14944959
14945031
14945099
14945361
14945395
14945405
14945469
14945475
14945505
14945549
14945553
14945763
14945795
14945859
14945863
14946043
14946117
14946171
14946251
14946497
14946627
14946665
14946731
14946777
14946815
14946937
14947119
14947213
14947219
14947297
14947325
14947593
14947627
14947713
14947773
14947803
14947819
14947821
14947955
14948005
14948065
14948123
14948187
14948229
14948271
14948381
14948423
14948533
14948727
14948761
14948781
14948805
14948869
14948917
14948923
14948959
14949101
14949155
14949337
14949429
14949437
14949455
14949489
14949567
14949593
14949799
14949851
14949869
14949971
14950011
14950025
14950051
14950081
14950111
14950391
14950447
14950499
14950549
14950657
14950699
14950723
14950765
14950797
14950923
14951093
14951133
14951187
14951199
14951239
14951419
14951505
14951515
14951591
14951613
14951663
14951669
14951703
14951721
14951787
14951963
14952053
14952145
14952157
14952211
14952317
14952365
14952445
14952523
14952755
14953033
14953059
14953159
14953301
14953329
14953359
14953459
14953547
14953743
14953855
14953881
14953901
14953941
14954001
14954087
14954105
14954111
14954139
14954213
14954335
14954667
14954733
14954779
14954793
14954883
14954993
14955007
14955177
14955219
14955283
14955303
14955325
14955399
14955461
14955485
14955521
14955553
14955605
14955643
14955665
14955733
14955929
14956257
14956301
14956337
14956523
14956665
14956707
14956781
14956819
14956843
14957021
14957061
14957325
14957423
14957473
14957489
14957593
14957615
14957673
14957761
14957767
14957871
14957987
14958019
14958139
14958197
14958403
14958575
14958595
14958645
14958801
14958869
14958881
14958931
14959103
14959167
14959241
14959247
14959303
14959339
14959351
14959369
14959443
14959447
14959559
14959607
14959641
14959755
14959923
14960013
14960087
14960119
14960175
14960229
14960251
14960263
14960367
14960417
14960471
14960539
14960693
14960735
14960851
14960855
14960883
14961167
14961201
14961265
14961327
14961359
14961393
14961417
14961555
14961665
14961851
14961871
14961885
14961991
14962019
14962245
14962275
14962415
14962459
14962479
14962649
14962653
14962663
14962739
14962847
14962871
14962879
14962967
14963043
14963075
14963123
14963259
14963303
14963367
14963397
14963403
14963487
14963489
14963503
14963505
14963613
14963697
14963759
14963779
14963787
14963793
14963809
14963895
14964101
14964229
14964233
14964387
14964479
14964561
14964607
14964659
14964831
14964851
14964859
14965005
14965045
14965047
14965049
14965079
14965207
14965233
14965239
14965313
14965367
14965513
14965519
14965531
14965559
14965695
14965829
14965883
14965977
14966077
14966083
14966159
14966241
14966313
14966315
14966465
14966523
14966577
14966593
14966721
14966727
14966735
14966771
14966777
14966821
14966959
14966987
14967035
14967067
14967071
14967129
14967197
14967269
14967283
14967359
14967409
14967571
14967577
14967583
14967617
14967689
14967729
14967897
14968023
14968033
14968065
14968313
14968507
14968641
14968667
14968727
14968803
14968843
14969031
14969175
14969363
14969727
14969773
14969789
14969869
14969961
14969993
14970093
14970145
14970205
14970369
14970373
14970419
14970457
14970517
14970569
14970581
14970591
14970599
14970699
14970711
14970753
14970795
14970823
14970851
14970915
14971013
14971065
14971067
14971121
14971127
14971191
14971371
14971391
14971455
14971545
14971867
14972049
14972103
14972223
14972285
14972295
14972313
14972325
14972329
14972493
14972579
14972581
14972635
14972651
14972773
14972823
14973065
14973251
14973261
14973469
14973509
14973515
14973669
14973671
14973673
14973675
14973719
14973775
14973807
14973841
14974057
14974237
14974255
14974349
14974445
14974451
14974673
14974817
14974837
14975015
14975219
14975251
14975297
14975337
14975345
14975417
14975421
14975455
14975485
14975547
14975633
14975663
14975727
14975733
14975765
14975909
14975963
14975977
14976029
14976063
14976065
14976331
14976337
14976365
14976375
14976473
14976533
14976589
14976715
14976747
14976785
14976825
14977023
14977147
14977161
14977193
14977391
14977399
14977411
14977455
14977473
14977475
14977537
14977593
14977675
14977781
14977803
14977915
14977925
14978057
14978147
14978161
14978265
14978355
14978387
14978423
14978461
14978553
14978789
14978823
14978831
14978873
14978895
14978957
14978983
14979055
14979233
14979379
14979403
14979415
14979427
14979441
14979531
14979625
14979753
14979899
14979909
14980103
14980141
14980157
14980183
14980185
14980263
14980399
14980403
14980455
14980493
14980495
14980499
14980641
14980711
14980721
14980885
14980981
14980989
14981099
14981201
14981203
14981269
14981381
14981431
14981451
14981603
14981659
14981869
14981943
14982043
14982071
14982121
14982175
14982195
14982293
14982303
14982319
14982425
14982441
14982669
14982757
14982923
14982985
14983101
14983251
14983317
14983405
14983481
14983543
14983623
14983677
14983697
14983741
14983819
14983831
14983925
14983957
14983969
14984063
14984119
14984129
14984131
14984139
14984379
14984551
14984575
14984695
14984729
14984743
14984815
14984901
14984907
14984921
14985005
14985241
14985389
14985427
14985551
14985699
14985711
14985861
14985977
14985989
14986115
14986293
14986353
14986409
14986679
14986697
14986701
14986787
14986841
14987079
14987253
14987325
14987455
14987461
14987519
14987531
14987625
14987691
14987749
14987823
14987883
14987965
14988003
14988099
14988113
14988325
14988425
14988443
14988605
14988611
14988643
14988775
14988853
14988857
14988885
14988927
14988937
14988965
14989115
14989189
14989259
14989395
14989583
14989609
14989701
14989891
14989969
14989985
14989987
14990057
14990095
14990177
14990239
14990339
14990383
14990395
14990423
14990733
14990735
14990769
14990797
14990883
14990971
14990973
14990995
14991247
14991407
14991409
14991503
14991517
14991603
14991695
14991707
14991835
14991859
14991911
14992121
14992133
14992147
14992159
14992167
14992199
14992225
14992311
14992443
14992483
14992491
14992497
14992507
14992599
14992621
14992651
14992701
14992713
14992755
14992859
14992865
14992939
14993119
14993339
14993387
14993411
14993425
14993473
14993589
14993629
14993769
14993789
14993849
14993873
14993971
14994173
14994231
14994245
14994317
14994335
14994361
14994465
14994495
14994551
14994591
14994767
14994781
14994827
14994833
14994855
14994983
14995021
14995029
14995345
14995417
14995571
14995655
14995699
14995701
14995719
14995765
14995841
14995897
14996005
14996157
14996227
14996371
14996591
14996669
14996711
14996733
14996797
14996819
14996863
14996897
14996945
14997037
14997085
14997111
14997163
14997519
14997751
14997753
14997789
14997831
14997881
14997913
14998025
14998035
14998069
14998165
14998409
14998421
14998469
14998497
14998527
14998553
14998689
14998699
14998761
14998775
14998813
14998879
14998941
14999027
14999069
14999095
14999101
14999203
14999439
14999449
14999481
14999537
14999697
14999807
