# proven primes: b with (b^16+1)/2 prime (aprcl), block [15000000,16000000)
15000227
15000269
15000457
15000575
15000597
15000641
15000807
15000877
15001077
15001137
15001149
15001273
15001291
15001359
15001379
15001661
15001719
15001811
15002079
15002119
15002131
15002185
15002203
15002213
15002325
15002355
15002527
15002553
15002663
15002675
15002709
15003193
15003215
15003269
15003385
15003543
15003579
15003695
15003737
15003761
15003839
15003917
15004113
15004149
15004219
15004299
15004301
15004321
15004331
15004339
15004347
15004349
15004377
15004563
15004585
15004639
15004655
15004921
15004927
15005107
15005205
15005343
15005713
15005715
15005747
15005877
15006103
15006129
15006175
15006217
15006235
15006395
15006445
15006469
15006535
15006615
15006637
15006697
15006783
15006833
15006857
15006955
15006959
15007005
15007139
15007167
15007235
15007281
15007297
15007365
15007373
15007419
15007443
15007457
15007653
15007687
15007695
15007707
15007739
15007783
15007829
15007833
15008069
15008091
15008145
15008169
15008193
15008227
15008257
15008263
15008277
15008421
15008437
15008649
15008737
15008901
15008919
15009015
15009137
15009151
15009173
15009225
15009301
15009463
15009471
15009483
15009527
15009563
15009613
15009629
15009647
15009747
15009775
15009797
15009873
15010007
15010085
15010131
15010183
15010191
15010279
15010331
15010375
15010445
15010483
15010495
15010549
15010597
15010703
15010765
15010771
15010777
15010799
15010845
15010955
15010981
15010987
15011065
15011113
15011161
15011209
15011213
15011293
15011489
15011615
15011761
15011801
15011803
15011839
15011927
15011985
15012085
15012115
15012125
15012157
15012181
15012295
15012307
15012459
15012507
15012557
15012633
15012661
15012707
15012755
15012835
15012969
15012981
15013113
15013201
15013243
15013351
15013379
15013381
15013451
15013509
15013577
15013651
15013847
15013951
15014027
15014105
15014119
15014161
15014271
15014361
15014395
15014537
15014635
15014665
15014701
15014783
15014815
15014827
15014883
15014917
15014921
15014971
15015015
15015103
15015147
15015205
15015443
15015591
15015609
15015611
15015631
15015643
15015697
15015735
15015887
15015895
15015909
15015927
15015949
15016045
15016061
15016085
15016157
15016211
15016285
15016457
15016473
15016585
15016663
15016863
15016925
15017053
15017191
15017405
15017407
15017441
15017465
15017479
15017533
15017597
15017821
15017871
15017913
15018003
15018027
15018047
15018095
15018137
15018153
15018225
15018295
15018351
15018423
15018481
15018517
15018535
15018803
15019069
15019173
15019185
15019255
15019339
15019395
15019447
15019479
15019567
15019569
15019595
15019645
15019663
15019811
15019889
15019933
15020073
15020079
15020177
15020403
15020421
15020437
15020443
15020475
15020503
15020585
15020623
15020651
15020723
15020971
15021191
15021265
15021309
15021381
15021399
15021525
15021707
15021721
15021725
15021729
15021797
15021869
15021993
15022007
15022123
15022185
15022255
15022319
15022425
15022443
15022577
15022637
15022675
15022743
15022753
15022879
15022997
15023015
15023073
15023145
15023153
15023259
15023425
15023451
15023453
15023603
15023651
15023947
15024025
15024129
15024183
15024305
15024355
15024439
15024481
15024585
15024635
15024757
15024837
15024853
15024873
15024943
15024947
15024977
15025135
15025177
15025227
15025299
15025357
15025441
15025483
15025501
15025511
15025575
15025609
15025737
15025801
15025979
15026017
15026167
15026209
15026253
15026283
15026313
15026513
15026535
15026615
15026621
15026657
15026683
15026743
15026813
15026865
15026879
15026951
15026989
15027025
15027061
15027063
15027153
15027281
15027377
15027419
15027447
15027463
15027467
15027473
15027481
15027645
15027703
15027825
15027829
15027919
15028039
15028119
15028153
15028269
15028357
15028427
15028495
15028549
15028585
15028597
15028621
15028755
15028891
15028901
15028947
15028957
15029067
15029115
15029185
15029369
15029431
15029507
15029547
15029703
15029715
15029775
15029835
15029909
15029941
15029989
15030003
15030031
15030139
15030241
15030273
15030291
15030309
15030417
15030429
15030447
15030505
15030561
15030563
15030691
15030725
15030727
15030741
15030763
15030839
15030869
15030925
15030979
15031015
15031079
15031123
15031161
15031177
15031217
15031281
15031307
15031373
15031389
15031397
15031435
15031485
15031521
15031597
15031849
15031859
15031893
15031937
15032001
15032105
15032227
15032457
15032639
15032733
15032819
15032905
15032963
15033151
15033345
15033399
15033415
15033841
15033901
15034005
15034061
15034083
15034101
15034109
15034139
15034143
15034289
15034317
15034325
15034609
15034647
15034655
15034687
15034881
15034911
15034987
15035005
15035085
15035179
15035273
15035387
15035463
15035483
15035575
15035583
15035597
15035667
15035669
15035745
15035773
15035799
15035883
15035961
15035963
15036115
15036121
15036167
15036229
15036237
15036495
15036567
15036605
15036611
15036623
15036641
15036715
15036767
15037013
15037049
15037081
15037351
15037355
15037401
15037409
15037421
15037461
15037515
15037529
15037533
15037543
15037635
15037791
15037963
15037975
15038009
15038103
15038199
15038263
15038307
15038311
15038327
15038371
15038417
15038605
15038699
15038735
15038743
15038771
15038831
15038889
15038999
15039171
15039177
15039215
15039255
15039321
15039327
15039607
15039703
15039717
15039737
15039791
15039821
15039835
15039995
15040001
15040015
15040071
15040191
15040253
15040327
15040331
15040673
15040847
15040849
15040863
15040915
15040957
15040975
15040989
15041023
15041067
15041099
15041123
15041151
15041237
15041315
15041423
15041425
15041459
15041571
15041639
15041695
15041703
15041741
15041801
15041881
15041943
15041979
15041993
15042025
15042129
15042167
15042325
15042421
15042467
15042577
15042669
15042721
15042785
15042807
15042867
15042961
15043027
15043057
15043083
15043289
15043321
15043349
15043571
15043623
15043659
15043863
15043913
15043927
15043935
15043997
15044009
15044013
15044019
15044045
15044123
15044127
15044151
15044157
15044313
15044337
15044347
15044369
15044549
15044577
15044685
15044715
15044799
15044863
15044951
15045121
15045225
15045385
15045449
15045459
15045525
15045583
15045663
15045665
15045777
15045853
15045923
15046051
15046069
15046217
15046219
15046261
15046471
15046483
15046503
15046555
15046651
15046745
15046753
15046759
15046963
15047013
15047087
15047103
15047131
15047151
15047197
15047227
15047601
15047811
15047851
15047907
15047909
15047939
15047995
15048039
15048265
15048285
15048305
15048327
15048451
15048489
15048539
15048547
15048623
15048651
15048721
15048869
15048951
15049275
15049431
15049447
15049533
15049541
15049587
15049621
15049651
15049739
15049855
15049995
15050027
15050285
15050361
15050447
15050487
15050531
15050619
15050629
15050679
15050873
15050923
15051009
15051105
15051115
15051213
15051255
15051393
15051403
15051409
15051513
15051687
15051715
15051733
15051807
15051845
15051915
15052061
15052065
15052185
15052295
15052439
15052545
15052569
15052601
15052653
15052753
15052767
15052825
15052881
15052957
15053013
15053073
15053103
15053377
15053587
15053671
15053759
15053797
15053865
15054147
15054157
15054279
15054299
15054521
15054523
15054597
15054713
15054731
15054813
15054847
15054873
15054899
15054947
15054955
15054977
15055133
15055153
15055161
15055199
15055323
15055399
15055451
15055553
15055629
15055677
15055727
15055743
15055753
15055785
15055873
15056041
15056087
15056219
15056343
15056525
15056939
15056969
15057025
15057075
15057103
15057159
15057213
15057261
15057319
15057333
15057701
15057733
15057769
15057869
15057889
15057901
15057951
15058003
15058025
15058079
15058167
15058243
15058263
15058491
15058749
15058787
15058829
15058859
15058869
15059129
15059207
15059217
15059347
15059457
15059547
15059675
15059741
15059771
15059799
15059937
15059989
15060223
15060225
15060349
15060417
15060425
15060431
15060445
15060661
15060803
15060807
15060833
15060897
15061053
15061141
15061159
15061215
15061219
15061233
15061285
15061413
15061415
15061463
15061483
15061657
15061679
15061685
15061711
15061795
15061829
15061907
15062001
15062015
15062057
15062149
15062155
15062177
15062187
15062403
15062411
15062607
15062683
15062733
15062739
15062743
15062799
15062909
15062919
15063011
15063091
15063099
15063217
15063221
15063285
15063303
15063411
15063509
15063513
15063695
15063895
15064075
15064109
15064125
15064143
15064149
15064181
15064309
15064405
15064475
15064511
15064711
15064767
15064997
15065095
15065119
15065235
15065251
15065367
15065431
15065495
15065561
15065611
15065695
15065735
15065747
15065843
15065847
15065881
15065983
15066061
15066139
15066147
15066163
15066187
15066269
15066295
15066341
15066389
15066455
15066487
15066585
15066597
15066651
15067041
15067075
15067113
15067119
15067131
15067155
15067189
15067361
15067375
15067451
15067495
15067509
15067521
15067703
15067791
15067945
15068101
15068187
15068221
15068335
15068391
15068415
15068515
15068583
15068635
15068713
15068839
15068939
15069103
15069119
15069129
15069155
15069157
15069183
15069243
15069377
15069397
15069451
15069555
15069585
15069603
15069627
15069645
15069703
15069815
15070039
15070141
15070173
15070203
15070313
15070317
15070369
15070389
15070471
15070505
15070549
15070563
15070657
15070709
15070723
15070895
15070927
15070973
15070999
15071111
15071155
15071187
15071225
15071245
15071291
15071469
15071509
15071569
15071607
15071909
15071917
15071955
15072071
15072125
15072195
15072241
15072243
15072301
15072337
15072433
15072563
15072565
15072647
15072669
15072795
15072805
15072817
15073109
15073213
15073415
15073557
15073627
15073679
15073735
15073777
15073825
15073859
15073909
15073915
15073959
15074023
15074101
15074245
15074249
15074277
15074429
15074463
15074597
15074739
15074793
15074795
15074811
15074835
15074841
15074915
15074979
15075021
15075055
15075085
15075181
15075337
15075387
15075557
15075589
15075717
15076115
15076125
15076251
15076269
15076315
15076483
15076615
15076661
15076775
15076863
15076879
15076937
15077077
15077155
15077363
15077463
15077475
15077591
15077633
15077759
15077877
15077933
15078089
15078093
15078099
15078237
15078267
15078277
15078433
15078441
15078463
15078491
15078563
15078569
15078617
15078625
15078691
15078965
15079009
15079035
15079053
15079119
15079377
15079423
15079501
15079681
15079785
15079787
15079791
15079855
15079897
15079977
15079979
15080037
15080087
15080105
15080123
15080291
15080499
15080693
15080771
15080809
15080833
15081413
15081595
15081765
15081777
15081787
15081947
15082133
15082221
15082279
15082407
15082553
15082555
15082567
15082675
15082691
15082707
15082723
15082819
15082845
15082941
15082951
15082997
15083087
15083109
15083297
15083305
15083363
15083533
15083613
15083731
15084123
15084141
15084247
15084255
15084275
15084397
15084431
15084617
15084783
15084797
15084853
15085005
15085013
15085057
15085105
15085135
15085137
15085223
15085337
15085343
15085437
15085475
15085563
15085657
15085725
15085963
15085989
15085995
15086219
15086249
15086439
15086449
15086467
15086543
15086633
15086699
15086715
15086737
15086745
15086789
15086821
15086907
15086919
15087089
15087217
15087333
15087509
15087539
15087623
15087841
15087937
15088091
15088127
15088171
15088393
15088557
15088681
15088883
15088929
15088953
15089113
15089129
15089183
15089213
15089307
15089329
15089723
15089773
15089871
15090011
15090043
15090191
15090287
15090385
15090505
15090573
15090585
15090599
15090617
15090721
15090767
15090847
15090885
15091001
15091153
15091171
15091271
15091453
15091497
15091561
15091681
15091683
15091733
15091755
15091873
15092157
15092181
15092213
15092239
15092309
15092323
15092395
15092401
15092407
15092411
15092413
15092675
15092717
15092845
15092885
15092925
15093017
15093047
15093095
15093159
15093189
15093197
15093223
15093225
15093275
15093297
15093333
15093341
15093373
15093477
15093701
15093739
15093743
15093753
15093759
15093819
15093839
15093855
15093915
15093979
15094035
15094145
15094235
15094299
15094357
15094367
15094399
15094421
15094555
15094641
15094659
15094763
15094777
15094811
15094867
15094881
15095021
15095061
15095065
15095229
15095231
15095493
15095565
15095679
15095735
15095761
15095801
15095877
15096207
15096213
15096223
15096295
15096327
15096389
15096427
15096477
15096513
15096521
15096569
15096627
15096655
15096789
15096879
15096897
15096977
15096989
15097201
15097237
15097379
15097381
15097575
15097591
15097613
15097621
15097757
15097767
15097777
15097795
15097827
15097847
15097861
15097927
15097965
15098011
15098043
15098309
15098337
15098349
15098391
15098423
15098667
15098719
15098777
15098827
15098847
15098855
15098865
15099153
15099205
15099209
15099251
15099355
15099393
15099405
15099419
15099423
15099441
15099499
15099519
15099573
15099645
15099713
15099767
15099781
15099787
15099985
15099991
15100185
15100225
15100321
15100373
15100467
15100473
15100607
15100745
15100825
15100903
15100961
15100999
15101031
15101063
15101295
15101307
15101379
15101515
15101569
15101733
15101735
15101947
15102003
15102101
15102195
15102279
15102399
15102477
15102501
15102585
15102595
15102717
15102789
15102803
15102825
15102869
15102887
15102893
15103053
15103083
15103137
15103185
15103271
15103273
15103279
15103325
15103401
15103449
15103543
15103641
15103645
15103849
15103869
15103895
15103981
15104007
15104095
15104305
15104361
15104425
15104439
15104537
15104571
15104637
15104641
15104659
15104925
15104959
15105025
15105035
15105149
15105277
15105389
15105591
15105653
15105703
15105807
15105819
15105839
15105881
15105889
15105913
15105955
15106031
15106103
15106211
15106221
15106359
15106393
15106403
15106439
15106493
15106525
15106549
15106579
15106895
15107001
15107017
15107085
15107133
15107175
15107179
15107225
15107399
15107519
15107521
15107527
15107577
15107659
15107887
15107967
15108049
15108081
15108085
15108127
15108261
15108283
15108363
15108405
15108417
15108517
15108541
15108549
15108673
15108703
15108799
15108809
15108889
15108905
15108929
15108955
15109081
15109097
15109117
15109189
15109255
15109285
15109297
15109315
15109339
15109345
15109455
15109583
15109783
15109853
15109859
15109991
15110071
15110079
15110093
15110243
15110449
15110505
15110569
15110647
15110759
15110821
15110839
15110879
15110887
15110933
15110951
15111031
15111185
15111235
15111251
15111339
15111397
15111399
15111509
15111603
15111667
15111717
15111787
15111867
15111947
15112035
15112247
15112255
15112327
15112445
15112513
15112597
15112647
15112679
15112715
15112745
15112767
15112835
15112903
15112935
15112985
15113045
15113267
15113417
15113425
15113509
15113605
15113619
15113733
15113743
15113749
15113753
15113769
15113871
15113919
15114053
15114161
15114173
15114209
15114261
15114281
15114419
15114541
15114655
15114729
15114733
15114763
15114773
15114849
15114857
15114953
15114961
15115229
15115293
15115315
15115481
15115549
15115599
15115663
15115725
15115777
15115895
15115905
15116229
15116271
15116301
15116313
15116451
15116479
15116511
15116775
15116889
15116947
15117015
15117019
15117093
15117173
15117449
15117503
15117597
15117677
15117739
15117765
15117829
15117837
15117839
15117853
15118047
15118323
15118327
15118367
15118433
15118555
15118561
15118621
15118673
15118805
15118907
15118921
15118937
15119045
15119067
15119109
15119115
15119159
15119209
15119297
15119361
15119387
15119443
15119473
15119583
15119605
15119657
15119717
15119761
15119779
15119899
15120143
15120145
15120225
15120263
15120317
15120331
15120377
15120473
15120497
15120557
15120717
15120723
15120753
15120789
15120935
15121063
15121103
15121565
15121635
15121685
15121903
15121907
15121943
15122013
15122035
15122097
15122119
15122293
15122307
15122413
15122471
15122525
15122565
15122677
15122889
15122919
15122981
15122987
15123373
15123383
15123415
15123449
15123475
15123491
15123563
15123577
15123883
15124007
15124037
15124039
15124205
15124381
15124387
15124527
15124531
15124665
15124671
15124715
15124729
15124783
15124833
15124857
15124859
15124893
15124911
15125099
15125125
15125149
15125401
15125427
15125465
15125503
15125647
15125719
15125759
15125791
15125821
15125891
15125951
15125955
15126201
15126245
15126301
15126377
15126411
15126475
15126511
15126581
15126617
15126621
15126659
15126745
15126891
15126961
15127043
15127085
15127173
15127251
15127297
15127315
15127383
15127429
15127477
15127569
15127743
15127831
15127879
15127889
15127899
15128021
15128047
15128079
15128123
15128209
15128267
15128273
15128325
15128349
15128447
15128661
15128679
15128711
15128713
15128743
15128795
15128865
15128949
15128957
15128981
15128987
15128991
15129143
15129169
15129219
15129253
15129257
15129539
15129581
15129615
15129637
15129693
15129697
15129709
15129753
15129845
15129853
15129871
15129875
15129899
15129941
15129979
15130075
15130077
15130083
15130125
15130179
15130183
15130245
15130269
15130365
15130465
15130675
15130823
15130901
15130907
15130911
15130929
15130939
15130949
15131057
15131139
15131193
15131273
15131289
15131383
15131395
15131489
15131673
15131713
15131775
15131837
15131867
15131893
15131997
15132361
15132379
15132507
15132547
15132583
15132587
15132609
15132765
15132835
15132857
15132905
15132941
15132993
15133013
15133135
15133235
15133243
15133351
15133531
15133537
15133545
15133577
15133705
15133741
15133745
15133919
15133933
15134127
15134161
15134193
15134249
15134287
15134307
15134403
15134519
15134521
15134525
15134539
15134657
15134679
15134685
15134701
15134759
15134931
15135009
15135043
15135131
15135203
15135205
15135219
15135285
15135385
15135401
15135427
15135453
15135463
15135529
15135551
15135579
15135595
15135603
15135661
15135719
15135721
15135733
15135793
15135851
15136015
15136291
15136363
15136591
15136607
15136617
15136689
15136735
15136969
15136971
15137043
15137065
15137087
15137165
15137217
15137237
15137331
15137401
15137415
15137481
15137529
15137533
15137553
15137833
15137849
15137917
15137925
15138143
15138233
15138297
15138505
15138697
15138889
15138941
15139023
15139265
15139275
15139325
15139431
15139483
15139505
15139593
15139595
15139637
15139687
15139863
15139941
15140053
15140091
15140149
15140309
15140365
15140403
15140561
15140765
15140859
15140995
15141007
15141107
15141157
15141193
15141271
15141309
15141311
15141329
15141373
15141409
15141463
15141467
15141513
15141545
15141579
15141613
15141731
15141835
15141967
15141991
15141993
15142007
15142081
15142147
15142199
15142247
15142395
15142429
15142447
15142467
15142479
15142529
15142575
15142673
15142717
15142773
15142891
15142975
15143033
15143041
15143219
15143223
15143229
15143251
15143293
15143435
15143583
15143809
15143867
15143957
15144049
15144131
15144281
15144287
15144303
15144411
15144433
15144441
15144495
15144539
15144639
15144697
15144757
15144829
15144891
15144899
15144955
15144987
15145007
15145023
15145113
15145127
15145133
15145169
15145175
15145293
15145527
15145669
15145725
15145765
15145775
15145827
15145869
15145915
15145985
15145993
15145997
15146011
15146171
15146173
15146241
15146623
15146639
15146723
15146735
15146753
15146823
15146863
15146895
15147041
15147067
15147079
15147131
15147231
15147273
15147447
15147455
15147523
15147537
15147639
15147723
15147847
15147851
15147887
15147979
15148075
15148089
15148105
15148163
15148189
15148265
15148275
15148285
15148325
15148377
15148529
15148599
15148661
15148669
15148733
15148943
15148949
15148957
15149055
15149143
15149179
15149245
15149299
15149435
15149459
15149477
15149605
15149697
15149759
15149877
15149883
15149909
15149941
15150175
15150245
15150263
15150309
15150323
15150389
15150421
15150457
15150519
15150549
15150593
15150697
15150731
15150781
15150811
15150933
15151083
15151263
15151415
15151429
15151485
15151511
15151621
15151655
15151685
15151841
15152039
15152185
15152225
15152313
15152353
15152405
15152483
15152533
15152577
15152587
15152597
15152617
15152625
15152677
15152685
15152711
15152771
15152861
15152929
15152993
15153009
15153049
15153163
15153171
15153175
15153255
15153363
15153365
15153469
15153533
15153679
15153737
15153781
15153917
15153923
15154015
15154205
15154229
15154285
15154321
15154447
15154461
15154487
15154617
15154627
15154685
15154695
15154697
15154807
15154849
15154889
15154907
15154917
15154921
15154941
15155143
15155179
15155619
15155633
15155877
15156059
15156257
15156299
15156397
15156413
15156477
15156505
15156553
15156585
15156597
15156615
15156625
15156649
15156675
15156725
15156821
15156829
15156929
15157003
15157009
15157057
15157285
15157335
15157365
15157431
15157439
15157551
15157693
15157787
15157789
15157849
15157867
15158029
15158075
15158119
15158211
15158273
15158295
15158331
15158529
15158651
15158749
15158787
15158809
15158971
15158989
15159041
15159051
15159363
15159569
15159713
15159733
15159743
15159749
15159775
15159799
15159839
15159845
15159957
15160015
15160017
15160077
15160087
15160141
15160161
15160283
15160345
15160389
15160427
15160457
15160519
15160741
15160821
15160867
15160933
15161021
15161159
15161317
15161319
15161367
15161517
15161623
15161937
15161967
15162005
15162059
15162085
15162111
15162217
15162237
15162267
15162305
15162449
15162461
15162531
15162549
15162609
15162647
15162679
15162723
15162805
15162837
15162933
15162979
15163203
15163363
15163381
15163425
15163451
15163459
15163701
15163781
15163877
15163961
15164113
15164121
15164171
15164203
15164325
15164413
15164415
15164619
15164621
15164677
15164701
15164725
15164835
15164883
15164943
15165153
15165157
15165277
15165479
15165809
15165907
15165959
15166029
15166049
15166051
15166245
15166363
15166377
15166605
15166699
15166815
15166823
15166903
15167073
15167113
15167213
15167215
15167355
15167369
15167419
15167463
15167539
15167591
15167693
15167781
15167807
15168061
15168081
15168119
15168195
15168315
15168419
15168519
15168579
15168581
15168719
15168799
15168883
15168891
15168903
15168951
15168963
15169053
15169239
15169279
15169309
15169341
15169427
15169543
15169635
15169689
15169937
15169949
15169989
15170033
15170189
15170267
15170293
15170323
15170329
15170687
15170721
15170787
15170809
15170815
15170865
15170881
15170995
15171075
15171199
15171349
15171487
15171501
15171555
15171681
15171695
15171709
15171879
15171883
15172017
15172069
15172201
15172291
15172357
15172393
15172431
15172473
15172489
15172519
15172643
15172877
15172927
15172949
15173019
15173031
15173043
15173487
15173501
15173525
15173545
15173687
15173725
15173799
15173825
15173869
15173969
15174091
15174145
15174177
15174261
15174279
15174301
15174345
15174371
15174479
15174523
15174551
15174677
15174717
15174727
15174869
15174903
15174905
15174985
15175121
15175151
15175205
15175301
15175397
15175427
15175509
15175577
15175723
15175935
15176013
15176021
15176051
15176205
15176323
15176355
15176525
15176571
15176599
15176645
15176749
15176767
15176909
15177083
15177089
15177159
15177161
15177177
15177413
15177483
15177639
15177703
15177749
15177771
15177773
15177795
15177841
15177859
15177879
15177887
15177961
15178021
15178067
15178119
15178169
15178219
15178319
15178331
15178375
15178457
15178459
15178501
15178581
15178679
15178715
15178721
15178839
15178947
15179063
15179139
15179313
15179451
15179477
15179609
15179627
15179821
15179869
15179929
15179939
15180177
15180207
15180223
15180227
15180241
15180307
15180327
15180331
15180367
15180421
15180547
15180589
15180637
15180731
15180785
15180827
15180875
15180891
15180895
15180901
15180999
15181025
15181043
15181155
15181205
15181251
15181287
15181443
15181493
15181499
15181545
15181617
15181689
15181751
15181949
15182213
15182229
15182253
15182433
15182563
15182627
15182779
15182791
15182837
15182931
15183157
15183445
15183491
15183505
15183587
15183613
15183759
15183791
15183835
15183879
15183927
15184099
15184207
15184309
15184323
15184351
15184355
15184439
15184477
15184525
15184557
15184609
15184751
15184779
15184797
15184883
15184919
15184947
15185099
15185115
15185189
15185205
15185245
15185313
15185459
15185469
15185485
15185545
15185561
15185581
15185739
15185773
15185883
15185985
15186051
15186151
15186175
15186317
15186379
15186453
15186461
15186483
15186511
15186561
15186563
15186731
15187061
15187105
15187171
15187597
15187673
15187731
15187855
15187953
15187955
15187975
15188053
15188125
15188131
15188187
15188223
15188353
15188429
15188475
15188599
15188705
15188789
15188829
15188903
15189023
15189063
15189213
15189225
15189305
15189321
15189367
15189515
15189521
15189783
15189829
15189945
15189947
15190071
15190117
15190163
15190285
15190291
15190423
15190453
15190603
15190669
15190809
15191117
15191147
15191213
15191235
15191251
15191303
15191315
15191357
15191359
15191457
15191719
15191781
15191785
15191811
15191833
15191857
15191897
15191945
15191989
15192025
15192093
15192149
15192427
15192639
15192651
15192693
15192733
15192745
15192779
15192965
15192995
15193109
15193197
15193243
15193303
15193481
15193505
15193535
15193557
15193577
15193605
15193695
15193731
15193837
15193871
15193895
15193923
15193925
15193981
15194077
15194181
15194263
15194313
15194333
15194397
15194433
15194553
15194557
15194559
15194565
15194597
15194765
15194877
15194905
15194965
15195023
15195341
15195469
15195535
15195573
15195631
15195713
15195723
15195733
15195767
15195773
15195803
15195805
15195931
15195959
15195961
15196009
15196133
15196143
15196171
15196211
15196361
15196379
15196631
15196639
15196667
15196695
15196821
15196831
15196883
15197011
15197093
15197221
15197361
15197501
15197561
15197567
15197647
15197657
15197685
15197803
15197889
15197895
15197943
15198257
15198305
15198339
15198647
15198711
15198743
15198763
15198765
15198887
15198915
15198959
15199013
15199031
15199085
15199211
15199239
15199317
15199413
15199595
15199599
15199689
15199737
15199795
15199875
15199901
15199937
15199961
15200257
15200265
15200327
15200377
15200471
15200517
15200591
15200669
15200677
15200693
15200761
15200773
15200867
15200943
15201029
15201067
15201237
15201329
15201363
15201365
15201405
15201483
15201509
15201537
15201547
15201733
15201911
15202037
15202059
15202095
15202137
15202207
15202327
15202461
15202609
15202639
15202803
15202807
15202853
15202863
15203211
15203227
15203357
15203391
15203555
15203575
15203645
15203681
15203721
15203759
15203851
15203921
15203949
15203959
15203963
15203965
15204075
15204129
15204249
15204265
15204351
15204369
15204447
15204549
15204671
15204789
15204807
15204825
15204873
15204923
15204983
15205155
15205539
15205543
15205557
15205569
15205759
15205781
15205809
15205921
15205927
15205997
15206025
15206029
15206091
15206259
15206525
15206629
15206641
15206643
15206659
15206809
15206835
15206931
15206933
15206965
15206969
15206991
15207031
15207127
15207343
15207383
15207455
15207741
15207751
15207819
15207841
15207853
15207865
15207897
15208051
15208071
15208073
15208147
15208325
15208397
15208525
15208535
15208613
15208679
15208823
15208865
15208909
15208921
15209053
15209075
15209101
15209165
15209441
15209485
15209513
15209699
15209771
15209867
15209903
15209959
15210109
15210121
15210187
15210189
15210403
15210471
15210641
15210721
15210735
15210773
15210805
15210813
15210853
15211099
15211103
15211109
15211147
15211241
15211373
15211425
15211447
15211497
15211571
15211669
15211737
15211821
15211833
15211965
15211989
15212023
15212157
15212169
15212179
15212217
15212305
15212417
15212437
15212489
15212519
15212537
15212647
15212689
15212743
15212761
15212801
15212913
15213151
15213193
15213199
15213423
15213541
15213591
15213593
15213771
15213809
15213893
15213911
15213915
15214085
15214305
15214317
15214449
15214651
15214683
15214701
15214795
15214837
15214839
15215139
15215203
15215225
15215345
15215403
15215405
15215663
15215671
15215887
15216213
15216297
15216391
15216403
15216493
15216513
15216525
15216531
15216571
15216619
15216673
15216767
15216799
15216827
15216941
15216945
15216973
15217019
15217063
15217129
15217151
15217153
15217181
15217199
15217241
15217247
15217269
15217333
15217407
15217521
15217625
15217797
15217903
15218037
15218103
15218127
15218211
15218313
15218329
15218429
15218589
15218613
15218791
15218811
15218875
15218897
15219107
15219109
15219211
15219225
15219287
15219399
15219445
15219503
15219535
15219587
15219627
15219635
15219697
15219839
15219845
15219867
15219871
15219923
15219991
15220079
15220097
15220183
15220229
15220235
15220403
15220471
15220547
15220563
15220681
15220699
15220831
15220865
15220867
15220895
15220941
15221003
15221023
15221049
15221165
15221283
15221343
15221487
15221585
15221625
15221797
15221879
15221959
15222025
15222135
15222157
15222163
15222241
15222243
15222245
15222357
15222361
15222407
15222489
15222515
15222559
15222571
15222621
15222681
15222771
15222795
15222853
15222925
15222981
15223065
15223107
15223177
15223197
15223229
15223265
15223315
15223495
15223519
15223529
15223557
15223595
15223597
15223629
15223649
15223663
15223665
15223673
15223683
15223721
15223739
15223767
15223903
15223959
15224055
15224065
15224121
15224135
15224143
15224241
15224257
15224315
15224409
15224609
15224719
15224925
15224987
15225041
15225049
15225207
15225289
15225385
15225395
15225405
15225409
15225499
15225573
15225645
15225671
15225739
15225741
15225743
15225775
15225805
15225853
15225879
15226057
15226069
15226093
15226149
15226171
15226211
15226261
15226291
15226333
15226365
15226393
15226441
15226505
15226543
15226685
15226707
15226773
15226805
15226899
15226913
15226987
15227375
15227377
15227555
15227599
15227611
15227615
15227639
15227761
15227775
15227789
15227803
15227835
15227841
15227861
15227875
15228003
15228029
15228119
15228209
15228251
15228257
15228285
15228305
15228335
15228555
15228583
15228587
15228633
15228683
15228699
15228745
15228901
15228911
15228985
15229145
15229153
15229159
15229165
15229191
15229283
15229293
15229487
15229491
15229615
15229717
15229789
15230053
15230117
15230123
15230237
15230279
15230367
15230445
15230515
15230579
15230709
15230891
15230911
15230929
15230941
15230999
15231035
15231103
15231117
15231249
15231315
15231355
15231423
15231451
15231605
15231623
15231685
15231733
15231815
15231901
15232033
15232071
15232111
15232381
15232391
15232435
15232485
15232565
15232959
15233013
15233077
15233105
15233575
15233779
15233835
15233971
15234037
15234173
15234229
15234319
15234423
15234453
15234455
15234521
15234813
15235019
15235045
15235071
15235167
15235199
15235215
15235257
15235355
15235381
15235395
15235399
15235415
15235429
15235461
15235569
15235619
15235705
15235711
15235749
15235751
15235793
15235883
15235899
15236031
15236143
15236459
15236567
15236703
15236749
15236817
15236839
15236855
15236979
15237055
15237063
15237101
15237439
15237621
15237629
15237737
15237741
15237761
15237859
15237871
15237947
15237981
15238075
15238139
15238161
15238445
15238463
15238481
15238507
15238595
15238675
15238809
15238813
15238823
15238829
15238877
15238895
15238901
15238911
15239065
15239149
15239523
15239675
15239687
15239699
15239761
15239793
15239871
15239881
15240105
15240167
15240399
15240403
15240431
15240447
15240551
15240683
15240797
15240805
15240819
15240821
15240823
15240923
15240929
15240969
15240999
15241109
15241185
15241293
15241301
15241409
15241503
15241653
15241691
15241707
15241907
15241909
15241965
15242009
15242069
15242071
15242099
15242249
15242355
15242397
15242495
15242559
15242595
15242611
15242701
15242845
15242979
15243069
15243077
15243129
15243131
15243171
15243391
15243515
15243525
15243543
15243551
15243555
15243645
15243735
15243777
15243805
15243827
15243905
15243995
15244057
15244133
15244171
15244319
15244463
15244485
15244507
15244511
15244535
15244797
15244861
15245197
15245309
15245333
15245425
15245447
15245475
15245517
15245543
15245581
15245605
15245637
15245813
15245857
15245861
15245979
15246119
15246179
15246223
15246227
15246279
15246315
15246355
15246509
15246581
15246617
15246687
15246827
15246839
15246847
15246891
15246901
15246927
15247095
15247103
15247211
15247231
15247343
15247347
15247407
15247529
15247809
15247911
15248015
15248141
15248179
15248243
15248299
15248311
15248321
15248373
15248431
15248437
15248447
15248449
15248581
15248627
15248681
15248703
15248707
15248709
15248785
15248881
15249023
15249089
15249251
15249357
15249379
15249457
15249477
15249505
15249605
15249653
15249657
15249697
15249719
15249785
15249799
15249819
15249829
15249855
15249925
15250081
15250085
15250119
15250159
15250217
15250229
15250235
15250249
15250265
15250505
15250819
15250863
15250975
15251089
15251351
15251389
15251517
15251535
15251539
15251593
15251769
15251787
15251903
15251915
15252175
15252297
15252437
15252501
15252563
15252651
15252701
15252707
15252819
15252833
15252945
15252955
15253019
15253089
15253117
15253163
15253193
15253277
15253279
15253487
15253535
15253567
15253617
15253721
15253819
15253825
15253921
15254041
15254101
15254131
15254249
15254591
15254705
15254791
15254813
15255141
15255449
15255491
15255525
15255605
15255873
15255883
15255953
15256163
15256173
15256189
15256213
15256273
15256387
15256401
15256643
15256721
15256743
15256813
15256961
15257035
15257117
15257133
15257163
15257231
15257283
15257321
15257397
15257435
15257453
15257477
15257519
15257579
15257583
15257655
15257689
15257807
15257813
15257827
15257833
15257847
15258059
15258085
15258141
15258159
15258195
15258197
15258307
15258311
15258343
15258385
15258463
15258515
15258521
15258559
15258563
15258635
15258665
15258687
15258693
15258779
15258823
15258871
15258887
15258911
15259161
15259175
15259189
15259199
15259299
15259305
15259547
15259657
15259665
15259723
15259739
15259819
15259839
15259931
15260001
15260017
15260039
15260105
15260137
15260261
15260349
15260405
15260541
15260607
15260725
15260785
15260891
15260983
15261009
15261027
15261063
15261099
15261227
15261395
15261419
15261607
15261651
15261727
15261743
15261779
15261899
15262029
15262125
15262277
15262369
15262379
15262389
15262461
15262467
15262645
15262821
15262857
15262865
15263055
15263103
15263105
15263167
15263171
15263183
15263291
15263507
15263549
15263565
15263617
15263769
15263913
15264017
15264101
15264149
15264233
15264261
15264269
15264411
15264513
15264597
15264811
15264997
15265061
15265111
15265117
15265203
15265243
15265331
15265361
15265397
15265457
15265609
15265651
15265659
15265661
15265669
15265775
15265833
15265857
15265861
15265875
15266107
15266141
15266161
15266243
15266341
15266453
15266579
15266583
15266593
15266607
15266751
15266835
15266935
15267301
15267365
15267417
15267425
15267477
15267491
15267507
15267523
15267649
15267677
15267729
15267817
15267997
15268193
15268229
15268269
15268293
15268309
15268339
15268391
15268405
15268485
15268581
15268755
15268761
15268809
15268835
15268891
15268999
15269029
15269183
15269243
15269279
15269331
15269379
15269485
15269487
15269489
15269503
15269569
15269631
15269655
15269709
15269713
15269735
15269793
15269847
15269947
15270013
15270029
15270069
15270075
15270095
15270209
15270291
15270375
15270501
15270559
15270575
15270631
15270637
15270739
15270965
15271105
15271195
15271299
15271345
15271363
15271521
15271547
15271589
15271751
15271769
15271851
15271903
15271933
15272047
15272077
15272167
15272183
15272395
15272461
15272601
15272625
15272635
15272663
15272689
15272721
15272731
15272763
15272903
15272939
15273207
15273439
15273515
15273523
15273793
15273943
15274165
15274187
15274219
15274437
15274457
15274619
15274771
15274819
15274873
15274903
15274919
15274983
15274989
15275051
15275139
15275143
15275161
15275255
15275331
15275487
15275535
15275561
15275653
15275665
15275671
15275697
15275783
15275869
15275889
15275971
15276103
15276137
15276251
15276271
15276293
15276319
15276523
15276719
15276747
15276845
15276877
15276925
15276961
15277053
15277105
15277143
15277195
15277253
15277421
15277469
15277653
15277685
15277735
15277809
15277865
15277911
15277973
15278035
15278043
15278047
15278107
15278167
15278217
15278317
15278469
15278801
15278829
15278845
15278891
15278979
15278981
15279101
15279135
15279167
15279219
15279267
15279283
15279287
15279289
15279349
15279381
15279409
15279601
15279627
15279707
15279803
15279973
15280243
15280245
15280411
15280643
15280759
15280815
15280823
15280829
15280845
15280891
15280999
15281009
15281323
15281353
15281485
15281503
15281559
15281583
15281761
15281847
15281963
15281971
15281973
15281991
15282019
15282043
15282047
15282115
15282147
15282173
15282253
15282337
15282345
15282367
15282411
15282787
15282891
15282931
15283073
15283093
15283277
15283305
15283385
15283479
15283557
15283615
15283655
15283675
15283709
15283873
15284053
15284113
15284231
15284269
15284301
15284311
15284315
15284679
15284683
15284701
15284767
15284829
15284879
15284933
15284977
15284987
15284995
15285131
15285187
15285199
15285217
15285313
15285341
15285357
15285451
15285677
15285705
15285729
15285755
15285847
15285871
15285901
15285903
15285951
15285975
15286005
15286125
15286207
15286385
15286485
15286623
15286639
15286653
15286661
15286719
15286741
15286751
15286785
15286953
15287109
15287147
15287353
15287389
15287429
15287563
15287621
15287649
15287789
15287823
15287853
15287951
15288245
15288299
15288311
15288373
15288445
15288541
15288581
15288799
15288993
15289025
15289081
15289103
15289205
15289231
15289387
15289395
15289449
15289463
15289585
15289665
15289699
15289707
15289863
15289877
15289959
15289981
15290269
15290277
15290313
15290317
15290363
15290365
15290385
15290463
15290509
15290725
15290783
15290791
15291015
15291069
15291091
15291133
15291139
15291167
15291169
15291171
15291257
15291335
15291419
15291795
15291829
15291895
15292025
15292065
15292067
15292115
15292147
15292171
15292187
15292217
15292235
15292259
15292499
15292541
15292589
15292603
15292627
15292691
15292721
15292823
15292983
15293007
15293143
15293165
15293181
15293193
15293273
15293299
15293327
15293391
15293429
15293451
15293501
15293529
15293567
15293577
15293641
15293795
15293803
15293821
15293867
15293903
15294195
15294269
15294339
15294353
15294469
15294539
15294571
15294597
15294799
15294867
15295121
15295137
15295265
15295311
15295477
15295547
15295579
15295583
15295851
15295881
15295905
15295995
15296015
15296159
15296285
15296377
15296391
15296453
15296535
15296545
15296573
15296679
15296699
15296797
15296871
15296901
15296907
15296921
15296929
15297047
15297119
15297147
15297193
15297293
15297313
15297525
15297597
15297839
15297853
15297961
15297965
15298059
15298387
15298393
15298425
15298477
15298533
15298567
15298589
15298599
15298899
15298937
15299093
15299105
15299213
15299237
15299431
15299449
15299503
15299687
15299735
15299789
15299795
15299837
15299991
15300009
15300031
15300065
15300195
15300225
15300229
15300263
15300351
15300353
15300387
15300403
15300463
15300481
15300571
15300657
15300753
15300959
15300981
15301173
15301193
15301195
15301273
15301335
15301347
15301397
15301525
15301603
15301609
15301615
15301725
15301759
15301931
15301961
15301971
15302015
15302049
15302057
15302063
15302223
15302243
15302285
15302289
15302327
15302371
15302417
15302499
15302575
15302633
15302811
15302881
15302949
15303435
15303497
15303539
15303651
15303705
15303793
15303867
15303877
15303907
15303925
15303965
15303979
15304003
15304219
15304429
15304495
15304761
15304771
15304845
15304857
15304975
15304995
15305039
15305109
15305145
15305207
15305231
15305349
15305405
15305457
15305517
15305565
15305599
15305641
15305919
15306041
15306113
15306195
15306211
15306213
15306229
15306249
15306305
15306319
15306349
15306353
15306491
15306617
15306705
15306715
15306767
15306957
15306965
15306973
15307029
15307063
15307069
15307091
15307101
15307157
15307161
15307219
15307221
15307273
15307379
15307387
15307461
15307483
15307489
15307495
15307537
15307553
15307617
15307749
15307915
15308063
15308125
15308193
15308361
15308419
15308431
15308501
15308503
15308507
15308519
15308587
15308619
15308807
15308823
15308825
15308891
15308903
15308949
15309115
15309309
15309337
15309355
15309365
15309389
15309501
15309523
15309525
15309861
15309889
15310075
15310113
15310167
15310213
15310251
15310263
15310299
15310359
15310463
15310565
15310587
15310649
15310767
15310889
15310971
15311267
15311423
15311441
15311447
15311457
15311471
15311573
15311611
15311621
15311623
15311891
15311895
15311997
15312009
15312067
15312173
15312443
15312521
15312599
15312657
15312713
15312791
15312819
15312931
15312961
15313025
15313195
15313197
15313201
15313219
15313227
15313237
15313357
15313411
15313425
15313497
15313531
15313637
15313667
15313679
15313793
15313835
15313863
15313999
15314029
15314129
15314153
15314241
15314289
15314327
15314347
15314377
15314439
15314495
15314643
15314743
15314831
15314845
15315123
15315151
15315167
15315215
15315219
15315351
15315509
15315629
15315713
15315803
15315841
15315999
15316111
15316115
15316315
15316515
15316585
15316627
15316641
15316735
15317151
15317213
15317235
15317281
15317365
15317393
15317465
15317627
15317669
15317683
15317715
15317825
15317881
15317931
15317961
15318187
15318223
15318237
15318345
15318369
15318491
15318671
15318715
15318749
15318837
15318963
15319005
15319015
15319017
15319041
15319225
15319311
15319355
15319379
15319599
15319627
15319701
15319731
15319777
15319799
15319823
15319845
15319899
15319913
15319947
15320009
15320081
15320089
15320253
15320569
15320697
15320761
15320775
15320785
15320833
15320875
15320883
15320951
15321017
15321029
15321049
15321159
15321189
15321229
15321387
15321707
15321731
15321735
15321767
15321941
15321999
15322121
15322161
15322255
15322315
15322327
15322331
15322501
15322605
15322641
15322745
15322761
15322897
15323269
15323297
15323299
15323341
15323425
15323485
15323519
15323525
15323551
15323601
15323661
15323889
15323907
15324119
15324139
15324289
15324291
15324319
15324349
15324405
15324529
15324553
15324555
15324569
15324627
15324715
15324827
15325045
15325069
15325103
15325115
15325203
15325241
15325307
15325421
15325547
15325687
15325691
15325693
15325723
15325847
15326005
15326049
15326171
15326187
15326283
15326367
15326389
15326503
15326521
15326599
15326611
15326671
15326687
15326815
15326837
15326883
15326943
15326963
15326977
15327029
15327073
15327125
15327157
15327247
15327297
15327345
15327611
15327687
15327787
15327807
15327817
15327847
15327919
15327989
15328027
15328029
15328059
15328135
15328205
15328257
15328289
15328337
15328357
15328359
15328363
15328461
15328557
15328581
15328643
15328701
15328743
15328853
15328861
15328867
15328971
15329025
15329087
15329093
15329113
15329145
15329177
15329227
15329315
15329391
15329439
15329443
15329461
15329495
15329539
15329563
15329565
15329571
15329575
15329583
15329681
15329717
15329815
15329893
15330003
15330297
15330351
15330419
15330465
15330467
15330595
15330617
15330677
15330683
15330765
15330835
15330995
15331173
15331221
15331255
15331259
15331309
15331331
15331341
15331391
15331397
15331399
15331415
15331507
15331569
15331623
15331637
15331701
15331723
15331785
15331811
15331817
15331847
15331861
15331899
15331965
15331977
15332021
15332055
15332057
15332215
15332391
15332509
15332515
15332595
15332621
15332701
15332703
15332725
15332733
15332753
15332819
15332869
15332955
15332987
15333023
15333237
15333293
15333381
15333447
15333605
15333653
15333659
15333881
15333929
15333975
15333993
15334307
15334427
15334451
15334489
15334531
15334533
15334559
15334695
15334851
15334875
15334913
15334915
15334927
15334949
15334995
15335117
15335155
15335269
15335301
15335347
15335531
15335587
15335865
15335879
15335905
15336007
15336109
15336135
15336269
15336275
15336307
15336361
15336387
15336443
15336475
15336579
15336609
15336631
15336643
15336659
15336669
15336729
15336761
15336765
15337011
15337027
15337093
15337101
15337129
15337161
15337353
15337361
15337363
15337697
15337841
15337867
15337871
15337971
15338139
15338151
15338169
15338245
15338403
15338407
15338607
15338635
15338703
15338719
15338765
15338793
15338869
15339031
15339117
15339239
15339413
15339495
15339507
15339559
15339673
15339675
15339747
15339795
15339805
15339815
15339855
15339889
15340007
15340097
15340161
15340185
15340203
15340355
15340373
15340399
15340461
15340501
15340703
15340761
15341109
15341121
15341141
15341217
15341261
15341319
15341383
15341423
15341537
15341631
15341773
15341861
15341907
15342085
15342119
15342261
15342443
15342503
15342561
15342721
15342741
15342771
15342845
15342855
15342931
15342953
15342967
15343093
15343159
15343387
15343401
15343473
15343489
15343589
15343663
15343665
15343703
15343877
15343919
15343921
15344005
15344019
15344035
15344199
15344285
15344365
15344383
15344437
15344465
15344477
15344517
15344525
15344571
15344577
15344599
15344853
15344907
15344997
15345041
15345053
15345103
15345119
15345167
15345175
15345185
15345277
15345351
15345473
15345561
15345651
15345687
15345689
15345881
15345987
15346057
15346061
15346359
15346385
15346543
15346625
15346653
15346667
15346671
15346829
15346975
15347023
15347049
15347059
15347089
15347139
15347183
15347193
15347231
15347327
15347335
15347415
15347423
15347491
15347493
15347495
15347713
15347755
15347899
15347943
15348005
15348085
15348133
15348163
15348221
15348257
15348277
15348513
15348891
15348935
15348983
15349099
15349241
15349253
15349273
15349463
15349477
15349499
15349675
15349711
15349767
15349885
15350033
15350067
15350117
15350235
15350673
15350703
15350773
15350809
15350841
15350911
15351059
15351145
15351263
15351425
15351707
15351717
15351843
15351907
15352033
15352239
15352277
15352287
15352295
15352413
15352497
15352537
15352591
15352671
15352711
15352843
15353089
15353225
15353243
15353537
15353549
15353731
15353767
15353835
15353975
15353993
15354099
15354271
15354287
15354299
15354309
15354425
15354519
15354577
15354749
15354813
15354875
15354977
15354981
15355065
15355205
15355309
15355337
15355353
15355447
15355455
15355473
15355501
15355519
15355573
15355599
15355641
15355869
15355879
15355949
15356065
15356123
15356383
15356711
15356817
15356821
15356823
15357015
15357035
15357055
15357075
15357099
15357225
15357267
15357283
15357287
15357293
15357387
15357417
15357453
15357459
15357487
15357525
15357529
15357549
15357793
15357829
15357869
15358015
15358057
15358105
15358397
15358445
15358473
15358477
15358493
15358685
15358701
15358745
15358793
15358833
15358861
15358923
15359059
15359103
15359139
15359203
15359215
15359311
15359409
15359615
15359691
15359747
15359749
15359777
15359829
15359853
15360055
15360353
15360887
15360963
15361073
15361203
15361399
15361469
15361577
15361869
15361897
15362075
15362091
15362165
15362269
15362319
15362335
15362353
15362369
15362411
15362521
15362677
15362691
15362795
15362853
15362899
15362957
15363063
15363081
15363141
15363153
15363175
15363341
15363381
15363413
15363659
15363831
15363843
15363869
15363887
15363915
15364017
15364049
15364115
15364129
15364227
15364251
15364327
15364443
15364453
15364521
15364525
15364549
15364649
15364679
15364699
15364719
15364743
15364817
15364905
15364929
15364955
15364991
15365029
15365167
15365177
15365227
15365241
15365271
15365361
15365373
15365563
15365763
15365851
15365905
15366155
15366323
15366349
15366445
15366505
15366573
15366625
15366657
15366701
15366765
15366971
15367169
15367217
15367269
15367305
15367307
15367343
15367387
15367651
15367733
15367767
15367803
15367843
15367919
15368005
15368013
15368099
15368173
15368391
15368425
15368429
15368517
15368559
15368579
15368599
15368915
15369213
15369215
15369259
15369305
15369351
15369423
15369537
15369571
15369625
15369759
15369763
15369831
15369937
15370045
15370305
15370355
15370539
15370647
15370651
15370677
15370757
15370817
15370823
15370849
15370885
15370887
15370921
15371029
15371105
15371109
15371161
15371203
15371239
15371249
15371263
15371305
15371321
15371373
15371593
15371683
15371763
15371807
15371983
15372089
15372211
15372237
15372279
15372513
15372645
15372731
15372747
15372855
15373027
15373139
15373227
15373233
15373293
15373345
15373451
15373639
15373641
15373749
15373811
15373837
15374007
15374009
15374137
15374233
15374329
15374353
15374379
15374623
15374635
15374693
15374823
15374953
15374959
15375111
15375165
15375189
15375329
15375365
15375395
15375559
15375583
15375649
15375743
15375833
15375841
15375845
15376003
15376081
15376199
15376271
15376349
15376401
15376439
15376445
15376467
15376683
15376867
15376901
15376909
15377055
15377063
15377087
15377101
15377325
15377405
15377423
15377439
15377489
15377599
15377613
15377643
15377737
15377809
15377951
15377977
15378013
15378105
15378137
15378297
15378359
15378445
15378459
15378483
15378485
15378501
15378527
15378535
15378549
15378615
15378617
15378627
15378781
15378995
15379159
15379199
15379227
15379237
15379239
15379311
15379453
15379527
15379551
15379973
15380079
15380119
15380507
15380511
15380555
15380561
15380717
15380755
15380767
15380803
15380809
15380889
15380907
15380941
15380993
15381031
15381243
15381273
15381413
15381423
15381565
15381567
15381739
15381879
15381951
15382005
15382249
15382287
15382469
15382471
15382681
15382833
15382881
15382987
15383013
15383021
15383065
15383217
15383289
15383359
15383389
15383595
15383631
15383679
15383781
15383787
15383895
15384067
15384121
15384329
15384369
15384377
15384403
15384427
15384429
15384479
15384559
15384615
15384677
15384691
15384701
15384747
15384755
15384799
15384885
15384979
15385049
15385137
15385351
15385361
15385461
15385467
15385765
15385833
15385921
15385975
15385979
15386033
15386137
15386223
15386327
15386351
15386383
15386457
15386641
15386763
15386765
15386899
15386903
15387081
15387113
15387267
15387433
15387521
15387525
15387649
15387707
15387793
15387803
15387873
15387881
15387915
15387923
15387945
15388071
15388105
15388133
15388171
15388241
15388245
15388271
15388287
15388311
15388357
15388393
15388403
15388453
15388489
15388613
15388695
15388735
15388743
15388775
15388825
15388845
15388951
15389013
15389091
15389171
15389203
15389323
15389397
15389401
15389423
15389509
15389533
15389557
15389597
15389647
15389799
15389813
15389821
15389829
15389861
15390069
15390119
15390311
15390367
15390433
15390607
15390681
15390691
15390805
15390883
15390953
15391103
15391145
15391237
15391241
15391255
15391321
15391345
15391355
15391393
15391401
15391425
15391487
15391491
15391555
15391561
15391577
15391585
15391651
15391695
15391825
15391907
15391917
15391961
15391995
15392207
15392239
15392273
15392357
15392469
15392513
15392843
15392937
15392973
15392995
15393041
15393163
15393177
15393247
15393325
15393399
15393533
15393645
15393653
15393723
15393765
15393829
15393857
15393925
15394065
15394087
15394165
15394167
15394259
15394423
15394451
15394507
15394515
15394553
15394713
15394747
15394763
15394775
15394821
15394855
15394883
15395121
15395135
15395153
15395161
15395163
15395209
15395229
15395281
15395329
15395361
15395427
15395623
15395647
15395711
15395799
15395813
15395939
15396263
15396383
15396421
15396429
15396519
15396527
15396621
15396631
15396697
15396751
15396757
15396783
15396891
15396901
15396917
15396923
15397019
15397021
15397035
15397079
15397141
15397191
15397231
15397487
15397495
15397603
15397615
15397633
15397643
15397749
15397751
15397767
15397893
15397909
15398083
15398221
15398251
15398351
15398355
15398391
15398471
15398521
15398531
15398539
15398897
15398997
15399105
15399237
15399259
15399267
15399317
15399389
15399397
15399417
15399495
15399501
15399941
15399975
15400009
15400187
15400189
15400191
15400275
15400529
15400597
15400633
15400775
15400869
15400875
15400919
15400955
15400975
15400979
15400989
15401117
15401149
15401167
15401465
15401519
15401599
15401619
15401623
15401645
15401647
15401823
15401827
15401887
15401911
15402079
15402161
15402205
15402249
15402259
15402321
15402619
15402655
15402739
15402771
15402781
15403005
15403097
15403139
15403183
15403207
15403249
15403253
15403313
15403335
15403419
15403433
15403479
15403671
15403681
15403767
15403823
15404211
15404215
15404239
15404275
15404295
15404323
15404385
15404437
15404469
15404535
15404539
15404611
15404679
15404771
15404845
15404877
15404885
15404997
15405017
15405037
15405065
15405105
15405173
15405399
15405647
15405653
15405663
15405701
15405795
15405957
15405993
15406015
15406145
15406227
15406237
15406283
15406313
15406341
15406387
15406401
15406405
15406467
15406513
15406557
15406589
15406861
15406947
15406999
15407001
15407141
15407173
15407177
15407277
15407329
15407415
15407443
15407495
15407503
15407541
15407625
15407851
15407863
15408009
15408015
15408035
15408069
15408109
15408223
15408245
15408263
15408397
15408537
15408547
15408743
15408767
15408895
15408927
15408939
15409093
15409123
15409141
15409309
15409565
15409587
15409721
15409817
15409837
15409937
15410033
15410035
15410163
15410179
15410189
15410227
15410333
15410379
15410393
15410663
15410697
15410699
15410861
15410875
15410977
15410985
15411007
15411153
15411161
15411195
15411261
15411365
15411419
15411443
15411529
15411589
15411735
15411737
15411745
15411765
15411781
15411809
15411981
15412143
15412163
15412243
15412313
15412413
15412521
15412687
15412809
15412895
15412991
15413243
15413275
15413357
15413359
15413383
15413393
15413411
15413501
15413701
15413895
15414081
15414135
15414173
15414523
15414571
15414819
15414835
15414957
15414963
15414993
15415129
15415143
15415281
15415377
15415461
15415491
15415533
15415639
15415687
15415703
15415711
15415725
15415731
15415865
15415907
15415913
15416037
15416151
15416415
15416421
15416457
15416519
15416541
15416645
15416787
15416793
15417039
15417051
15417061
15417123
15417151
15417155
15417193
15417201
15417339
15417361
15417401
15417421
15417483
15417497
15417507
15417511
15417515
15417535
15417741
15417785
15417815
15417827
15417849
15417851
15418005
15418047
15418069
15418181
15418371
15418397
15418427
15418437
15418455
15418935
15419167
15419185
15419227
15419301
15419303
15419331
15419367
15419423
15419461
15419493
15419583
15419597
15419605
15419719
15419869
15419989
15420085
15420095
15420115
15420125
15420133
15420151
15420185
15420187
15420379
15420443
15420539
15420561
15420565
15420657
15420721
15420757
15421135
15421139
15421175
15421281
15421283
15421407
15421409
15421439
15421445
15421461
15421533
15421545
15421613
15421621
15421735
15421743
15421745
15421757
15421771
15421821
15421877
15422167
15422289
15422491
15422559
15422605
15422615
15422627
15422693
15422721
15422735
15422749
15422921
15423053
15423079
15423121
15423181
15423227
15423317
15423467
15423511
15423561
15423585
15423663
15423683
15423753
15423933
15423971
15424007
15424031
15424199
15424257
15424347
15424457
15424525
15424557
15424617
15424623
15424663
15424717
15424757
15424803
15424821
15424867
15424893
15424899
15425001
15425241
15425305
15425365
15425369
15425643
15425713
15425821
15425915
15425927
15426045
15426067
15426103
15426111
15426129
15426161
15426223
15426259
15426287
15426293
15426333
15426451
15426469
15426515
15426591
15426645
15426769
15426913
15427105
15427187
15427189
15427303
15427321
15427339
15427355
15427381
15427435
15427449
15427523
15427575
15427639
15427641
15427651
15427673
15427709
15427737
15427751
15428071
15428215
15428249
15428263
15428271
15428429
15428469
15428513
15428517
15428569
15428587
15428625
15428647
15428667
15428719
15428733
15428749
15428833
15428915
15428939
15428973
15429085
15429185
15429209
15429323
15429345
15429419
15429443
15429605
15429639
15429677
15429765
15429777
15429815
15429847
15429909
15429967
15430079
15430093
15430125
15430131
15430153
15430157
15430193
15430315
15430371
15430413
15430453
15430525
15430573
15430625
15430645
15430653
15430689
15430701
15430849
15430853
15430951
15430955
15430981
15431173
15431373
15431381
15431483
15431513
15431523
15431533
15431547
15431641
15431729
15431733
15431747
15431787
15431801
15431971
15432093
15432123
15432165
15432247
15432285
15432371
15432489
15432509
15432529
15432593
15432611
15432699
15432765
15432877
15432925
15432937
15433057
15433109
15433149
15433339
15433443
15433465
15433567
15433597
15433627
15433633
15433695
15433783
15433817
15433837
15433839
15433935
15433959
15433961
15434055
15434097
15434191
15434241
15434309
15434337
15434355
15434367
15434405
15434421
15434429
15434453
15434521
15434547
15434559
15434599
15434713
15434741
15434751
15434761
15434895
15434957
15435033
15435055
15435143
15435393
15435561
15435627
15435671
15435895
15435945
15435963
15435969
15435997
15436003
15436099
15436109
15436217
15436233
15436241
15436289
15436295
15436345
15436363
15436393
15436451
15436527
15436731
15436737
15436769
15436799
15436873
15436983
15437009
15437039
15437067
15437075
15437103
15437133
15437227
15437309
15437427
15437431
15437527
15437575
15437609
15437623
15437713
15437771
15437877
15437963
15438011
15438083
15438089
15438165
15438173
15438175
15438273
15438485
15438861
15438869
15438949
15438987
15439073
15439223
15439255
15439291
15439303
15439307
15439599
15439649
15439675
15439677
15439697
15439749
15439769
15439913
15440007
15440039
15440103
15440147
15440181
15440241
15440281
15440347
15440417
15440501
15440509
15440733
15440765
15440879
15441005
15441019
15441133
15441193
15441233
15441341
15441355
15441523
15441591
15441627
15441633
15441649
15441673
15441719
15441819
15441929
15442041
15442217
15442409
15442555
15442615
15442655
15442723
15442727
15442785
15442875
15442899
15443029
15443151
15443153
15443311
15443505
15443565
15443637
15443655
15443685
15443723
15443747
15443771
15443775
15443911
15444105
15444301
15444327
15444333
15444365
15444379
15444509
15444525
15444537
15444587
15444607
15444643
15444649
15444697
15444727
15444761
15444765
15444865
15444887
15444969
15445003
15445067
15445075
15445091
15445117
15445163
15445199
15445239
15445251
15445261
15445395
15445451
15445513
15445545
15445789
15445817
15445863
15445881
15445917
15446099
15446129
15446171
15446183
15446251
15446307
15446439
15446477
15446521
15446563
15446667
15446765
15446777
15446889
15446895
15447031
15447113
15447141
15447191
15447261
15447359
15447385
15447413
15447419
15447553
15447611
15447711
15447735
15447831
15447961
15448009
15448063
15448069
15448107
15448181
15448203
15448247
15448303
15448311
15448331
15448505
15448509
15448551
15448649
15448687
15448859
15448995
15449091
15449159
15449191
15449193
15449251
15449271
15449303
15449355
15449363
15449373
15449377
15449387
15449411
15449493
15449671
15449689
15449737
15449935
15450023
15450061
15450065
15450149
15450199
15450239
15450269
15450359
15450413
15450449
15450531
15450535
15450569
15450581
15450655
15450711
15450713
15450853
15450921
15451007
15451027
15451167
15451187
15451287
15451471
15451567
15451711
15451793
15451917
15452003
15452109
15452211
15452331
15452347
15452561
15452767
15452795
15452815
15452833
15452855
15452897
15453049
15453129
15453257
15453263
15453473
15453501
15453545
15453639
15453677
15453699
15453723
15453765
15453929
15453943
15453947
15454149
15454193
15454237
15454387
15454393
15454551
15454569
15454581
15454657
15454779
15454781
15454793
15454851
15454855
15455235
15455439
15455493
15455543
15455645
15455857
15455877
15455883
15456009
15456013
15456015
15456071
15456093
15456181
15456285
15456295
15456303
15456315
15456339
15456469
15456471
15456685
15456707
15457083
15457307
15457443
15457447
15457489
15457691
15457729
15457743
15457751
15457753
15458001
15458049
15458083
15458197
15458269
15458285
15458309
15458339
15458417
15458427
15458445
15458495
15458507
15458513
15458531
15458621
15458733
15458817
15458873
15458955
15458977
15459005
15459285
15459311
15459315
15459375
15459475
15459477
15459499
15459505
15459571
15459579
15459623
15459655
15459695
15459821
15459823
15460059
15460137
15460211
15460345
15460357
15460403
15460405
15460515
15460547
15460799
15460845
15461027
15461071
15461099
15461183
15461201
15461221
15461261
15461283
15461301
15461321
15461371
15461425
15461477
15461579
15461655
15461663
15461705
15461739
15461871
15461915
15462127
15462175
15462261
15462325
15462361
15462415
15462511
15462527
15462649
15462721
15462747
15462769
15462787
15462857
15462931
15462957
15462973
15463115
15463117
15463321
15463589
15463709
15463719
15463983
15463993
15463995
15464143
15464163
15464215
15464379
15464421
15464555
15464559
15464573
15464671
15464699
15464717
15464785
15464815
15464847
15464887
15464935
15464943
15464983
15465061
15465127
15465231
15465271
15465327
15465333
15465367
15465405
15465533
15465733
15465765
15465845
15465909
15465927
15465975
15465981
15466029
15466081
15466215
15466267
15466559
15466661
15466707
15466769
15466843
15466859
15466939
15467005
15467031
15467127
15467133
15467159
15467235
15467465
15467497
15467519
15467541
15467655
15467895
15468235
15468255
15468283
15468449
15468583
15468705
15468767
15468879
15468939
15469003
15469133
15469277
15469331
15469377
15469469
15469621
15469733
15469807
15469941
15469947
15470143
15470185
15470295
15470323
15470567
15470573
15470625
15470641
15470649
15470665
15470847
15470891
15470957
15471009
15471015
15471309
15471459
15471599
15471607
15471619
15471709
15471787
15471797
15471873
15471877
15472055
15472115
15472161
15472269
15472363
15472405
15472467
15472551
15472561
15472653
15472707
15472751
15472769
15472779
15472801
15472845
15472847
15472881
15472899
15472915
15473125
15473209
15473213
15473295
15473305
15473383
15473401
15473451
15473463
15473525
15473569
15473631
15473643
15473755
15473907
15473995
15474143
15474151
15474367
15474379
15474399
15474513
15474515
15474575
15474613
15474631
15474697
15474773
15474803
15474811
15474869
15474901
15475049
15475257
15475377
15475475
15475499
15475585
15475671
15475887
15476113
15476153
15476183
15476213
15476235
15476237
15476337
15476423
15476537
15476681
15476889
15476993
15476997
15477025
15477055
15477077
15477121
15477127
15477201
15477215
15477319
15477335
15477449
15477523
15477661
15477691
15477799
15477917
15477951
15478087
15478129
15478161
15478423
15478467
15478545
15478583
15478617
15478665
15478705
15478735
15478757
15478845
15478855
15478945
15479045
15479087
15479091
15479163
15479177
15479237
15479261
15479363
15479453
15479483
15479485
15479771
15479843
15479931
15480029
15480131
15480203
15480245
15480251
15480341
15480343
15480467
15480471
15480483
15480525
15480535
15480653
15480741
15480751
15480931
15480949
15481059
15481315
15481335
15481361
15481377
15481473
15481479
15481609
15481611
15481677
15481747
15481783
15481813
15481831
15481949
15482139
15482245
15482305
15482317
15482347
15482379
15482565
15482567
15482589
15482861
15482981
15483005
15483169
15483233
15483305
15483489
15483493
15483517
15483581
15483697
15483727
15483761
15484229
15484279
15484383
15484411
15484507
15484539
15484645
15484689
15484811
15484833
15484947
15485121
15485301
15485441
15485563
15485769
15485815
15485821
15485825
15485917
15485931
15486011
15486049
15486125
15486191
15486213
15486275
15486365
15486397
15486423
15486429
15486431
15486445
15486583
15486661
15486833
15486847
15486937
15487059
15487133
15487149
15487155
15487173
15487329
15487405
15487465
15487613
15487819
15487821
15487825
15487843
15487855
15487943
15488079
15488109
15488123
15488193
15488403
15488595
15488683
15488777
15488899
15489063
15489083
15489305
15489323
15489421
15489435
15489451
15489513
15489551
15489655
15489671
15489709
15489719
15489735
15489843
15489931
15489941
15490045
15490049
15490053
15490063
15490129
15490197
15490495
15490553
15490617
15490669
15490895
15490911
15490937
15490973
15491013
15491109
15491199
15491265
15491293
15491313
15491327
15491335
15491417
15491471
15491543
15491571
15491591
15491715
15491759
15491761
15491787
15491813
15491891
15491923
15491963
15492143
15492173
15492199
15492307
15492361
15492445
15492737
15492745
15492981
15493171
15493193
15493221
15493255
15493577
15493579
15493603
15493753
15493785
15493787
15493811
15493849
15493903
15493923
15494115
15494173
15494211
15494295
15494371
15494529
15494617
15494931
15494951
15495067
15495069
15495095
15495171
15495199
15495327
15495351
15495467
15495469
15495477
15495507
15495525
15495527
15495549
15495609
15495663
15495729
15495771
15495825
15495869
15496297
15496321
15496375
15496431
15496483
15496503
15496609
15496727
15496757
15496763
15496897
15496925
15496945
15496955
15496971
15497091
15497109
15497119
15497141
15497291
15497319
15497385
15497409
15497519
15497527
15497659
15497727
15497797
15497813
15497871
15497997
15498223
15498277
15498467
15498519
15498565
15498569
15498633
15498719
15498753
15498781
15498801
15498829
15498845
15499001
15499033
15499131
15499199
15499207
15499257
15499395
15499419
15499529
15499543
15499599
15499767
15499909
15499931
15499953
15500023
15500233
15500299
15500383
15500397
15500479
15500639
15500659
15500789
15500815
15500825
15500859
15501019
15501035
15501093
15501269
15501335
15501355
15501359
15501373
15501535
15501601
15501777
15501909
15501999
15502041
15502141
15502177
15502187
15502243
15502245
15502317
15502321
15502497
15502741
15502765
15502773
15502819
15502833
15502881
15502913
15502931
15503075
15503089
15503179
15503453
15503463
15503517
15503541
15503603
15503629
15503709
15503777
15503865
15503893
15503941
15503945
15503977
15503999
15504081
15504237
15504285
15504315
15504333
15504421
15504445
15504463
15504551
15504577
15504685
15504707
15504755
15504837
15504843
15504875
15504883
15505069
15505077
15505335
15505561
15505665
15505751
15505835
15505847
15505869
15505919
15505935
15506085
15506177
15506273
15506527
15506567
15506615
15506617
15506717
15506997
15507219
15507221
15507355
15507385
15507447
15507589
15507621
15507641
15507655
15507827
15507957
15508085
15508311
15508313
15508403
15508465
15508475
15508515
15508613
15508745
15508855
15508895
15508921
15508945
15508971
15509047
15509139
15509357
15509361
15509531
15509563
15509811
15509831
15509925
15510011
15510089
15510109
15510145
15510279
15510357
15510399
15510409
15510567
15510609
15510663
15510767
15510803
15510835
15510871
15510929
15510979
15510987
15511147
15511173
15511185
15511249
15511267
15511309
15511381
15511441
15511491
15511537
15511655
15511657
15511669
15511679
15511755
15512073
15512079
15512167
15512201
15512217
15512287
15512395
15512461
15512463
15512465
15512585
15512589
15512633
15512721
15513011
15513215
15513227
15513275
15513347
15513463
15513597
15513689
15513699
15513907
15513985
15513989
15514013
15514097
15514109
15514147
15514239
15514369
15514457
15514479
15514543
15514571
15514655
15514659
15514877
15514899
15514921
15514995
15515135
15515177
15515437
15515473
15515671
15515765
15515791
15515815
15515817
15515879
15515911
15515915
15515959
15516081
15516323
15516347
15516437
15516515
15516531
15516555
15516687
15516785
15516849
15516943
15517075
15517113
15517147
15517149
15517371
15517461
15517593
15517611
15517615
15517619
15517699
15517731
15517801
15517807
15517837
15517875
15517907
15517953
15518003
15518257
15518319
15518353
15518355
15518501
15518603
15518735
15518943
15519087
15519127
15519237
15519387
15519479
15519623
15519625
15519703
15519757
15519789
15519841
15519919
15520011
15520303
15520307
15520387
15520647
15520777
15520787
15520913
15520979
15521401
15521437
15521445
15521519
15521911
15521919
15521949
15521963
15521971
15522045
15522105
15522133
15522163
15522235
15522331
15522341
15522411
15522417
15522429
15522441
15522559
15522579
15522681
15522723
15522743
15522837
15522857
15522883
15522919
15522925
15522933
15522951
15523031
15523051
15523071
15523323
15523333
15523457
15523467
15523485
15523711
15523723
15524041
15524053
15524139
15524161
15524187
15524253
15524263
15524281
15524381
15524435
15524455
15524461
15524489
15524509
15524571
15524641
15524743
15524745
15524915
15524921
15524935
15524961
15525005
15525075
15525269
15525333
15525537
15525547
15525561
15525565
15525599
15525611
15525675
15525797
15525825
15525829
15525933
15525991
15526031
15526051
15526123
15526187
15526291
15526417
15526509
15526567
15526677
15526979
15526987
15527145
15527235
15527369
15527413
15527431
15527461
15527487
15527513
15527537
15527591
15527641
15527913
15528083
15528121
15528139
15528153
15528183
15528205
15528251
15528441
15528505
15528733
15528787
15528853
15528897
15528911
15528913
15528939
15529083
15529113
15529207
15529275
15529377
15529399
15529609
15529613
15529687
15529701
15529847
15529989
15530029
15530063
15530161
15530187
15530315
15530395
15530415
15530501
15530627
15530745
15530791
15530881
15531063
15531211
15531325
15531373
15531403
15531425
15531569
15531623
15531729
15531823
15531925
15532057
15532107
15532109
15532125
15532207
15532211
15532345
15532719
15532739
15532797
15532955
15532985
15532997
15533031
15533139
15533281
15533285
15533293
15533333
15533425
15533433
15533497
15533547
15533617
15533889
15534149
15534183
15534313
15534329
15534347
15534435
15534447
15534479
15534641
15534797
15534803
15534863
15535061
15535111
15535505
15535629
15535761
15535887
15535969
15535997
15536013
15536059
15536161
15536371
15536605
15536839
15536847
15536853
15536907
15536957
15536999
15537115
15537125
15537227
15537309
15537351
15537399
15537447
15537531
15537551
15537557
15537765
15537799
15537821
15537921
15537927
15537971
15538131
15538329
15538337
15538343
15538461
15538467
15538503
15538515
15538549
15538623
15538817
15538829
15538913
15539007
15539107
15539153
15539199
15539215
15539281
15539399
15539499
15539537
15539627
15539633
15539667
15539755
15539781
15540055
15540081
15540201
15540223
15540235
15540249
15540257
15540323
15540521
15540599
15540675
15540693
15540757
15540863
15540985
15541075
15541147
15541153
15541157
15541159
15541179
15541261
15541335
15541439
15541443
15541571
15541695
15541737
15541745
15541947
15541975
15542017
15542095
15542117
15542303
15542305
15542321
15542353
15542419
15542433
15542477
15542551
15542579
15542589
15542611
15542671
15542685
15542731
15542881
15542915
15542921
15542989
15543267
15543443
15543475
15543477
15543509
15543511
15543565
15543579
15543597
15543743
15543801
15543809
15543875
15543971
15544065
15544087
15544157
15544175
15544257
15544277
15544343
15544563
15544737
15544873
15544961
15544979
15544989
15545181
15545205
15545241
15545251
15545621
15545651
15545893
15545911
15545923
15545967
15545987
15545995
15546017
15546199
15546213
15546383
15546393
15546555
15546589
15546675
15546683
15546751
15546779
15546979
15547009
15547031
15547125
15547217
15547341
15547361
15547469
15547721
15547735
15547749
15547803
15547851
15547861
15547897
15547909
15547995
15548173
15548191
15548233
15548327
15548423
15548429
15548525
15548561
15548655
15548681
15548749
15548923
15548947
15549009
15549109
15549131
15549221
15549247
15549373
15549401
15549409
15549499
15549561
15549781
15549843
15549855
15549873
15549949
15550045
15550073
15550091
15550095
15550111
15550263
15550267
15550295
15550393
15550623
15550645
15550651
15550741
15550921
15550939
15550965
15551045
15551057
15551153
15551211
15551257
15551265
15551407
15551435
15551509
15551565
15551767
15551803
15552309
15552327
15552367
15552699
15552729
15552757
15552771
15552787
15552871
15552887
15553041
15553145
15553203
15553259
15553373
15553489
15553561
15553575
15553595
15553641
15553781
15553809
15553967
15553983
15553989
15554117
15554161
15554231
15554257
15554387
15554423
15554539
15554543
15554613
15554627
15554899
15554923
15555025
15555031
15555077
15555189
15555223
15555251
15555381
15555431
15555463
15555505
15555561
15555587
15555625
15555671
15555783
15555811
15555863
15555873
15555881
15555933
15555991
15556081
15556353
15556579
15556637
15556691
15556813
15556925
15557071
15557139
15557153
15557215
15557225
15557389
15557583
15557639
15557733
15558015
15558209
15558331
15558373
15558447
15558535
15558747
15558825
15558903
15558905
15558913
15558923
15559107
15559217
15559361
15559463
15559505
15559535
15559615
15559629
15559969
15559985
15560001
15560153
15560161
15560343
15560351
15560369
15560381
15560471
15560787
15560789
15560873
15561057
15561081
15561139
15561163
15561379
15561393
15561653
15561683
15561703
15561781
15561877
15561975
15562077
15562371
15562443
15562457
15562485
15562641
15562675
15563031
15563151
15563225
15563419
15563477
15563539
15563579
15563661
15563761
15563931
15563997
15564191
15564537
15564559
15564659
15564741
15564743
15564773
15564903
15564921
15564983
15565089
15565197
15565311
15565385
15565387
15565395
15565495
15565561
15565573
15565587
15565725
15565845
15565865
15565985
15566001
15566061
15566073
15566111
15566171
15566209
15566269
15566325
15566513
15566543
15566645
15566745
15566769
15566819
15566911
15566961
15566965
15567067
15567113
15567127
15567465
15567551
15567563
15567627
15567821
15567857
15568119
15568211
15568227
15568267
15568269
15568585
15568635
15568637
15568787
15569051
15569219
15569299
15569445
15569513
15569635
15569685
15569787
15569821
15569851
15569949
15570029
15570037
15570501
15570515
15570547
15570575
15570613
15570623
15570627
15570651
15570655
15570797
15570807
15570821
15570835
15570907
15570917
15571059
15571251
15571255
15571301
15571383
15571387
15571539
15571621
15571643
15571711
15571775
15571893
15571951
15571971
15571985
15572013
15572015
15572115
15572137
15572151
15572243
15572351
15572357
15572395
15572401
15572481
15572509
15572545
15572563
15572731
15572737
15572877
15572965
15573033
15573145
15573313
15573485
15573921
15573923
15573959
15574151
15574245
15574289
15574443
15574499
15574609
15574669
15574705
15574823
15574831
15574869
15574875
15574951
15574963
15575049
15575281
15575311
15575461
15575653
15575691
15575767
15575899
15575967
15575987
15576027
15576043
15576083
15576109
15576145
15576351
15576381
15576405
15576463
15576525
15576697
15576719
15576749
15576921
15576965
15577073
15577143
15577455
15577477
15577629
15577641
15577657
15577847
15577885
15577931
15577999
15578007
15578015
15578079
15578111
15578113
15578141
15578195
15578207
15578243
15578321
15578437
15578489
15578513
15578577
15578635
15578729
15578741
15578777
15578865
15578885
15578903
15578919
15578987
15579077
15579199
15579265
15579305
15579333
15579469
15579523
15579533
15579669
15579703
15579791
15579867
15579885
15579935
15579989
15580037
15580053
15580181
15580305
15580357
15580375
15580453
15580491
15580497
15580549
15580639
15580657
15580709
15580749
15580765
15580831
15580885
15580917
15580953
15581271
15581507
15581515
15581793
15582021
15582023
15582049
15582097
15582175
15582189
15582375
15582381
15582451
15582649
15582841
15582869
15582877
15582997
15583035
15583083
15583087
15583091
15583169
15583223
15583449
15583475
15583551
15583561
15583773
15583787
15583883
15583961
15583995
15584115
15584235
15584261
15584385
15584439
15584483
15584585
15584605
15584625
15584673
15584759
15584837
15584879
15584925
15584983
15584991
15585037
15585163
15585419
15585479
15585489
15585557
15585659
15585813
15585947
15585981
15586043
15586047
15586195
15586229
15586269
15586275
15586579
15586645
15586683
15586719
15586723
15586771
15586835
15586927
15586935
15587139
15587359
15587555
15587699
15587797
15587895
15588057
15588111
15588151
15588407
15588443
15588445
15588641
15588673
15588681
15588691
15588805
15588833
15588859
15588873
15588943
15588955
15589055
15589067
15589073
15589105
15589205
15589271
15589331
15589363
15589367
15589459
15589587
15589797
15589813
15590099
15590137
15590167
15590231
15590379
15590463
15590501
15590623
15590641
15590695
15590767
15590811
15590819
15590821
15590885
15591027
15591425
15591561
15591597
15591621
15591743
15591917
15591921
15591999
15592055
15592075
15592097
15592267
15592359
15592613
15592661
15592839
15592903
15592913
15592965
15593049
15593103
15593133
15593213
15593365
15593397
15593655
15593911
15593993
15594003
15594503
15594589
15594703
15594723
15594819
15594861
15594911
15594915
15594969
15595065
15595099
15595199
15595309
15595423
15595453
15595479
15595523
15595567
15595569
15595623
15595725
15595731
15595819
15595845
15595895
15595937
15595951
15595973
15596061
15596069
15596083
15596267
15596403
15596441
15596543
15596645
15596775
15596827
15596835
15597021
15597025
15597027
15597049
15597059
15597083
15597139
15597189
15597383
15597405
15597471
15597559
15597601
15597741
15597765
15597831
15597847
15597855
15598073
15598123
15598171
15598269
15598271
15598463
15598559
15598689
15598905
15599081
15599093
15599187
15599209
15599537
15599561
15599817
15599881
15599943
15600017
15600049
15600079
15600221
15600233
15600267
15600333
15600395
15600473
15600563
15600567
15600703
15600875
15600905
15600921
15601059
15601107
15601433
15601443
15601523
15601559
15601739
15601765
15601775
15601991
15602063
15602085
15602109
15602217
15602265
15602391
15602537
15602629
15602635
15602639
15602653
15602727
15602731
15602781
15602843
15602925
15602931
15602953
15602979
15603063
15603145
15603153
15603193
15603235
15603251
15603257
15603279
15603291
15603325
15603441
15603529
15603601
15603609
15603615
15603813
15603893
15603941
15604155
15604203
15604269
15604289
15604331
15604349
15604463
15604553
15604707
15604729
15604809
15604923
15604929
15604951
15604987
15605113
15605143
15605307
15605439
15605447
15605479
15605501
15605551
15605587
15605645
15605753
15605819
15605885
15605907
15605951
15605991
15606013
15606025
15606183
15606207
15606209
15606465
15606471
15606511
15606541
15606617
15606637
15606723
15606747
15606913
15607027
15607031
15607067
15607075
15607099
15607101
15607215
15607269
15607279
15607305
15607357
15607575
15607623
15607685
15607779
15607829
15607953
15607993
15608049
15608173
15608235
15608295
15608381
15608421
15608433
15608437
15608469
15608523
15608671
15608681
15608745
15608799
15608829
15608901
15608967
15608975
15609057
15609059
15609089
15609117
15609153
15609193
15609199
15609283
15609353
15609445
15609509
15609543
15609595
15609709
15609827
15609861
15610053
15610169
15610175
15610207
15610311
15610453
15610527
15610597
15610603
15610609
15610751
15610821
15610881
15610945
15611339
15611381
15611445
15611483
15611515
15611669
15611721
15611853
15611855
15611913
15611917
15612123
15612167
15612309
15612321
15612445
15612485
15612575
15612587
15612591
15612619
15612769
15612775
15612883
15613029
15613133
15613153
15613199
15613233
15613271
15613313
15613319
15613387
15613627
15613669
15613775
15613787
15613803
15613855
15613865
15613939
15613979
15614125
15614147
15614165
15614437
15614487
15614665
15614721
15614757
15614875
15614913
15614969
15615017
15615117
15615163
15615167
15615325
15615327
15615439
15615483
15615557
15615753
15615807
15615943
15616187
15616229
15616231
15616239
15616303
15616307
15616371
15616395
15616479
15616613
15616783
15616791
15616795
15616799
15616893
15616907
15616911
15616913
15617007
15617177
15617207
15617223
15617285
15617301
15617357
15617473
15617621
15617631
15617641
15617677
15617797
15617945
15617985
15617997
15618023
15618133
15618149
15618195
15618333
15618375
15618459
15618505
15618655
15618723
15618811
15618817
15618837
15619073
15619097
15619101
15619105
15619149
15619389
15619501
15619519
15619521
15619607
15620101
15620103
15620145
15620209
15620325
15620449
15620603
15620655
15620681
15620977
15621013
15621047
15621085
15621259
15621285
15621293
15621341
15621519
15621661
15621705
15621757
15621759
15621879
15621885
15621893
15621911
15621945
15622179
15622287
15622329
15622341
15622345
15622437
15622621
15622631
15622735
15622745
15622859
15622891
15622949
15623043
15623125
15623159
15623185
15623231
15623269
15623431
15623461
15623491
15623499
15623523
15623753
15623801
15623837
15624085
15624167
15624181
15624409
15624501
15624701
15624755
15624819
15624861
15624895
15625035
15625261
15625321
15625363
15625395
15625417
15625445
15625489
15625571
15625645
15625649
15625683
15625769
15625825
15625875
15625947
15625973
15626079
15626107
15626117
15626183
15626255
15626263
15626359
15626409
15626511
15626553
15626579
15626715
15626753
15626773
15626793
15626845
15626883
15626987
15627013
15627035
15627397
15627509
15627517
15627581
15627741
15627757
15627859
15627863
15628015
15628145
15628203
15628287
15628325
15628417
15628507
15628541
15628551
15628723
15628995
15629051
15629147
15629415
15629477
15629583
15629651
15629803
15629807
15629975
15630101
15630111
15630131
15630273
15630299
15630495
15630677
15630689
15630701
15630713
15630973
15631049
15631115
15631121
15631179
15631195
15631243
15631327
15631351
15631403
15631461
15631465
15631501
15631561
15631567
15631589
15631665
15631741
15631797
15631997
15632439
15632581
15632585
15632727
15632881
15632885
15632921
15632941
15633013
15633021
15633097
15633127
15633335
15633377
15633405
15633419
15633549
15633715
15633875
15633927
15633953
15634031
15634035
15634087
15634101
15634157
15634205
15634263
15634295
15634361
15634421
15634449
15634461
15634463
15634807
15634853
15634855
15634871
15634879
15634981
15634985
15635035
15635055
15635461
15635471
15635477
15635529
15635627
15635651
15635697
15635731
15635891
15635959
15636291
15636399
15636465
15636511
15636533
15636545
15636607
15636629
15636679
15636707
15636949
15636961
15636967
15636977
15636995
15637079
15637081
15637119
15637211
15637277
15637299
15637327
15637341
15637427
15637461
15637507
15637581
15637737
15637843
15637865
15637903
15637923
15638111
15638167
15638175
15638177
15638183
15638207
15638303
15638363
15638491
15638575
15638581
15638689
15638695
15638817
15638905
15638945
15638987
15638993
15639091
15639155
15639165
15639195
15639381
15639525
15639557
15639649
15639651
15639719
15639791
15639821
15639949
15639983
15640151
15640205
15640351
15640441
15640559
15640675
15640725
15640755
15640777
15640895
15641023
15641171
15641241
15641251
15641259
15641455
15641485
15641529
15641545
15641605
15641725
15641735
15641831
15641893
15642215
15642281
15642285
15642405
15642473
15642475
15642573
15642603
15642631
15642715
15642837
15642875
15642961
15642981
15643275
15643277
15643311
15643327
15643351
15643681
15643701
15643713
15643855
15644069
15644085
15644207
15644297
15644499
15644551
15644685
15644689
15644699
15644711
15644871
15645049
15645091
15645093
15645105
15645165
15645235
15645405
15645443
15645485
15645627
15645639
15645691
15645703
15645707
15645801
15645857
15645879
15645881
15645927
15645979
15645991
15646019
15646099
15646211
15646219
15646253
15646273
15646385
15646397
15646399
15646495
15646563
15646593
15646913
15646949
15646981
15646983
15647061
15647087
15647107
15647289
15647365
15647405
15647651
15647661
15647727
15647755
15647911
15648013
15648105
15648173
15648177
15648247
15648257
15648313
15648323
15648499
15648537
15648671
15648697
15648843
15649037
15649075
15649201
15649243
15649247
15649289
15649371
15649459
15649605
15649729
15649781
15649785
15649823
15649845
15649923
15649971
15649995
15650157
15650173
15650263
15650271
15650353
15650357
15650363
15650379
15650477
15650567
15650677
15650703
15650715
15650787
15650795
15650851
15650871
15650885
15650915
15651053
15651171
15651175
15651253
15651419
15651433
15651565
15651633
15651635
15651641
15651645
15651909
15652175
15652247
15652335
15652417
15652453
15652499
15652549
15652597
15652609
15652769
15652849
15652915
15653041
15653079
15653101
15653111
15653125
15653187
15653217
15653249
15653399
15653401
15653457
15653561
15653605
15653633
15653745
15653829
15653859
15653881
15653897
15653941
15654027
15654101
15654113
15654139
15654147
15654149
15654169
15654235
15654309
15654403
15654433
15654633
15654645
15654667
15654689
15654697
15654727
15654731
15654757
15654759
15654835
15654847
15654917
15654919
15655059
15655103
15655451
15655477
15655507
15655513
15655531
15655535
15655563
15655613
15655835
15655839
15655871
15655969
15655979
15656105
15656179
15656185
15656269
15656277
15656373
15656405
15656475
15656677
15656809
15656813
15656835
15656927
15656965
15657065
15657085
15657215
15657355
15657517
15657523
15657543
15657617
15657775
15657783
15657929
15657959
15658029
15658069
15658193
15658203
15658309
15658339
15658347
15658419
15658491
15658603
15658669
15658675
15658705
15658713
15658769
15658791
15658811
15658817
15658883
15658913
15658915
15658957
15659083
15659285
15659453
15659511
15659583
15659585
15659637
15659895
15659979
15659987
15660037
15660157
15660169
15660187
15660271
15660333
15660351
15660453
15660477
15660531
15660621
15660653
15660699
15660751
15660849
15660991
15661035
15661059
15661185
15661237
15661273
15661315
15661337
15661419
15661577
15661643
15661719
15661815
15661843
15661849
15661981
15661987
15662179
15662191
15662197
15662245
15662277
15662337
15662507
15662511
15662579
15662607
15662685
15662779
15663059
15663101
15663135
15663189
15663193
15663329
15663371
15663511
15663525
15663547
15663595
15663731
15663733
15663779
15663969
15663997
15664027
15664047
15664125
15664149
15664227
15664427
15664499
15664545
15664843
15664871
15665169
15665247
15665347
15665379
15665393
15665527
15665529
15665697
15665783
15665809
15665873
15665899
15666001
15666167
15666171
15666215
15666217
15666355
15666367
15666435
15666509
15666543
15666565
15666629
15666753
15666797
15666893
15666951
15667131
15667155
15667259
15667293
15667383
15667487
15667537
15667549
15667585
15667599
15667641
15667815
15667827
15667853
15667907
15667913
15668009
15668023
15668087
15668095
15668105
15668203
15668435
15668471
15668517
15668593
15668645
15668757
15668895
15668949
15669089
15669155
15669201
15669281
15669321
15669439
15669489
15669571
15669605
15669653
15669755
15669809
15669897
15669947
15670163
15670215
15670247
15670253
15670267
15670277
15670279
15670341
15670423
15670453
15670625
15670629
15670749
15670787
15670839
15670875
15670893
15670905
15670911
15670975
15671019
15671165
15671223
15671337
15671381
15671605
15671647
15671681
15671697
15671743
15671879
15671935
15671999
15672133
15672145
15672181
15672337
15672373
15672513
15672537
15672555
15672581
15672605
15672657
15672703
15672727
15672769
15672851
15672859
15672957
15672967
15672971
15673033
15673127
15673151
15673195
15673229
15673339
15673421
15673631
15673697
15673721
15673813
15673881
15673979
15674171
15674259
15674295
15674381
15674427
15674483
15674527
15674633
15674697
15674705
15674733
15674751
15674777
15674781
15674885
15674917
15675001
15675011
15675129
15675175
15675239
15675363
15675477
15675501
15675539
15675741
15675843
15675885
15675889
15675951
15675973
15676097
15676231
15676333
15676445
15676587
15676601
15676649
15676653
15676673
15676759
15676781
15676799
15676859
15677007
15677039
15677069
15677131
15677285
15677319
15677447
15677691
15677771
15677851
15677879
15677899
15677913
15677949
15678053
15678079
15678151
15678157
15678261
15678471
15678493
15678635
15678657
15678777
15678791
15678797
15678821
15678909
15678983
15678991
15678993
15679037
15679107
15679111
15679117
15679175
15679463
15679477
15679567
15679577
15679673
15679745
15679765
15680011
15680053
15680351
15680423
15680499
15680567
15680591
15680705
15680721
15680739
15680791
15680803
15680813
15681079
15681085
15681111
15681177
15681207
15681285
15681307
15681359
15681383
15681461
15681487
15681607
15681797
15681831
15681835
15681855
15681875
15681879
15681887
15681895
15681979
15682011
15682077
15682085
15682087
15682153
15682249
15682377
15682415
15682493
15682555
15682583
15682599
15682633
15682789
15682845
15682869
15682899
15682989
15683013
15683035
15683191
15683211
15683307
15683311
15683333
15683423
15683539
15683555
15683591
15683725
15683793
15683913
15683955
15684025
15684161
15684291
15684311
15684471
15684515
15684607
15684677
15684777
15684853
15684867
15684869
15684871
15684891
15684921
15684935
15685047
15685105
15685197
15685213
15685217
15685291
15685435
15685487
15685503
15685595
15685623
15685635
15685659
15685735
15685767
15685885
15685909
15686027
15686069
15686121
15686143
15686161
15686173
15686187
15686211
15686217
15686293
15686315
15686349
15686369
15686423
15686589
15686669
15686711
15686801
15686881
15686921
15687009
15687023
15687095
15687163
15687185
15687201
15687205
15687277
15687287
15687527
15687573
15687583
15687649
15687651
15687675
15687717
15687905
15687913
15688091
15688109
15688123
15688145
15688197
15688227
15688271
15688313
15688393
15688521
15688741
15688767
15688781
15688867
15689081
15689233
15689243
15689269
15689329
15689349
15689395
15689421
15689545
15689637
15689737
15689783
15689885
15689905
15689951
15689979
15690057
15690225
15690413
15690441
15690575
15690705
15690767
15690795
15690809
15690925
15691071
15691167
15691289
15691293
15691423
15691567
15691609
15691653
15691721
15691835
15691885
15691969
15691993
15692037
15692041
15692053
15692055
15692181
15692185
15692359
15692429
15692443
15692479
15692569
15692701
15692825
15692843
15692879
15692953
15693145
15693405
15693555
15693651
15693793
15693933
15693935
15693987
15693991
15694013
15694105
15694363
15694487
15694695
15694761
15694983
15694999
15695035
15695183
15695253
15695283
15695351
15695385
15695413
15695495
15695741
15695779
15695865
15695923
15695951
15695991
15696023
15696073
15696217
15696387
15696427
15696443
15696467
15696555
15696717
15696725
15696881
15696899
15696915
15696921
15696927
15696989
15697035
15697051
15697093
15697131
15697135
15697163
15697233
15697365
15697643
15697753
15698043
15698079
15698099
15698119
15698139
15698175
15698197
15698311
15698367
15698465
15698519
15698641
15698665
15698851
15698901
15699053
15699137
15699169
15699203
15699229
15699267
15699355
15699449
15699457
15699477
15699537
15699579
15699645
15699679
15699727
15699913
15699967
15700053
15700119
15700183
15700283
15700557
15700707
15700769
15700937
15701041
15701155
15701331
15701333
15701511
15701677
15701681
15701785
15701813
15701827
15701947
15701965
15702005
15702019
15702059
15702157
15702191
15702249
15702331
15702371
15702435
15702533
15702537
15702661
15702757
15702761
15702813
15702819
15703039
15703249
15703277
15703291
15703331
15703379
15703819
15703883
15703899
15703913
15703995
15704033
15704035
15704069
15704095
15704347
15704423
15704435
15704463
15704521
15704641
15704749
15704779
15704849
15705015
15705039
15705379
15705473
15705529
15705585
15705643
15705761
15705889
15706049
15706073
15706197
15706385
15706445
15706545
15706567
15706587
15706671
15706689
15706727
15706747
15706783
15706789
15706815
15706883
15706923
15707047
15707057
15707175
15707199
15707247
15707375
15707395
15707407
15707445
15707607
15707621
15707691
15707813
15707899
15708151
15708179
15708301
15708509
15708751
15708767
15708783
15708833
15708837
15709101
15709103
15709285
15709373
15709377
15709419
15709477
15709619
15709627
15709651
15709785
15709835
15709943
15710103
15710193
15710291
15710361
15710413
15710443
15710461
15710479
15710525
15710537
15710587
15710641
15710703
15710715
15710773
15710813
15710931
15710999
15711057
15711127
15711311
15711321
15711373
15711375
15711503
15711567
15711601
15711701
15711773
15711871
15711977
15712025
15712195
15712211
15712233
15712255
15712287
15712301
15712445
15712505
15712779
15712819
15713043
15713047
15713123
15713197
15713215
15713237
15713295
15713411
15713447
15713531
15713707
15713831
15713877
15713921
15713927
15713943
15714001
15714079
15714099
15714115
15714209
15714247
15714251
15714253
15714293
15714301
15714477
15714533
15714579
15714609
15714687
15714769
15714835
15714971
15715035
15715071
15715083
15715085
15715107
15715123
15715245
15715319
15715343
15715365
15715511
15715545
15715635
15715675
15715731
15715857
15715865
15715887
15716157
15716171
15716229
15716263
15716305
15716339
15716345
15716427
15716469
15716491
15716493
15716505
15716791
15716795
15716921
15717245
15717301
15717419
15717433
15717453
15717463
15717521
15717535
15717587
15717665
15717675
15717691
15717725
15717783
15717791
15717839
15717845
15717865
15717977
15718085
15718267
15718273
15718357
15718459
15718487
15718537
15718671
15718833
15718943
15719125
15719141
15719237
15719319
15719327
15719347
15719383
15719655
15719685
15719773
15719813
15719973
15720079
15720183
15720311
15720337
15720361
15720393
15720693
15720729
15720797
15720895
15720927
15720993
15721211
15721313
15721335
15721359
15721657
15721669
15721673
15721675
15721767
15721831
15722121
15722169
15722171
15722357
15722437
15722647
15722683
15722707
15722743
15722887
15723317
15723405
15723419
15723597
15723953
15723967
15723983
15724087
15724125
15724173
15724187
15724229
15724323
15724387
15724561
15724659
15724701
15724709
15724789
15724899
15724905
15725107
15725141
15725361
15725669
15725775
15725835
15725909
15725925
15725947
15725999
15726035
15726077
15726151
15726325
15726335
15726419
15726437
15726537
15726595
15726901
15727019
15727027
15727089
15727091
15727097
15727099
15727289
15727295
15727327
15727345
15727413
15727531
15727611
15727619
15727669
15727687
15727821
15727863
15727883
15728003
15728005
15728105
15728161
15728165
15728205
15728223
15728235
15728389
15728403
15728455
15728465
15728485
15728545
15728701
15728739
15728921
15729009
15729049
15729161
15729193
15729351
15729461
15729611
15729629
15729693
15729763
15729825
15729917
15729969
15729983
15730107
15730119
15730137
15730145
15730191
15730225
15730235
15730237
15730303
15730415
15730503
15730513
15730531
15730677
15730731
15730883
15730913
15730957
15731029
15731185
15731235
15731323
15731437
15731539
15731593
15731657
15731879
15731901
15731943
15732171
15732261
15732395
15732461
15732595
15732677
15732711
15732723
15732781
15732787
15732929
15732999
15733299
15733301
15733319
15733407
15733503
15733647
15733653
15733703
15733749
15733793
15733869
15733873
15733895
15733951
15734019
15734169
15734429
15734573
15734771
15734775
15734789
15734905
15735017
15735265
15735281
15735437
15735513
15735523
15735543
15735737
15735839
15736013
15736195
15736199
15736201
15736245
15736475
15736537
15736539
15736563
15736619
15736623
15736667
15736687
15736727
15736763
15736887
15736905
15737237
15737257
15737295
15737315
15737333
15737337
15737433
15737497
15737501
15737665
15737779
15737845
15737855
15737899
15738263
15738271
15738503
15738505
15738523
15738525
15738625
15738725
15738779
15738835
15738855
15738955
15738989
15739051
15739067
15739135
15739227
15739365
15739419
15739509
15739517
15739555
15739841
15739863
15739909
15739921
15739993
15740083
15740087
15740105
15740179
15740195
15740283
15740305
15740327
15740431
15740483
15740519
15740553
15740785
15740799
15740913
15741003
15741209
15741337
15741401
15741411
15741511
15741629
15741759
15741905
15741963
15741983
15742073
15742083
15742097
15742217
15742483
15742769
15742815
15742823
15742845
15742911
15742931
15742963
15743113
15743221
15743235
15743261
15743269
15743287
15743293
15743365
15743435
15743509
15743541
15743571
15743675
15743739
15743771
15743787
15743959
15743973
15744093
15744189
15744417
15744437
15744479
15744541
15744567
15744653
15744693
15744731
15744741
15744745
15744751
15744857
15744957
15745245
15745277
15745343
15745403
15745669
15745773
15745935
15745937
15745951
15745963
15746225
15746345
15746361
15746383
15746425
15746451
15746567
15746607
15746645
15746833
15746851
15746941
15746949
15746989
15747061
15747065
15747115
15747121
15747163
15747319
15747395
15747447
15747657
15747715
15747853
15747979
15747999
15748041
15748071
15748165
15748201
15748217
15748227
15748281
15748343
15748361
15748421
15748507
15748561
15748627
15748695
15748753
15748767
15748775
15749147
15749221
15749335
15749437
15749477
15749593
15749655
15749711
15749873
15749985
15750363
15750595
15750619
15750679
15750693
15750703
15750741
15750775
15750885
15750959
15751027
15751051
15751089
15751113
15751217
15751517
15751529
15751557
15751635
15751685
15751695
15751711
15751791
15751939
15752035
15752081
15752111
15752159
15752195
15752235
15752299
15752355
15752405
15752557
15752645
15752655
15752687
15752721
15752741
15752751
15752889
15752945
15752993
15753075
15753179
15753443
15753801
15753977
15753991
15754001
15754127
15754149
15754173
15754211
15754223
15754305
15754339
15754511
15754515
15754519
15754549
15754745
15754799
15755015
15755041
15755185
15755417
15755423
15755469
15755495
15755557
15755589
15755673
15755677
15755713
15755715
15755895
15755913
15755925
15755945
15755975
15756075
15756115
15756283
15756297
15756363
15756389
15756461
15756493
15756573
15756579
15756643
15756775
15756801
15756803
15756825
15756827
15756845
15756909
15756915
15757041
15757053
15757229
15757341
15757345
15757391
15757451
15757479
15757529
15757749
15758031
15758259
15758307
15758373
15758607
15758609
15758661
15758799
15758929
15758959
15759011
15759069
15759105
15759121
15759123
15759177
15759213
15759303
15759311
15759443
15759493
15759517
15759561
15759663
15759683
15759687
15759743
15759751
15759799
15759859
15759917
15759921
15759941
15760057
15760119
15760205
15760281
15760349
15760363
15760547
15760603
15760653
15760675
15760853
15760989
15761013
15761041
15761063
15761081
15761109
15761111
15761139
15761157
15761227
15761253
15761277
15761361
15761379
15761427
15761527
15761529
15761531
15761537
15761543
15761555
15761617
15761713
15761781
15761915
15761953
15762073
15762119
15762227
15762439
15762501
15762531
15762589
15762595
15762619
15762657
15762773
15762777
15763041
15763067
15763083
15763117
15763147
15763201
15763223
15763275
15763351
15763429
15763573
15763707
15763755
15763829
15763897
15763967
15764057
15764065
15764075
15764079
15764269
15764293
15764327
15764461
15764483
15764493
15764587
15764609
15764641
15764651
15764669
15764677
15764709
15764763
15764789
15764799
15765019
15765251
15765321
15765491
15765595
15765879
15765919
15765979
15766077
15766107
15766121
15766181
15766219
15766221
15766381
15766391
15766461
15766513
15766531
15766545
15766559
15766599
15766631
15766841
15766865
15766897
15766991
15767065
15767115
15767263
15767361
15767411
15767483
15767567
15767605
15767657
15767679
15767791
15767829
15767849
15767907
15768011
15768149
15768161
15768191
15768227
15768347
15768361
15768427
15768619
15768669
15768697
15768801
15768875
15769169
15769299
15769397
15769441
15769521
15769541
15769653
15769727
15769731
15769751
15769801
15769993
15770031
15770077
15770087
15770251
15770271
15770395
15770417
15770481
15770649
15770915
15770945
15770955
15771059
15771071
15771111
15771193
15771303
15771419
15771427
15771589
15771611
15771627
15771659
15771667
15771727
15771733
15772009
15772035
15772187
15772275
15772305
15772311
15772395
15772451
15772489
15772527
15772593
15772597
15772735
15772779
15772843
15772915
15773075
15773085
15773143
15773159
15773183
15773211
15773461
15773483
15773531
15773541
15773549
15773639
15773723
15773747
15773917
15773933
15773981
15774019
15774179
15774187
15774213
15774251
15774413
15774507
15774709
15774743
15774747
15774825
15774909
15774911
15775267
15775375
15775405
15775419
15775475
15775531
15775539
15775621
15775649
15775733
15775779
15775815
15776079
15776215
15776457
15776657
15776667
15776683
15776689
15776883
15776941
15777067
15777073
15777075
15777135
15777171
15777205
15777217
15777343
15777395
15777445
15777647
15777787
15777831
15777899
15777927
15777937
15777949
15778115
15778131
15778199
15778229
15778313
15778329
15778457
15778507
15778561
15778655
15778709
15778731
15778845
15779005
15779181
15779189
15779191
15779273
15779321
15779437
15779555
15779567
15779719
15779735
15779855
15779993
15780033
15780305
15780441
15780533
15780607
15780623
15780703
15780723
15780841
15780895
15781005
15781031
15781099
15781125
15781149
15781245
15781257
15781259
15781411
15781663
15781843
15781867
15782013
15782091
15782095
15782111
15782127
15782159
15782275
15782303
15782595
15782737
15782741
15782775
15782783
15782833
15782875
15782897
15783153
15783217
15783231
15783257
15783301
15783443
15783453
15783641
15783643
15783651
15783659
15783817
15783827
15783871
15784185
15784195
15784201
15784325
15784431
15784761
15784847
15784991
15785063
15785133
15785279
15785305
15785359
15785413
15785497
15785525
15785583
15785607
15785629
15785783
15785803
15785921
15785943
15786001
15786013
15786053
15786061
15786135
15786141
15786209
15786251
15786275
15786371
15786445
15786491
15786549
15786645
15786703
15786711
15786777
15786791
15786803
15786905
15786937
15787033
15787137
15787243
15787427
15787461
15787539
15787637
15787741
15787757
15787777
15787791
15787913
15787917
15787939
15788011
15788047
15788087
15788125
15788169
15788187
15788243
15788327
15788363
15788439
15788499
15788507
15788597
15788609
15788835
15788861
15789053
15789055
15789117
15789197
15789475
15789491
15789541
15789601
15789613
15789741
15789781
15789865
15789875
15789897
15789925
15790045
15790073
15790131
15790133
15790279
15790343
15790351
15790425
15790439
15790495
15790501
15790547
15790599
15790741
15790745
15790771
15790889
15790981
15791047
15791055
15791067
15791129
15791133
15791151
15791197
15791291
15791341
15791373
15791385
15791603
15791613
15791647
15791723
15791795
15791835
15791885
15791923
15791941
15792005
15792169
15792375
15792465
15792535
15792545
15792547
15792773
15792929
15792953
15793047
15793051
15793127
15793151
15793187
15793191
15793349
15793575
15793637
15793749
15793757
15793819
15793837
15794001
15794111
15794137
15794243
15794357
15794411
15794487
15794503
15794525
15794741
15795005
15795019
15795095
15795119
15795151
15795193
15795249
15795259
15795265
15795283
15795307
15795325
15795343
15795395
15795407
15795419
15795479
15795491
15795587
15795641
15795911
15795929
15795989
15796027
15796067
15796083
15796149
15796151
15796269
15796363
15796377
15796477
15796533
15796571
15796611
15796633
15796647
15796657
15796735
15796767
15796781
15796821
15796823
15796953
15797239
15797243
15797253
15797317
15797325
15797387
15797541
15797549
15797573
15797695
15797751
15797809
15797821
15797881
15797893
15797923
15797965
15797971
15798027
15798125
15798211
15798279
15798307
15798421
15798465
15798543
15798563
15798579
15798689
15798747
15798877
15798879
15798965
15798975
15798987
15799029
15799267
15799375
15799391
15799417
15799533
15799549
15799743
15799791
15800031
15800227
15800331
15800371
15800415
15800605
15800659
15800765
15800809
15800833
15800901
15800921
15800955
15801085
15801091
15801093
15801099
15801141
15801147
15801177
15801181
15801187
15801189
15801221
15801311
15801379
15801435
15801487
15801515
15801593
15801723
15801767
15801977
15801995
15801997
15802015
15802161
15802179
15802257
15802293
15802349
15802373
15802411
15802415
15802539
15802549
15802567
15802617
15802685
15802731
15802781
15802791
15802847
15802887
15802989
15803043
15803181
15803313
15803319
15803335
15803385
15803391
15803513
15803519
15803557
15803595
15803617
15803665
15803685
15804031
15804075
15804121
15804127
15804305
15804375
15804411
15804507
15804513
15804613
15804621
15804633
15804697
15804813
15804889
15804897
15804911
15804951
15804965
15805015
15805043
15805167
15805445
15805563
15805573
15805641
15805643
15805677
15805705
15805819
15805917
15805931
15805953
15806039
15806057
15806067
15806077
15806153
15806155
15806345
15806377
15806457
15806479
15806485
15806963
15806969
15807005
15807177
15807297
15807309
15807357
15807507
15807713
15807743
15807759
15807863
15807975
15807977
15808019
15808199
15808227
15808269
15808341
15808511
15808535
15808677
15808765
15808769
15808937
15809025
15809151
15809159
15809173
15809193
15809225
15809243
15809253
15809255
15809271
15809319
15809505
15809605
15809635
15809647
15809743
15809889
15809893
15809941
15810021
15810057
15810101
15810119
15810129
15810313
15810477
15810529
15810551
15810579
15810653
15810687
15810705
15810797
15810817
15810905
15810939
15811053
15811189
15811277
15811331
15811405
15811647
15811665
15811715
15811749
15811751
15811977
15812051
15812169
15812193
15812195
15812211
15812229
15812257
15812279
15812353
15812373
15812387
15812451
15812857
15812891
15812911
15812971
15813023
15813029
15813127
15813171
15813181
15813299
15813343
15813401
15813489
15813537
15813597
15813679
15813751
15813819
15814061
15814083
15814143
15814169
15814259
15814283
15814295
15814305
15814485
15814513
15814573
15814575
15814689
15815009
15815247
15815277
15815301
15815321
15815391
15815429
15815471
15815515
15815559
15815581
15815655
15815709
15815743
15815891
15815931
15815947
15816069
15816079
15816177
15816197
15816385
15816427
15816447
15816455
15816623
15816869
15816895
15816911
15816979
15817003
15817023
15817179
15817287
15817313
15817487
15817619
15817767
15817785
15817803
15817883
15817895
15817981
15818069
15818075
15818183
15818185
15818243
15818319
15818461
15818513
15818533
15818649
15818723
15818731
15818871
15818953
15818977
15818989
15819149
15819197
15819201
15819227
15819315
15819429
15819637
15819691
15819693
15819787
15819789
15819821
15819935
15819983
15820035
15820147
15820237
15820253
15820275
15820353
15820483
15820647
15820651
15820657
15820859
15820877
15821075
15821093
15821105
15821175
15821193
15821221
15821557
15821565
15821613
15821621
15821699
15822001
15822037
15822049
15822111
15822237
15822335
15822345
15822355
15822399
15822423
15822435
15822441
15822499
15822519
15822683
15822739
15822837
15822847
15822849
15822937
15822967
15823051
15823115
15823525
15823535
15823593
15823625
15823633
15823695
15823705
15823787
15823793
15823965
15824007
15824039
15824375
15824491
15824541
15824661
15824671
15824749
15824757
15824765
15824797
15824801
15824839
15824957
15824975
15825137
15825321
15825373
15825431
15825461
15825485
15826061
15826143
15826189
15826339
15826349
15826357
15826439
15826491
15826807
15826815
15826851
15826869
15826887
15827081
15827109
15827217
15827221
15827271
15827281
15827371
15827389
15827511
15827573
15827837
15827883
15827887
15827971
15828037
15828039
15828181
15828377
15828381
15828447
15828539
15828605
15829031
15829047
15829137
15829337
15829447
15829713
15829781
15829807
15829825
15829829
15829833
15830173
15830195
15830243
15830289
15830299
15830307
15830449
15830567
15830723
15830831
15830907
15830911
15830945
15831015
15831071
15831077
15831089
15831119
15831263
15831297
15831345
15831385
15831399
15831505
15831515
15831645
15831753
15831779
15831957
15831993
15832023
15832059
15832093
15832241
15832253
15832261
15832373
15832379
15832435
15832577
15832587
15832735
15833091
15833129
15833197
15833303
15833425
15833531
15833595
15833703
15833737
15833813
15833827
15833845
15833989
15833991
15834045
15834065
15834281
15834283
15834403
15834461
15834597
15834801
15834937
15834949
15834981
15835091
15835147
15835189
15835229
15835257
15835341
15835423
15835487
15835515
15835577
15835711
15835749
15835865
15836119
15836181
15836277
15836315
15836361
15836403
15836449
15836511
15836593
15836681
15836769
15836791
15836873
15836883
15836939
15837011
15837075
15837089
15837393
15837405
15837495
15837545
15837547
15837719
15837871
15837941
15837967
15837983
15838085
15838121
15838391
15838507
15838563
15838607
15838633
15838645
15838823
15839115
15839157
15839221
15839277
15839307
15839445
15839529
15839583
15839619
15839629
15839639
15839799
15839811
15839859
15839889
15839891
15839985
15840071
15840077
15840099
15840111
15840241
15840245
15840319
15840465
15840541
15840693
15841057
15841075
15841177
15841275
15841485
15841811
15841817
15841853
15841981
15841999
15842015
15842055
15842199
15842267
15842273
15842343
15842439
15842463
15842585
15842589
15842653
15842663
15842683
15842775
15842789
15842801
15842921
15842993
15843047
15843075
15843081
15843161
15843251
15843319
15843349
15843357
15843371
15843505
15843559
15843589
15843591
15843623
15843653
15843675
15843799
15843829
15843835
15843895
15843975
15844083
15844085
15844163
15844167
15844173
15844177
15844197
15844245
15844363
15844447
15844477
15844513
15844523
15844759
15844769
15844789
15844829
15844843
15844975
15845059
15845109
15845281
15845467
15845493
15845585
15845695
15845715
15845717
15845765
15845805
15845845
15846019
15846113
15846173
15846179
15846485
15846539
15846559
15846955
15847075
15847359
15847365
15847383
15847443
15847469
15847489
15847531
15847675
15847709
15847713
15847873
15847947
15848051
15848095
15848115
15848253
15848257
15848341
15848415
15848417
15848441
15848445
15848485
15848587
15848867
15848887
15849025
15849045
15849081
15849169
15849217
15849225
15849309
15849319
15849409
15849503
15849579
15849623
15849631
15849639
15849695
15849711
15849797
15849873
15850025
15850109
15850177
15850193
15850335
15850463
15850633
15850713
15850759
15850791
15850805
15850851
15850859
15850937
15851013
15851065
15851073
15851101
15851127
15851191
15851327
15851343
15851351
15851713
15851757
15851773
15851841
15851853
15851875
15851887
15851933
15851937
15852053
15852071
15852163
15852223
15852269
15852425
15852435
15852529
15852569
15852573
15852603
15852775
15852831
15852879
15852889
15852893
15852897
15852943
15852995
15853003
15853051
15853065
15853073
15853145
15853183
15853191
15853201
15853219
15853245
15853357
15853415
15853559
15853697
15853715
15853787
15853879
15853883
15853901
15853923
15853933
15854061
15854127
15854309
15854343
15854461
15854589
15854645
15854697
15854901
15854941
15855113
15855117
15855235
15855317
15855379
15855391
15855661
15855709
15855755
15855757
15855823
15855837
15855919
15855935
15856001
15856065
15856209
15856241
15856355
15856519
15856723
15856771
15856831
15856907
15857091
15857093
15857169
15857177
15857183
15857319
15857471
15857499
15857569
15857647
15857673
15857755
15857759
15857953
15857977
15857997
15858041
15858109
15858137
15858149
15858341
15858415
15858417
15858551
15858671
15858707
15858711
15858749
15858951
15859215
15859329
15859371
15859427
15859443
15859491
15859579
15859593
15859781
15859827
15859919
15860077
15860165
15860409
15860465
15860493
15860503
15860591
15860643
15860675
15860829
15860841
15860907
15860923
15861079
15861089
15861093
15861135
15861289
15861453
15861475
15861533
15861537
15861561
15861791
15861793
15862047
15862059
15862069
15862155
15862221
15862291
15862393
15862459
15862513
15862785
15862827
15862933
15862963
15863007
15863049
15863105
15863133
15863139
15863161
15863305
15863387
15863531
15863591
15863739
15863763
15863785
15863803
15863817
15863891
15863973
15864213
15864241
15864257
15864267
15864313
15864339
15864433
15864455
15864549
15864653
15864655
15864685
15864899
15864961
15865111
15865161
15865235
15865237
15865273
15865279
15865367
15865695
15865717
15865747
15865805
15865899
15865941
15866025
15866081
15866113
15866149
15866175
15866231
15866333
15866399
15866453
15866505
15866519
15866571
15866631
15866785
15866933
15866963
15867001
15867013
15867035
15867227
15867247
15867363
15867483
15867547
15867575
15867577
15867761
15867771
15867777
15867913
15867983
15868031
15868045
15868121
15868181
15868183
15868229
15868273
15868343
15868353
15868429
15868457
15868577
15868583
15868649
15868741
15868751
15868853
15868893
15868973
15868975
15869011
15869033
15869067
15869185
15869249
15869369
15869407
15869515
15869621
15869807
15869867
15869911
15869969
15870079
15870159
15870185
15870199
15870201
15870271
15870285
15870423
15870547
15870611
15870729
15870749
15870775
15870791
15870805
15870833
15870979
15871033
15871067
15871167
15871261
15871371
15871447
15871529
15871769
15871775
15871815
15871819
15871969
15872069
15872111
15872207
15872357
15872385
15872515
15872541
15872557
15872569
15872605
15872691
15872725
15872735
15872749
15872781
15872977
15873095
15873419
15873429
15873441
15873451
15873549
15873867
15874061
15874111
15874141
15874411
15874425
15874473
15874739
15874791
15874803
15874841
15874911
15874923
15874933
15875003
15875047
15875093
15875129
15875231
15875245
15875249
15875289
15875295
15875393
15875465
15875503
15875641
15875699
15875789
15876013
15876023
15876143
15876267
15876437
15876823
15876851
15876855
15876867
15877017
15877149
15877171
15877193
15877261
15877343
15877419
15877453
15877531
15877549
15877639
15877707
15877773
15877833
15878107
15878113
15878139
15878155
15878253
15878285
15878389
15878409
15878423
15878453
15878601
15878621
15878627
15878633
15878683
15878795
15878811
15878819
15878931
15879015
15879065
15879133
15879181
15879267
15879305
15879397
15879539
15879569
15879575
15879595
15879619
15879697
15879741
15879849
15879943
15880039
15880079
15880361
15880431
15880455
15880477
15880481
15880563
15880565
15880637
15880683
15880819
15880887
15880931
15880943
15881095
15881149
15881181
15881225
15881287
15881327
15881329
15881331
15881501
15881655
15881757
15881767
15881805
15881825
15881961
15882165
15882199
15882219
15882291
15882401
15882483
15882545
15882659
15882695
15882933
15882951
15883253
15883371
15883389
15883399
15883465
15883469
15883497
15883515
15883599
15883669
15883733
15883887
15884139
15884229
15884257
15884359
15884451
15884511
15884569
15884615
15884659
15884661
15884749
15884791
15884805
15885065
15885139
15885165
15885205
15885255
15885437
15885519
15885685
15885693
15885717
15885797
15885809
15885875
15886105
15886237
15886355
15886357
15886363
15886375
15886553
15886635
15886681
15886825
15886913
15886995
15887019
15887049
15887149
15887221
15887279
15887299
15887301
15887341
15887379
15887403
15887739
15887759
15887797
15888041
15888131
15888163
15888357
15888575
15888577
15888585
15888607
15888859
15888887
15888907
15888909
15888945
15888953
15889149
15889185
15889199
15889213
15889215
15889417
15889447
15889549
15889587
15889609
15889721
15889771
15889847
15889855
15889937
15889957
15889969
15889971
15890135
15890159
15890179
15890195
15890419
15890479
15890481
15890673
15890771
15890833
15890903
15891043
15891101
15891143
15891327
15891407
15891429
15891457
15891543
15891603
15891613
15891681
15891693
15891705
15891791
15891895
15891909
15891931
15891933
15892057
15892059
15892095
15892109
15892167
15892181
15892339
15892391
15892463
15892477
15892537
15892559
15892567
15892675
15892733
15892747
15892959
15892961
15892967
15892969
15892975
15893023
15893031
15893083
15893145
15893169
15893251
15893253
15893299
15893727
15893773
15893855
15894231
15894327
15894397
15894515
15894831
15894899
15894927
15894977
15895011
15895041
15895075
15895173
15895213
15895383
15895395
15895397
15895407
15895451
15895623
15895645
15895685
15895755
15895975
15895977
15896037
15896047
15896065
15896119
15896177
15896435
15896489
15896585
15896587
15896637
15896731
15896761
15896771
15896805
15897055
15897083
15897135
15897271
15897319
15897323
15897325
15897337
15897379
15897511
15897725
15897885
15897951
15898045
15898375
15898461
15898487
15898577
15898601
15898701
15898913
15898923
15899027
15899125
15899167
15899263
15899279
15899355
15899371
15899405
15899453
15899459
15899719
15899843
15899945
15899987
15900229
15900243
15900251
15900333
15900345
15900375
15900499
15900707
15900805
15901025
15901065
15901095
15901163
15901189
15901211
15901239
15901419
15901483
15901513
15901573
15901693
15901717
15901839
15901865
15901907
15901987
15902069
15902071
15902251
15902331
15902519
15902595
15902697
15902779
15902947
15902955
15903243
15903251
15903305
15903429
15903491
15903825
15903835
15903923
15904009
15904037
15904047
15904071
15904127
15904135
15904617
15904665
15904893
15904911
15905011
15905017
15905093
15905097
15905151
15905275
15905321
15905471
15905649
15905659
15905753
15905775
15905819
15905827
15905839
15905947
15906007
15906095
15906293
15906343
15906413
15906557
15906627
15906823
15907041
15907223
15907331
15907445
15907859
15908243
15908281
15908565
15908719
15908851
15908977
15909061
15909089
15909153
15909213
15909267
15909419
15909601
15909731
15909747
15909795
15909799
15909845
15909849
15909875
15909909
15910015
15910033
15910105
15910173
15910177
15910401
15910563
15910611
15910613
15910621
15910627
15910691
15910693
15910695
15910737
15910805
15910879
15910915
15910947
15910967
15911147
15911301
15911509
15911557
15911579
15911757
15911969
15911975
15912113
15912261
15912309
15912325
15912463
15912571
15912591
15912855
15912875
15912955
15913023
15913075
15913147
15913275
15913427
15913431
15913485
15913617
15913715
15913741
15913893
15913999
15914093
15914105
15914165
15914205
15914231
15914307
15914337
15914495
15914505
15914509
15914537
15914681
15914685
15914799
15914937
15915009
15915019
15915081
15915083
15915183
15915315
15915377
15915493
15915501
15915535
15915539
15915637
15915649
15915695
15915743
15915807
15915953
15915955
15915967
15915991
15916069
15916073
15916121
15916159
15916245
15916289
15916317
15916339
15916395
15916477
15916489
15916529
15916537
15916601
15916673
15916701
15916765
15916983
15917025
15917037
15917101
15917171
15917183
15917319
15917383
15917391
15917393
15917471
15917475
15917519
15917581
15917609
15917621
15917707
15917715
15917919
15918039
15918065
15918159
15918163
15918183
15918271
15918275
15918285
15918317
15918331
15918369
15918415
15918567
15918779
15918851
15918971
15918999
15919263
15919499
15919543
15919599
15919721
15919741
15919761
15919811
15919845
15919907
15920027
15920049
15920193
15920245
15920325
15920383
15920405
15920469
15920491
15920519
15920553
15920557
15920613
15920695
15920965
15921027
15921097
15921205
15921223
15921235
15921311
15921329
15921395
15921421
15921551
15921571
15921593
15921673
15921687
15921689
15921835
15921857
15922133
15922135
15922165
15922187
15922197
15922329
15922335
15922345
15922395
15922453
15922459
15922497
15922559
15922583
15922609
15922611
15922695
15922711
15922809
15922965
15923079
15923111
15923125
15923153
15923179
15923229
15923279
15923365
15923397
15923411
15923455
15923477
15923511
15923549
15923559
15923675
15923743
15923871
15923921
15923945
15923955
15923991
15924089
15924149
15924313
15924473
15924589
15924643
15924707
15924737
15924819
15924821
15924853
15924863
15924913
15924943
15924981
15925025
15925031
15925061
15925275
15925325
15925427
15925509
15925879
15925883
15926059
15926151
15926183
15926221
15926323
15926355
15926371
15926439
15926515
15926543
15926571
15926621
15926689
15926711
15926727
15926803
15927003
15927019
15927025
15927285
15927351
15927447
15927637
15927755
15927789
15927813
15927823
15927979
15928039
15928065
15928187
15928189
15928235
15928423
15928431
15928435
15928465
15928533
15928539
15928805
15928859
15928879
15928899
15929051
15929073
15929373
15929439
15929445
15929453
15929521
15929641
15929675
15929693
15929755
15929907
15930043
15930261
15930315
15930513
15930533
15930553
15930699
15930987
15930997
15931091
15931159
15931289
15931305
15931399
15931441
15931475
15931569
15931651
15931709
15931829
15931887
15932109
15932345
15932405
15932431
15932461
15932479
15932531
15932727
15932863
15933025
15933119
15933147
15933171
15933247
15933325
15933335
15933513
15933533
15933555
15933779
15933817
15933859
15933955
15933967
15934035
15934119
15934183
15934213
15934295
15934301
15934331
15934369
15934425
15934659
15934905
15934969
15934983
15935009
15935209
15935265
15935369
15935425
15935545
15935579
15935651
15935681
15935737
15935783
15935851
15935855
15935887
15935973
15935997
15936021
15936055
15936153
15936231
15936313
15936319
15936383
15936461
15936503
15936549
15936765
15936795
15936853
15936883
15936977
15936979
15937011
15937071
15937075
15937111
15937263
15937283
15937287
15937309
15937351
15937417
15937451
15937453
15937509
15937527
15937541
15937561
15937781
15937805
15937827
15937981
15938011
15938073
15938123
15938227
15938273
15938427
15938471
15938539
15938547
15938599
15938629
15938637
15938717
15938725
15938739
15938807
15938821
15938835
15938873
15938961
15939099
15939147
15939169
15939173
15939243
15939273
15939325
15939535
15939617
15939777
15939865
15939889
15939897
15939899
15939901
15939921
15939963
15939989
15940111
15940239
15940247
15940283
15940285
15940327
15940397
15940403
15940409
15940503
15940587
15940609
15940623
15940777
15941145
15941271
15941281
15941555
15941575
15941601
15941609
15941633
15941657
15941677
15941761
15941879
15941915
15941981
15941999
15942057
15942079
15942157
15942159
15942277
15942281
15942499
15942559
15942691
15942929
15942995
15943071
15943073
15943305
15943365
15943379
15943489
15943595
15943675
15943779
15943801
15943803
15943865
15943905
15943949
15943969
15943973
15944095
15944177
15944207
15944251
15944335
15944389
15944447
15944575
15944827
15944887
15944893
15944907
15944921
15944949
15944993
15945161
15945183
15945191
15945227
15945261
15945305
15945389
15945399
15945463
15945513
15945833
15945915
15945917
15945967
15946095
15946277
15946279
15946289
15946297
15946331
15946379
15946421
15946461
15946541
15946725
15946793
15946847
15946899
15946903
15946983
15946985
15947165
15947423
15947431
15947447
15947615
15947663
15947727
15947979
15948057
15948265
15948369
15948433
15948449
15948493
15948669
15948713
15948729
15948895
15948971
15948995
15949033
15949275
15949365
15949473
15949483
15949491
15949637
15949651
15949715
15949819
15949905
15949909
15949913
15949987
15950061
15950093
15950189
15950245
15950281
15950357
15950395
15950405
15950415
15950447
15950453
15950455
15950457
15950479
15950639
15950793
15950859
15950867
15950915
15950983
15950989
15951257
15951361
15951433
15951457
15951503
15951589
15951765
15951791
15951811
15951927
15951931
15952085
15952103
15952201
15952243
15952265
15952297
15952321
15952341
15952449
15952611
15952617
15952635
15952667
15952691
15952739
15952753
15952797
15952887
15952889
15952907
15953013
15953047
15953181
15953359
15953553
15953611
15953625
15953663
15953737
15953745
15953761
15953767
15953811
15953843
15953939
15954067
15954123
15954125
15954203
15954207
15954309
15954355
15954457
15954645
15954729
15954759
15954859
15954951
15954963
15955005
15955019
15955047
15955053
15955207
15955305
15955311
15955329
15955363
15955429
15955631
15955739
15955891
15955949
15956191
15956219
15956293
15956609
15956699
15956747
15956857
15956865
15956887
15956977
15956983
15957057
15957275
15957341
15957583
15957605
15957829
15957837
15957863
15958047
15958053
15958063
15958185
15958351
15958493
15958597
15958721
15958801
15958811
15958885
15958887
15958889
15958911
15958923
15958943
15958949
15959021
15959113
15959395
15959525
15959551
15959701
15959719
15959993
15960137
15960151
15960227
15960233
15960327
15960365
15960377
15960433
15960471
15960515
15960547
15960553
15960567
15960569
15960681
15960741
15960795
15960963
15961037
15961085
15961235
15961261
15961459
15961505
15961573
15961581
15961587
15961639
15961745
15961819
15961903
15961929
15962121
15962135
15962295
15962329
15962401
15962489
15962635
15962703
15962705
15962855
15962899
15962939
15963063
15963089
15963135
15963191
15963217
15963291
15963297
15963323
15963381
15963431
15963449
15963759
15963775
15963841
15963901
15963951
15964023
15964043
15964261
15964359
15964487
15964511
15964537
15964565
15964575
15964615
15964679
15964833
15965159
15965207
15965229
15965287
15965309
15965591
15965809
15965817
15965849
15965927
15965965
15965983
15966117
15966207
15966333
15966407
15966467
15966547
15966587
15967195
15967205
15967497
15967567
15967597
15967643
15967723
15967763
15967855
15967959
15968039
15968055
15968119
15968251
15968263
15968307
15968311
15968405
15968693
15968697
15968881
15968893
15968909
15968945
15968959
15969039
15969071
15969083
15969131
15969147
15969201
15969339
15969387
15969439
15969469
15969579
15969599
15969609
15969683
15969815
15969887
15969919
15969921
15969925
15969971
15969977
15969979
15970049
15970217
15970225
15970237
15970315
15970345
15970457
15970517
15970547
15970685
15970693
15970705
15970865
15971003
15971033
15971103
15971109
15971147
15971149
15971173
15971439
15971571
15971599
15971629
15971727
15971925
15972003
15972113
15972221
15972257
15972279
15972319
15972403
15972449
15972569
15972757
15972955
15972959
15972969
15973181
15973189
15973233
15973307
15973343
15973425
15973507
15973587
15973719
15973731
15973761
15973763
15973799
15973807
15973913
15973923
15973975
15973987
15974111
15974127
15974129
15974167
15974177
15974193
15974377
15974451
15974535
15974775
15974783
15974835
15974871
15974873
15975189
15975245
15975517
15975541
15975549
15975585
15975621
15975693
15975811
15976079
15976095
15976117
15976195
15976205
15976311
15976331
15976403
15976449
15976451
15976477
15976521
15976579
15976615
15976649
15976707
15976763
15976863
15976981
15977011
15977081
15977199
15977319
15977509
15977543
15977571
15977699
15977737
15977781
15977855
15977863
15977875
15977911
15977921
15978181
15978193
15978255
15978289
15978381
15978505
15978729
15978845
15978987
15978995
15979061
15979119
15979221
15979273
15979279
15979397
15979833
15979915
15979975
15979987
15980039
15980121
15980147
15980291
15980305
15980451
15980523
15980597
15980609
15980725
15980793
15980821
15980871
15980873
15980897
15980977
15980985
15981095
15981131
15981141
15981229
15981365
15981391
15981591
15981601
15981693
15981773
15981841
15981867
15981973
15982055
15982071
15982077
15982091
15982107
15982149
15982199
15982207
15982273
15982471
15982475
15982557
15982591
15982617
15982683
15982761
15982811
15982897
15982937
15982975
15983107
15983153
15983427
15983445
15983551
15983637
15983653
15983709
15983745
15983783
15983795
15983855
15983911
15983953
15984035
15984071
15984245
15984247
15984323
15984333
15984375
15984403
15984519
15984521
15984711
15984867
15985123
15985221
15985583
15985679
15985719
15985733
15985877
15985915
15985981
15986125
15986161
15986261
15986345
15986459
15986495
15986531
15986555
15986689
15986733
15986865
15986937
15987181
15987249
15987345
15987381
15987453
15987703
15987767
15987863
15987897
15987925
15988001
15988035
15988061
15988169
15988171
15988273
15988277
15988427
15988445
15988487
15988591
15988651
15988655
15988837
15989113
15989287
15989333
15989369
15989507
15989533
15989657
15989705
15989811
15989883
15989903
15989939
15989941
15989943
15990047
15990111
15990149
15990293
15990327
15990461
15990563
15990777
15990789
15990887
15990941
15990983
15991135
15991167
15991255
15991413
15991435
15991449
15991511
15991577
15991703
15991803
15992173
15992235
15992331
15992357
15992367
15992401
15992513
15992663
15992777
15992789
15992837
15992877
15992961
15992993
15993057
15993215
15993275
15993301
15993407
15993489
15993515
15993543
15993611
15993633
15993687
15993707
15993713
15994027
15994107
15994283
15994483
15994509
15994555
15994837
15994941
15995021
15995201
15995209
15995241
15995315
15995323
15995361
15995407
15995525
15995551
15995601
15995679
15995893
15995993
15996237
15996345
15996385
15996431
15996449
15996561
15996863
15996981
15997043
15997079
15997151
15997225
15997231
15997271
15997381
15997521
15997571
15997579
15997611
15997633
15997641
15997671
15997749
15997783
15997805
15997931
15998017
15998047
15998095
15998291
15998383
15998495
15998549
15998591
15998829
15998915
15998985
15999017
15999027
15999061
15999139
15999203
15999211
15999401
15999405
15999469
15999519
15999575
15999581
15999785
15999849
15999881
15999925
15999945
15999967
