# proven primes: b with (b^16+1)/2 prime (aprcl), block [16000000,17000000)
16000061
16000097
16000359
16000423
16000573
16000671
16000817
16000873
16000943
16000951
16000953
16001039
16001079
16001193
16001215
16001231
16001283
16001297
16001357
16001435
16001617
16001911
16001917
16002063
16002077
16002179
16002305
16002357
16002393
16002435
16002467
16002557
16002577
16002647
16002709
16002747
16002839
16003161
16003207
16003239
16003293
16003519
16003543
16003651
16003751
16003847
16003939
16003989
16003999
16004005
16004037
16004185
16004235
16004285
16004317
16004425
16004455
16004525
16004633
16004723
16004753
16004815
16004829
16004843
16004845
16005101
16005215
16005247
16005301
16005331
16005391
16005593
16005671
16005687
16005689
16005695
16005701
16005743
16005987
16005995
16006151
16006223
16006437
16006467
16006505
16006547
16006675
16006713
16006845
16006969
16006999
16007029
16007137
16007183
16007295
16007363
16007421
16007657
16007831
16007949
16007971
16007993
16008039
16008075
16008139
16008143
16008185
16008201
16008293
16008301
16008327
16008329
16008613
16008715
16008787
16008859
16008929
16009079
16009131
16009245
16009273
16009317
16009329
16009413
16009423
16009461
16009521
16009559
16009645
16009727
16009809
16009835
16009863
16009925
16010007
16010033
16010127
16010271
16010371
16010411
16010429
16010435
16010473
16010481
16010855
16011097
16011191
16011309
16011311
16011319
16011337
16011359
16011413
16011437
16011503
16011505
16011575
16011585
16011669
16011765
16011789
16011919
16011961
16012037
16012045
16012081
16012271
16012275
16012331
16012545
16012679
16012879
16012921
16012941
16012989
16013007
16013061
16013243
16013269
16013337
16013381
16013435
16013441
16013553
16013737
16013777
16013875
16013911
16014043
16014309
16014507
16014513
16014515
16014619
16014653
16014717
16014743
16014873
16014981
16015039
16015109
16015135
16015257
16015281
16015365
16015423
16015463
16015469
16015753
16015891
16015943
16016181
16016433
16016443
16016511
16016561
16016597
16016763
16016883
16016933
16016935
16016979
16017035
16017189
16017215
16017231
16017441
16017511
16017519
16017811
16017891
16017917
16018055
16018111
16018171
16018483
16018499
16018693
16018759
16018833
16018897
16019083
16019131
16019247
16019257
16019413
16019475
16019739
16019755
16019757
16019797
16019931
16019935
16020071
16020117
16020121
16020137
16020219
16020247
16020285
16020533
16020705
16020873
16020943
16020945
16021073
16021163
16021175
16021207
16021211
16021279
16021417
16021481
16021527
16021529
16021549
16021583
16021683
16021701
16021759
16021875
16022057
16022187
16022201
16022227
16022369
16022457
16022491
16022495
16022519
16022775
16022843
16023103
16023245
16023355
16023423
16023599
16023717
16023803
16023925
16023973
16024167
16024239
16024285
16024499
16024577
16024593
16024727
16024811
16024899
16024901
16024973
16024989
16025005
16025023
16025041
16025043
16025081
16025127
16025129
16025143
16025171
16025179
16025317
16025413
16025815
16025819
16025849
16025855
16025921
16025935
16025937
16025947
16026065
16026087
16026111
16026169
16026187
16026251
16026283
16026309
16026373
16026377
16026451
16026469
16026617
16026621
16026647
16026693
16026745
16026759
16026935
16026945
16027003
16027089
16027101
16027151
16027201
16027383
16027393
16027413
16027457
16027499
16027641
16027705
16027769
16027833
16027913
16028007
16028037
16028133
16028245
16028263
16028329
16028341
16028355
16028437
16028461
16028513
16028573
16028683
16028725
16028733
16028827
16028865
16028875
16028973
16029117
16029197
16029213
16029247
16029337
16029459
16029525
16029581
16029625
16029651
16029677
16029717
16029811
16029961
16030011
16030013
16030029
16030035
16030187
16030199
16030231
16030389
16030517
16030645
16030673
16030807
16030813
16030817
16030947
16031119
16031189
16031399
16031425
16031493
16031499
16031745
16031757
16031865
16031879
16031979
16031999
16032009
16032051
16032177
16032203
16032361
16032459
16032507
16032531
16032735
16032773
16032803
16032883
16032929
16033107
16033139
16033153
16033169
16033191
16033229
16033277
16033347
16033389
16033447
16033453
16033491
16033533
16033703
16033723
16033821
16033897
16033941
16034063
16034099
16034129
16034165
16034171
16034173
16034251
16034335
16034359
16034369
16034695
16034711
16034817
16034871
16034899
16035023
16035129
16035135
16035175
16035203
16035221
16035289
16035321
16035325
16035339
16035383
16035493
16035581
16035623
16035765
16035881
16035903
16035975
16036083
16036229
16036241
16036585
16036619
16036659
16036713
16036777
16036787
16036827
16036873
16036931
16036953
16036981
16037003
16037015
16037257
16037295
16037345
16037371
16037583
16037683
16037701
16037705
16037785
16037827
16037873
16037901
16037957
16037993
16037997
16038159
16038185
16038207
16038295
16038311
16038527
16038557
16038677
16038869
16038959
16038997
16039203
16039349
16039429
16039471
16039505
16039541
16039565
16039613
16039619
16039825
16039925
16039945
16040103
16040229
16040273
16040285
16040347
16040405
16040507
16040525
16040563
16040589
16040611
16040829
16040859
16040883
16040949
16040991
16040999
16041031
16041055
16041081
16041141
16041143
16041167
16041175
16041193
16041253
16041285
16041467
16041471
16041473
16041501
16041511
16041529
16041635
16041835
16041845
16041935
16042057
16042087
16042107
16042275
16042335
16042435
16042451
16042507
16042543
16042555
16042583
16042607
16042619
16042649
16042689
16042829
16042833
16042917
16042919
16042927
16042977
16043125
16043159
16043187
16043339
16043359
16043427
16043437
16043647
16043703
16043741
16043751
16043959
16043971
16044129
16044153
16044155
16044163
16044249
16044285
16044391
16044397
16044461
16044539
16044551
16044675
16044721
16044739
16044817
16044941
16045051
16045253
16045381
16045389
16045413
16045451
16045461
16045543
16045683
16045757
16045837
16045897
16046029
16046079
16046131
16046289
16046347
16046499
16046525
16046565
16046705
16046717
16046809
16046893
16046907
16046995
16047105
16047159
16047257
16047465
16047501
16047591
16047645
16047767
16047779
16047875
16047939
16048033
16048037
16048045
16048111
16048147
16048225
16048477
16048493
16048497
16048569
16048657
16048693
16048795
16048815
16049053
16049221
16049247
16049249
16049253
16049331
16049337
16049441
16049501
16049571
16049577
16049585
16049691
16049703
16049723
16049895
16049921
16049925
16050019
16050101
16050195
16050303
16050347
16050409
16050411
16050485
16050575
16050595
16050681
16050791
16050833
16050841
16050981
16051063
16051087
16051151
16051181
16051259
16051275
16051365
16051377
16051383
16051499
16051533
16051577
16051597
16051613
16051695
16051761
16052019
16052077
16052165
16052279
16052309
16052319
16052323
16052421
16052457
16052493
16052501
16052533
16052683
16052765
16052883
16052893
16052905
16053013
16053073
16053077
16053201
16053273
16053353
16053451
16053461
16053657
16053695
16053769
16053783
16053963
16053997
16054179
16054215
16054365
16054455
16054457
16054591
16054639
16054641
16054699
16054897
16055023
16055031
16055095
16055419
16055479
16055499
16055577
16055725
16055815
16055917
16055933
16055937
16055983
16056031
16056121
16056203
16056253
16056467
16056899
16057049
16057081
16057095
16057121
16057211
16057287
16057315
16057321
16057333
16057371
16057405
16057445
16057569
16057657
16057719
16057829
16057927
16058065
16058321
16058393
16058399
16058519
16058529
16058647
16058699
16058769
16058775
16058831
16058859
16058867
16058899
16059017
16059095
16059105
16059117
16059151
16059159
16059183
16059223
16059307
16059457
16059501
16059517
16059529
16059579
16059655
16059773
16059797
16059803
16059941
16059961
16060199
16060229
16060275
16060299
16060347
16060379
16060457
16060475
16060563
16060573
16060773
16060783
16060863
16060875
16060885
16060903
16061075
16061087
16061211
16061411
16061453
16061555
16061649
16061691
16061719
16061733
16061801
16061961
16062085
16062159
16062201
16062319
16062581
16062597
16062773
16062959
16062973
16063019
16063035
16063047
16063095
16063141
16063295
16063299
16063307
16063357
16063395
16063491
16063507
16063563
16063581
16063637
16063663
16063711
16063749
16063769
16063797
16063875
16063877
16063963
16064023
16064149
16064413
16064423
16064679
16064709
16064861
16064871
16064917
16065155
16065197
16065205
16065231
16065291
16065311
16065331
16065369
16065507
16065517
16065621
16065657
16065689
16065867
16065881
16065965
16065989
16066101
16066111
16066183
16066229
16066279
16066497
16066613
16066717
16066843
16066935
16066951
16066957
16066997
16067031
16067039
16067159
16067233
16067277
16067347
16067437
16067453
16067579
16067629
16067633
16067839
16067879
16068093
16068103
16068123
16068147
16068219
16068279
16068355
16068403
16068409
16068451
16068455
16068533
16068561
16068607
16068639
16068729
16068913
16068921
16069013
16069177
16069211
16069315
16069385
16069601
16069739
16069775
16069901
16069917
16069947
16070265
16070337
16070367
16070369
16070379
16070691
16070693
16070723
16070763
16070775
16070837
16070945
16070977
16071019
16071235
16071307
16071383
16071471
16071677
16071679
16071801
16071961
16072005
16072399
16072411
16072507
16072621
16072671
16072699
16072727
16072739
16072887
16072997
16073019
16073187
16073251
16073457
16073477
16073511
16073535
16073615
16073629
16073751
16073797
16073813
16073909
16073935
16074291
16074467
16074493
16074655
16074733
16075047
16075115
16075241
16075321
16075323
16075439
16075447
16075457
16075639
16075651
16075663
16075669
16075841
16075845
16075913
16076021
16076101
16076157
16076199
16076203
16076235
16076287
16076359
16076425
16076657
16076697
16076881
16076947
16077131
16077281
16077347
16077363
16077663
16077719
16077855
16077911
16077933
16077981
16078099
16078135
16078353
16078381
16078667
16078685
16078723
16078753
16078949
16079003
16079113
16079223
16079275
16079307
16079319
16079323
16079335
16079727
16079785
16079799
16079897
16079899
16080071
16080153
16080229
16080319
16080363
16080419
16080545
16080645
16080683
16080719
16080745
16080839
16080885
16081013
16081039
16081059
16081113
16081139
16081161
16081189
16081219
16081271
16081317
16081393
16081427
16081473
16081569
16081667
16081807
16081909
16081931
16082139
16082285
16082301
16082385
16082421
16082423
16082427
16082515
16082591
16082855
16082865
16082993
16083107
16083275
16083383
16083407
16083441
16083481
16083659
16083795
16083799
16083829
16083931
16083959
16083981
16083987
16084029
16084039
16084109
16084333
16084523
16084631
16084635
16084645
16084669
16084957
16084981
16085169
16085273
16085307
16085329
16085401
16085457
16085507
16085523
16085547
16085673
16085717
16085931
16086067
16086185
16086287
16086383
16086455
16086581
16086585
16086659
16086697
16086707
16086769
16086787
16086811
16086941
16086947
16087151
16087245
16087269
16087419
16087493
16087595
16087601
16087657
16087691
16087741
16087935
16087961
16088031
16088131
16088195
16088229
16088253
16088385
16088421
16088459
16088591
16088607
16088625
16088709
16088727
16088759
16088817
16088959
16088989
16089011
16089173
16089239
16089357
16089375
16089427
16089433
16089443
16089471
16089489
16089631
16089641
16089659
16089795
16089837
16089885
16089889
16090065
16090107
16090339
16090421
16090469
16090521
16090525
16090529
16090539
16090545
16090591
16090635
16090763
16090775
16090881
16090913
16090999
16091185
16091339
16091373
16091441
16091617
16091623
16091697
16091711
16091881
16091895
16092107
16092185
16092197
16092275
16092325
16092343
16092371
16092397
16092399
16092469
16092473
16092485
16092523
16092543
16092853
16092891
16092935
16092965
16093005
16093027
16093069
16093081
16093147
16093275
16093383
16093465
16093489
16093525
16093605
16093641
16093661
16093781
16093805
16093879
16094073
16094117
16094131
16094153
16094197
16094217
16094245
16094267
16094321
16094349
16094387
16094457
16094463
16094605
16094607
16094617
16094621
16094669
16094827
16094853
16094977
16094987
16095069
16095103
16095183
16095241
16095253
16095271
16095323
16095397
16095401
16095627
16095691
16095705
16095781
16095805
16095835
16095853
16095873
16095889
16095915
16095921
16096157
16096263
16096371
16096427
16096515
16096565
16096633
16096761
16096805
16096819
16096847
16096943
16096999
16097049
16097055
16097061
16097285
16097329
16097347
16097495
16097531
16097561
16097611
16097705
16097745
16098195
16098207
16098285
16098409
16098469
16098611
16098803
16098815
16098863
16098957
16098961
16099025
16099309
16099321
16099403
16099429
16099477
16099569
16099599
16099755
16099845
16099937
16099945
16099947
16099949
16099959
16100095
16100175
16100327
16100395
16100505
16100523
16100527
16100535
16100545
16100549
16100585
16100605
16100621
16100815
16100865
16100917
16100943
16100965
16101109
16101113
16101145
16101163
16101167
16101421
16101505
16101583
16101601
16101647
16101655
16101715
16101777
16101829
16101853
16101891
16101961
16102017
16102035
16102043
16102075
16102133
16102163
16102179
16102251
16102349
16102371
16102397
16102435
16102559
16102605
16102621
16102675
16102775
16102897
16102899
16102937
16102953
16103129
16103205
16103253
16103371
16103399
16103419
16103445
16103473
16103491
16103641
16103729
16103731
16103745
16103781
16103845
16103979
16104069
16104077
16104281
16104449
16104545
16104733
16104747
16104773
16104811
16104819
16105069
16105207
16105271
16105335
16105399
16105465
16105545
16105599
16105721
16105785
16105869
16105921
16105955
16105959
16105983
16105999
16106043
16106177
16106265
16106333
16106349
16106693
16106765
16106767
16106771
16106793
16106819
16106929
16107207
16107241
16107467
16107665
16107675
16107755
16107843
16108063
16108173
16108205
16108213
16108291
16108297
16108403
16108411
16108521
16108531
16108637
16108963
16108999
16109187
16109231
16109345
16109613
16109789
16109881
16109897
16109947
16110037
16110131
16110133
16110169
16110175
16110277
16110293
16110519
16110639
16110655
16110713
16110719
16110725
16110755
16110761
16110929
16110997
16111087
16111207
16111251
16111285
16111311
16111359
16111369
16111397
16111589
16111699
16111741
16111747
16111845
16111901
16111919
16112099
16112149
16112163
16112285
16112331
16112423
16112437
16112475
16112501
16112511
16112617
16112823
16112891
16112921
16113011
16113243
16113247
16113281
16113359
16113389
16113409
16113415
16113417
16113443
16113549
16113701
16113741
16113769
16113801
16113861
16113869
16113931
16113967
16113971
16114181
16114287
16114323
16114425
16114427
16114507
16114523
16114571
16114581
16114621
16114683
16114773
16114845
16115071
16115111
16115119
16115157
16115177
16115209
16115451
16115501
16115507
16115565
16115693
16115847
16115881
16115919
16115983
16116049
16116125
16116129
16116131
16116157
16116211
16116219
16116335
16116345
16116463
16116615
16116655
16116785
16116907
16116981
16117019
16117241
16117273
16117277
16117293
16117321
16117343
16117379
16117387
16117517
16117533
16117627
16117667
16117671
16117675
16117679
16117735
16117773
16117851
16117929
16118061
16118101
16118217
16118411
16118737
16118837
16118847
16118979
16119079
16119083
16119115
16119129
16119133
16119183
16119261
16119265
16119297
16119305
16119375
16119389
16119525
16119703
16119753
16119983
16120175
16120229
16120239
16120273
16120413
16120465
16120529
16120671
16120689
16120801
16120843
16121177
16121361
16121363
16121493
16121547
16121583
16121655
16121665
16121735
16121793
16122095
16122405
16122473
16122523
16122553
16122717
16122973
16123047
16123049
16123121
16123141
16123235
16123325
16123327
16123337
16123401
16123559
16123581
16123701
16123741
16123771
16123905
16123909
16123935
16123961
16124083
16124229
16124279
16124339
16124433
16124577
16124591
16124619
16124675
16124687
16124703
16124725
16124757
16124777
16125045
16125063
16125073
16125077
16125097
16125159
16125337
16125509
16125569
16125653
16125755
16125849
16125889
16125915
16126057
16126071
16126113
16126233
16126279
16126311
16126343
16126439
16126443
16126617
16126645
16126751
16126827
16126875
16126991
16127017
16127105
16127135
16127245
16127317
16127513
16127543
16127643
16127791
16127883
16127991
16127999
16128085
16128099
16128109
16128371
16128399
16128605
16128725
16128763
16128905
16128931
16129015
16129569
16129573
16129653
16129743
16129755
16129813
16129827
16129833
16129879
16129937
16129969
16130001
16130127
16130169
16130205
16130233
16130327
16130419
16130437
16130479
16130489
16130715
16130727
16130745
16130753
16131063
16131189
16131331
16131487
16131509
16131609
16131699
16131755
16131763
16131859
16131935
16132069
16132289
16132367
16132449
16132455
16132457
16132483
16132569
16132623
16132665
16132727
16132843
16132927
16132959
16133269
16133397
16133399
16133405
16133503
16133517
16133533
16133535
16133561
16133645
16133801
16133833
16133851
16133869
16133881
16133957
16133993
16134063
16134129
16134193
16134377
16134491
16134505
16134879
16134885
16135009
16135223
16135233
16135411
16135523
16135557
16136039
16136059
16136095
16136111
16136121
16136209
16136251
16136553
16136701
16136749
16136761
16136889
16136895
16136963
16137057
16137107
16137153
16137193
16137201
16137205
16137443
16137669
16137679
16137717
16137903
16138031
16138167
16138309
16138311
16138331
16138559
16138601
16138741
16138835
16138881
16138891
16139011
16139075
16139285
16139341
16139351
16139421
16139425
16139517
16139607
16139707
16139843
16139941
16139991
16140027
16140071
16140073
16140197
16140427
16140437
16140487
16140535
16140617
16140629
16140831
16140853
16140989
16140991
16141065
16141069
16141103
16141151
16141167
16141281
16141341
16141371
16141529
16141549
16141615
16141729
16141731
16141851
16142093
16142123
16142141
16142183
16142245
16142247
16142447
16142555
16142567
16142603
16142691
16142779
16142811
16142947
16143013
16143015
16143041
16143117
16143145
16143217
16143257
16143287
16143323
16143357
16143371
16143427
16143503
16143541
16143601
16143717
16143763
16143795
16143861
16143907
16143983
16144017
16144065
16144075
16144103
16144113
16144115
16144157
16144313
16144327
16144331
16144753
16144799
16144837
16144923
16144933
16145039
16145047
16145209
16145221
16145249
16145273
16145275
16145277
16145385
16145637
16145679
16145985
16146137
16146329
16146337
16146435
16146439
16146515
16146609
16146649
16146651
16146663
16146711
16146749
16146849
16146897
16146995
16147021
16147073
16147089
16147099
16147251
16147363
16147579
16147623
16147655
16147663
16147761
16147767
16147797
16147815
16147845
16147895
16147937
16147989
16148011
16148107
16148143
16148165
16148395
16148451
16148661
16148693
16148793
16148807
16148909
16148945
16149033
16149369
16149447
16149543
16149617
16149721
16149777
16149781
16149789
16149819
16150025
16150075
16150081
16150123
16150159
16150201
16150203
16150363
16150451
16150489
16150589
16150729
16150807
16150849
16150863
16150867
16150875
16150967
16150993
16151041
16151085
16151185
16151203
16151253
16151423
16151579
16151627
16151805
16151859
16151965
16152113
16152141
16152447
16152535
16152543
16152681
16152807
16152819
16152829
16152839
16152901
16153109
16153113
16153193
16153211
16153311
16153389
16153485
16153505
16153517
16153543
16153699
16153715
16153745
16153797
16153847
16153879
16153911
16153913
16154003
16154039
16154063
16154151
16154157
16154271
16154281
16154413
16154415
16154557
16154847
16154863
16155075
16155083
16155179
16155203
16155205
16155259
16155343
16155473
16155769
16155775
16155885
16156137
16156261
16156431
16156511
16156553
16156603
16156761
16156909
16157081
16157259
16157305
16157319
16157325
16157337
16157435
16157475
16157629
16157789
16157901
16157965
16158055
16158069
16158075
16158149
16158259
16158339
16158351
16158357
16158461
16158487
16158625
16158683
16158733
16158761
16158855
16158927
16158961
16159047
16159235
16159499
16159519
16159657
16159989
16160029
16160045
16160195
16160205
16160351
16160367
16160437
16160579
16160625
16160653
16160669
16160677
16160843
16161029
16161069
16161337
16161357
16161401
16161463
16161525
16161535
16161575
16161629
16161785
16161831
16161863
16161893
16162029
16162127
16162145
16162151
16162167
16162237
16162319
16162333
16162341
16162351
16162431
16162481
16162561
16162623
16162665
16162719
16162931
16162933
16162941
16162949
16163117
16163225
16163605
16163655
16163717
16163763
16163787
16163801
16163807
16163881
16164167
16164239
16164245
16164389
16164447
16164505
16164675
16164711
16164735
16164777
16164889
16164955
16164965
16165045
16165139
16165153
16165423
16165509
16165605
16165675
16165727
16165737
16166077
16166127
16166299
16166395
16166397
16166467
16166515
16166579
16166661
16166689
16166803
16166883
16166891
16166899
16167147
16167161
16167237
16167561
16167577
16167585
16167595
16167607
16167651
16167807
16167919
16167977
16167993
16167999
16168009
16168033
16168171
16168309
16168345
16168397
16168409
16168461
16168735
16168771
16168845
16168851
16168959
16169015
16169045
16169099
16169123
16169137
16169149
16169203
16169283
16169401
16169481
16169673
16169937
16170275
16170279
16170473
16170483
16170557
16170603
16170617
16170649
16170733
16170941
16171029
16171039
16171137
16171215
16171247
16171281
16171351
16171459
16171469
16171473
16171563
16171597
16171681
16171805
16171829
16171867
16171875
16171953
16171991
16172003
16172005
16172043
16172343
16172425
16172531
16172579
16172711
16172721
16172737
16172805
16172815
16172841
16172901
16172973
16173109
16173209
16173235
16173247
16173299
16173313
16173339
16173383
16173415
16173421
16173425
16173463
16173543
16173629
16173707
16173741
16173749
16173793
16173945
16174127
16174131
16174185
16174189
16174247
16174251
16174257
16174259
16174395
16174427
16174605
16174657
16174711
16174831
16174979
16174987
16175137
16175181
16175197
16175323
16175335
16175405
16175549
16175559
16175623
16175697
16175705
16175743
16175925
16176209
16176355
16176399
16176435
16176463
16176611
16176629
16176855
16176867
16176883
16176917
16177017
16177169
16177229
16177315
16177393
16177407
16177537
16177555
16177851
16177869
16177945
16178017
16178065
16178257
16178313
16178321
16178343
16178407
16178627
16178631
16178663
16178751
16178793
16178845
16178987
16178993
16179001
16179079
16179185
16179389
16179609
16179679
16179859
16179991
16180185
16180219
16180289
16180319
16180491
16180509
16180643
16180653
16180691
16180727
16180787
16180793
16180953
16181099
16181105
16181115
16181139
16181317
16181375
16181405
16181407
16181425
16181479
16181855
16181857
16181925
16182237
16182241
16182275
16182315
16182603
16182645
16182845
16182937
16182947
16183043
16183125
16183175
16183227
16183271
16183283
16183287
16183613
16183767
16183827
16183847
16183967
16184003
16184025
16184159
16184191
16184203
16184217
16184225
16184255
16184321
16184349
16184353
16184357
16184363
16184429
16184489
16184499
16184523
16184533
16184709
16184757
16184785
16184853
16184993
16185019
16185031
16185085
16185137
16185203
16185321
16185377
16185427
16185725
16185769
16185911
16186077
16186125
16186199
16186223
16186225
16186297
16186341
16186423
16186449
16186523
16186609
16186617
16186637
16186641
16186779
16186875
16186913
16186923
16187051
16187063
16187247
16187301
16187433
16187651
16187733
16187885
16187903
16187935
16188031
16188089
16188167
16188355
16188583
16188645
16188679
16188725
16188753
16188759
16188819
16188889
16188919
16189217
16189291
16189313
16189327
16189393
16189429
16189697
16189715
16189735
16189935
16189971
16190151
16190227
16190231
16190255
16190279
16190283
16190307
16190367
16190421
16190499
16190559
16190633
16190791
16190901
16190993
16191019
16191025
16191085
16191203
16191211
16191255
16191271
16191275
16191315
16191323
16191343
16191369
16191423
16191579
16191643
16191665
16191797
16191881
16191969
16192073
16192099
16192121
16192123
16192137
16192301
16192399
16192407
16192479
16192519
16192595
16192647
16192673
16192687
16192979
16192985
16192995
16192997
16193215
16193411
16193479
16193509
16193547
16193741
16193753
16193811
16193915
16193951
16193987
16194149
16194159
16194315
16194335
16194343
16194361
16194369
16194387
16194439
16194521
16194541
16194545
16194555
16194585
16194649
16194693
16194743
16194745
16194749
16194873
16194961
16195009
16195191
16195401
16195421
16195467
16195515
16195525
16195687
16195701
16195775
16195817
16195835
16195945
16195969
16196089
16196111
16196161
16196187
16196281
16196597
16196641
16196757
16196831
16196857
16197039
16197083
16197093
16197233
16197409
16197431
16197475
16197543
16197713
16197789
16197815
16197827
16197851
16197971
16197987
16198057
16198061
16198063
16198065
16198193
16198245
16198375
16198533
16198577
16198607
16198613
16198763
16198905
16198911
16198951
16199037
16199071
16199133
16199169
16199199
16199357
16199375
16199437
16199485
16199557
16199683
16199737
16199759
16199813
16199899
16200261
16200301
16200331
16200371
16200477
16200525
16200625
16200675
16200723
16200759
16200841
16200851
16200977
16201233
16201375
16201385
16201443
16201551
16201565
16201683
16201707
16201737
16201755
16201759
16201905
16201943
16201953
16202045
16202099
16202219
16202405
16202509
16202651
16202727
16202775
16202831
16202849
16202871
16202919
16203071
16203101
16203229
16203343
16203371
16203469
16203561
16203565
16203571
16203757
16203839
16203851
16203875
16203883
16203973
16204003
16204061
16204065
16204145
16204207
16204235
16204409
16204541
16204691
16204709
16204939
16205007
16205017
16205019
16205085
16205175
16205217
16205233
16205243
16205265
16205305
16205341
16205343
16205395
16205595
16205605
16205715
16205777
16205781
16205829
16205931
16206175
16206227
16206285
16206323
16206345
16206363
16206421
16206579
16206703
16206751
16206881
16206923
16206987
16207141
16207201
16207205
16207375
16207483
16207551
16207561
16207629
16207697
16207699
16207995
16208079
16208167
16208215
16208265
16208285
16208345
16208397
16208423
16208431
16208479
16208495
16208507
16208511
16208543
16208545
16208629
16208717
16208721
16208725
16208741
16208757
16208911
16208927
16208937
16208955
16209003
16209009
16209029
16209089
16209197
16209201
16209283
16209377
16209471
16209509
16209923
16209937
16210009
16210085
16210095
16210217
16210251
16210333
16210359
16210435
16210529
16210575
16210611
16210613
16210799
16210847
16210873
16210929
16210943
16210987
16211057
16211133
16211151
16211163
16211261
16211325
16211343
16211509
16211517
16211523
16211585
16211605
16211791
16211899
16211955
16211971
16212029
16212097
16212181
16212213
16212229
16212595
16212665
16212693
16212797
16212975
16212997
16213059
16213195
16213215
16213261
16213313
16213385
16213459
16213461
16213513
16213535
16213543
16213591
16213679
16213719
16213791
16213911
16213981
16214013
16214053
16214143
16214167
16214179
16214379
16214491
16214505
16214621
16214719
16214767
16214809
16214885
16214899
16214929
16215071
16215103
16215283
16215293
16215327
16215361
16215479
16215499
16215593
16215637
16215667
16215695
16215803
16215887
16215917
16215935
16216033
16216147
16216155
16216159
16216235
16216237
16216275
16216291
16216303
16216407
16216491
16216519
16216605
16216657
16216681
16216713
16216809
16216865
16216959
16216977
16217145
16217177
16217213
16217271
16217345
16217405
16217407
16217703
16217777
16217809
16217831
16218085
16218353
16218367
16218435
16218501
16218581
16218601
16218701
16218785
16218847
16218849
16218863
16219087
16219257
16219273
16219461
16219469
16219661
16219669
16219671
16219675
16219735
16219881
16219919
16219923
16219969
16219989
16220035
16220117
16220241
16220551
16220605
16220629
16220803
16220823
16220865
16220899
16220963
16221003
16221181
16221221
16221623
16221681
16221687
16221709
16221733
16221849
16221975
16222053
16222075
16222097
16222169
16222269
16222733
16222943
16222981
16223007
16223069
16223151
16223225
16223243
16223325
16223349
16223409
16223431
16223451
16223541
16223543
16223597
16223661
16223723
16223903
16223953
16223977
16224011
16224049
16224179
16224185
16224215
16224467
16224471
16224601
16224693
16224699
16225029
16225153
16225179
16225219
16225319
16225479
16225567
16225593
16225669
16225687
16225701
16225713
16225819
16225871
16225895
16225933
16225949
16226087
16226121
16226125
16226221
16226225
16226311
16226339
16226383
16226407
16226535
16226677
16226717
16226727
16226831
16226913
16226939
16227033
16227059
16227065
16227089
16227099
16227135
16227151
16227195
16227381
16227405
16227517
16227685
16227771
16227787
16227877
16227921
16227923
16228209
16228211
16228233
16228251
16228353
16228359
16228591
16228625
16228635
16228781
16228785
16228819
16228873
16228891
16228949
16229061
16229269
16229409
16229411
16229419
16229523
16229531
16229623
16229637
16229763
16229851
16229949
16229959
16230057
16230207
16230315
16230425
16230435
16230445
16230523
16230645
16230659
16230705
16230731
16230733
16230887
16231013
16231021
16231031
16231033
16231049
16231195
16231243
16231333
16231341
16231463
16231471
16231667
16231687
16231985
16232077
16232113
16232263
16232277
16232295
16232463
16232477
16232549
16232641
16232717
16232735
16232763
16232827
16232843
16232947
16232981
16232997
16233059
16233129
16233145
16233205
16233257
16233317
16233341
16233411
16233535
16233553
16233565
16233589
16233651
16233709
16233721
16233733
16233749
16233879
16234067
16234077
16234131
16234145
16234199
16234331
16234667
16234737
16234739
16234745
16234799
16235043
16235185
16235197
16235207
16235283
16235475
16235649
16235693
16235719
16235749
16235773
16235817
16235859
16235891
16236013
16236125
16236127
16236137
16236199
16236345
16236359
16236413
16236453
16236457
16236597
16236607
16236679
16236735
16236795
16236863
16237007
16237095
16237115
16237171
16237205
16237447
16237525
16237531
16237549
16237553
16237557
16237583
16237615
16237691
16237695
16237783
16237835
16237919
16238027
16238245
16238423
16238441
16238471
16238481
16238487
16238549
16238585
16238801
16238969
16238977
16239099
16239161
16239163
16239257
16239395
16239449
16239675
16239707
16239711
16239797
16239843
16239939
16239963
16240023
16240089
16240091
16240187
16240251
16240343
16240421
16240627
16240763
16241011
16241045
16241109
16241239
16241297
16241421
16241475
16241497
16241545
16241579
16241645
16241751
16241803
16241827
16241839
16242097
16242121
16242209
16242271
16242345
16242369
16242377
16242445
16242461
16242575
16242665
16242749
16242829
16242847
16242859
16242999
16243005
16243047
16243161
16243369
16243461
16243519
16243567
16243579
16243813
16243847
16243857
16243897
16244017
16244101
16244129
16244215
16244419
16244565
16244687
16244749
16244797
16244819
16244913
16244925
16244945
16244971
16245099
16245123
16245183
16245213
16245243
16245599
16245655
16245689
16245753
16245813
16245855
16245857
16246239
16246283
16246337
16246401
16246409
16246451
16246535
16246611
16246631
16246927
16247071
16247097
16247107
16247135
16247191
16247227
16247289
16247353
16247365
16247405
16247421
16247463
16247473
16247499
16247601
16247605
16247621
16247653
16247769
16247839
16247853
16247999
16248017
16248025
16248045
16248053
16248097
16248185
16248239
16248569
16248605
16248639
16248679
16248811
16248861
16248875
16248919
16248957
16248995
16249055
16249133
16249153
16249299
16249357
16249383
16249453
16249489
16249521
16249575
16249687
16249853
16250111
16250123
16250167
16250203
16250207
16250213
16250329
16250373
16250433
16250491
16250495
16250517
16250563
16250565
16250591
16250651
16250709
16250725
16250737
16250815
16250859
16250985
16251039
16251075
16251087
16251197
16251261
16251297
16251479
16251521
16251611
16251631
16251767
16251801
16251805
16251919
16251999
16252021
16252027
16252035
16252081
16252255
16252277
16252365
16252521
16252549
16252557
16252573
16252593
16252629
16252723
16252729
16252753
16252845
16252957
16252981
16252989
16253017
16253077
16253125
16253191
16253215
16253399
16253491
16253615
16253643
16253655
16253659
16253783
16253843
16253863
16253945
16253985
16254017
16254039
16254155
16254307
16254373
16254423
16254471
16254685
16254785
16254813
16254835
16255057
16255207
16255263
16255295
16255489
16255501
16255655
16255721
16255827
16255871
16255955
16255999
16256031
16256107
16256327
16256387
16256453
16256455
16256483
16256537
16256589
16256693
16256697
16256781
16256827
16256865
16256969
16257007
16257009
16257143
16257151
16257189
16257211
16257279
16257281
16257361
16257455
16257647
16257649
16257759
16257855
16257879
16257951
16258005
16258059
16258139
16258157
16258205
16258249
16258269
16258305
16258307
16258437
16258459
16258589
16258593
16258633
16258655
16258703
16258747
16259093
16259183
16259199
16259227
16259273
16259285
16259371
16259475
16259515
16259563
16259611
16259617
16259771
16259775
16259833
16259835
16259851
16259907
16260011
16260029
16260151
16260231
16260397
16260477
16260597
16260603
16260627
16260655
16260739
16260745
16260781
16260903
16260907
16260985
16261037
16261193
16261233
16261335
16261345
16261421
16261439
16261461
16261509
16261703
16261769
16261829
16261965
16262083
16262147
16262179
16262221
16262273
16262585
16262649
16262665
16262731
16262793
16262833
16262993
16263061
16263077
16263111
16263135
16263215
16263223
16263293
16263307
16263385
16263393
16263509
16263659
16263769
16263887
16263947
16263987
16264039
16264127
16264135
16264335
16264501
16264539
16264607
16264687
16264741
16264839
16264847
16264853
16264877
16264885
16264917
16265045
16265225
16265255
16265257
16265267
16265275
16265401
16265443
16265579
16265647
16265711
16265829
16265831
16266019
16266127
16266155
16266231
16266351
16266397
16266405
16266427
16266483
16266529
16266549
16266613
16266617
16266631
16266645
16266659
16266705
16266857
16266869
16266975
16267061
16267135
16267155
16267205
16267421
16267443
16267475
16267481
16267583
16267615
16267669
16267757
16267823
16268017
16268217
16268371
16268443
16268445
16268513
16268537
16268643
16268769
16268775
16268839
16268847
16269047
16269227
16269241
16269385
16269495
16269541
16269639
16269709
16269783
16269819
16269823
16269857
16269951
16269987
16269995
16270013
16270151
16270157
16270199
16270273
16270289
16270305
16270547
16270589
16270615
16270617
16270623
16270945
16270947
16270975
16271085
16271331
16271463
16271515
16271547
16271767
16271785
16271851
16272027
16272049
16272101
16272355
16272381
16272639
16272705
16272779
16272887
16272911
16273095
16273169
16273269
16273339
16273487
16273539
16273649
16273651
16273841
16273847
16273873
16273965
16273993
16274125
16274149
16274173
16274269
16274329
16274343
16274383
16274433
16274443
16274471
16274625
16274627
16274633
16274769
16274831
16274857
16274859
16274869
16275201
16275203
16275243
16275375
16275403
16275421
16275467
16275527
16275723
16275767
16275775
16275803
16275849
16275957
16275961
16276169
16276287
16276325
16276373
16276383
16276455
16276497
16276565
16276607
16276635
16276737
16276751
16276787
16276843
16277023
16277069
16277081
16277097
16277101
16277377
16277393
16277527
16277623
16277663
16277721
16277755
16277813
16277861
16277951
16277997
16278059
16278067
16278315
16278387
16278437
16278565
16278793
16278819
16278903
16279041
16279133
16279155
16279197
16279325
16279435
16279463
16279485
16279507
16279531
16279669
16279697
16279805
16279849
16279895
16280007
16280227
16280263
16280285
16280297
16280335
16280395
16280415
16280563
16280649
16280653
16280669
16280865
16280947
16280987
16281063
16281111
16281235
16281345
16281435
16281643
16281647
16281743
16281945
16281973
16281975
16281991
16281999
16282113
16282179
16282297
16282363
16282383
16282611
16282649
16282673
16282795
16282959
16282997
16283009
16283043
16283135
16283277
16283375
16283471
16283615
16283735
16283761
16283771
16283787
16283815
16284005
16284075
16284077
16284117
16284151
16284175
16284193
16284241
16284385
16284435
16284633
16284643
16284725
16284805
16284937
16284979
16285057
16285115
16285277
16285367
16285391
16285513
16285731
16285825
16285829
16285879
16285889
16285913
16285939
16285959
16285987
16285997
16286021
16286119
16286131
16286143
16286257
16286289
16286309
16286337
16286385
16286509
16286615
16286759
16286797
16286903
16286939
16286993
16287305
16287317
16287367
16287383
16287399
16287473
16287621
16287637
16287655
16287659
16287791
16287851
16287937
16287965
16288063
16288099
16288141
16288321
16288419
16288443
16288507
16288541
16288725
16288735
16288843
16288895
16288959
16289039
16289193
16289313
16289425
16289565
16289585
16289697
16289783
16290007
16290011
16290139
16290155
16290285
16290347
16290583
16290609
16290669
16290833
16290859
16290871
16290935
16290969
16290989
16291021
16291373
16291405
16291431
16291499
16291509
16291531
16291545
16291845
16291867
16291929
16292001
16292191
16292215
16292313
16292343
16292401
16292451
16292483
16292497
16292501
16292707
16292715
16292785
16292831
16292949
16293017
16293121
16293193
16293251
16293257
16293313
16293759
16293801
16293891
16293905
16293945
16293967
16293995
16294061
16294089
16294283
16294325
16294327
16294349
16294377
16294423
16294609
16294629
16294973
16295171
16295233
16295267
16295295
16295297
16295335
16295493
16295551
16295753
16295821
16295865
16295901
16295909
16296039
16296043
16296219
16296225
16296273
16296275
16296301
16296431
16296447
16296545
16296621
16296733
16296811
16296889
16296985
16297169
16297301
16297341
16297345
16297407
16297433
16297649
16297731
16297785
16298175
16298187
16298301
16298461
16298489
16298495
16298513
16298611
16298635
16298707
16298753
16298805
16298981
16299045
16299071
16299105
16299117
16299245
16299283
16299299
16299315
16299401
16299407
16299467
16299493
16299521
16299531
16299611
16299665
16299685
16299711
16299799
16299837
16299845
16299977
16299989
16299995
16300021
16300117
16300145
16300239
16300315
16300351
16300387
16300429
16300501
16300607
16300845
16300883
16300899
16301079
16301105
16301149
16301201
16301209
16301259
16301435
16301455
16301489
16301597
16301603
16301735
16301747
16301861
16301979
16302045
16302209
16302237
16302243
16302281
16302345
16302379
16302455
16302517
16302561
16302625
16302807
16302823
16302999
16303005
16303093
16303193
16303205
16303251
16303253
16303345
16303367
16303431
16303447
16303565
16303575
16303659
16303929
16303931
16304007
16304033
16304169
16304181
16304521
16304523
16304585
16304687
16304725
16304883
16304977
16305061
16305069
16305087
16305151
16305155
16305203
16305265
16305271
16305279
16305309
16305353
16305365
16305477
16305673
16305705
16305713
16305761
16305863
16305895
16305981
16306029
16306061
16306073
16306113
16306175
16306293
16306357
16306473
16306483
16306497
16306585
16306647
16306857
16306863
16306929
16306993
16307097
16307143
16307293
16307339
16307537
16307545
16307561
16307723
16307735
16307749
16307781
16307811
16307839
16307985
16308049
16308179
16308211
16308287
16308309
16308345
16308385
16308405
16308545
16308571
16308767
16308821
16308893
16308971
16309045
16309057
16309107
16309231
16309347
16309485
16309505
16309519
16309587
16309601
16309675
16309699
16309733
16309857
16309877
16309939
16309993
16310105
16310121
16310185
16310205
16310267
16310365
16310461
16310513
16310543
16310663
16310791
16311009
16311093
16311101
16311265
16311267
16311351
16311439
16311603
16311723
16311869
16311879
16311939
16312253
16312417
16312521
16312619
16312667
16312673
16312741
16312935
16313047
16313181
16313219
16313223
16313243
16313313
16313369
16313503
16313557
16313565
16313661
16313685
16313799
16313819
16313989
16314067
16314129
16314247
16314399
16314415
16314435
16314545
16314709
16314731
16314733
16314807
16314915
16315041
16315145
16315249
16315319
16315329
16315343
16315351
16315361
16315401
16315443
16315651
16315689
16315795
16315823
16315841
16315925
16316081
16316115
16316223
16316271
16316321
16316345
16316403
16316409
16316511
16316525
16316573
16316585
16316861
16316903
16316957
16317049
16317117
16317481
16317517
16317549
16317637
16317647
16317649
16317767
16317817
16317953
16318169
16318227
16318527
16318561
16318863
16318917
16318957
16318979
16319201
16319263
16319373
16319415
16319567
16319581
16319585
16319645
16319721
16319805
16319961
16320017
16320079
16320251
16320385
16320419
16320477
16320523
16320551
16320767
16320885
16320893
16320947
16320979
16321273
16321331
16321415
16321449
16321521
16321523
16321569
16321669
16321679
16321687
16321705
16321707
16321837
16321995
16322101
16322111
16322163
16322181
16322239
16322295
16322313
16322363
16322367
16322397
16322481
16322689
16322815
16322937
16322955
16323089
16323185
16323441
16323543
16323607
16323635
16323669
16323721
16323849
16323855
16323969
16324043
16324059
16324095
16324127
16324223
16324251
16324335
16324339
16324365
16324515
16324541
16324545
16324549
16324893
16324945
16325021
16325301
16325303
16325367
16325467
16325505
16325569
16325587
16325845
16325867
16325999
16326035
16326091
16326163
16326329
16326397
16326401
16326531
16326599
16326649
16326673
16326675
16326809
16326857
16326871
16326881
16326935
16327037
16327069
16327131
16327139
16327209
16327257
16327291
16327307
16327369
16327397
16327503
16327647
16327687
16328103
16328133
16328239
16328261
16328409
16328493
16328801
16328851
16328947
16328965
16328971
16329125
16329201
16329255
16329273
16329287
16329375
16329391
16329447
16329497
16329563
16329599
16329791
16329817
16329841
16329849
16329885
16329921
16330129
16330153
16330197
16330247
16330375
16330437
16330615
16330655
16330967
16330979
16331121
16331255
16331275
16331311
16331333
16331381
16331421
16331473
16331691
16331701
16331711
16331779
16331857
16331969
16332075
16332087
16332095
16332099
16332121
16332317
16332359
16332429
16332451
16332571
16332581
16332657
16332745
16332819
16332913
16333069
16333075
16333125
16333219
16333327
16333451
16333467
16333503
16333597
16333639
16333707
16333809
16333891
16334017
16334035
16334047
16334143
16334215
16334225
16334441
16334505
16334507
16334545
16334609
16334685
16334735
16334795
16334825
16335093
16335259
16335311
16335323
16335343
16335523
16335577
16335599
16335607
16335629
16335873
16335927
16336003
16336117
16336159
16336335
16336375
16336441
16336489
16336631
16336687
16336717
16336757
16336903
16336923
16337319
16337397
16337493
16337707
16337723
16337731
16337743
16338003
16338111
16338187
16338197
16338323
16338515
16338567
16338593
16338669
16338691
16338773
16338779
16338863
16339133
16339171
16339239
16339253
16339295
16339443
16339829
16339853
16339985
16340003
16340061
16340087
16340137
16340231
16340261
16340457
16340459
16340511
16340529
16340583
16340587
16340637
16340791
16340885
16340897
16340907
16340927
16341089
16341433
16341471
16341595
16341671
16341711
16341821
16341993
16342171
16342215
16342255
16342287
16342301
16342415
16342431
16342469
16342477
16342633
16342639
16342707
16342793
16342807
16342875
16342905
16342941
16342997
16343181
16343185
16343203
16343227
16343393
16343401
16343571
16343579
16343617
16343663
16343671
16343935
16343997
16344009
16344033
16344085
16344201
16344291
16344319
16344381
16344397
16344407
16344683
16344813
16344867
16344877
16344903
16345073
16345255
16345293
16345357
16345381
16345417
16345457
16345485
16345497
16345567
16345607
16345739
16345897
16345977
16346019
16346197
16346273
16346299
16346457
16346475
16346617
16346741
16346747
16346763
16346787
16346827
16346829
16346867
16346877
16346909
16347011
16347181
16347233
16347447
16347475
16347493
16347505
16347577
16347593
16347601
16347613
16347701
16347711
16347715
16347733
16347857
16347877
16347905
16348165
16348223
16348259
16348331
16348441
16348453
16348533
16348579
16348841
16348855
16348951
16348973
16349119
16349159
16349251
16349253
16349319
16349385
16349547
16349583
16349701
16349927
16349949
16350005
16350093
16350109
16350169
16350175
16350283
16350347
16350385
16350411
16350497
16350515
16350571
16350579
16350737
16350765
16350797
16350819
16351063
16351133
16351181
16351187
16351267
16351317
16351469
16351491
16351549
16351625
16351715
16351837
16351925
16351931
16352231
16352363
16352627
16352729
16352781
16352817
16352903
16352949
16353025
16353199
16353223
16353245
16353295
16353353
16353399
16353413
16353839
16354021
16354087
16354193
16354209
16354299
16354309
16354447
16354451
16354527
16354831
16354879
16354923
16354973
16355171
16355181
16355311
16355387
16355439
16355483
16355519
16355529
16355585
16355811
16355921
16356337
16356427
16356499
16356661
16356755
16356783
16356803
16356941
16357231
16357251
16357275
16357387
16357515
16357671
16357751
16357771
16357837
16357849
16357907
16357911
16358021
16358117
16358269
16358291
16358309
16358433
16358469
16358539
16358543
16358671
16358845
16358903
16359017
16359027
16359141
16359205
16359207
16359269
16359291
16359327
16359351
16359437
16359535
16359579
16359583
16359647
16359661
16359731
16359849
16359999
16360255
16360311
16360319
16360411
16360567
16360663
16360687
16360703
16360715
16360781
16360887
16360889
16361113
16361161
16361345
16361363
16361383
16361431
16361613
16361655
16361735
16361887
16362129
16362139
16362181
16362311
16362365
16362613
16362625
16362639
16362671
16362841
16362977
16362979
16362983
16363037
16363351
16363355
16363415
16363635
16363671
16363835
16364115
16364147
16364169
16364247
16364293
16364373
16364411
16364451
16364471
16364573
16364673
16364767
16364781
16364845
16364859
16364861
16365065
16365329
16365409
16365551
16365553
16365599
16365617
16365661
16365759
16366011
16366201
16366263
16366293
16366361
16366383
16366511
16366519
16366669
16366713
16366767
16366819
16366863
16366933
16366957
16367017
16367185
16367235
16367281
16367321
16367333
16367441
16367449
16367573
16367623
16367659
16367685
16367693
16367789
16367887
16367913
16368033
16368069
16368087
16368093
16368125
16368163
16368183
16368189
16368199
16368205
16368215
16368287
16368385
16368387
16368443
16368535
16368549
16368591
16368641
16368737
16368743
16368787
16368797
16368811
16368903
16368907
16368927
16368937
16369015
16369019
16369029
16369115
16369347
16369573
16369631
16369725
16369731
16369793
16369875
16369919
16369985
16370085
16370341
16370395
16370629
16370647
16370691
16370923
16371017
16371039
16371095
16371143
16371223
16371263
16371269
16371301
16371343
16371435
16371463
16371575
16371631
16371685
16371779
16371815
16371839
16371859
16372037
16372083
16372149
16372195
16372255
16372289
16372299
16372303
16372333
16372461
16372529
16372535
16372661
16372717
16372785
16372857
16372937
16372991
16373123
16373125
16373353
16373587
16373639
16373715
16373735
16373765
16373815
16373955
16374089
16374103
16374371
16374393
16374407
16374543
16374547
16374693
16374757
16374885
16374899
16374909
16374923
16374969
16375121
16375147
16375159
16375449
16375493
16375891
16376099
16376123
16376545
16376611
16376697
16376707
16376721
16376769
16376787
16376865
16376873
16376903
16376979
16376987
16377067
16377127
16377163
16377175
16377271
16377381
16377455
16377477
16377645
16377815
16377843
16377893
16377917
16377929
16377953
16378023
16378027
16378033
16378053
16378099
16378141
16378207
16378213
16378243
16378281
16378385
16378409
16378475
16378485
16378493
16378603
16378743
16378813
16378875
16378879
16378925
16378995
16379007
16379027
16379039
16379065
16379091
16379119
16379187
16379305
16379319
16379331
16379363
16379429
16379453
16379555
16379571
16379643
16379733
16379767
16379905
16380099
16380185
16380203
16380239
16380389
16380421
16380461
16380537
16380547
16380673
16380813
16380937
16380993
16381087
16381093
16381125
16381129
16381179
16381313
16381457
16381479
16381549
16381695
16381731
16381823
16381845
16381857
16382079
16382119
16382137
16382243
16382245
16382251
16382309
16382369
16382379
16382777
16383005
16383045
16383111
16383349
16383447
16383477
16383653
16383713
16383753
16383763
16384015
16384093
16384177
16384213
16384221
16384255
16384317
16384327
16384383
16384467
16384647
16384699
16384823
16385025
16385137
16385151
16385153
16385157
16385159
16385169
16385175
16385243
16385293
16385313
16385385
16385533
16385599
16385651
16385781
16385799
16385807
16385835
16385883
16385959
16386105
16386119
16386241
16386251
16386371
16386379
16386401
16386453
16386465
16386761
16386771
16386795
16386891
16386981
16387007
16387011
16387181
16387219
16387375
16387379
16387417
16387493
16387579
16387681
16387683
16387771
16387801
16387967
16388093
16388139
16388193
16388247
16388249
16388297
16388353
16388367
16388423
16388441
16388549
16388621
16388633
16388707
16388919
16389123
16389203
16389225
16389255
16389291
16389309
16389335
16389475
16389517
16389523
16389589
16389637
16389677
16389713
16389785
16389921
16389937
16390069
16390121
16390155
16390195
16390199
16390213
16390375
16390487
16390587
16390663
16390665
16390835
16390853
16391121
16391131
16391249
16391325
16391391
16391639
16391713
16391775
16391833
16391839
16391931
16392025
16392029
16392039
16392223
16392321
16392339
16392353
16392377
16392451
16392705
16392719
16392721
16392853
16393043
16393189
16393233
16393295
16393301
16393309
16393363
16393373
16393479
16393521
16393543
16393569
16393581
16393665
16393719
16393849
16393861
16393879
16393923
16393943
16394155
16394217
16394367
16394477
16394549
16394649
16394653
16394655
16394735
16394807
16394825
16394855
16394859
16394923
16394953
16394965
16395025
16395105
16395111
16395329
16395411
16395493
16395677
16395719
16395815
16395849
16395861
16395907
16396079
16396263
16396335
16396379
16396459
16396461
16396591
16396853
16396863
16397103
16397241
16397277
16397413
16397469
16397629
16397659
16397661
16397843
16397859
16397911
16397987
16398091
16398147
16398249
16398345
16398357
16398475
16398547
16398651
16398747
16398759
16398783
16398821
16398829
16398895
16398941
16399205
16399251
16399387
16399555
16399559
16399649
16399779
16399801
16400315
16400381
16400397
16400593
16400637
16400667
16400791
16400931
16401113
16401115
16401229
16401305
16401313
16401403
16401463
16401487
16401489
16401533
16401541
16401557
16401645
16401683
16401815
16401817
16401903
16401917
16401959
16401971
16402003
16402103
16402153
16402201
16402213
16402217
16402233
16402347
16402589
16402735
16402739
16402759
16403061
16403081
16403123
16403175
16403177
16403247
16403343
16403353
16403355
16403365
16403423
16403465
16403645
16403649
16403655
16403661
16403679
16403759
16403825
16403923
16403967
16404031
16404035
16404069
16404111
16404155
16404215
16404223
16404323
16404339
16404403
16404415
16404467
16404527
16404723
16405039
16405057
16405225
16405373
16405387
16405503
16405515
16405641
16405649
16405675
16405769
16405787
16405877
16405933
16406009
16406029
16406077
16406153
16406199
16406307
16406473
16406553
16406557
16406617
16406709
16406735
16406757
16406765
16406883
16407033
16407053
16407255
16407347
16407465
16407471
16407477
16407509
16407511
16407535
16407631
16407639
16407691
16407707
16407793
16407833
16407991
16408013
16408093
16408229
16408253
16408417
16408441
16408447
16408553
16408613
16408717
16408731
16408743
16408779
16408899
16408913
16409003
16409069
16409137
16409149
16409183
16409221
16409239
16409267
16409323
16409343
16409419
16409495
16409561
16409675
16409713
16409725
16409891
16409927
16409931
16409989
16409993
16410035
16410071
16410291
16410407
16410459
16410531
16410533
16410545
16410625
16410685
16410743
16410981
16411079
16411275
16411341
16411397
16411415
16411559
16411725
16411787
16411897
16411907
16411939
16411941
16411969
16411999
16412123
16412167
16412197
16412361
16412377
16412379
16412461
16412465
16412491
16412571
16412693
16412819
16412823
16412877
16413203
16413337
16413549
16413563
16413575
16413593
16413715
16413761
16413819
16414031
16414147
16414291
16414339
16414381
16414477
16414495
16414645
16414681
16414707
16414761
16414807
16414831
16414887
16414925
16414971
16415015
16415201
16415231
16415323
16415575
16415757
16415821
16415881
16415949
16416029
16416061
16416119
16416273
16416409
16416451
16416461
16416531
16416693
16416707
16416901
16416955
16417027
16417057
16417153
16417261
16417291
16417321
16417429
16417437
16417475
16417517
16417567
16417641
16417653
16417677
16417679
16417735
16417767
16417879
16417927
16418005
16418011
16418013
16418015
16418043
16418053
16418061
16418073
16418119
16418127
16418229
16418407
16418473
16418507
16418621
16418787
16418867
16418909
16418955
16418967
16418981
16419069
16419137
16419173
16419175
16419281
16419293
16419355
16419367
16419407
16419417
16419441
16419465
16419643
16419657
16419741
16419829
16419887
16419893
16419973
16420009
16420019
16420071
16420095
16420111
16420131
16420147
16420219
16420359
16420391
16420403
16420407
16420449
16420581
16420633
16420721
16420745
16420825
16420865
16420883
16420939
16421089
16421203
16421283
16421365
16421407
16421411
16421533
16421579
16421735
16421773
16421959
16422091
16422351
16422383
16422431
16422475
16422477
16422479
16422503
16422761
16422851
16422869
16422885
16422937
16422969
16423033
16423161
16423249
16423295
16423307
16423317
16423429
16423475
16423543
16423723
16423831
16424105
16424113
16424147
16424169
16424255
16424267
16424363
16424381
16424389
16424541
16424651
16424711
16424815
16424857
16424987
16425051
16425069
16425115
16425175
16425183
16425301
16425327
16425333
16425419
16425543
16425593
16425597
16425619
16425641
16425645
16425699
16425955
16425987
16426067
16426231
16426269
16426353
16426417
16426425
16426545
16426567
16426589
16426641
16426709
16426759
16426761
16426765
16426787
16426953
16426965
16427031
16427091
16427133
16427145
16427161
16427173
16427227
16427235
16427479
16427597
16427661
16427779
16427787
16427809
16427835
16427873
16427893
16427903
16427995
16428053
16428103
16428141
16428207
16428215
16428321
16428323
16428325
16428365
16428445
16428541
16428623
16428819
16428879
16428883
16428897
16428899
16428923
16429091
16429237
16429331
16429415
16429451
16429493
16429601
16429639
16429751
16429943
16430019
16430135
16430215
16430261
16430263
16430555
16430605
16430635
16430639
16430649
16430719
16430723
16430825
16430843
16430981
16431051
16431071
16431115
16431187
16431389
16431495
16431547
16431631
16431763
16431831
16432017
16432019
16432179
16432253
16432277
16432465
16432571
16432667
16432699
16432787
16432813
16432949
16432975
16433001
16433305
16433323
16433353
16433367
16433485
16433535
16433557
16433567
16433657
16433675
16433751
16433901
16433913
16434035
16434121
16434257
16434339
16434351
16434357
16434363
16434417
16434501
16434525
16434669
16434783
16434829
16434969
16434977
16435001
16435037
16435077
16435103
16435115
16435157
16435181
16435191
16435217
16435375
16435449
16435507
16435509
16435581
16435591
16435607
16435675
16435689
16435905
16435921
16435965
16435987
16436109
16436175
16436291
16436537
16436635
16436761
16436875
16436957
16437035
16437347
16437467
16437507
16437555
16437677
16438193
16438339
16438379
16438555
16438665
16438713
16438749
16438757
16438781
16438903
16438955
16438957
16438965
16438981
16439031
16439255
16439271
16439343
16439415
16439577
16439583
16439609
16439795
16439911
16440043
16440089
16440117
16440119
16440367
16440415
16440423
16440469
16440515
16440541
16440709
16440715
16440717
16440735
16440745
16440877
16441039
16441075
16441221
16441265
16441299
16441477
16441479
16441535
16441633
16441637
16441701
16441775
16441919
16441963
16442047
16442077
16442167
16442185
16442277
16442387
16442411
16442427
16442527
16442561
16442665
16442965
16443077
16443101
16443133
16443217
16443299
16443339
16443397
16443591
16443593
16443611
16443739
16443787
16443825
16443893
16443939
16444037
16444087
16444191
16444299
16444319
16444327
16444367
16444501
16444503
16444555
16444593
16444653
16444829
16444855
16444891
16444999
16445039
16445187
16445193
16445305
16445307
16445381
16445389
16445473
16445663
16445767
16445777
16445913
16445995
16446015
16446045
16446189
16446243
16446301
16446333
16446449
16446495
16446529
16446637
16446735
16446751
16446791
16446813
16446963
16446967
16447167
16447227
16447237
16447295
16447441
16447585
16447597
16447649
16447745
16447761
16447795
16447941
16447975
16448039
16448093
16448199
16448203
16448265
16448463
16448559
16448599
16448653
16448759
16448857
16448945
16449061
16449067
16449109
16449475
16449481
16449495
16449589
16449761
16449917
16450329
16450377
16450415
16450537
16450627
16450859
16451011
16451037
16451043
16451217
16451351
16451363
16451397
16451469
16451503
16451553
16451629
16451697
16451863
16451983
16452065
16452149
16452203
16452205
16452465
16452467
16452511
16452515
16452563
16452619
16452667
16452699
16452709
16452817
16452897
16452909
16452941
16452961
16452973
16452979
16453309
16453395
16453437
16453491
16453507
16453511
16453539
16453711
16453717
16453793
16453931
16453963
16454069
16454233
16454265
16454407
16454491
16454531
16454547
16454569
16454633
16454653
16454789
16454827
16454855
16454897
16454947
16454985
16455071
16455081
16455093
16455191
16455231
16455357
16455475
16455561
16455613
16455625
16455669
16455683
16455845
16455889
16455917
16455943
16456149
16456191
16456201
16456341
16456381
16456525
16456609
16456803
16456815
16456967
16457019
16457243
16457461
16457491
16457637
16457791
16457795
16457805
16457877
16457959
16457975
16457997
16458069
16458177
16458269
16458459
16458545
16458547
16458599
16458625
16458799
16458857
16459057
16459185
16459203
16459237
16459251
16459261
16459363
16459381
16459427
16459697
16459709
16459741
16459759
16459761
16459845
16459951
16460091
16460161
16460281
16460307
16460357
16460455
16460537
16460571
16460587
16460697
16460747
16460829
16460973
16461191
16461255
16461271
16461281
16461317
16461489
16461491
16461543
16461567
16461641
16461855
16461941
16461957
16461971
16462229
16462339
16462411
16462481
16462489
16462517
16462549
16462623
16462649
16462659
16462671
16462847
16463009
16463057
16463191
16463391
16463531
16463569
16463595
16463637
16463659
16463729
16463781
16463847
16463921
16463965
16463969
16464043
16464061
16464063
16464087
16464191
16464331
16464397
16464441
16464581
16464803
16464805
16464925
16465021
16465033
16465131
16465291
16465375
16465411
16465465
16465521
16465595
16465635
16465655
16465685
16465733
16466053
16466169
16466219
16466337
16466579
16466613
16466719
16466769
16466975
16467009
16467205
16467255
16467387
16467455
16467577
16467583
16467589
16467637
16467647
16467919
16468229
16468289
16468375
16468443
16468457
16468567
16468625
16468639
16468677
16468689
16468695
16468827
16468901
16468927
16468935
16468983
16469061
16469083
16469085
16469235
16469337
16469413
16469427
16469433
16469441
16469453
16469535
16469617
16469643
16469723
16469823
16470123
16470177
16470307
16470357
16470421
16470423
16470591
16470613
16470707
16470767
16470847
16470935
16470967
16470985
16471041
16471087
16471101
16471187
16471317
16471389
16471423
16471469
16471565
16471597
16471623
16471635
16471645
16471665
16471689
16471739
16471811
16471873
16471941
16471951
16472299
16472307
16472329
16472395
16472569
16472631
16472677
16472681
16472969
16473019
16473101
16473217
16473311
16473399
16473425
16473431
16473435
16473615
16473663
16473665
16473687
16473727
16473783
16473939
16473971
16474065
16474089
16474101
16474191
16474323
16474419
16474489
16474493
16474519
16474637
16474777
16474845
16474893
16475133
16475213
16475253
16475297
16475335
16475355
16475397
16475483
16475499
16475509
16475557
16475649
16475943
16475967
16476009
16476061
16476213
16476307
16476317
16476329
16476345
16476409
16476417
16476511
16476515
16476539
16476689
16476717
16476785
16476889
16476923
16476985
16477009
16477035
16477085
16477199
16477207
16477509
16477541
16477561
16477679
16477805
16477807
16477867
16478073
16478101
16478497
16478501
16478533
16478561
16478765
16478789
16479197
16479245
16479409
16479413
16479443
16479453
16479471
16479823
16479825
16479903
16479909
16479973
16479993
16480123
16480143
16480179
16480199
16480211
16480297
16480321
16480335
16480371
16480465
16480569
16481005
16481073
16481267
16481329
16481477
16481631
16481681
16481683
16481805
16481867
16481893
16481987
16482007
16482233
16482293
16482323
16482491
16482541
16482701
16482751
16482945
16483047
16483095
16483097
16483241
16483313
16483493
16483513
16483533
16483541
16483567
16483595
16483651
16483711
16483851
16483867
16483955
16484097
16484123
16484143
16484263
16484407
16484421
16484463
16484537
16484581
16484679
16484761
16484913
16484951
16484979
16485049
16485079
16485113
16485143
16485375
16485397
16485405
16485451
16485561
16485609
16485679
16485715
16485753
16485759
16486055
16486103
16486115
16486301
16486309
16486347
16486403
16486477
16486497
16486669
16486673
16486705
16486831
16486957
16486967
16487089
16487129
16487245
16487297
16487583
16487607
16487659
16487747
16487873
16487877
16487893
16487901
16487919
16487927
16488063
16488091
16488153
16488263
16488279
16488359
16488441
16488501
16488681
16488813
16489041
16489111
16489133
16489227
16489265
16489387
16489393
16489479
16489529
16489611
16489623
16489839
16489863
16489957
16489991
16490031
16490211
16490229
16490313
16490349
16490441
16490553
16490561
16490617
16490639
16490723
16490803
16491029
16491035
16491075
16491237
16491287
16491401
16491541
16491575
16491581
16491655
16491737
16491975
16492097
16492235
16492275
16492295
16492319
16492331
16492369
16492425
16492655
16492667
16492719
16492745
16492789
16492797
16492871
16492893
16493029
16493071
16493115
16493119
16493255
16493323
16493357
16493651
16493699
16493745
16493771
16493809
16493845
16494103
16494105
16494159
16494195
16494297
16494555
16494659
16494667
16494775
16494809
16494939
16495087
16495215
16495217
16495227
16495533
16495561
16495601
16495635
16495719
16495847
16495849
16495961
16495973
16496063
16496107
16496501
16496515
16496569
16496571
16496575
16496619
16496957
16496983
16496991
16497063
16497153
16497163
16497215
16497315
16497333
16497337
16497393
16497469
16497491
16497583
16497685
16497733
16497787
16497853
16497869
16497983
16498067
16498117
16498139
16498159
16498255
16498259
16498321
16498371
16498439
16498465
16498531
16498553
16498779
16498805
16498853
16498913
16498929
16499013
16499123
16499145
16499325
16499475
16499515
16499601
16499663
16499709
16499731
16499801
16499861
16499883
16499891
16499907
16499911
16499965
16499989
16500149
16500287
16500393
16500441
16500473
16500505
16500541
16500551
16500571
16500591
16500641
16500663
16500677
16500681
16500823
16500851
16500967
16500983
16501069
16501145
16501243
16501325
16501371
16501399
16501403
16501407
16501665
16501855
16501917
16501979
16502005
16502163
16502229
16502321
16502375
16502417
16502427
16502539
16502557
16502575
16502731
16502899
16503071
16503107
16503189
16503253
16503281
16503347
16503381
16503383
16503589
16503639
16503661
16503959
16504029
16504089
16504165
16504209
16504283
16504365
16504367
16504397
16504431
16504695
16504779
16504873
16505047
16505273
16505471
16505493
16505523
16505557
16505569
16505673
16505685
16505745
16505753
16505869
16506021
16506037
16506185
16506293
16506295
16506307
16506385
16506393
16506437
16506525
16506547
16506701
16506727
16506863
16506891
16507065
16507191
16507303
16507319
16507565
16507619
16507747
16507841
16507943
16508369
16508437
16508467
16508501
16508563
16508671
16508769
16508821
16508853
16508913
16509095
16509103
16509123
16509131
16509175
16509215
16509321
16509385
16509411
16509497
16509507
16509581
16509585
16509683
16509717
16509895
16509983
16510097
16510123
16510207
16510217
16510359
16510409
16510553
16510663
16510783
16510811
16510869
16510909
16510927
16510929
16510973
16511089
16511109
16511125
16511183
16511267
16511341
16511723
16511811
16511961
16511969
16512341
16512403
16512461
16512661
16512683
16512733
16512793
16512831
16512861
16512899
16512971
16513271
16513313
16513337
16513401
16513433
16513439
16513497
16513567
16513609
16513747
16513815
16514029
16514055
16514115
16514217
16514245
16514273
16514279
16514283
16514333
16514421
16514453
16514549
16514591
16514673
16514697
16514915
16514925
16514951
16514995
16515011
16515023
16515041
16515129
16515249
16515277
16515331
16515377
16515381
16515579
16515683
16515689
16515791
16515799
16515837
16515855
16515901
16516007
16516161
16516239
16516349
16516355
16516383
16516405
16516449
16516459
16516513
16516571
16516681
16516799
16517071
16517087
16517151
16517159
16517307
16517315
16517461
16517467
16517513
16517649
16517741
16517813
16517969
16517973
16518065
16518213
16518231
16518309
16518413
16518425
16518613
16518723
16518727
16518805
16518895
16519001
16519035
16519043
16519123
16519157
16519241
16519515
16519531
16519553
16519559
16519645
16519681
16519985
16520043
16520105
16520151
16520227
16520281
16520359
16520377
16520385
16520475
16520563
16520581
16520713
16520741
16520755
16520807
16520975
16520983
16521019
16521023
16521081
16521087
16521199
16521219
16521295
16521357
16521415
16521461
16521599
16521713
16521769
16521899
16521903
16521921
16521931
16521963
16521985
16522019
16522023
16522089
16522209
16522491
16522535
16522593
16522673
16522715
16522745
16522813
16522953
16523033
16523051
16523085
16523089
16523091
16523103
16523177
16523297
16523341
16523355
16523453
16523513
16523561
16523663
16523757
16523771
16523925
16523973
16524059
16524121
16524151
16524241
16524257
16524265
16524307
16524353
16524371
16524379
16524381
16524427
16524441
16524503
16524529
16524533
16524807
16524819
16524823
16524923
16524931
16525055
16525145
16525193
16525427
16525481
16525541
16525581
16525591
16525621
16525843
16525865
16525925
16526121
16526175
16526335
16526381
16526449
16526455
16526559
16526591
16526671
16526737
16526823
16526853
16526895
16526941
16527031
16527143
16527147
16527165
16527643
16527647
16527709
16527833
16527841
16527865
16527895
16528143
16528165
16528209
16528211
16528221
16528247
16528347
16528375
16528405
16528423
16528483
16528521
16528667
16528759
16529105
16529221
16529279
16529291
16529317
16529339
16529345
16529497
16529517
16529561
16529591
16529599
16529977
16530067
16530295
16530311
16530399
16530417
16530541
16530545
16530599
16530885
16531009
16531119
16531137
16531185
16531201
16531211
16531241
16531243
16531247
16531287
16531311
16531347
16531355
16531359
16531443
16531463
16531521
16531527
16531615
16531717
16531751
16532051
16532137
16532275
16532305
16532425
16532455
16532477
16532489
16532577
16532595
16532653
16532751
16532863
16532901
16532933
16533059
16533265
16533383
16533575
16533831
16533933
16534137
16534223
16534317
16534449
16534571
16534593
16534631
16534831
16534951
16534981
16535031
16535175
16535185
16535369
16535621
16535661
16535683
16535789
16535791
16535905
16535961
16536233
16536255
16536283
16536331
16536353
16536369
16536487
16536503
16536531
16536585
16536587
16536589
16536601
16536767
16536995
16537005
16537185
16537321
16537349
16537407
16537631
16537639
16537823
16537893
16537909
16537961
16538059
16538081
16538199
16538207
16538419
16538475
16538581
16538731
16538829
16538877
16538911
16538967
16538977
16539087
16539297
16539315
16539405
16539459
16539485
16539571
16539637
16539661
16539667
16539675
16539799
16539945
16539957
16540017
16540061
16540087
16540197
16540209
16540401
16540403
16540407
16540431
16540467
16540523
16540621
16540643
16540645
16540663
16540791
16540965
16541421
16541447
16541529
16541543
16541571
16541607
16541889
16541901
16541913
16542033
16542093
16542169
16542175
16542211
16542221
16542331
16542389
16542415
16542465
16542479
16542539
16542737
16542769
16542939
16543021
16543161
16543163
16543171
16543343
16543431
16543433
16543513
16543519
16543555
16543635
16544115
16544197
16544351
16544433
16544589
16544697
16544779
16544815
16544889
16544961
16545059
16545079
16545203
16545209
16545261
16545277
16545299
16545349
16545441
16545475
16545491
16545499
16545641
16545773
16545873
16546057
16546165
16546169
16546171
16546255
16546349
16546425
16546501
16546655
16546707
16546721
16546739
16546817
16546917
16546931
16546951
16546955
16546971
16547021
16547301
16547345
16547363
16547707
16547723
16547813
16547841
16547897
16548113
16548177
16548193
16548259
16548307
16548309
16548369
16548405
16548417
16548429
16548477
16548541
16548545
16548593
16548709
16548717
16548773
16548915
16548949
16548989
16549011
16549023
16549049
16549149
16549217
16549271
16549411
16549417
16549487
16549511
16549529
16549611
16549699
16549731
16549781
16549809
16549835
16549867
16549873
16549885
16549943
16550031
16550253
16550273
16550347
16550437
16550543
16550551
16550607
16550711
16550747
16550807
16550811
16550827
16550893
16550915
16550953
16550963
16551013
16551035
16551053
16551089
16551147
16551157
16551163
16551185
16551201
16551353
16551437
16551669
16551681
16551685
16551731
16551745
16551901
16551947
16552067
16552079
16552097
16552165
16552693
16552797
16552857
16552953
16552985
16553047
16553067
16553089
16553309
16553329
16553333
16553357
16553447
16553477
16553495
16553583
16553861
16554103
16554115
16554127
16554131
16554141
16554223
16554249
16554301
16554397
16554447
16554473
16554501
16554597
16554713
16554983
16555005
16555017
16555091
16555123
16555197
16555271
16555277
16555279
16555329
16555335
16555363
16555399
16555421
16555479
16555491
16555535
16555575
16555601
16555831
16555973
16555977
16556081
16556183
16556237
16556343
16556353
16556361
16556375
16556431
16556505
16556511
16556541
16556625
16556639
16556655
16556709
16556761
16556801
16556943
16557093
16557111
16557121
16557237
16557247
16557261
16557341
16557371
16557463
16557767
16557779
16557829
16557949
16558187
16558285
16558291
16558319
16558371
16558381
16558735
16558805
16558847
16558881
16558979
16559085
16559121
16559167
16559351
16559435
16559457
16559461
16559493
16559605
16559757
16560041
16560187
16560213
16560221
16560319
16560327
16560383
16560507
16560617
16560767
16560849
16560897
16560965
16560973
16560991
16561007
16561053
16561349
16561503
16561585
16561741
16561763
16561779
16561801
16561805
16561815
16561855
16561869
16562109
16562181
16562225
16562267
16562355
16562463
16562503
16562563
16562583
16562587
16562669
16562715
16562719
16562967
16563017
16563169
16563227
16563697
16563779
16563785
16563855
16563875
16563929
16564263
16564275
16564373
16564397
16564629
16564657
16564723
16564761
16564801
16564909
16565051
16565113
16565281
16565283
16565289
16565315
16565449
16565467
16565469
16565475
16565559
16565581
16565977
16566011
16566213
16566269
16566321
16566323
16566365
16566473
16566541
16566627
16566787
16566811
16566985
16567065
16567067
16567201
16567283
16567353
16567597
16567607
16567631
16567659
16567683
16567689
16567697
16567993
16568149
16568229
16568311
16568317
16568425
16568489
16568583
16568825
16568959
16569123
16569139
16569231
16569335
16569483
16569517
16569533
16569565
16569623
16569735
16569771
16569821
16569853
16569923
16569965
16569975
16569987
16570353
16570375
16570597
16570711
16570737
16570837
16570875
16571057
16571089
16571135
16571167
16571251
16571261
16571317
16571469
16571599
16571673
16571705
16571781
16571911
16572023
16572099
16572209
16572221
16572229
16572291
16572349
16572485
16572597
16572667
16572735
16572815
16572821
16572967
16572973
16573043
16573069
16573123
16573155
16573261
16573269
16573525
16573549
16573567
16573603
16573623
16573641
16573667
16573767
16573819
16573879
16573949
16573961
16574009
16574099
16574111
16574147
16574171
16574213
16574437
16574541
16574627
16574741
16574809
16574835
16574877
16574929
16575143
16575225
16575255
16575265
16575375
16575397
16575467
16575513
16575559
16575563
16575591
16575607
16575611
16575643
16575867
16575991
16576101
16576225
16576297
16576359
16576477
16576513
16576539
16576627
16576631
16576635
16576647
16576705
16576749
16576809
16576811
16576901
16576927
16576973
16577025
16577045
16577059
16577139
16577279
16577399
16577415
16577437
16577595
16577635
16577791
16577825
16577869
16577897
16577931
16577971
16577993
16578169
16578305
16578463
16578497
16578743
16578761
16578791
16578829
16578863
16578909
16578971
16579117
16579143
16579159
16579169
16579219
16579275
16579465
16579661
16579671
16579797
16579849
16579869
16579887
16579985
16579993
16580097
16580103
16580107
16580157
16580179
16580247
16580641
16580647
16580739
16581045
16581189
16581205
16581279
16581299
16581395
16581473
16581701
16581733
16581735
16581751
16581823
16581903
16582015
16582055
16582113
16582127
16582307
16582397
16582649
16582743
16582829
16582843
16582983
16583041
16583055
16583095
16583149
16583179
16583203
16583235
16583347
16583357
16583425
16583437
16583477
16583725
16583809
16583847
16583921
16583993
16584017
16584047
16584093
16584271
16584373
16584413
16584615
16584761
16584785
16584839
16584907
16585165
16585295
16585303
16585339
16585423
16585547
16585567
16585569
16585583
16585659
16585701
16585743
16585793
16585829
16585847
16585987
16586189
16586209
16586217
16586303
16586431
16586587
16586623
16586665
16586711
16586777
16586835
16587053
16587091
16587197
16587211
16587241
16587253
16587267
16587285
16587351
16587479
16587599
16587655
16587663
16587677
16587751
16587855
16587869
16587957
16588175
16588293
16588297
16588371
16588393
16588543
16588563
16588601
16588725
16588749
16589205
16589299
16589313
16589363
16589473
16589505
16589627
16589643
16589737
16589789
16589903
16590105
16590275
16590311
16590359
16590519
16590633
16590651
16590655
16590699
16590717
16590727
16590891
16591111
16591133
16591219
16591251
16591293
16591333
16591491
16591609
16591621
16591681
16591739
16591767
16591855
16591941
16592019
16592083
16592115
16592205
16592217
16592229
16592309
16592319
16592447
16592453
16592461
16592497
16592683
16592719
16592907
16592921
16592953
16592991
16593011
16593041
16593087
16593115
16593119
16593155
16593699
16593747
16593805
16593827
16593877
16594001
16594091
16594287
16594329
16594381
16594421
16594431
16594579
16594641
16594663
16594671
16594701
16594737
16594739
16594771
16594851
16594919
16594967
16594971
16595015
16595037
16595065
16595077
16595127
16595293
16595315
16595327
16595339
16595363
16595375
16595403
16595425
16595557
16595693
16595723
16595735
16595881
16595907
16596053
16596107
16596165
16596177
16596193
16596217
16596227
16596315
16596373
16596383
16596445
16596497
16596595
16596703
16596873
16596897
16596977
16596999
16597089
16597093
16597097
16597099
16597279
16597313
16597315
16597529
16597555
16597567
16597571
16597655
16597807
16597817
16597835
16597913
16597997
16598095
16598115
16598335
16598381
16598445
16598471
16598511
16598581
16598583
16598609
16598643
16598653
16598655
16598845
16599077
16599107
16599119
16599121
16599395
16599425
16599519
16599527
16599571
16599581
16599595
16599705
16599739
16599971
16600029
16600157
16600209
16600459
16600531
16600653
16600663
16600739
16600861
16600995
16601041
16601073
16601153
16601183
16601201
16601329
16601383
16601387
16601445
16601467
16601719
16601769
16601817
16601879
16601901
16601979
16602091
16602103
16602107
16602147
16602235
16602375
16602503
16602713
16602873
16602981
16603007
16603019
16603049
16603143
16603189
16603269
16603453
16603459
16603463
16603601
16603603
16603635
16603659
16603707
16603899
16603905
16604089
16604155
16604229
16604233
16604429
16604457
16604595
16604849
16604861
16604905
16604999
16605005
16605027
16605175
16605251
16605307
16605309
16605543
16605591
16605603
16605625
16605667
16605777
16605969
16606091
16606111
16606235
16606247
16606279
16606365
16606369
16606565
16606571
16606579
16606581
16606941
16606955
16607115
16607135
16607235
16607251
16607289
16607317
16607365
16607401
16607571
16607587
16607621
16607651
16607661
16607987
16608067
16608113
16608173
16608281
16608347
16608525
16608529
16608537
16608567
16608719
16608757
16609099
16609131
16609165
16609211
16609213
16609271
16609343
16609503
16609541
16609547
16609615
16609663
16609709
16609831
16609921
16609983
16610001
16610029
16610113
16610161
16610187
16610205
16610471
16610573
16610595
16610629
16610645
16610675
16610677
16610729
16610829
16610841
16610911
16611069
16611073
16611083
16611095
16611157
16611239
16611283
16611329
16611429
16611549
16611565
16611709
16611799
16611925
16611991
16612001
16612019
16612037
16612053
16612069
16612091
16612119
16612195
16612219
16612221
16612313
16612453
16612487
16612511
16612619
16612635
16612773
16612815
16612831
16612895
16612947
16613043
16613067
16613091
16613107
16613335
16613351
16613409
16613445
16613487
16613573
16613663
16613713
16613739
16613763
16613837
16613851
16613867
16613887
16613907
16613957
16613971
16614013
16614059
16614079
16614191
16614255
16614393
16614473
16614491
16614629
16614653
16614839
16614925
16615001
16615107
16615147
16615331
16615339
16615669
16615709
16615857
16615865
16615981
16615987
16615993
16615999
16616009
16616117
16616255
16616297
16616393
16616499
16616535
16616545
16616625
16616659
16616777
16616869
16616979
16617053
16617163
16617349
16617415
16617461
16617511
16617767
16617771
16617867
16617877
16617933
16618055
16618061
16618087
16618197
16618203
16618205
16618237
16618267
16618319
16618471
16618755
16618977
16619091
16619433
16619545
16619567
16619597
16619721
16619761
16619763
16619783
16619803
16619829
16619835
16619957
16619975
16620347
16620373
16620421
16620461
16620475
16620527
16620621
16620979
16621147
16621149
16621151
16621153
16621185
16621267
16621313
16621411
16621421
16621457
16621493
16621517
16621555
16621565
16621637
16621645
16621665
16621673
16621757
16621773
16621819
16621847
16621855
16621889
16621977
16622067
16622099
16622137
16622217
16622255
16622305
16622337
16622441
16622465
16622491
16622589
16622601
16622647
16622679
16622721
16622819
16622903
16622991
16623013
16623111
16623187
16623195
16623379
16623413
16623425
16623435
16623473
16623595
16623643
16623725
16623727
16623753
16623763
16623775
16623787
16623847
16623895
16624033
16624049
16624435
16624467
16624515
16624517
16624527
16624665
16624823
16624845
16624915
16624925
16625011
16625137
16625143
16625239
16625253
16625289
16625307
16625323
16625325
16625391
16625453
16625517
16625635
16625757
16625847
16625881
16625883
16625955
16625967
16625979
16626075
16626081
16626087
16626095
16626397
16626407
16626485
16626549
16626681
16626987
16627121
16627165
16627199
16627211
16627279
16627315
16627431
16627455
16627535
16627585
16627627
16627727
16627797
16627853
16627863
16627947
16628007
16628033
16628079
16628381
16628401
16628419
16628437
16628529
16628565
16628747
16628749
16628757
16628905
16628935
16628953
16629251
16629279
16629285
16629353
16629619
16629633
16629667
16629685
16629695
16629737
16629881
16629983
16629995
16630151
16630233
16630279
16630287
16630293
16630369
16630497
16630829
16630835
16630857
16630881
16630929
16630947
16631071
16631109
16631133
16631153
16631221
16631291
16631353
16631459
16631465
16631567
16631579
16631595
16631599
16631871
16631981
16632033
16632121
16632159
16632177
16632357
16632379
16632413
16632461
16632469
16632491
16632601
16632759
16632787
16632841
16632973
16633007
16633043
16633063
16633389
16633393
16633441
16633641
16633683
16633755
16633787
16633797
16633813
16633861
16633905
16633983
16633985
16634023
16634147
16634173
16634235
16634239
16634283
16634371
16634611
16634677
16634725
16634835
16634881
16635009
16635039
16635149
16635191
16635275
16635297
16635309
16635531
16635553
16635641
16635701
16635709
16635829
16635881
16635899
16635947
16635999
16636011
16636113
16636135
16636265
16636275
16636337
16636483
16636617
16636629
16636665
16636763
16636845
16636853
16636901
16636907
16636933
16636941
16637101
16637157
16637161
16637211
16637235
16637255
16637261
16637275
16637317
16637343
16637419
16637463
16637465
16637499
16637505
16637535
16637627
16637737
16637887
16637929
16638011
16638049
16638065
16638081
16638129
16638131
16638205
16638207
16638223
16638251
16638475
16638493
16638563
16638589
16638725
16638829
16638877
16639125
16639155
16639161
16639259
16639321
16639337
16639377
16639409
16639433
16639441
16639451
16639477
16639541
16639695
16640021
16640075
16640083
16640163
16640185
16640241
16640421
16640537
16640591
16640603
16640637
16640697
16640741
16640745
16640753
16640771
16640775
16640847
16640893
16640897
16640905
16640975
16641043
16641113
16641123
16641225
16641233
16641319
16641381
16641441
16641517
16641587
16641615
16641675
16641807
16641905
16641977
16642013
16642037
16642091
16642099
16642231
16642289
16642361
16642389
16642435
16642487
16642613
16642671
16642687
16642701
16642931
16643017
16643099
16643101
16643239
16643247
16643277
16643349
16643407
16643465
16643625
16643643
16643647
16643657
16643719
16643743
16643805
16643885
16643917
16644123
16644257
16644325
16644429
16644467
16644473
16644699
16644797
16644991
16645027
16645039
16645091
16645175
16645285
16645291
16645441
16645491
16645635
16645641
16645829
16645941
16645943
16645993
16646051
16646083
16646293
16646307
16646369
16646559
16646571
16646595
16646693
16646719
16646765
16646831
16646961
16647005
16647275
16647309
16647425
16647479
16647557
16647565
16647807
16647855
16648061
16648195
16648333
16648353
16648413
16648465
16648487
16648527
16648577
16648685
16648727
16648869
16648947
16649027
16649175
16649185
16649263
16649275
16649301
16649415
16649421
16649435
16649499
16649619
16649897
16650033
16650151
16650209
16650251
16650381
16650491
16650649
16650753
16650827
16650977
16651113
16651133
16651177
16651343
16651413
16651717
16651903
16651915
16651967
16651979
16652039
16652197
16652259
16652271
16652317
16652381
16652399
16652651
16652671
16652701
16652923
16653025
16653123
16653133
16653295
16653569
16653695
16653729
16653897
16653899
16654033
16654083
16654281
16654347
16654391
16654499
16654553
16654793
16655063
16655089
16655183
16655223
16655285
16655327
16655439
16655485
16655487
16655509
16655595
16655763
16655863
16655941
16656027
16656065
16656223
16656297
16656409
16656417
16656463
16656491
16656501
16656535
16656625
16656797
16656837
16656849
16656935
16657087
16657113
16657131
16657217
16657287
16657343
16657381
16657383
16657445
16657569
16657771
16657859
16657931
16658277
16658311
16658353
16658383
16658387
16658409
16658463
16658525
16658581
16658643
16658657
16658685
16658693
16658893
16658979
16658995
16659087
16659221
16659241
16659459
16659473
16659627
16659745
16659781
16659959
16660107
16660237
16660469
16660483
16660511
16660619
16660667
16660699
16660885
16661081
16661403
16661763
16661831
16661835
16661885
16662035
16662077
16662161
16662175
16662233
16662259
16662295
16662371
16662757
16662827
16662935
16663135
16663205
16663339
16663467
16663517
16663521
16663525
16663621
16663703
16663749
16663881
16663915
16663959
16664111
16664123
16664321
16664395
16664429
16664495
16664551
16664687
16664807
16664859
16664901
16664939
16665085
16665153
16665277
16665317
16665351
16665361
16665591
16665715
16665731
16665871
16665897
16665909
16665947
16665985
16666037
16666053
16666093
16666213
16666239
16666247
16666257
16666381
16666551
16666693
16666707
16666713
16666735
16666763
16666793
16666819
16666831
16666891
16666895
16666977
16667171
16667179
16667213
16667259
16667323
16667445
16667517
16667541
16667581
16667621
16667711
16667839
16667957
16667959
16668203
16668211
16668357
16668399
16668669
16668753
16668769
16668771
16668783
16668785
16668867
16668885
16668959
16669055
16669167
16669335
16669361
16669391
16669427
16669471
16669523
16669597
16669647
16669681
16669763
16669887
16669995
16670019
16670035
16670145
16670167
16670219
16670227
16670285
16670323
16670673
16670695
16670727
16670945
16670949
16671029
16671113
16671175
16671187
16671233
16671281
16671283
16671361
16671655
16671861
16671883
16671901
16671989
16671999
16672057
16672133
16672159
16672269
16672355
16672357
16672393
16672409
16672439
16672607
16672641
16672665
16672801
16672835
16672843
16672859
16672925
16672931
16672971
16673197
16673283
16673305
16673361
16673553
16673613
16673653
16673675
16673695
16674311
16674541
16674661
16674683
16674703
16675059
16675329
16675543
16675561
16675673
16676003
16676167
16676257
16676471
16676587
16676605
16676743
16676787
16676799
16676845
16677045
16677167
16677175
16677189
16677193
16677351
16677429
16677439
16677503
16677595
16677627
16677745
16677851
16677875
16677883
16677885
16677893
16677907
16677929
16677987
16678001
16678131
16678321
16678351
16678369
16678433
16678459
16678555
16678575
16678615
16678667
16679117
16679135
16679209
16679247
16679259
16679345
16679405
16679419
16679441
16679679
16679691
16679827
16679905
16679947
16680087
16680119
16680159
16680281
16680351
16680393
16680411
16680417
16680473
16680589
16680611
16680693
16680761
16680985
16680989
16681125
16681257
16681357
16681381
16681491
16681519
16681631
16681669
16681699
16681791
16681837
16681851
16681881
16681901
16681989
16682031
16682131
16682155
16682285
16682357
16682405
16682509
16682553
16682609
16682635
16682793
16682831
16682977
16683073
16683199
16683203
16683377
16683613
16683673
16683769
16683781
16683963
16684015
16684187
16684291
16684327
16684353
16684363
16684415
16684459
16684473
16684509
16684635
16684679
16684735
16684769
16684779
16684799
16684805
16684813
16684987
16685103
16685107
16685239
16685269
16685327
16685419
16685447
16685627
16685709
16685757
16686041
16686247
16686279
16686295
16686333
16686339
16686357
16686575
16686627
16686667
16686687
16686705
16686729
16686837
16686851
16686861
16686869
16686877
16687169
16687357
16687449
16687461
16687515
16687523
16687593
16687691
16687727
16687735
16687827
16688073
16688281
16688285
16688293
16688379
16688449
16688455
16688651
16688683
16688755
16688767
16688821
16688921
16689031
16689043
16689277
16689295
16689327
16689371
16689373
16689417
16689529
16689537
16689617
16689625
16689723
16689909
16689931
16690051
16690063
16690165
16690297
16690369
16690417
16690425
16690675
16690679
16690681
16690747
16690775
16690789
16690833
16690849
16690855
16690945
16690973
16690977
16690997
16691125
16691271
16691275
16691339
16691351
16691459
16691477
16691551
16691755
16691765
16691947
16692053
16692105
16692125
16692247
16692293
16692359
16692423
16692553
16692611
16692621
16692627
16692699
16692843
16692851
16692939
16693061
16693103
16693203
16693297
16693369
16693467
16693741
16693753
16693781
16693805
16693885
16693985
16693987
16693989
16694071
16694207
16694253
16694305
16694311
16694329
16694339
16694561
16694581
16694589
16694629
16694767
16694843
16694985
16695165
16695167
16695325
16695541
16695605
16695689
16695711
16695745
16695797
16695801
16695805
16695829
16696029
16696061
16696121
16696175
16696231
16696313
16696419
16696439
16696445
16696511
16696723
16696771
16696781
16696801
16696845
16697077
16697113
16697117
16697223
16697293
16697295
16697303
16697357
16697443
16697497
16697523
16697629
16697761
16697783
16697813
16697831
16698011
16698103
16698127
16698149
16698283
16698389
16698391
16698441
16698445
16698451
16698453
16698489
16698563
16698575
16698593
16698611
16698713
16698753
16698831
16698837
16698863
16698955
16698999
16699067
16699099
16699167
16699221
16699261
16699289
16699313
16699315
16699321
16699419
16699547
16699605
16699625
16699677
16699741
16699799
16699809
16699817
16699859
16699883
16699887
16699891
16699919
16700013
16700015
16700119
16700137
16700225
16700791
16700849
16700869
16700895
16700989
16700991
16701033
16701079
16701107
16701153
16701193
16701227
16701253
16701295
16701345
16701367
16701421
16701487
16701823
16701897
16702021
16702081
16702085
16702091
16702101
16702117
16702319
16702359
16702595
16702611
16702765
16702847
16702865
16702965
16702995
16703201
16703359
16703379
16703433
16703515
16703533
16703679
16703803
16703853
16703869
16703873
16704011
16704181
16704251
16704265
16704331
16704405
16704455
16704473
16704539
16704601
16704685
16705027
16705051
16705109
16705281
16705283
16705299
16705373
16705421
16705495
16705733
16705821
16705899
16705947
16706081
16706095
16706181
16706207
16706237
16706275
16706321
16706359
16706417
16706565
16706811
16706871
16706877
16706887
16706895
16707007
16707061
16707065
16707081
16707183
16707237
16707281
16707319
16707487
16707517
16707625
16707635
16707743
16707991
16708053
16708345
16708533
16708573
16708625
16708761
16708811
16708863
16708979
16709051
16709053
16709159
16709173
16709189
16709219
16709397
16709587
16709679
16709721
16709837
16709921
16710115
16710263
16710343
16710425
16710471
16710507
16710547
16710619
16710699
16710801
16710815
16710931
16710935
16710939
16710969
16710983
16711221
16711225
16711259
16711301
16711331
16711445
16711463
16711477
16711717
16711727
16711737
16711757
16711853
16711945
16712171
16712737
16712741
16712745
16712817
16712903
16712995
16713171
16713215
16713221
16713285
16713369
16713461
16713529
16713625
16713641
16713667
16713683
16713685
16713783
16713811
16713971
16713999
16714041
16714061
16714099
16714107
16714151
16714169
16714223
16714343
16714531
16714553
16714581
16714679
16714835
16714851
16714959
16715003
16715005
16715149
16715195
16715337
16715461
16715525
16715617
16715623
16715671
16715721
16715775
16715807
16715821
16715855
16715929
16715987
16716067
16716279
16716339
16716355
16716477
16716513
16716579
16716673
16716755
16716789
16716861
16716889
16716909
16716949
16717181
16717277
16717461
16717477
16717529
16717553
16717565
16717659
16717731
16717757
16717841
16718007
16718037
16718223
16718251
16718279
16718301
16718303
16718331
16718351
16718375
16718385
16718433
16718521
16718575
16718589
16718605
16718635
16718713
16718747
16718763
16719265
16719387
16719471
16719535
16719545
16719549
16719561
16719671
16719743
16719753
16719755
16719779
16719809
16719913
16719929
16720035
16720101
16720117
16720159
16720213
16720377
16720387
16720509
16720559
16720605
16720673
16720749
16720819
16720833
16721103
16721133
16721475
16721483
16721521
16721525
16721571
16721667
16721745
16721801
16721809
16721987
16722031
16722039
16722111
16722147
16722321
16722483
16722497
16722545
16722573
16722617
16722671
16722685
16722809
16722891
16722897
16722907
16722953
16722971
16722981
16723035
16723097
16723197
16723227
16723323
16723335
16723361
16723399
16723443
16723527
16723949
16724201
16724223
16724345
16724533
16724543
16724577
16724705
16724733
16724765
16724775
16724821
16724833
16724885
16724891
16724941
16724963
16725043
16725121
16725127
16725135
16725155
16725215
16725329
16725375
16725405
16725459
16725509
16725589
16725735
16725803
16725809
16725883
16725969
16726023
16726025
16726037
16726065
16726075
16726133
16726335
16726393
16726413
16726453
16726455
16726733
16726759
16726845
16726877
16726881
16726939
16727095
16727147
16727219
16727227
16727303
16727365
16727447
16727455
16727689
16727761
16727791
16727837
16727855
16727893
16728073
16728099
16728297
16728321
16728429
16728613
16728691
16728709
16728837
16728839
16728943
16729025
16729093
16729161
16729215
16729293
16729311
16729331
16729431
16729437
16729493
16729509
16729529
16729647
16729661
16729737
16729759
16729781
16729799
16729937
16729941
16729975
16730143
16730159
16730333
16730353
16730389
16730399
16730437
16730475
16730557
16730791
16730797
16730835
16730843
16731013
16731191
16731227
16731293
16731313
16731333
16731383
16731395
16731751
16731889
16731967
16732039
16732165
16732435
16732485
16732495
16732695
16732845
16732859
16732993
16733045
16733067
16733069
16733075
16733115
16733183
16733227
16733311
16733395
16733447
16733527
16733635
16733649
16733651
16733677
16733697
16733785
16733853
16733951
16733963
16734061
16734091
16734099
16734105
16734165
16734253
16734269
16734303
16734321
16734425
16734479
16734489
16734537
16734647
16734687
16734721
16734801
16734817
16734819
16734821
16734899
16734919
16734973
16735163
16735431
16735491
16735561
16735607
16735689
16735717
16735787
16735839
16736041
16736115
16736227
16736547
16736579
16736661
16736697
16736793
16736867
16736877
16736921
16736967
16737119
16737143
16737205
16737289
16737291
16737321
16737421
16737449
16737463
16737615
16737619
16737635
16737715
16737717
16737773
16737821
16737837
16737893
16737937
16737945
16737981
16738113
16738115
16738161
16738263
16738309
16738333
16738485
16738537
16738543
16738575
16738601
16738681
16738717
16738791
16738859
16738893
16739003
16739071
16739117
16739143
16739181
16739225
16739243
16739261
16739435
16739667
16739771
16739837
16739991
16740093
16740167
16740513
16740519
16740573
16740609
16740723
16740979
16741053
16741259
16741429
16741517
16741589
16741593
16741657
16741843
16741981
16741995
16742071
16742177
16742189
16742191
16742209
16742323
16742437
16742545
16742553
16742563
16742587
16742823
16743013
16743059
16743087
16743091
16743141
16743175
16743243
16743289
16743381
16743509
16743667
16743677
16743693
16743703
16743705
16743857
16743937
16744105
16744251
16744255
16744387
16744419
16744481
16744687
16744707
16744735
16744769
16745093
16745149
16745295
16745303
16745369
16745415
16745471
16745483
16745489
16745571
16745609
16745665
16745739
16745839
16745943
16745993
16746077
16746079
16746175
16746335
16746419
16746439
16746515
16746591
16746659
16746727
16746909
16746915
16746979
16747067
16747245
16747287
16747431
16747621
16747635
16747643
16747657
16747681
16747737
16747915
16747931
16747959
16748119
16748205
16748243
16748287
16748343
16748383
16748469
16748523
16748573
16748717
16748761
16748803
16748813
16748907
16749023
16749125
16749135
16749141
16749223
16749237
16749263
16749267
16749295
16749363
16749383
16749399
16749465
16749511
16749579
16749787
16749813
16749873
16749887
16749913
16749993
16749995
16750041
16750155
16750379
16750397
16750513
16750647
16750653
16750733
16750793
16750931
16750953
16750991
16751019
16751067
16751365
16751379
16751533
16751583
16751623
16751709
16751737
16751739
16751787
16751885
16751927
16751983
16752003
16752047
16752067
16752129
16752175
16752227
16752241
16752261
16752283
16752287
16752407
16752435
16752571
16752611
16752643
16752857
16752887
16752911
16753041
16753069
16753123
16753275
16753291
16753361
16753587
16753611
16753703
16753937
16754007
16754041
16754069
16754077
16754191
16754219
16754239
16754289
16754387
16754471
16754637
16754731
16754735
16754745
16754869
16754905
16754965
16754989
16755065
16755101
16755227
16755289
16755413
16755425
16755449
16755463
16755481
16755487
16755611
16755757
16755777
16755933
16755987
16756239
16756323
16756363
16756389
16756403
16756535
16756569
16756605
16756707
16757079
16757165
16757179
16757191
16757341
16757511
16757723
16757755
16757767
16758013
16758055
16758097
16758101
16758107
16758109
16758161
16758189
16758197
16758387
16758399
16758443
16758453
16758457
16758707
16758799
16758909
16758917
16759037
16759051
16759259
16759353
16759393
16759617
16759731
16759759
16759789
16759821
16759937
16759973
16760025
16760171
16760177
16760295
16760307
16760525
16760767
16760931
16761033
16761059
16761091
16761173
16761181
16761187
16761271
16761293
16761307
16761367
16761373
16761377
16761569
16761701
16761713
16761759
16761779
16761781
16761783
16761891
16761927
16761993
16762031
16762061
16762063
16762283
16762363
16762489
16762691
16762849
16762861
16762995
16763045
16763117
16763135
16763143
16763195
16763297
16763523
16763605
16763647
16763703
16763849
16763881
16763941
16764023
16764091
16764207
16764241
16764279
16764453
16764501
16764511
16764677
16764719
16764747
16764779
16764791
16764863
16765055
16765087
16765297
16765383
16765397
16765565
16765569
16765601
16765721
16765819
16765869
16766067
16766185
16766391
16766437
16766507
16766541
16766553
16766571
16766607
16766823
16766991
16767021
16767191
16767195
16767243
16767261
16767379
16767409
16767437
16767531
16767709
16767787
16767989
16768003
16768017
16768043
16768045
16768115
16768173
16768219
16768367
16768373
16768429
16768581
16768685
16768743
16769289
16769331
16769345
16769347
16769467
16770015
16770029
16770273
16770291
16770315
16770321
16770403
16770453
16770585
16770801
16770805
16770813
16770941
16770965
16771329
16771349
16771353
16771441
16771459
16771575
16771693
16771799
16771961
16772229
16772295
16772423
16772453
16772505
16772521
16772573
16772653
16772665
16772669
16772701
16772821
16772879
16772947
16772953
16773017
16773129
16773219
16773233
16773275
16773339
16773407
16773439
16773473
16773487
16773541
16773593
16773633
16773635
16773637
16773689
16773797
16773901
16773907
16774007
16774031
16774097
16774173
16774231
16774361
16774387
16774457
16774461
16774845
16774879
16774915
16774953
16775017
16775045
16775121
16775133
16775321
16775737
16775851
16775931
16775957
16775983
16776111
16776157
16776185
16776193
16776197
16776209
16776229
16776237
16776261
16776271
16776489
16776497
16776521
16776525
16776527
16776531
16776561
16776917
16776997
16777047
16777135
16777287
16777299
16777367
16777465
16777537
16777567
16777615
16777695
16777705
16777715
16777787
16777795
16777813
16778189
16778267
16778299
16778407
16778475
16778537
16778591
16778733
16778747
16778869
16779181
16779237
16779259
16779327
16779395
16779431
16779445
16779459
16779527
16779615
16779677
16779701
16779729
16779745
16779775
16779863
16779879
16779911
16779941
16780119
16780131
16780199
16780223
16780365
16780423
16780527
16780613
16780683
16780711
16780771
16780793
16780801
16780809
16780905
16780913
16780917
16780947
16780969
16780977
16780979
16781011
16781191
16781255
16781315
16781323
16781469
16781591
16781787
16781841
16781961
16782003
16782029
16782075
16782123
16782129
16782147
16782149
16782365
16782395
16782465
16782479
16782527
16782541
16782547
16782563
16782787
16782795
16782807
16782861
16782865
16782867
16782891
16782923
16782981
16783013
16783049
16783051
16783295
16783315
16783387
16783429
16783443
16783499
16783537
16783551
16783565
16783739
16783753
16783775
16783815
16783897
16783915
16784089
16784157
16784311
16784355
16784393
16784411
16784457
16784467
16784485
16784497
16784603
16784661
16784725
16784765
16784873
16784969
16785271
16785459
16785553
16785565
16785569
16785617
16785691
16785839
16786043
16786065
16786105
16786163
16786281
16786309
16786383
16786389
16786445
16786455
16786481
16786491
16786541
16786595
16786659
16786667
16786829
16786843
16786853
16786929
16787001
16787135
16787143
16787399
16787505
16787535
16787539
16787669
16787675
16787679
16787693
16787701
16787715
16787741
16787777
16787807
16787821
16787827
16787905
16787925
16788025
16788269
16788385
16788401
16788451
16788471
16788539
16788575
16788711
16788723
16788725
16788735
16788749
16788777
16788819
16788855
16789121
16789155
16789375
16789427
16789537
16789697
16789757
16789769
16789771
16789823
16789863
16790019
16790047
16790079
16790129
16790259
16790347
16790467
16790471
16790543
16790565
16790617
16790653
16790703
16790727
16790889
16790925
16790927
16790937
16791149
16791323
16791467
16791493
16791503
16791627
16791667
16791693
16791695
16791735
16791817
16791875
16791895
16791921
16792005
16792075
16792079
16792215
16792293
16792441
16792447
16792549
16792579
16792775
16792915
16792955
16793007
16793087
16793311
16793337
16793455
16793607
16793627
16793657
16793829
16793885
16793889
16793897
16793901
16793949
16794207
16794349
16794363
16794375
16794391
16794473
16794661
16794799
16794811
16794939
16794957
16795115
16795119
16795251
16795257
16795369
16795529
16795643
16795711
16795749
16795829
16796027
16796107
16796111
16796125
16796311
16796327
16796361
16796483
16796535
16796703
16796757
16796825
16797155
16797235
16797273
16797291
16797339
16797405
16797443
16797481
16797649
16797653
16797725
16797977
16798039
16798289
16798303
16798305
16798461
16798493
16798589
16798633
16798809
16798967
16799015
16799049
16799163
16799229
16799267
16799461
16799501
16799535
16799719
16799971
16799977
16800011
16800027
16800041
16800123
16800183
16800315
16800383
16800437
16800495
16800521
16800651
16800667
16800773
16800821
16800853
16800911
16800965
16801123
16801371
16801449
16801745
16801773
16801791
16801861
16801869
16802037
16802183
16802187
16802249
16802259
16802397
16802575
16802581
16802707
16802719
16802939
16802965
16803195
16803341
16803351
16803547
16803579
16803649
16803725
16803817
16803921
16803967
16804125
16804237
16804241
16804247
16804277
16804295
16804317
16804381
16804435
16804445
16804597
16804641
16804647
16804681
16804759
16804947
16805071
16805089
16805155
16805157
16805255
16805267
16805297
16805309
16805331
16805357
16805383
16805465
16805481
16805541
16805585
16805615
16805639
16805717
16805745
16805779
16805831
16805919
16805997
16806027
16806047
16806141
16806335
16806409
16806707
16806831
16806851
16806861
16806913
16806939
16806989
16807039
16807053
16807133
16807181
16807297
16807355
16807393
16807433
16807549
16807581
16807769
16807779
16807803
16807853
16807893
16808019
16808071
16808131
16808209
16808217
16808367
16808369
16808419
16808459
16808483
16808545
16808553
16808647
16808711
16808739
16808775
16808821
16808827
16808905
16808927
16809047
16809089
16809177
16809329
16809471
16809485
16809567
16809605
16809637
16809681
16809683
16809685
16809705
16809769
16809795
16809821
16809889
16809897
16809953
16810287
16810359
16810375
16810487
16810519
16810549
16810725
16810731
16810761
16810787
16810815
16810845
16810849
16810875
16810949
16810959
16810989
16811063
16811071
16811161
16811181
16811287
16811375
16811469
16811479
16811495
16811537
16811563
16811565
16811581
16811755
16811945
16812025
16812239
16812249
16812275
16812407
16812517
16812585
16812671
16812733
16812741
16813049
16813179
16813215
16813251
16813327
16813551
16813645
16813757
16813915
16814011
16814247
16814287
16814441
16814453
16814551
16814677
16814765
16814889
16814921
16814985
16814991
16815065
16815309
16815329
16815399
16815413
16815557
16815623
16815839
16815891
16815907
16816001
16816167
16816223
16816339
16816403
16816467
16816539
16816601
16816643
16816671
16816703
16816843
16816905
16817051
16817101
16817235
16817289
16817357
16817507
16817573
16817675
16817725
16817737
16817831
16817901
16817939
16817941
16818055
16818079
16818129
16818291
16818359
16818443
16818517
16818563
16818667
16818757
16818845
16818895
16818967
16819067
16819121
16819181
16819253
16819265
16819371
16819409
16819487
16819553
16819629
16819757
16819875
16819879
16819911
16819981
16820235
16820271
16820301
16820309
16820389
16820399
16820415
16820497
16820903
16820997
16821035
16821167
16821231
16821313
16821399
16821441
16821461
16821467
16821545
16821635
16821707
16821709
16821715
16821907
16821961
16821981
16822023
16822103
16822111
16822233
16822319
16822549
16822553
16822557
16822591
16822759
16822793
16822877
16822899
16822921
16822939
16822951
16822985
16823063
16823291
16823381
16823523
16823647
16823667
16823679
16823791
16823853
16823859
16824009
16824029
16824053
16824151
16824181
16824245
16824269
16824291
16824543
16824657
16824709
16824885
16825005
16825205
16825297
16825509
16825517
16825647
16825733
16825783
16826045
16826049
16826051
16826099
16826113
16826129
16826299
16826405
16826487
16826705
16826767
16826993
16827091
16827155
16827221
16827267
16827337
16827391
16827487
16827527
16827573
16827589
16827599
16827665
16827747
16827771
16827899
16827939
16828107
16828181
16828221
16828249
16828279
16828313
16828363
16828379
16828401
16828427
16828495
16828617
16828723
16828735
16828781
16828819
16828823
16828829
16828999
16829015
16829021
16829159
16829311
16829349
16829605
16829613
16829683
16829699
16829791
16829827
16829883
16829949
16830011
16830041
16830085
16830115
16830163
16830173
16830287
16830311
16830333
16830397
16830513
16830527
16830675
16830699
16830729
16830751
16830815
16830895
16830905
16831025
16831045
16831155
16831159
16831163
16831165
16831367
16831467
16831569
16831629
16831637
16831639
16831717
16831779
16831781
16831827
16831831
16831937
16831963
16832045
16832113
16832127
16832129
16832145
16832183
16832187
16832265
16832303
16832311
16832405
16832483
16832491
16832495
16832505
16832531
16832615
16832703
16832821
16832845
16832863
16832909
16832917
16832943
16832975
16832981
16832989
16833041
16833199
16833229
16833397
16833417
16833487
16833533
16833563
16833745
16833785
16834143
16834193
16834277
16834321
16834539
16834561
16834615
16834657
16834745
16834843
16834953
16835095
16835097
16835099
16835271
16835349
16835361
16835455
16835751
16835837
16835865
16835877
16835885
16835903
16835963
16836047
16836081
16836135
16836167
16836169
16836189
16836199
16836251
16836317
16836391
16836491
16836691
16836753
16837195
16837383
16837439
16837451
16837601
16837625
16837745
16837785
16837829
16837925
16838043
16838053
16838127
16838193
16838301
16838457
16838527
16838529
16838531
16838571
16838779
16838803
16838811
16838885
16838993
16838997
16838999
16839001
16839159
16839493
16839501
16839503
16839523
16839575
16839583
16839645
16839839
16839915
16839977
16839987
16840025
16840083
16840129
16840175
16840255
16840315
16840421
16840445
16840457
16840755
16840835
16840853
16841165
16841235
16841297
16841421
16841479
16841567
16841743
16841753
16841825
16841829
16841859
16842063
16842075
16842147
16842225
16842365
16842393
16842399
16842487
16842515
16842527
16842571
16842611
16842661
16842733
16842917
16842919
16842965
16843051
16843063
16843165
16843181
16843247
16843335
16843453
16843491
16843559
16843577
16843613
16843623
16843649
16843733
16843841
16843945
16844025
16844059
16844065
16844081
16844159
16844161
16844205
16844241
16844411
16844417
16844425
16844657
16844661
16844745
16844911
16844927
16844967
16845173
16845311
16845333
16845335
16845411
16845499
16845513
16845775
16845833
16846069
16846085
16846097
16846199
16846201
16846227
16846299
16846417
16846629
16846761
16847137
16847331
16847547
16847581
16847623
16847631
16847851
16847881
16847941
16847945
16848021
16848211
16848275
16848319
16848339
16848355
16848411
16848507
16848523
16848671
16848795
16848847
16848907
16848975
16849013
16849035
16849095
16849153
16849181
16849203
16849581
16849597
16849669
16849885
16849899
16849967
16849979
16850017
16850355
16850417
16850551
16850767
16850827
16851059
16851061
16851143
16851333
16851393
16851503
16851555
16851613
16851783
16851789
16851821
16852099
16852151
16852281
16852345
16852353
16852367
16852555
16852851
16852899
16852909
16852973
16853001
16853005
16853023
16853119
16853151
16853163
16853175
16853227
16853243
16853251
16853271
16853291
16853635
16853669
16853671
16853839
16853915
16853937
16854033
16854065
16854081
16854089
16854101
16854105
16854117
16854155
16854301
16854329
16854461
16854525
16854561
16854853
16854881
16854941
16854987
16855047
16855079
16855241
16855461
16855555
16855591
16855609
16855615
16855677
16855701
16855805
16855873
16855883
16855911
16855923
16855945
16855991
16856053
16856075
16856091
16856235
16856345
16856627
16856739
16856927
16856929
16857015
16857057
16857069
16857119
16857145
16857151
16857163
16857291
16857507
16857511
16857539
16857701
16858019
16858057
16858075
16858431
16858435
16858455
16858477
16858485
16858511
16858513
16858603
16858621
16858745
16858797
16858885
16858887
16858901
16858967
16858979
16859099
16859269
16859383
16859483
16859601
16859609
16859753
16859839
16859853
16859947
16859957
16860115
16860309
16860321
16860367
16860569
16860583
16860653
16860701
16860729
16860741
16860943
16861021
16861075
16861095
16861115
16861243
16861255
16861325
16861435
16861575
16861603
16861727
16861735
16861799
16861995
16862027
16862031
16862211
16862227
16862265
16862475
16862487
16862491
16862657
16862671
16862701
16862703
16862879
16862889
16862895
16863079
16863105
16863145
16863161
16863253
16863263
16863265
16863283
16863371
16863531
16863607
16863661
16863807
16863925
16863937
16863943
16863959
16864025
16864137
16864301
16864381
16864383
16864493
16864577
16864727
16864807
16864903
16864993
16864999
16865011
16865055
16865491
16865503
16865623
16865669
16865731
16865799
16865801
16865805
16865811
16865839
16865853
16865931
16866029
16866073
16866349
16866361
16866369
16866445
16866475
16866551
16866571
16866735
16866809
16866827
16866847
16866929
16867017
16867075
16867165
16867173
16867207
16867353
16867403
16867453
16867459
16867501
16867521
16867691
16867703
16867713
16867779
16867885
16868189
16868307
16868495
16868537
16868663
16868665
16868965
16868989
16869077
16869217
16869327
16869361
16869501
16869605
16869609
16869615
16869645
16869651
16869739
16869743
16870045
16870069
16870167
16870169
16870179
16870219
16870237
16870391
16870419
16870515
16870549
16870597
16870619
16870633
16870641
16870805
16870839
16870849
16870977
16870979
16871163
16871199
16871243
16871247
16871251
16871369
16871451
16871567
16871633
16871635
16871681
16871691
16871779
16872223
16872271
16872327
16872525
16872565
16872721
16872977
16873071
16873161
16873221
16873231
16873345
16873405
16873473
16873499
16873653
16873749
16873851
16873899
16873933
16873973
16874025
16874201
16874217
16874275
16874373
16874421
16874425
16874507
16874581
16874597
16874609
16874615
16874705
16874803
16874853
16874971
16875029
16875031
16875131
16875243
16875337
16875371
16875481
16875669
16875813
16875825
16875829
16875839
16875857
16875899
16875985
16876101
16876211
16876303
16876349
16876443
16876527
16876535
16876749
16876811
16876831
16876929
16877047
16877117
16877131
16877137
16877325
16877357
16877619
16877655
16877741
16877753
16877897
16878027
16878159
16878199
16878317
16878435
16878525
16878575
16878745
16878767
16878875
16878979
16879093
16879127
16879133
16879217
16879271
16879319
16879333
16879477
16879505
16879645
16879779
16879851
16879899
16880141
16880219
16880315
16880333
16880361
16880413
16880495
16880611
16880691
16880857
16880867
16880901
16881109
16881125
16881309
16881373
16881409
16881463
16881471
16881621
16881637
16881659
16881685
16881729
16881745
16881893
16881921
16881951
16882167
16882183
16882239
16882279
16882327
16882401
16882509
16882535
16882629
16882641
16882693
16882753
16882777
16882841
16882903
16882911
16882961
16883021
16883023
16883245
16883359
16883417
16883523
16883759
16883767
16883797
16883817
16883885
16884129
16884137
16884229
16884247
16884341
16884395
16884485
16884621
16884683
16884815
16885013
16885045
16885149
16885177
16885179
16885323
16885367
16885375
16885517
16885615
16885727
16885813
16885923
16885969
16885975
16886029
16886053
16886109
16886239
16886247
16886295
16886331
16886403
16886539
16886553
16886589
16886753
16886859
16886933
16886977
16886981
16886999
16887019
16887167
16887255
16887275
16887335
16887355
16887401
16887407
16887515
16887731
16887941
16888075
16888179
16888241
16888255
16888353
16888397
16888405
16888583
16888595
16888609
16888671
16888691
16888847
16888879
16888881
16888885
16888937
16888961
16889091
16889123
16889193
16889301
16889381
16889397
16889441
16889605
16889633
16889661
16889731
16889755
16890119
16890255
16890573
16890601
16890731
16890861
16890887
16890925
16890939
16890967
16891019
16891037
16891071
16891107
16891279
16891301
16891377
16891423
16891523
16891613
16891731
16891743
16891777
16891783
16891911
16891919
16891977
16892055
16892167
16892205
16892211
16892321
16892399
16892439
16892537
16892623
16892659
16892745
16892885
16893137
16893225
16893319
16893537
16893557
16893577
16893591
16893729
16893749
16893909
16893981
16893999
16894125
16894149
16894175
16894189
16894207
16894211
16894283
16894491
16894589
16894689
16894725
16894813
16894883
16895037
16895145
16895159
16895463
16895531
16895543
16895571
16895687
16895715
16895853
16895869
16895897
16895913
16895919
16896007
16896069
16896237
16896307
16896505
16896571
16896715
16896733
16896947
16896963
16897103
16897107
16897113
16897179
16897295
16897327
16897485
16897547
16897597
16897627
16897633
16897695
16897829
16897943
16897995
16898035
16898173
16898175
16898263
16898277
16898367
16898485
16898505
16898603
16898607
16898635
16898643
16898675
16898711
16898819
16898903
16898921
16899109
16899319
16899341
16899387
16899453
16899491
16899521
16899545
16899691
16899703
16899757
16899761
16900001
16900023
16900055
16900141
16900175
16900195
16900285
16900313
16900333
16900431
16900489
16900491
16900541
16900551
16900663
16900731
16901013
16901075
16901117
16901231
16901267
16901273
16901283
16901415
16901421
16901585
16901679
16901727
16901763
16901857
16902293
16902333
16902529
16902545
16902555
16902589
16902685
16902713
16902799
16902807
16902897
16902969
16903281
16903291
16903509
16903633
16903745
16903755
16903809
16903835
16903873
16903925
16903953
16903957
16903967
16903987
16904181
16904247
16904377
16904383
16904481
16904651
16904697
16904755
16904837
16904879
16904943
16905023
16905411
16905455
16905519
16905537
16905585
16905659
16905695
16905773
16905889
16906127
16906141
16906167
16906217
16906237
16906381
16906495
16906513
16906557
16906567
16906613
16906735
16906811
16906919
16907015
16907051
16907089
16907285
16907297
16907353
16907677
16907735
16907777
16908087
16908247
16908435
16908485
16908515
16908819
16908877
16908961
16909039
16909217
16909233
16909445
16909565
16909607
16909609
16909701
16909805
16909815
16909873
16909915
16910191
16910229
16910405
16910429
16910545
16910601
16910791
16910921
16910945
16910983
16911005
16911053
16911059
16911137
16911151
16911347
16911359
16911395
16911441
16911559
16911759
16911779
16911793
16911861
16911967
16912055
16912061
16912131
16912253
16912497
16912575
16912633
16912693
16912699
16912839
16913013
16913087
16913103
16913143
16913229
16913251
16913255
16913297
16913311
16913369
16913379
16913423
16913453
16913497
16913511
16913791
16913819
16913825
16913829
16913999
16914079
16914087
16914197
16914199
16914251
16914295
16914525
16914731
16914761
16914887
16914981
16914997
16915045
16915115
16915251
16915343
16915355
16915381
16915399
16915447
16915467
16915485
16915525
16915759
16915805
16915927
16915989
16916035
16916077
16916105
16916235
16916509
16916633
16916639
16916671
16916803
16917065
16917147
16917191
16917269
16917271
16917339
16917369
16917395
16917473
16917533
16917593
16917723
16917761
16917867
16917949
16917989
16917991
16918049
16918165
16918199
16918273
16918319
16918345
16918555
16918611
16918619
16919023
16919257
16919265
16919293
16919335
16919463
16919549
16919661
16919845
16919917
16919925
16919963
16920061
16920181
16920367
16920393
16920403
16920521
16920573
16920631
16920821
16920923
16920945
16920947
16920957
16921081
16921091
16921497
16921527
16921551
16921667
16921735
16921753
16921873
16921939
16921953
16921979
16922117
16922229
16922269
16922487
16922749
16922789
16922863
16922949
16922959
16922995
16923003
16923005
16923119
16923177
16923427
16923555
16923607
16923651
16923719
16923811
16923977
16923993
16923999
16924015
16924025
16924069
16924079
16924081
16924089
16924197
16924229
16924245
16924363
16924391
16924549
16924585
16924603
16924755
16924811
16924865
16924917
16924921
16924973
16925131
16925257
16925287
16925341
16925451
16925469
16925505
16925629
16925749
16925819
16925869
16925909
16925971
16926125
16926151
16926177
16926203
16926265
16926305
16926389
16926557
16926573
16926701
16926863
16926881
16927021
16927061
16927069
16927071
16927077
16927083
16927153
16927197
16927291
16927307
16927313
16927361
16927543
16927603
16927663
16927837
16927901
16928021
16928069
16928089
16928211
16928253
16928355
16928425
16928533
16928543
16928549
16928663
16928673
16928721
16928799
16929005
16929057
16929075
16929129
16929183
16929237
16929273
16929313
16929407
16929415
16929593
16929595
16929771
16929819
16929837
16929885
16929971
16930057
16930165
16930203
16930401
16930541
16930601
16930617
16930649
16930733
16930777
16930803
16930821
16930857
16930861
16930877
16930921
16930941
16931169
16931229
16931309
16931323
16931497
16931561
16931585
16931603
16931695
16931713
16931839
16931849
16931851
16931935
16931949
16931953
16932103
16932191
16932241
16932313
16932413
16932425
16932579
16932751
16932859
16932935
16932959
16932967
16933059
16933135
16933241
16933473
16933509
16933517
16933737
16933777
16933901
16934043
16934153
16934155
16934201
16934317
16934343
16934393
16934455
16934539
16934549
16934645
16934709
16934729
16934811
16934907
16934921
16935037
16935041
16935111
16935119
16935131
16935319
16935321
16935375
16935417
16935423
16935459
16935525
16935561
16935577
16935617
16935651
16936207
16936307
16936387
16936491
16936547
16936557
16936585
16936749
16936949
16937035
16937175
16937201
16937395
16937565
16937631
16937671
16937985
16938011
16938035
16938081
16938087
16938109
16938157
16938189
16938467
16938499
16938511
16938577
16938665
16938779
16938781
16938807
16938829
16938859
16938863
16938951
16939049
16939071
16939219
16939229
16939347
16939361
16939487
16939725
16939749
16939857
16939947
16940177
16940297
16940353
16940355
16940393
16940615
16940625
16940809
16940823
16940857
16940893
16941001
16941043
16941051
16941083
16941147
16941151
16941187
16941205
16941257
16941331
16941409
16941417
16941487
16941525
16941551
16941803
16941853
16941921
16941923
16941963
16942101
16942113
16942131
16942185
16942203
16942449
16942645
16942687
16942753
16942799
16942817
16942837
16942895
16943055
16943099
16943199
16943317
16943351
16943451
16943487
16943625
16943761
16943765
16943805
16944193
16944267
16944287
16944325
16944331
16944373
16944495
16944521
16944545
16944677
16944727
16944783
16944827
16944895
16944903
16945029
16945031
16945151
16945213
16945287
16945393
16945459
16945693
16945711
16945863
16945873
16945909
16946009
16946013
16946065
16946141
16946183
16946369
16946417
16946421
16946441
16946575
16946633
16946689
16946809
16946895
16946935
16946955
16947041
16947067
16947085
16947099
16947149
16947253
16947305
16947343
16947455
16947461
16947747
16947751
16947761
16947941
16947955
16947997
16948071
16948109
16948133
16948331
16948333
16948697
16948709
16948783
16948903
16949211
16949215
16949227
16949317
16949321
16949357
16949361
16949393
16949813
16949935
16949945
16950001
16950021
16950335
16950445
16950453
16950499
16950517
16950531
16950667
16950685
16950971
16950975
16950997
16951031
16951063
16951115
16951147
16951243
16951301
16951373
16951439
16951659
16951709
16951801
16951805
16951809
16951905
16951993
16952027
16952085
16952135
16952199
16952377
16952473
16952501
16952529
16952545
16952577
16952581
16952607
16952615
16952653
16952685
16952695
16952713
16952737
16952769
16952793
16952827
16953131
16953161
16953249
16953259
16953365
16953827
16953863
16953907
16954007
16954059
16954145
16954349
16954407
16954599
16954619
16954717
16954739
16954743
16955017
16955053
16955099
16955211
16955213
16955249
16955321
16955437
16955477
16955509
16955529
16955535
16955723
16955751
16955773
16955787
16955819
16955827
16956173
16956229
16956281
16956339
16956391
16956451
16956455
16956549
16956645
16956657
16956743
16956753
16956769
16956777
16956871
16956883
16956893
16957079
16957117
16957153
16957193
16957293
16957317
16957321
16957339
16957451
16957461
16957503
16957713
16957917
16957923
16957955
16958029
16958109
16958117
16958121
16958155
16958195
16958201
16958287
16958319
16958407
16958563
16958705
16958761
16958791
16958839
16958849
16958851
16958861
16958877
16958915
16958935
16958959
16958971
16958989
16958999
16959039
16959129
16959433
16959533
16959827
16959853
16959863
16959915
16959943
16959983
16960073
16960109
16960153
16960265
16960423
16960539
16960545
16960557
16960591
16960609
16960611
16960677
16960729
16960733
16960753
16960755
16960867
16960933
16961031
16961113
16961155
16961237
16961305
16961447
16961699
16961845
16961893
16961913
16961943
16962033
16962063
16962073
16962083
16962111
16962115
16962123
16962229
16962281
16962353
16962385
16962587
16962589
16962617
16962625
16962641
16962705
16962791
16962843
16962915
16963081
16963151
16963155
16963169
16963187
16963289
16963507
16963625
16963627
16963789
16963853
16963857
16963943
16964029
16964089
16964143
16964151
16964237
16964243
16964271
16964307
16964405
16964421
16964535
16964679
16964717
16964747
16965185
16965241
16965267
16965313
16965325
16965509
16965607
16965677
16965867
16965919
16966083
16966171
16966173
16966189
16966237
16966343
16966405
16966415
16966579
16966647
16966679
16966793
16967031
16967075
16967087
16967211
16967243
16967287
16967395
16967451
16967613
16967717
16967749
16967779
16967829
16967845
16967865
16967923
16967959
16968019
16968077
16968095
16968317
16968373
16968417
16968419
16968513
16968603
16968639
16968757
16968809
16968881
16968963
16968965
16969029
16969039
16969099
16969105
16969155
16969251
16969327
16969375
16969377
16969493
16969625
16969639
16969647
16969837
16969891
16970111
16970231
16970251
16970253
16970333
16970341
16970553
16970595
16970609
16970715
16970839
16970893
16970925
16970983
16971023
16971059
16971149
16971217
16971337
16971385
16971451
16971551
16971611
16971755
16971763
16971875
16972201
16972253
16972259
16972331
16972403
16972453
16972461
16972585
16972641
16972793
16972867
16973121
16973219
16973479
16973513
16973679
16974003
16974077
16974125
16974379
16974453
16974515
16974789
16974791
16974827
16974879
16974983
16975003
16975017
16975037
16975151
16975231
16975429
16975473
16975635
16975679
16975753
16975789
16975815
16975855
16975887
16975899
16976069
16976191
16976297
16976357
16976361
16976389
16976439
16976445
16976467
16976655
16976707
16976715
16976793
16976837
16976887
16976965
16976981
16976989
16976997
16977049
16977055
16977183
16977219
16977511
16977519
16977537
16977581
16977651
16977713
16977721
16977739
16977753
16978019
16978033
16978073
16978199
16978239
16978255
16978263
16978273
16978291
16978507
16978655
16978819
16978855
16978875
16979013
16979021
16979117
16979265
16979357
16979381
16979419
16979479
16979505
16979545
16979871
16979887
16979943
16979951
16980003
16980023
16980033
16980075
16980105
16980125
16980159
16980273
16980513
16980567
16980591
16980615
16980691
16980877
16980949
16981067
16981251
16981289
16981295
16981349
16981489
16981511
16981513
16981521
16981553
16981571
16981581
16981609
16981741
16981825
16981861
16981975
16981991
16982185
16982253
16982311
16982409
16982411
16982453
16982883
16982921
16982947
16982949
16983143
16983267
16983355
16983893
16983957
16983983
16984115
16984233
16984463
16984559
16984665
16984675
16984965
16985071
16985141
16985271
16985275
16985467
16985569
16985579
16985675
16985817
16985899
16986005
16986067
16986071
16986283
16986489
16986631
16986917
16987063
16987093
16987173
16987183
16987207
16987269
16987475
16987495
16987537
16987539
16987703
16987729
16987853
16987913
16987917
16987997
16988013
16988073
16988185
16988325
16988345
16988373
16988429
16988465
16988551
16988587
16988641
16988767
16988775
16988831
16988869
16988929
16989109
16989151
16989241
16989249
16989275
16989277
16989489
16989519
16989651
16989775
16989901
16989947
16990029
16990117
16990141
16990181
16990217
16990235
16990335
16990509
16990513
16990553
16990569
16990573
16990915
16990989
16991019
16991189
16991215
16991297
16991299
16991317
16991383
16991433
16991453
16991505
16991581
16991643
16991837
16992057
16992113
16992241
16992267
16992297
16992305
16992325
16992363
16992375
16992589
16992629
16992963
16993129
16993147
16993161
16993219
16993389
16993393
16993447
16993477
16993503
16993559
16993601
16993633
16993709
16993723
16993753
16993793
16993903
16994123
16994401
16994453
16994481
16994715
16994729
16994787
16994845
16995141
16995145
16995203
16995255
16995305
16995321
16995355
16995515
16995665
16995721
16995911
16995947
16996085
16996133
16996161
16996267
16996387
16996469
16996551
16996675
16996817
16996851
16996881
16996921
16996929
16996971
16997015
16997153
16997261
16997263
16997541
16997545
16997605
16997639
16997713
16997855
16997869
16998051
16998221
16998319
16998383
16998435
16998471
16998513
16998561
16998693
16998703
16998751
16998815
16998861
16998935
16998945
16998957
16999051
16999237
16999285
16999303
16999369
16999423
16999439
16999551
16999615
16999687
16999845
16999907
16999973
