# proven primes: b with (b^16+1)/2 prime (aprcl), block [17000000,18000000)
17000057
17000167
17000221
17000257
17000273
17000329
17000335
17000405
17000449
17000591
17000803
17000967
17001067
17001107
17001325
17001357
17001415
17001551
17001771
17001773
17001927
17002087
17002129
17002225
17002283
17002473
17002557
17002601
17002907
17002969
17002977
17002993
17003029
17003209
17003481
17003483
17003591
17003689
17003723
17003725
17003819
17004115
17004247
17004303
17004343
17004461
17004511
17004633
17004801
17004891
17004917
17005037
17005119
17005141
17005171
17005561
17005579
17005615
17005619
17005663
17005691
17005859
17006255
17006275
17006425
17006449
17006485
17006507
17006681
17006719
17006813
17006837
17006853
17006913
17006985
17007015
17007045
17007289
17007405
17007433
17007487
17007703
17007881
17007989
17008027
17008051
17008073
17008089
17008093
17008177
17008373
17008377
17008389
17008403
17008451
17008459
17008647
17008667
17008731
17008767
17008869
17008897
17009029
17009055
17009153
17009177
17009277
17009279
17009491
17009497
17009529
17009537
17009615
17009643
17009669
17009719
17010035
17010103
17010145
17010167
17010273
17010391
17010405
17010407
17010761
17010779
17010793
17010809
17010829
17010863
17010877
17011071
17011107
17011119
17011197
17011225
17011363
17011397
17011415
17011629
17011813
17011829
17011969
17012019
17012025
17012323
17012429
17012609
17012817
17012853
17012863
17012915
17012933
17013053
17013089
17013117
17013171
17013221
17013243
17013275
17013483
17013517
17013559
17013609
17013735
17013857
17013861
17013991
17014151
17014165
17014285
17014301
17014537
17014613
17014689
17014861
17014991
17015163
17015369
17015413
17015437
17015487
17015513
17015571
17015741
17016007
17016027
17016057
17016087
17016117
17016145
17016171
17016175
17016203
17016231
17016293
17016383
17016509
17016537
17016657
17016667
17016671
17016747
17016825
17016865
17016913
17016945
17017023
17017059
17017249
17017301
17017377
17017411
17017477
17017631
17017675
17017831
17017877
17018081
17018121
17018139
17018183
17018263
17018289
17018333
17018491
17018543
17018743
17018805
17018979
17019021
17019125
17019173
17019279
17019293
17019409
17019439
17019545
17019555
17019595
17019623
17019641
17019879
17019907
17019913
17019923
17020017
17020045
17020093
17020375
17020489
17020497
17020503
17020531
17020543
17020585
17020705
17020727
17020889
17021015
17021099
17021141
17021175
17021209
17021293
17021319
17021581
17021693
17021743
17021749
17021781
17021863
17021873
17021981
17022009
17022131
17022177
17022199
17022201
17022255
17022293
17022367
17022411
17022617
17022641
17022659
17022677
17022685
17022907
17022993
17023213
17023279
17023297
17023301
17023307
17023315
17023429
17023715
17023891
17023911
17023961
17024097
17024111
17024117
17024245
17024335
17024369
17024483
17024607
17024615
17024793
17024817
17024819
17024867
17024875
17024967
17025161
17025255
17025267
17025331
17025339
17025347
17025511
17025525
17025631
17025675
17025723
17025739
17025821
17025871
17025935
17025991
17026055
17026131
17026211
17026319
17026403
17026453
17026833
17027091
17027259
17027347
17027395
17027481
17027521
17027567
17027583
17027737
17027887
17027905
17027987
17028077
17028399
17028433
17028695
17028703
17028705
17028731
17028747
17028849
17028949
17028981
17029109
17029131
17029217
17029491
17029623
17029671
17029723
17029739
17029849
17029861
17029871
17029917
17029929
17029983
17030059
17030373
17030413
17030497
17030567
17030581
17030599
17030643
17030703
17030711
17030801
17030863
17030867
17030919
17031063
17031107
17031317
17031333
17031487
17031543
17031549
17031651
17031741
17031825
17031837
17032109
17032173
17032255
17032323
17032337
17032441
17032553
17032697
17032727
17032807
17032869
17033033
17033095
17033127
17033161
17033183
17033211
17033213
17033237
17033265
17033373
17033427
17033503
17033531
17033599
17033645
17033741
17033885
17033887
17034437
17034443
17034551
17034567
17034619
17034647
17034681
17034695
17034911
17034913
17034955
17035115
17035167
17035285
17035369
17035479
17035501
17035609
17035651
17035759
17035761
17035779
17035833
17035841
17035883
17035887
17036023
17036125
17036141
17036147
17036183
17036225
17036277
17036335
17036365
17036583
17036599
17036609
17036661
17036865
17036981
17037015
17037031
17037065
17037145
17037155
17037265
17037281
17037349
17037465
17037515
17037633
17037809
17037885
17038041
17038051
17038179
17038221
17038327
17038509
17038765
17038795
17038875
17038925
17039101
17039231
17039279
17039465
17039503
17039743
17039827
17039969
17039983
17039995
17040079
17040097
17040099
17040123
17040185
17040189
17040313
17040361
17040387
17040537
17040695
17040701
17040731
17040743
17040815
17040885
17040913
17040957
17041203
17041211
17041575
17041613
17041641
17041811
17041965
17042211
17042253
17042333
17042347
17042383
17042389
17042441
17042463
17042513
17042623
17042707
17042711
17042875
17042909
17042915
17042987
17043099
17043359
17043403
17043433
17043451
17043465
17043575
17043585
17043685
17043735
17043759
17043821
17043827
17043887
17043919
17043993
17044091
17044107
17044175
17044201
17044235
17044305
17044329
17044439
17044705
17044901
17044935
17045039
17045149
17045201
17045339
17045349
17045461
17045811
17045815
17045823
17045835
17046017
17046247
17046309
17046321
17046423
17046497
17046737
17046745
17046875
17046927
17046935
17046963
17047023
17047027
17047031
17047129
17047259
17047291
17047305
17047543
17047589
17047685
17047793
17047839
17047843
17047923
17047987
17048033
17048095
17048127
17048139
17048173
17048185
17048191
17048229
17048303
17048381
17048493
17048633
17048737
17048795
17048821
17048945
17049061
17049103
17049269
17049279
17049285
17049417
17049475
17049519
17049525
17049595
17049611
17049631
17049661
17049685
17049769
17049777
17049843
17050189
17050333
17050381
17050563
17050567
17050637
17050651
17050675
17050683
17050911
17050989
17050999
17051037
17051039
17051047
17051151
17051183
17051193
17051781
17051795
17051825
17051831
17051931
17051985
17051993
17052039
17052067
17052131
17052295
17052303
17052319
17052349
17052359
17052411
17052465
17052525
17052637
17052675
17052679
17052711
17052889
17052929
17052983
17053415
17053471
17053619
17053707
17053883
17054033
17054179
17054251
17054429
17054529
17054545
17054557
17054561
17054599
17054643
17054935
17055115
17055121
17055135
17055317
17055395
17055409
17055423
17055505
17055591
17055605
17055609
17055697
17055761
17055977
17055995
17056125
17056179
17056239
17056253
17056569
17056585
17056721
17056757
17056845
17056903
17056911
17057121
17057173
17057245
17057267
17057349
17057353
17057379
17057533
17057591
17057633
17057651
17057717
17058121
17058147
17058167
17058573
17058597
17058695
17058749
17058787
17058857
17058893
17058969
17059143
17059209
17059221
17059231
17059237
17059359
17059365
17059389
17059423
17059545
17059697
17059703
17059705
17059881
17059899
17059931
17059937
17059941
17059999
17060045
17060073
17060079
17060101
17060117
17060125
17060267
17060577
17060633
17060689
17060695
17060797
17060801
17060925
17060927
17060941
17061093
17061353
17061371
17061419
17061691
17061883
17062009
17062071
17062277
17062357
17062465
17062487
17062627
17062629
17062699
17062791
17062873
17062905
17063005
17063071
17063087
17063237
17063301
17063375
17063383
17063457
17063517
17063521
17063571
17063769
17063831
17063861
17063987
17064099
17064139
17064297
17064345
17064431
17064639
17064681
17064711
17064833
17065063
17065123
17065163
17065169
17065207
17065253
17065311
17065381
17065421
17065445
17065573
17065575
17065587
17065613
17065621
17065627
17065705
17065731
17065825
17065835
17065905
17065955
17065979
17066047
17066077
17066081
17066099
17066179
17066207
17066255
17066409
17066475
17066529
17066583
17066611
17066649
17066663
17066709
17066859
17066941
17066971
17067115
17067165
17067375
17067383
17067427
17067481
17067489
17067517
17067759
17067873
17067889
17067919
17068097
17068117
17068253
17068293
17068297
17068361
17068435
17068451
17068561
17068659
17068787
17068801
17068855
17068899
17069163
17069241
17069267
17069429
17069619
17069659
17069773
17069795
17069931
17069947
17070201
17070217
17070267
17070327
17070357
17070391
17070409
17070423
17070453
17070459
17070551
17070583
17070813
17071023
17071101
17071221
17071233
17071239
17071339
17071635
17071703
17071745
17071881
17071975
17072003
17072041
17072101
17072203
17072221
17072295
17072383
17072385
17072395
17072501
17072585
17072605
17072613
17072669
17072743
17072791
17072837
17072841
17073035
17073207
17073239
17073259
17073461
17073519
17073531
17073537
17073551
17073559
17073583
17073601
17073723
17073747
17073929
17073967
17074011
17074199
17074295
17074337
17074371
17074507
17074605
17074655
17074659
17074753
17074765
17074819
17074835
17074941
17074995
17075111
17075157
17075193
17075227
17075271
17075319
17075495
17075657
17075729
17075849
17075855
17075927
17075969
17076197
17076211
17076219
17076355
17076421
17076615
17076755
17076815
17076867
17076907
17076953
17077027
17077061
17077213
17077371
17077447
17077519
17077539
17077669
17077697
17077825
17077907
17077985
17077991
17078175
17078327
17078355
17078375
17078461
17078513
17078611
17078657
17078737
17078793
17078813
17078899
17078911
17079007
17079151
17079251
17079345
17079373
17079385
17079425
17079535
17079615
17079789
17079791
17079817
17079819
17079995
17080063
17080067
17080127
17080271
17080285
17080289
17080391
17080527
17080571
17080627
17080761
17080795
17080851
17080865
17080915
17080977
17081061
17081085
17081133
17081281
17081467
17081563
17081605
17081687
17081757
17081785
17081811
17081863
17081873
17081879
17081881
17081965
17082055
17082121
17082163
17082203
17082217
17082377
17082507
17082541
17082547
17082667
17082731
17082867
17083069
17083099
17083243
17083275
17083317
17083579
17083593
17084069
17084169
17084201
17084253
17084261
17084327
17084345
17084381
17084433
17084465
17084503
17084597
17084659
17084705
17084717
17084783
17084819
17084917
17084945
17085149
17085167
17085271
17085355
17085443
17085459
17085501
17085551
17085683
17085911
17085955
17085957
17086079
17086123
17086133
17086185
17086233
17086409
17086445
17086517
17086759
17086851
17087027
17087033
17087043
17087097
17087105
17087143
17087191
17087207
17087253
17087355
17087479
17087543
17087635
17087843
17087933
17088021
17088055
17088113
17088181
17088283
17088303
17088333
17088563
17088571
17088603
17088627
17088683
17088685
17088745
17088865
17088971
17088993
17089029
17089031
17089103
17089205
17089207
17089279
17089671
17089889
17089995
17090011
17090069
17090089
17090099
17090215
17090227
17090343
17090535
17090653
17090695
17090813
17090911
17090913
17091099
17091105
17091165
17091167
17091213
17091267
17091447
17091485
17091601
17091619
17091623
17091651
17091675
17091707
17091729
17091773
17091793
17091809
17091825
17091847
17091869
17091877
17091885
17091907
17091945
17091947
17092065
17092097
17092135
17092219
17092235
17092553
17092565
17092605
17092625
17092649
17092657
17092995
17093185
17093249
17093269
17093487
17093617
17093629
17093689
17093741
17093769
17093899
17093975
17094041
17094055
17094153
17094303
17094357
17094413
17094529
17094591
17094611
17094671
17094773
17094877
17094953
17095173
17095219
17095231
17095367
17095479
17095497
17095549
17095751
17095945
17095969
17096029
17096143
17096355
17096387
17096525
17096579
17096589
17096625
17096661
17096729
17096749
17096791
17097021
17097025
17097117
17097147
17097155
17097223
17097361
17097571
17097577
17097737
17097835
17097897
17097969
17098243
17098291
17098405
17098465
17098483
17098485
17098565
17098569
17098777
17098805
17098929
17098953
17098967
17098991
17098993
17099059
17099143
17099189
17099203
17099349
17099353
17099403
17099425
17099453
17099509
17099513
17099559
17099623
17099703
17099729
17099807
17100023
17100147
17100169
17100367
17100405
17100415
17100433
17100469
17100471
17100475
17100477
17100479
17100495
17100547
17100601
17100627
17100681
17100813
17100853
17100903
17100955
17101063
17101069
17101135
17101373
17101387
17101409
17101771
17101865
17101875
17101925
17101999
17102009
17102055
17102059
17102345
17102401
17102563
17102645
17102797
17102815
17102839
17102855
17102877
17102945
17102947
17103013
17103069
17103155
17103269
17103321
17103413
17103415
17103499
17103517
17103543
17103557
17103601
17103661
17103751
17103857
17103905
17103929
17103937
17103945
17103973
17104031
17104035
17104211
17104229
17104245
17104381
17104473
17104477
17104493
17104675
17104725
17104807
17104889
17104985
17105077
17105131
17105163
17105295
17105339
17105341
17105399
17105453
17105501
17105515
17105675
17105761
17105813
17105841
17105911
17105945
17105955
17105977
17105991
17106009
17106025
17106069
17106073
17106225
17106317
17106325
17106355
17106413
17106605
17106655
17106741
17106785
17106847
17106981
17106993
17107055
17107071
17107091
17107151
17107237
17107305
17107503
17107507
17107523
17107555
17107603
17107697
17107701
17107723
17107743
17107769
17107801
17107947
17108025
17108061
17108067
17108089
17108109
17108241
17108253
17108289
17108305
17108357
17108463
17108623
17108631
17108643
17108695
17108835
17108837
17108839
17108875
17109001
17109187
17109225
17109301
17109323
17109409
17109425
17109747
17109801
17109831
17109837
17109975
17109983
17110045
17110051
17110133
17110191
17110211
17110265
17110411
17110565
17110653
17110741
17110761
17110771
17110889
17110973
17111065
17111099
17111105
17111415
17111553
17111555
17111661
17111749
17112007
17112063
17112167
17112181
17112191
17112193
17112195
17112211
17112241
17112341
17112401
17112505
17112589
17112627
17112639
17112703
17112897
17113041
17113047
17113067
17113117
17113223
17113273
17113383
17113607
17113653
17113661
17113711
17113721
17113889
17113901
17113963
17114061
17114171
17114221
17114319
17114451
17114463
17114545
17114771
17114841
17114843
17114889
17115105
17115165
17115259
17115349
17115359
17115449
17115479
17115493
17115503
17115509
17115555
17115633
17115641
17115769
17115871
17115881
17116015
17116041
17116049
17116073
17116143
17116159
17116199
17116221
17116293
17116335
17116369
17116405
17116579
17116681
17117109
17117129
17117501
17117555
17117619
17117747
17117799
17117801
17117811
17117827
17117881
17117917
17117971
17117999
17118053
17118071
17118083
17118097
17118167
17118209
17118331
17118371
17118495
17118525
17118569
17118597
17118695
17118713
17118719
17118775
17118869
17119041
17119051
17119107
17119129
17119141
17119229
17119297
17119363
17119495
17119505
17119527
17119663
17119685
17119701
17119739
17119749
17119845
17119889
17120109
17120121
17120169
17120215
17120269
17120461
17120477
17120589
17120697
17120793
17120993
17120995
17121035
17121103
17121245
17121259
17121285
17121383
17121441
17121455
17121471
17121625
17121855
17121857
17121859
17121883
17122065
17122079
17122123
17122193
17122251
17122289
17122325
17122327
17122341
17122431
17122529
17122575
17122621
17122631
17122647
17122817
17122877
17122911
17122919
17122933
17122999
17123035
17123125
17123311
17123313
17123757
17123945
17123951
17123981
17124075
17124093
17124207
17124321
17124327
17124429
17124455
17124501
17124567
17124935
17125021
17125061
17125077
17125199
17125353
17125465
17125513
17125545
17125551
17125735
17125765
17125833
17126127
17126303
17126349
17126353
17126393
17126521
17126695
17126709
17126715
17126895
17126903
17126929
17127079
17127167
17127203
17127251
17127323
17127483
17127581
17127711
17127727
17127737
17127863
17128043
17128071
17128075
17128087
17128107
17128217
17128299
17128357
17128487
17128491
17128501
17128589
17128685
17128837
17128873
17129025
17129079
17129195
17129391
17129399
17129445
17129519
17129623
17129827
17130013
17130111
17130127
17130129
17130281
17130399
17130417
17130433
17130677
17130745
17131065
17131071
17131141
17131159
17131175
17131213
17131253
17131259
17131279
17131305
17131323
17131363
17131487
17131533
17131543
17131593
17131681
17131743
17131753
17131783
17131793
17131799
17131919
17131971
17132031
17132239
17132295
17132355
17132377
17132419
17132433
17132475
17132571
17132643
17132743
17132753
17132823
17132899
17133101
17133191
17133209
17133271
17133325
17133409
17133457
17133511
17133557
17133573
17133605
17133633
17133773
17133891
17133909
17133983
17134023
17134049
17134095
17134139
17134181
17134191
17134331
17134367
17134375
17134395
17134407
17134463
17134571
17134579
17134659
17134671
17134699
17134711
17134797
17134827
17134941
17134961
17134975
17135015
17135039
17135041
17135045
17135231
17135257
17135265
17135351
17135359
17135377
17135435
17135443
17135449
17135477
17135525
17135769
17135791
17135891
17135971
17136177
17136189
17136217
17136243
17136397
17136433
17136771
17136905
17136941
17137019
17137103
17137151
17137189
17137195
17137209
17137299
17137407
17137555
17137567
17137731
17137789
17137837
17137873
17137953
17138069
17138145
17138391
17138477
17138541
17138549
17138591
17138643
17138711
17138713
17138771
17138897
17139019
17139085
17139131
17139213
17139331
17139459
17139601
17139641
17139711
17139927
17140117
17140229
17140251
17140417
17140467
17140503
17140529
17140639
17140705
17140707
17140777
17140835
17140965
17140973
17141107
17141153
17141199
17141201
17141235
17141291
17141343
17141411
17141599
17141629
17141645
17141661
17141751
17141765
17141809
17141815
17141939
17142265
17142333
17142409
17142443
17142513
17142575
17142587
17142589
17142783
17142801
17142843
17142867
17142917
17143109
17143203
17143289
17143301
17143391
17143405
17143417
17143431
17143449
17143599
17143685
17143811
17143829
17143861
17143975
17143995
17144055
17144061
17144137
17144163
17144279
17144345
17144449
17144491
17144559
17144721
17144747
17144857
17145149
17145191
17145337
17145341
17145349
17145385
17145391
17145429
17145501
17145519
17145713
17145747
17145877
17145887
17146059
17146145
17146287
17146293
17146315
17146393
17146413
17146415
17146487
17146513
17146589
17146779
17146799
17147167
17147363
17147505
17147599
17147629
17147647
17147699
17147747
17147759
17147795
17147829
17147839
17147851
17147893
17147911
17148039
17148121
17148215
17148227
17148239
17148379
17148399
17148479
17148531
17148545
17148573
17148789
17148835
17148995
17148997
17149119
17149131
17149441
17149463
17149487
17149499
17149529
17149751
17149865
17149923
17150029
17150171
17150271
17150283
17150319
17150323
17150423
17150469
17150513
17150609
17150725
17150797
17150853
17151043
17151063
17151065
17151179
17151243
17151265
17151347
17151461
17151533
17151723
17151781
17151849
17151989
17152047
17152193
17152285
17152311
17152323
17152395
17152463
17152645
17152687
17152731
17152885
17152977
17153079
17153081
17153119
17153133
17153261
17153343
17153479
17153509
17153583
17153593
17153595
17153617
17153731
17153763
17153789
17153827
17153829
17153873
17153875
17153889
17153963
17153969
17154097
17154145
17154229
17154239
17154259
17154267
17154435
17154453
17154533
17154579
17154749
17154831
17154835
17154851
17154855
17154959
17155057
17155425
17155459
17155567
17155599
17155645
17155849
17155889
17155893
17155895
17155993
17156011
17156037
17156043
17156093
17156149
17156213
17156297
17156351
17156359
17156395
17156407
17156449
17156465
17156509
17156563
17156737
17156779
17156837
17157085
17157139
17157151
17157203
17157275
17157307
17157537
17157557
17157635
17157691
17158035
17158043
17158077
17158129
17158197
17158415
17158445
17158621
17158717
17158783
17158829
17158917
17158945
17158961
17159021
17159033
17159049
17159209
17159227
17159273
17159353
17159465
17159493
17159505
17159567
17159589
17159855
17159869
17159879
17159889
17160023
17160241
17160403
17160439
17160451
17160513
17160551
17160837
17160911
17160963
17161021
17161033
17161131
17161175
17161305
17161337
17161619
17161637
17161639
17161669
17161675
17161689
17161701
17161725
17161829
17161943
17161945
17161957
17162039
17162041
17162091
17162103
17162151
17162275
17162379
17162589
17162707
17162799
17162831
17162865
17162951
17162971
17163061
17163091
17163263
17163267
17163309
17163313
17163331
17163387
17163607
17163785
17163883
17163955
17164021
17164117
17164133
17164175
17164179
17164243
17164301
17164465
17164521
17164535
17164599
17164633
17164639
17164661
17164679
17164709
17164775
17164819
17165041
17165077
17165083
17165085
17165137
17165199
17165209
17165215
17165313
17165551
17165701
17165803
17165887
17165897
17165909
17165933
17165935
17166055
17166119
17166279
17166291
17166475
17166583
17166635
17166707
17166923
17167017
17167159
17167267
17167383
17167395
17167435
17167655
17167801
17167833
17167999
17168051
17168059
17168077
17168089
17168113
17168159
17168271
17168389
17168395
17168447
17168505
17168649
17168665
17168685
17168807
17168819
17168895
17168921
17168925
17168943
17168993
17169041
17169089
17169091
17169241
17169309
17169341
17169367
17169383
17169387
17169529
17169679
17169727
17169739
17169743
17169825
17169889
17169905
17169971
17170165
17170197
17170255
17170297
17170365
17170387
17170407
17170417
17170423
17170599
17170661
17170715
17170829
17170951
17171049
17171323
17171359
17171375
17171419
17171583
17171657
17171669
17171839
17171873
17172127
17172475
17172613
17172747
17172799
17172847
17173063
17173139
17173157
17173247
17173321
17173381
17173413
17173419
17173467
17173501
17173661
17173757
17173801
17173833
17173945
17174075
17174109
17174165
17174385
17174425
17174459
17174493
17174513
17174521
17174567
17174833
17174899
17174925
17174941
17174955
17175075
17175095
17175201
17175237
17175455
17175767
17175849
17175885
17175951
17176183
17176259
17176343
17176431
17176557
17176599
17176653
17176661
17176679
17176883
17176983
17177019
17177059
17177083
17177219
17177253
17177333
17177357
17177369
17177391
17177401
17177465
17177523
17177559
17177561
17177607
17177763
17177845
17177909
17177961
17177963
17178117
17178215
17178265
17178297
17178369
17178383
17178453
17178541
17178553
17178563
17178657
17178667
17178803
17178897
17179001
17179063
17179079
17179085
17179145
17179163
17179271
17179343
17179361
17179393
17179403
17179411
17179443
17179497
17179571
17179621
17179899
17179943
17179983
17180001
17180043
17180279
17180309
17180393
17180641
17180917
17181075
17181303
17181321
17181515
17181527
17181569
17181733
17181875
17181879
17182151
17182391
17182601
17182617
17182751
17182757
17182867
17183173
17183195
17183371
17183399
17183465
17183497
17183527
17183563
17183625
17183709
17183839
17183943
17184013
17184351
17184581
17184617
17184667
17184701
17184801
17184807
17184893
17185009
17185133
17185329
17185357
17185409
17185431
17185533
17185565
17185571
17185609
17185707
17185737
17185819
17186007
17186103
17186167
17186419
17186425
17186427
17186561
17186611
17186683
17186757
17186813
17186901
17187035
17187089
17187099
17187203
17187317
17187351
17187369
17187393
17187397
17187417
17187447
17187535
17187727
17187915
17188131
17188309
17188389
17188399
17188515
17188591
17188789
17188879
17188947
17189003
17189279
17189331
17189339
17189365
17189369
17189371
17189431
17189793
17189881
17190071
17190139
17190167
17190173
17190283
17190291
17190319
17190349
17190355
17190365
17190435
17190529
17190545
17190663
17190671
17190681
17191019
17191035
17191235
17191253
17191335
17191473
17191791
17191845
17192057
17192089
17192139
17192157
17192369
17192575
17192585
17192683
17192701
17192749
17192777
17192879
17192965
17192991
17193137
17193139
17193325
17193371
17193385
17193417
17193439
17193461
17193473
17193485
17193509
17193597
17193601
17193645
17193757
17193811
17194147
17194181
17194279
17194281
17194373
17194417
17194421
17194625
17194673
17194737
17194833
17194881
17194947
17195007
17195037
17195053
17195071
17195161
17195319
17195323
17195353
17195411
17195499
17195535
17195599
17195661
17195737
17195759
17195799
17195989
17195999
17196037
17196311
17196397
17196433
17196477
17196525
17196585
17196627
17196635
17196721
17196757
17196785
17196839
17196851
17196861
17196907
17196927
17196963
17196971
17196975
17197001
17197037
17197301
17197331
17197383
17197433
17197505
17197705
17197733
17197755
17197785
17197803
17197859
17197985
17198089
17198165
17198263
17198321
17198453
17198485
17198505
17198515
17198715
17198911
17199023
17199259
17199261
17199285
17199293
17199405
17199417
17199419
17199437
17199461
17199529
17199635
17199693
17199733
17199757
17199773
17199849
17199877
17200037
17200063
17200075
17200135
17200217
17200221
17200257
17200459
17200595
17200609
17200647
17200687
17200707
17200713
17200795
17200815
17201005
17201007
17201181
17201383
17201653
17201699
17201807
17201975
17202327
17202333
17202475
17202479
17202519
17202653
17202675
17202725
17202757
17202853
17203071
17203135
17203151
17203209
17203259
17203309
17203467
17203605
17203673
17203731
17204035
17204065
17204163
17204197
17204511
17204523
17204525
17204719
17204865
17204879
17204911
17204969
17205063
17205093
17205291
17205641
17205813
17205955
17205971
17205989
17206043
17206089
17206205
17206233
17206337
17206435
17206463
17206525
17206605
17206635
17206659
17206737
17206749
17207007
17207061
17207159
17207233
17207317
17207337
17207461
17207491
17207545
17207653
17207809
17207873
17207909
17207941
17208099
17208131
17208159
17208161
17208183
17208237
17208259
17208309
17208369
17208385
17208485
17208553
17208581
17208587
17208729
17209123
17209153
17209315
17209379
17209607
17209617
17209761
17209903
17210087
17210099
17210121
17210181
17210351
17210503
17210595
17210603
17210611
17210795
17210797
17210903
17210921
17211105
17211279
17211333
17211383
17211405
17211551
17211583
17211665
17211677
17211777
17211785
17211883
17211953
17211981
17212007
17212047
17212097
17212109
17212115
17212503
17212521
17212577
17212611
17212791
17212861
17212947
17212951
17212955
17213039
17213071
17213143
17213393
17213599
17213619
17213705
17213713
17213733
17213805
17213835
17213853
17214025
17214099
17214117
17214227
17214477
17214507
17214555
17214625
17214679
17214681
17214695
17214735
17214793
17214797
17214947
17214953
17215075
17215167
17215501
17215649
17215697
17215915
17216115
17216145
17216147
17216275
17216331
17216335
17216375
17216397
17216427
17216481
17216635
17216639
17216693
17216713
17216737
17216745
17216761
17216815
17216865
17216905
17216989
17217003
17217041
17217125
17217187
17217207
17217275
17217297
17217397
17217429
17217543
17217587
17217609
17217677
17218105
17218107
17218265
17218725
17219003
17219009
17219025
17219057
17219065
17219099
17219135
17219159
17219401
17219409
17219417
17219643
17219665
17219713
17219717
17219745
17219771
17219775
17219793
17219795
17219803
17219919
17219925
17219983
17220017
17220253
17220427
17220523
17220543
17220597
17220669
17220675
17220775
17220885
17220903
17220909
17220921
17220989
17221001
17221007
17221017
17221257
17221645
17221695
17221703
17221727
17221875
17221967
17222019
17222195
17222209
17222317
17222335
17222453
17222549
17222649
17222781
17222837
17222919
17222947
17223021
17223143
17223237
17223247
17223321
17223347
17223367
17223563
17223741
17223751
17223787
17223795
17223881
17223903
17224043
17224197
17224211
17224255
17224257
17224425
17224443
17224511
17224577
17224717
17224757
17225093
17225123
17225137
17225157
17225345
17225417
17225727
17225881
17225949
17225995
17226003
17226137
17226177
17226195
17226231
17226305
17226313
17226359
17226397
17226413
17226653
17226699
17226719
17226775
17226849
17226905
17226931
17227033
17227041
17227129
17227153
17227185
17227205
17227435
17227551
17227583
17227619
17227821
17227839
17227911
17228165
17228183
17228253
17228261
17228265
17228465
17228467
17228469
17228505
17228547
17228631
17228671
17228727
17228779
17228847
17229031
17229107
17229125
17229131
17229137
17229163
17229251
17229287
17229493
17229515
17229559
17229585
17229803
17229901
17229959
17230015
17230203
17230229
17230267
17230379
17230521
17230527
17230607
17230691
17230911
17230935
17231041
17231137
17231369
17231431
17231503
17231569
17231683
17231727
17231887
17231951
17232155
17232171
17232247
17232305
17232323
17232427
17232513
17232537
17232659
17232661
17232745
17232805
17232815
17232827
17232843
17232927
17233285
17233579
17233623
17233643
17233681
17233829
17233845
17233947
17233981
17234063
17234089
17234097
17234143
17234155
17234379
17234443
17234453
17234459
17234723
17234761
17234777
17234857
17234907
17234913
17235115
17235195
17235435
17235515
17235557
17235655
17235665
17235721
17235777
17235833
17235871
17235877
17235951
17235959
17236005
17236033
17236075
17236121
17236289
17236417
17236485
17236503
17236517
17236527
17236607
17236771
17236817
17236827
17236905
17236941
17237085
17237129
17237169
17237407
17237483
17237495
17237517
17237623
17237785
17237883
17237887
17237975
17238075
17238113
17238137
17238165
17238331
17238337
17238339
17238345
17238367
17238425
17238439
17238451
17238475
17238489
17238511
17238631
17238809
17239181
17239185
17239207
17239361
17239405
17239563
17239651
17239663
17239689
17239761
17239805
17239857
17240175
17240181
17240367
17240385
17240397
17240557
17240629
17240677
17240681
17240763
17240803
17240865
17241045
17241109
17241177
17241247
17241269
17241301
17241337
17241443
17241545
17241609
17241621
17241721
17241799
17241927
17241951
17242029
17242473
17242493
17242899
17243061
17243149
17243151
17243315
17243349
17243493
17243581
17243637
17243705
17243775
17243795
17244115
17244149
17244181
17244309
17244611
17244613
17244625
17244649
17244667
17244693
17244935
17244951
17245031
17245089
17245149
17245331
17245387
17245451
17245493
17245545
17245573
17245613
17245669
17245721
17245723
17245729
17245839
17245899
17245937
17246119
17246331
17246397
17246551
17246747
17246823
17246931
17246965
17246993
17247223
17247291
17247381
17247433
17247485
17247607
17247723
17247735
17247777
17247853
17247917
17247945
17247983
17247995
17248143
17248321
17248405
17248461
17248643
17248755
17248759
17248907
17248957
17248963
17248977
17249181
17249207
17249349
17249471
17249505
17249511
17249837
17249873
17249899
17249905
17249911
17250013
17250035
17250053
17250089
17250099
17250265
17250389
17250437
17250489
17250709
17250787
17250875
17250889
17251015
17251037
17251265
17251343
17251359
17251485
17251549
17251621
17251659
17251701
17251777
17251945
17252049
17252061
17252189
17252227
17252251
17252283
17252493
17252549
17252601
17252605
17252635
17252733
17252759
17252791
17252801
17252831
17252867
17252897
17253143
17253165
17253207
17253209
17253237
17253281
17253325
17253333
17253479
17253623
17253731
17253897
17253961
17253975
17254059
17254075
17254113
17254143
17254195
17254257
17254279
17254527
17254635
17254661
17254687
17254719
17254801
17254829
17254911
17254917
17255035
17255321
17255387
17255421
17255467
17255535
17255657
17255669
17255701
17255703
17255817
17255821
17255885
17255933
17255965
17255997
17256195
17256229
17256261
17256263
17256287
17256323
17256349
17256451
17256461
17256463
17256473
17256531
17256533
17256555
17256605
17256607
17256663
17256703
17256777
17256791
17256843
17256853
17256877
17256887
17256903
17256939
17257077
17257175
17257245
17257247
17257261
17257281
17257619
17257641
17257649
17257761
17257779
17257865
17257877
17257895
17257957
17257987
17258073
17258089
17258167
17258269
17258347
17258387
17258451
17258539
17258633
17258687
17258703
17258725
17258839
17258909
17259111
17259187
17259227
17259233
17259295
17259313
17259363
17259489
17259525
17259559
17259697
17259875
17260153
17260263
17260275
17260303
17260333
17260371
17260383
17260447
17260493
17260629
17260703
17260753
17260789
17260863
17260981
17261123
17261159
17261193
17261305
17261379
17261625
17261749
17261765
17261869
17262017
17262023
17262103
17262109
17262249
17262255
17262257
17262309
17262319
17262327
17262345
17262361
17262389
17262547
17262603
17262637
17262691
17262773
17262791
17262919
17262943
17263059
17263123
17263321
17263367
17263375
17263417
17263483
17263543
17263561
17263629
17263697
17263743
17263959
17264053
17264143
17264145
17264157
17264219
17264285
17264307
17264439
17264527
17264593
17264749
17264755
17264815
17264851
17264885
17264907
17264955
17264957
17265137
17265217
17265221
17265335
17265405
17265489
17265533
17265537
17265569
17266137
17266215
17266473
17266557
17266615
17266623
17266653
17266669
17266797
17266857
17266861
17266883
17266913
17266995
17267009
17267071
17267161
17267249
17267265
17267359
17267401
17267467
17267487
17267569
17267611
17267627
17267675
17267747
17268025
17268035
17268145
17268205
17268425
17268483
17268545
17268615
17268679
17268725
17268889
17268925
17268969
17269153
17269263
17269467
17269487
17269535
17269551
17269553
17269745
17269895
17270041
17270069
17270225
17270367
17270425
17270455
17270565
17270639
17270841
17270843
17270933
17270939
17270961
17271049
17271133
17271197
17271227
17271399
17271481
17271543
17271573
17271587
17271641
17271667
17271713
17271789
17271819
17271895
17271907
17271967
17271993
17272075
17272213
17272225
17272309
17272491
17272501
17272565
17272595
17272621
17272681
17272703
17272755
17272759
17272805
17272881
17272927
17272961
17273033
17273043
17273079
17273085
17273089
17273099
17273117
17273131
17273267
17273311
17273491
17273525
17273555
17273721
17273729
17273755
17273919
17273967
17273987
17274083
17274155
17274175
17274269
17274447
17274513
17274523
17274757
17274791
17274933
17275033
17275095
17275103
17275289
17275337
17275669
17275697
17275797
17275899
17275931
17275997
17276027
17276031
17276053
17276295
17276493
17276623
17276641
17276671
17276673
17276691
17276723
17276839
17277025
17277079
17277147
17277371
17277499
17277649
17277699
17277727
17277781
17277809
17277861
17277941
17278059
17278183
17278257
17278323
17278439
17278499
17278563
17278643
17278649
17278667
17278675
17278789
17278861
17278903
17279085
17279087
17279097
17279159
17279235
17279345
17279349
17279465
17279519
17279585
17279629
17279701
17279731
17280071
17280141
17280195
17280395
17280397
17280549
17280607
17280771
17280819
17280847
17281091
17281131
17281203
17281223
17281245
17281279
17281323
17281353
17281373
17281493
17281545
17281577
17281609
17281773
17281855
17281929
17281961
17282159
17282173
17282349
17282377
17282391
17282425
17282477
17282487
17282495
17282523
17282605
17282631
17282713
17282725
17282777
17282835
17282861
17282909
17282927
17282951
17283181
17283275
17283421
17283561
17283629
17283651
17283805
17283877
17283983
17284039
17284199
17284229
17284249
17284271
17284335
17284339
17284409
17284431
17284465
17284585
17284633
17284747
17284769
17285071
17285213
17285387
17285411
17285413
17285441
17285519
17285547
17285605
17285609
17285685
17285767
17285881
17285947
17286095
17286189
17286191
17286199
17286229
17286321
17286327
17286365
17286467
17286517
17286541
17286551
17286553
17286613
17286637
17286667
17286687
17286697
17286759
17286763
17286819
17286995
17287053
17287287
17287361
17287381
17287397
17287519
17287521
17287561
17287671
17287937
17287971
17287987
17288057
17288111
17288143
17288225
17288239
17288315
17288381
17288627
17288699
17289049
17289079
17289117
17289165
17289179
17289287
17289339
17289359
17289431
17289489
17289549
17289769
17289773
17289797
17289923
17290211
17290253
17290337
17290341
17290365
17290403
17290779
17290825
17291261
17291339
17291455
17291513
17291535
17291607
17291635
17291649
17291899
17291915
17291949
17291967
17292075
17292077
17292107
17292131
17292219
17292283
17292331
17292479
17292549
17292595
17292677
17292747
17292761
17292773
17292843
17292927
17292939
17292987
17293113
17293189
17293191
17293199
17293231
17293261
17293323
17293367
17293415
17293433
17293441
17293623
17293655
17293711
17293989
17294011
17294047
17294097
17294135
17294167
17294309
17294323
17294417
17294459
17294485
17294603
17294769
17294841
17294869
17294939
17294945
17294999
17295113
17295171
17295509
17295513
17295515
17295519
17295721
17295753
17295839
17295855
17295949
17295985
17296103
17296165
17296183
17296247
17296269
17296311
17296325
17296569
17296723
17296767
17296787
17296855
17296911
17296937
17296943
17296947
17296967
17297049
17297065
17297159
17297251
17297517
17298199
17298211
17298289
17298349
17298381
17298437
17298543
17298559
17298649
17298721
17298779
17298915
17298939
17299055
17299215
17299257
17299265
17299377
17299391
17299539
17299545
17299551
17299637
17299747
17299755
17299761
17299911
17300025
17300063
17300105
17300151
17300289
17300343
17300365
17300483
17300581
17300613
17300625
17300773
17300859
17300861
17300947
17300961
17300981
17300993
17301025
17301139
17301157
17301187
17301393
17301441
17301459
17301501
17301535
17301537
17301589
17301681
17301689
17301711
17301989
17301999
17302019
17302063
17302169
17302179
17302235
17302245
17302339
17302531
17302567
17302639
17302781
17302857
17302863
17302891
17303133
17303191
17303195
17303233
17303337
17303479
17303641
17303651
17303771
17303835
17303869
17303917
17303921
17303941
17303963
17304059
17304083
17304231
17304297
17304469
17304487
17304631
17304633
17304843
17304897
17304905
17304923
17305093
17305123
17305151
17305181
17305365
17305463
17305527
17305551
17305583
17305597
17305641
17305651
17305713
17305765
17305963
17306303
17306311
17306331
17306433
17306445
17306447
17306467
17306493
17306553
17306555
17306595
17306619
17306707
17306735
17306797
17306831
17306885
17306895
17306991
17307007
17307067
17307215
17307249
17307265
17307285
17307319
17307357
17307485
17307499
17307629
17307681
17307987
17308095
17308121
17308339
17308547
17308705
17308877
17308979
17309099
17309429
17309493
17309515
17309545
17309711
17309731
17309855
17309943
17310041
17310245
17310447
17310637
17310651
17310897
17311007
17311175
17311235
17311349
17311405
17311489
17311509
17311533
17311639
17311823
17311873
17311891
17311919
17311955
17312043
17312205
17312451
17312479
17312481
17312501
17312551
17312749
17312815
17312841
17312847
17313127
17313163
17313217
17313239
17313369
17313583
17313723
17313741
17313749
17313815
17313913
17314025
17314027
17314223
17314233
17314241
17314363
17314443
17314463
17314479
17314613
17314697
17314963
17315011
17315047
17315123
17315193
17315251
17315283
17315285
17315361
17315381
17315421
17315447
17315509
17315543
17315571
17316005
17316023
17316037
17316099
17316173
17316351
17316375
17316431
17316741
17316749
17316841
17316893
17316943
17317033
17317137
17317143
17317249
17317323
17317331
17317349
17317423
17317509
17317607
17317635
17317645
17317687
17317723
17317727
17317807
17317917
17317943
17317953
17317967
17317995
17318017
17318085
17318099
17318139
17318165
17318289
17318359
17318365
17318697
17318745
17318797
17319085
17319123
17319145
17319153
17319263
17319303
17319315
17319333
17319337
17319391
17319435
17319465
17319545
17319737
17319745
17319829
17319885
17319901
17319903
17319949
17319985
17320101
17320191
17320271
17320355
17320439
17320529
17320619
17320629
17320715
17320831
17320855
17320975
17321133
17321229
17321253
17321255
17321317
17321361
17321595
17321635
17321657
17322065
17322155
17322167
17322195
17322251
17322261
17322575
17322657
17322863
17323157
17323519
17323571
17323619
17323693
17323707
17323741
17323823
17323825
17324239
17324271
17324275
17324493
17324531
17324745
17324773
17324823
17324841
17324947
17324971
17324981
17324997
17325047
17325109
17325143
17325147
17325183
17325259
17325327
17325463
17325477
17325485
17325505
17325617
17325629
17325729
17325745
17325799
17325849
17326027
17326031
17326043
17326227
17326367
17326691
17326693
17326735
17326747
17326903
17326917
17326939
17327039
17327125
17327175
17327405
17327529
17327699
17327837
17327875
17328033
17328113
17328137
17328153
17328187
17328253
17328371
17328489
17328533
17328541
17328657
17328815
17329007
17329039
17329345
17329351
17329405
17329443
17329461
17329473
17329531
17329571
17329675
17329685
17329721
17329847
17329867
17329875
17329915
17329999
17330167
17330217
17330293
17330335
17330351
17330419
17330423
17330439
17330447
17330461
17330487
17330625
17330775
17330879
17330957
17331011
17331161
17331305
17331403
17331419
17331483
17331541
17331559
17331633
17331709
17331729
17331767
17331803
17331981
17332035
17332073
17332123
17332167
17332245
17332249
17332251
17332305
17332361
17332439
17332481
17332485
17332721
17332847
17332891
17332897
17332929
17332969
17332973
17333019
17333101
17333155
17333199
17333221
17333237
17333359
17333439
17333473
17333573
17333633
17333795
17333883
17334209
17334235
17334369
17334457
17334535
17334595
17334811
17334891
17334911
17334991
17335011
17335015
17335063
17335067
17335137
17335253
17335275
17335295
17335319
17335341
17335379
17335453
17335499
17335593
17335721
17335751
17336023
17336135
17336145
17336179
17336323
17336409
17336459
17336583
17336601
17336905
17337037
17337097
17337115
17337297
17337317
17337427
17337475
17337575
17337583
17337619
17337629
17337639
17337695
17337747
17337805
17337869
17337979
17337981
17338093
17338183
17338189
17338203
17338215
17338241
17338329
17338455
17338581
17338615
17338627
17338669
17338685
17338697
17338799
17338949
17338993
17339057
17339091
17339191
17339213
17339257
17339445
17339489
17339495
17339667
17339725
17339799
17339809
17339855
17339897
17339939
17340019
17340103
17340165
17340207
17340243
17340329
17340469
17340575
17340609
17340673
17340683
17340721
17340723
17340875
17340897
17340927
17341169
17341189
17341237
17341299
17341319
17341353
17341437
17341441
17341463
17341483
17341897
17341915
17342059
17342107
17342291
17342313
17342633
17342849
17342895
17342997
17343139
17343311
17343341
17343467
17343587
17343613
17343661
17343951
17343957
17343977
17344003
17344009
17344097
17344199
17344241
17344261
17344335
17344535
17344565
17344609
17344679
17344763
17344779
17344905
17344919
17344929
17344953
17344957
17344959
17344991
17345029
17345093
17345113
17345135
17345185
17345193
17345245
17345315
17345335
17345519
17345549
17345575
17345589
17345685
17345759
17345763
17345831
17345841
17345847
17346343
17346389
17346439
17346615
17346647
17346651
17346687
17346777
17346899
17346923
17347005
17347177
17347197
17347255
17347261
17347297
17347389
17347409
17347459
17347555
17347683
17347699
17347735
17347793
17347815
17347909
17348105
17348155
17348253
17348385
17348463
17348491
17348515
17348537
17348541
17348613
17348615
17348617
17348629
17348831
17348867
17348993
17349033
17349091
17349147
17349337
17349389
17349461
17349685
17349723
17349795
17349815
17349837
17349869
17349909
17349969
17349971
17349981
17350035
17350195
17350219
17350299
17350331
17350349
17350527
17350535
17350791
17351093
17351231
17351269
17351301
17351345
17351347
17351349
17351361
17351363
17351441
17351457
17351527
17351637
17351687
17351723
17351741
17351771
17351823
17351913
17351941
17351985
17352071
17352115
17352207
17352321
17352405
17352465
17352475
17352717
17352729
17352971
17353011
17353027
17353035
17353115
17353197
17353235
17353315
17353323
17353387
17353403
17353461
17353485
17353525
17353599
17353679
17353779
17353881
17353883
17353915
17353931
17353943
17353991
17354123
17354189
17354267
17354357
17354411
17354431
17354451
17354461
17354539
17354547
17354683
17354855
17354939
17354997
17355005
17355055
17355063
17355363
17355369
17355471
17355491
17355499
17355509
17355633
17355659
17355731
17355795
17355979
17356003
17356077
17356179
17356233
17356257
17356299
17356415
17356443
17356491
17356519
17356541
17356577
17356607
17356637
17356727
17356825
17356897
17357123
17357131
17357245
17357273
17357313
17357483
17357495
17357545
17357673
17357683
17357731
17357751
17357785
17357823
17357835
17357861
17357871
17357939
17357983
17358049
17358215
17358225
17358231
17358239
17358441
17358449
17358459
17358513
17358539
17358603
17358727
17358741
17358893
17359085
17359451
17359481
17359529
17359685
17359691
17359723
17359739
17359745
17359807
17359857
17359899
17359913
17359997
17360057
17360203
17360219
17360227
17360317
17360463
17360493
17360509
17360581
17360597
17360777
17360871
17360873
17360965
17360967
17360995
17361021
17361103
17361125
17361211
17361351
17361373
17361375
17361471
17361513
17361529
17361541
17361599
17361627
17361641
17361749
17361901
17361943
17362039
17362187
17362353
17362445
17362519
17362559
17362577
17362585
17362621
17362683
17362863
17362865
17363165
17363409
17363453
17363761
17363763
17363797
17363805
17363807
17363857
17363917
17364103
17364309
17364351
17364359
17364399
17364437
17364467
17364493
17364785
17364899
17365411
17365447
17365461
17365487
17365493
17365545
17365621
17365677
17365707
17365753
17365789
17365811
17365857
17365885
17365919
17366055
17366079
17366081
17366107
17366205
17366499
17366909
17367087
17367181
17367469
17367547
17367557
17367685
17367843
17367911
17368065
17368067
17368079
17368143
17368185
17368329
17368449
17368471
17368521
17368531
17368537
17368705
17368739
17368915
17368921
17369007
17369257
17369373
17369387
17369517
17369521
17369629
17369645
17369729
17369787
17369803
17369949
17370031
17370195
17370263
17370267
17370277
17370337
17370345
17370351
17370373
17370379
17370411
17370421
17370425
17370495
17370519
17370567
17370627
17370663
17370729
17370843
17370875
17370945
17371053
17371171
17371175
17371177
17371187
17371391
17371395
17371471
17371495
17371533
17371557
17371597
17371629
17371635
17371681
17371831
17371951
17371977
17372007
17372039
17372111
17372193
17372203
17372241
17372311
17372323
17372915
17372991
17372995
17373091
17373211
17373283
17373355
17373363
17373465
17373563
17373661
17373727
17373777
17373821
17373917
17373959
17374181
17374235
17374263
17374347
17374429
17374579
17374689
17374881
17375125
17375131
17375213
17375217
17375327
17375385
17375405
17375521
17375587
17375923
17375933
17375995
17376063
17376155
17376223
17376375
17376471
17376591
17376619
17376671
17376699
17376743
17376889
17376943
17377079
17377083
17377101
17377193
17377201
17377203
17377245
17377253
17377351
17377431
17377493
17377575
17377579
17377635
17377639
17377709
17377721
17377755
17377855
17377939
17377945
17378061
17378079
17378153
17378165
17378217
17378309
17378315
17378351
17378361
17378401
17378605
17378615
17378653
17378721
17378741
17378885
17378967
17379027
17379067
17379103
17379167
17379223
17379225
17379389
17379397
17379431
17379491
17379527
17379643
17379649
17379721
17379997
17380089
17380133
17380137
17380167
17380471
17380487
17380499
17380525
17380613
17380665
17380693
17380727
17380841
17380961
17381179
17381187
17381245
17381253
17381295
17381365
17381413
17381609
17381611
17381627
17381641
17381677
17381843
17381901
17381971
17382051
17382111
17382317
17382357
17382371
17382379
17382501
17382591
17382601
17382619
17382637
17382653
17382723
17382759
17382881
17382897
17382959
17383047
17383077
17383161
17383219
17383237
17383715
17383719
17383743
17383747
17383769
17383795
17383799
17383815
17383819
17383993
17384025
17384243
17384287
17384365
17384375
17384701
17384739
17384775
17385099
17385163
17385195
17385201
17385209
17385395
17385531
17385599
17385617
17385715
17385741
17385887
17385927
17385967
17386085
17386193
17386251
17386255
17386393
17386507
17386583
17386641
17386689
17386781
17386825
17386845
17386951
17387067
17387087
17387117
17387127
17387245
17387485
17387599
17387709
17387725
17387783
17387807
17387829
17387889
17387919
17387927
17387945
17387953
17387997
17388207
17388501
17388581
17388767
17388897
17388963
17389025
17389125
17389281
17389491
17389547
17389555
17389691
17389751
17389825
17389959
17389967
17389993
17389997
17390075
17390151
17390163
17390173
17390265
17390301
17390327
17390393
17390411
17390433
17390491
17390577
17390699
17390741
17390757
17390759
17390799
17390817
17390883
17391059
17391223
17391281
17391289
17391321
17391355
17391383
17391407
17391629
17391743
17391793
17391797
17391811
17391813
17392085
17392383
17392409
17392519
17392585
17392691
17392817
17392947
17392969
17392979
17393033
17393163
17393207
17393355
17393429
17393447
17393551
17393581
17393643
17393661
17393749
17393751
17393875
17393931
17393953
17394013
17394113
17394401
17394605
17394625
17394631
17394935
17395017
17395083
17395129
17395183
17395189
17395197
17395199
17395205
17395229
17395303
17395387
17395463
17395511
17395715
17395787
17395869
17395875
17395881
17395919
17395945
17395955
17396055
17396085
17396147
17396217
17396227
17396269
17396329
17396363
17396395
17396477
17396589
17396665
17396709
17396911
17396967
17396991
17397037
17397049
17397063
17397153
17397291
17397367
17397457
17397519
17397561
17397687
17397693
17397849
17397949
17397973
17398135
17398145
17398373
17398393
17398407
17398603
17398615
17398943
17398977
17399003
17399009
17399137
17399163
17399171
17399219
17399289
17399299
17399307
17399361
17399383
17399385
17399423
17399795
17399823
17399855
17399861
17399971
17400201
17400265
17400319
17400339
17400393
17400417
17400451
17400479
17400485
17400667
17400721
17400807
17400829
17400953
17400967
17401203
17401347
17401365
17401425
17401567
17401577
17401631
17401663
17401705
17401865
17401885
17401891
17401911
17401955
17402077
17402321
17402385
17402771
17402777
17402803
17402835
17402843
17402859
17403021
17403051
17403061
17403205
17403231
17403237
17403393
17403555
17403563
17403885
17403993
17404005
17404105
17404129
17404519
17404521
17404527
17404553
17404799
17404811
17404907
17404933
17404993
17405013
17405041
17405147
17405269
17405287
17405429
17405569
17405577
17405639
17405695
17405793
17405827
17406091
17406143
17406227
17406327
17406335
17406349
17406535
17406575
17406589
17406663
17406667
17406779
17406795
17407025
17407065
17407149
17407171
17407215
17407219
17407285
17407323
17407325
17407327
17407403
17407457
17407767
17407841
17407867
17407923
17407971
17408117
17408195
17408197
17408547
17408573
17408627
17408679
17408747
17408887
17408913
17408931
17408941
17409005
17409077
17409135
17409161
17409323
17409329
17409389
17409419
17409475
17409591
17409619
17409651
17409753
17409759
17409961
17410113
17410131
17410301
17410331
17410337
17410373
17410481
17410493
17410653
17410717
17410811
17410891
17410915
17410921
17410923
17410955
17411005
17411063
17411141
17411209
17411633
17411687
17411725
17411769
17411777
17411791
17411917
17411935
17411985
17412153
17412157
17412173
17412267
17412273
17412333
17412335
17412351
17412371
17412447
17412569
17412627
17412655
17412663
17412705
17412757
17412929
17412945
17412955
17412971
17413061
17413079
17413083
17413181
17413211
17413223
17413263
17413325
17413457
17413533
17413663
17413727
17413799
17413915
17413951
17414157
17414241
17414311
17414409
17414563
17414621
17414705
17414773
17414877
17415009
17415189
17415193
17415281
17415287
17415321
17415377
17415455
17415487
17415521
17415543
17415661
17415703
17415753
17415861
17415889
17415891
17416019
17416063
17416071
17416243
17416277
17416501
17416587
17416709
17416909
17416911
17416943
17416957
17416967
17417041
17417205
17417217
17417337
17417435
17417557
17417673
17417849
17417925
17417987
17417993
17418087
17418095
17418109
17418133
17418391
17418497
17418903
17419025
17419175
17419199
17419243
17419283
17419307
17419351
17419533
17419599
17419623
17419677
17419689
17419795
17420079
17420131
17420237
17420255
17420343
17420423
17420441
17420627
17420683
17420691
17420941
17420997
17421045
17421115
17421223
17421273
17421295
17421337
17421645
17421689
17421817
17421853
17421901
17421917
17421967
17422001
17422025
17422303
17422459
17422511
17422523
17422543
17422545
17422827
17422959
17423113
17423173
17423187
17423211
17423223
17423319
17423425
17423523
17423615
17423713
17423937
17423963
17423969
17424339
17424465
17424533
17424763
17424765
17424773
17424807
17424957
17424979
17425041
17425087
17425275
17425287
17425331
17425437
17425501
17425529
17425543
17425567
17425623
17425639
17425667
17425755
17425767
17425847
17425891
17425941
17426033
17426055
17426071
17426093
17426303
17426327
17426413
17426485
17426667
17426711
17426753
17426755
17426813
17426875
17426917
17426983
17427103
17427183
17427189
17427193
17427215
17427237
17427429
17427589
17427627
17427905
17428161
17428329
17428409
17428435
17428533
17428539
17428559
17428593
17428613
17428645
17428691
17428755
17428801
17428985
17429019
17429043
17429051
17429107
17429111
17429131
17429163
17429219
17429255
17429359
17429429
17429665
17429925
17429935
17429971
17430005
17430017
17430093
17430109
17430129
17430199
17430289
17430407
17430471
17430653
17430719
17430851
17430879
17430887
17430899
17430947
17431005
17431071
17431077
17431231
17431235
17431295
17431371
17431377
17431445
17431475
17431531
17431637
17431641
17431685
17431733
17431751
17431891
17432017
17432055
17432377
17432525
17432547
17432549
17432567
17432623
17432629
17432639
17432779
17432787
17432847
17432863
17432881
17432905
17432923
17432975
17433029
17433659
17433665
17433839
17433889
17433963
17433995
17434027
17434061
17434091
17434185
17434263
17434343
17434375
17434511
17434537
17434629
17434651
17434699
17434749
17434751
17434757
17434773
17434967
17434979
17435031
17435045
17435161
17435339
17435657
17435749
17435973
17435991
17436057
17436085
17436443
17436447
17436479
17436807
17436903
17437001
17437049
17437167
17437207
17437335
17437401
17437413
17437415
17437509
17437517
17437525
17437787
17437797
17437847
17437893
17438045
17438169
17438173
17438211
17438353
17438665
17438763
17438863
17438875
17438945
17439017
17439073
17439097
17439289
17439377
17439415
17439443
17439469
17439473
17439501
17439787
17439857
17439995
17440059
17440065
17440151
17440255
17440411
17440417
17440423
17440449
17440547
17440595
17440621
17440637
17440679
17440805
17440953
17440989
17440995
17441019
17441071
17441089
17441101
17441103
17441179
17441183
17441541
17441605
17441619
17441659
17441775
17441927
17442063
17442109
17442139
17442193
17442211
17442223
17442243
17442347
17442359
17442375
17442407
17442425
17442439
17442513
17442529
17442627
17442647
17442663
17442725
17442827
17442839
17442849
17442939
17442965
17443049
17443111
17443115
17443263
17443355
17443513
17443567
17443571
17443583
17443629
17443651
17443721
17443833
17443923
17443941
17443969
17444049
17444197
17444293
17444391
17444445
17444559
17444735
17444775
17444789
17444875
17445003
17445071
17445299
17445359
17445375
17445445
17445489
17445529
17445611
17445681
17445925
17445931
17445935
17445979
17446233
17446267
17446287
17446291
17446407
17446521
17446525
17446543
17446561
17446615
17446701
17446715
17446723
17446787
17446831
17446887
17447155
17447191
17447221
17447225
17447243
17447365
17447525
17447567
17447575
17447749
17447775
17447885
17447987
17447999
17448357
17448419
17448489
17448541
17448615
17448625
17448629
17448655
17448761
17448809
17448975
17449021
17449077
17449121
17449303
17449443
17449537
17449553
17449557
17449677
17449703
17449905
17450003
17450031
17450185
17450259
17450277
17450293
17450325
17450445
17450593
17450629
17450641
17450779
17450809
17450947
17450983
17450987
17451059
17451157
17451171
17451223
17451241
17451265
17451425
17451427
17451473
17451623
17451649
17452005
17452187
17452193
17452323
17452529
17452593
17452635
17452905
17452937
17453047
17453321
17453339
17453437
17453457
17453599
17453721
17453789
17453895
17453929
17453971
17454159
17454233
17454251
17454259
17454261
17454273
17454289
17454423
17454503
17454641
17454723
17454903
17454931
17454949
17455113
17455145
17455215
17455285
17455307
17455313
17455479
17455529
17455547
17455575
17455627
17455689
17455745
17455805
17455929
17455979
17455985
17456029
17456063
17456231
17456539
17456597
17456687
17456719
17456945
17457007
17457151
17457181
17457391
17457477
17457753
17457759
17457781
17457785
17457843
17458255
17458553
17458567
17458627
17458641
17459377
17459405
17459411
17459527
17459555
17459563
17459591
17459659
17459683
17459771
17459881
17459909
17459943
17459997
17460037
17460047
17460111
17460119
17460501
17460521
17460571
17460619
17460753
17460833
17460855
17460953
17461043
17461143
17461179
17461345
17461353
17461455
17461473
17461567
17461579
17461647
17461725
17461767
17461839
17461963
17461977
17461981
17462021
17462031
17462117
17462163
17462181
17462301
17462307
17462329
17462377
17462493
17462539
17462555
17462605
17462643
17462655
17462715
17462789
17462869
17462971
17463071
17463161
17463169
17463215
17463241
17463263
17463301
17463321
17463331
17463477
17463531
17463535
17463719
17463757
17463797
17463851
17463907
17464013
17464081
17464231
17464415
17464489
17464537
17464717
17464843
17464849
17464875
17464893
17464935
17464963
17465065
17465097
17465101
17465105
17465153
17465231
17465239
17465471
17465475
17465561
17465573
17465635
17465655
17465699
17465745
17465847
17465903
17466043
17466073
17466109
17466119
17466143
17466187
17466505
17466563
17466667
17466719
17466793
17466875
17466983
17467091
17467199
17467269
17467271
17467389
17467907
17467927
17467985
17467997
17468011
17468127
17468185
17468189
17468365
17468439
17468671
17468703
17468725
17468731
17468811
17469019
17469053
17469123
17469247
17469527
17469579
17469717
17469801
17470001
17470031
17470083
17470255
17470299
17470341
17470355
17470381
17470397
17470433
17470475
17470499
17470509
17470627
17470631
17470639
17470653
17470665
17470727
17470757
17470817
17470887
17470943
17470959
17471075
17471235
17471275
17471285
17471423
17471493
17471503
17471547
17471581
17471689
17471739
17471781
17471793
17471819
17471877
17471963
17472049
17472071
17472133
17472215
17472217
17472253
17472297
17472409
17472453
17472597
17472763
17472777
17472793
17472869
17472885
17472907
17472939
17473059
17473081
17473159
17473229
17473337
17473523
17473543
17473689
17473701
17473727
17473769
17473775
17473777
17473799
17473937
17473957
17473969
17473993
17474005
17474159
17474201
17474247
17474275
17474477
17474507
17474597
17474633
17474649
17474817
17474937
17474943
17475003
17475085
17475101
17475123
17475165
17475167
17475251
17475319
17475385
17475421
17475425
17475435
17475513
17475567
17475581
17475809
17475847
17475859
17476161
17476401
17476755
17476863
17476911
17476937
17476951
17476977
17476979
17477001
17477119
17477137
17477151
17477161
17477289
17477339
17477417
17477449
17477485
17477521
17477711
17477741
17478015
17478115
17478129
17478161
17478327
17478401
17478447
17478609
17478657
17478659
17478665
17478685
17478753
17478757
17478845
17478891
17479201
17479233
17479315
17479367
17479393
17479411
17479453
17479571
17479579
17479701
17479705
17479755
17479783
17479899
17480003
17480047
17480061
17480151
17480171
17480291
17480539
17480589
17480635
17480711
17480735
17480769
17480859
17480937
17480977
17481049
17481225
17481265
17481311
17481341
17481511
17481519
17481635
17481749
17481823
17481895
17481925
17482199
17482279
17482317
17482359
17482371
17482465
17482501
17482507
17482537
17483069
17483215
17483351
17483431
17483475
17483531
17483565
17483585
17483611
17483639
17483665
17483671
17483773
17483879
17484109
17484145
17484147
17484309
17484429
17484483
17484669
17484939
17484969
17485011
17485069
17485211
17485215
17485241
17485243
17485325
17485641
17485753
17485915
17485965
17485995
17486009
17486081
17486131
17486319
17486361
17486411
17486443
17486487
17486497
17486541
17486621
17486649
17486865
17486893
17486901
17487047
17487065
17487351
17487463
17487515
17487649
17487827
17487831
17487939
17487993
17488007
17488027
17488039
17488101
17488415
17488443
17488475
17488485
17488489
17488541
17488591
17488613
17488633
17488679
17488699
17488705
17488715
17488725
17488863
17488901
17488993
17489001
17489003
17489183
17489417
17489423
17489441
17489595
17489713
17489763
17489765
17489791
17489837
17490177
17490273
17490339
17490557
17490577
17490625
17490651
17490859
17491005
17491233
17491255
17491295
17491527
17491531
17491827
17491839
17491911
17492133
17492229
17492355
17492359
17492411
17492469
17492729
17492733
17492749
17492759
17492787
17492963
17493017
17493041
17493121
17493263
17493425
17493481
17493653
17493783
17493877
17493925
17493935
17494061
17494109
17494143
17494155
17494243
17494263
17494299
17494309
17494311
17494371
17494453
17494689
17494691
17494969
17495113
17495121
17495189
17495291
17495339
17495357
17495449
17495573
17495615
17495673
17495707
17495931
17496023
17496113
17496189
17496317
17496325
17496499
17496637
17496643
17496667
17496769
17496773
17496845
17496859
17497015
17497023
17497043
17497049
17497143
17497281
17497319
17497409
17497455
17497457
17497463
17497717
17497987
17497999
17498025
17498037
17498169
17498307
17498339
17498445
17498585
17498589
17498613
17498713
17498715
17498837
17499101
17499237
17499245
17499299
17499307
17499475
17499605
17499607
17499757
17499799
17499859
17499879
17499885
17499893
17499899
17499941
17500025
17500083
17500239
17500291
17500293
17500365
17500423
17500505
17500563
17500681
17500709
17500731
17500773
17500911
17500949
17500999
17501013
17501117
17501151
17501181
17501325
17501363
17501467
17501495
17501553
17501595
17501617
17501739
17501759
17501901
17501919
17501947
17502111
17502295
17502627
17502631
17502889
17502949
17503075
17503187
17503213
17503341
17503449
17503457
17503603
17503621
17503637
17503687
17503819
17503927
17503937
17504099
17504173
17504321
17504331
17504585
17504681
17504719
17504757
17504807
17504995
17505215
17505255
17505261
17505431
17505437
17505511
17505701
17505757
17505761
17505781
17506369
17506381
17506419
17506425
17506517
17506661
17506725
17506747
17506757
17506841
17506997
17507135
17507145
17507179
17507277
17507675
17507701
17507887
17507895
17507919
17508039
17508071
17508103
17508137
17508247
17508263
17508269
17508305
17508327
17508331
17508407
17508419
17508447
17508489
17508537
17508541
17508581
17508601
17508679
17508687
17508701
17508779
17508853
17508991
17509025
17509067
17509141
17509293
17509307
17509337
17509417
17509471
17509641
17509669
17509765
17509783
17510117
17510285
17510469
17510547
17510577
17510707
17510753
17510785
17510799
17510989
17511017
17511071
17511103
17511105
17511143
17511151
17511185
17511301
17511705
17511801
17512065
17512149
17512441
17512455
17512659
17512809
17512833
17512853
17512929
17513015
17513091
17513115
17513157
17513193
17513237
17513341
17513351
17513559
17513579
17513591
17513689
17513797
17513891
17513895
17513929
17513975
17514007
17514087
17514155
17514205
17514211
17514219
17514231
17514249
17514281
17514313
17514415
17514529
17514601
17514703
17514715
17514797
17514865
17514869
17515135
17515211
17515333
17515487
17515491
17515717
17515781
17515887
17515901
17515943
17515947
17515983
17515993
17516005
17516013
17516069
17516147
17516199
17516231
17516355
17516441
17516483
17516525
17516535
17516595
17516627
17516635
17516719
17516763
17516799
17516845
17517051
17517075
17517151
17517219
17517239
17517473
17517535
17517561
17517579
17517667
17517733
17517773
17517827
17517909
17517913
17517931
17517979
17517997
17518143
17518231
17518273
17518355
17518385
17518401
17518483
17518491
17518529
17518683
17518687
17518755
17518767
17518853
17518891
17519025
17519105
17519123
17519251
17519305
17519329
17519363
17519439
17519445
17519611
17519709
17519723
17519731
17519885
17520005
17520225
17520261
17520297
17520367
17520553
17520575
17520639
17520807
17520811
17520815
17520851
17520877
17520885
17521011
17521013
17521083
17521195
17521281
17521295
17521301
17521475
17521535
17521539
17521651
17521657
17521701
17521825
17521921
17521995
17522053
17522093
17522115
17522141
17522189
17522233
17522239
17522379
17522389
17522415
17522459
17522471
17522515
17522781
17522815
17522929
17522959
17522991
17523109
17523179
17523185
17523215
17523365
17523377
17523407
17523415
17523549
17523603
17523691
17523747
17523907
17524021
17524057
17524109
17524113
17524117
17524225
17524243
17524445
17524447
17524565
17524587
17524631
17524667
17524933
17525023
17525049
17525063
17525307
17525363
17525483
17525539
17525595
17525861
17525957
17526105
17526137
17526289
17526321
17526341
17526433
17526445
17526529
17526753
17526883
17526887
17527001
17527217
17527233
17527247
17527393
17527413
17527453
17527527
17527595
17527755
17528009
17528281
17528361
17528479
17528535
17528665
17528683
17528691
17528707
17528711
17528763
17528893
17528903
17529085
17529105
17529113
17529147
17529149
17529271
17529273
17529355
17529465
17529495
17529585
17529803
17529823
17529841
17529975
17529981
17530061
17530191
17530275
17530277
17530365
17530389
17530399
17530463
17530557
17530603
17530763
17530825
17530831
17530875
17531025
17531027
17531061
17531237
17531485
17531511
17531551
17531743
17531853
17532033
17532077
17532339
17532377
17532543
17532589
17532603
17532663
17532717
17532739
17532909
17532997
17533041
17533237
17533289
17533297
17533445
17533537
17533567
17533679
17533681
17533693
17533747
17533799
17533953
17533955
17534049
17534055
17534069
17534255
17534287
17534467
17534713
17534747
17534809
17534873
17534909
17534971
17534983
17535173
17535223
17535225
17535233
17535255
17535289
17535407
17535537
17535551
17535553
17535637
17535681
17535713
17535719
17535751
17535775
17535849
17536031
17536053
17536063
17536071
17536083
17536295
17536411
17536461
17536609
17536621
17536645
17536833
17536871
17536919
17537201
17537381
17537497
17537539
17537799
17537829
17537851
17537889
17537929
17537981
17537991
17537999
17538085
17538149
17538165
17538171
17538193
17538215
17538303
17538305
17538349
17538369
17538509
17538591
17538789
17538797
17538925
17538957
17539015
17539087
17539139
17539329
17539443
17539461
17539535
17539573
17539579
17539589
17539725
17539731
17539837
17540095
17540127
17540145
17540201
17540209
17540243
17540341
17540403
17540583
17540713
17540717
17540719
17540727
17540737
17540807
17540825
17540845
17540941
17541019
17541071
17541129
17541133
17541145
17541281
17541319
17541389
17541517
17541545
17541617
17541667
17541679
17542063
17542157
17542207
17542271
17542351
17542461
17542607
17542613
17542655
17542745
17542865
17542871
17542881
17542927
17543021
17543037
17543071
17543085
17543105
17543131
17543161
17543179
17543211
17543463
17543771
17543773
17543781
17543857
17543887
17543971
17543987
17543989
17544249
17544329
17544361
17544391
17544397
17544473
17544887
17544913
17544919
17544941
17544963
17545105
17545113
17545141
17545155
17545173
17545197
17545397
17545435
17545439
17545459
17545475
17545601
17545655
17545757
17545773
17545869
17546031
17546055
17546373
17546437
17546459
17546503
17546507
17546597
17546703
17546723
17546839
17546889
17546959
17546977
17547003
17547109
17547153
17547187
17547205
17547285
17547467
17547473
17547585
17547735
17547747
17547749
17547791
17547803
17547983
17548017
17548117
17548175
17548233
17548271
17548303
17548313
17548415
17548421
17548523
17548525
17548557
17548625
17548723
17548827
17548879
17548881
17548967
17548985
17549121
17549153
17549181
17549203
17549437
17549451
17549483
17549507
17549563
17549603
17549663
17549701
17549773
17549829
17549859
17549913
17550039
17550043
17550105
17550163
17550169
17550185
17550249
17550259
17550263
17550355
17550357
17550373
17550407
17550439
17550489
17550663
17550711
17550785
17550787
17550805
17550989
17551007
17551015
17551021
17551043
17551077
17551105
17551123
17551207
17551229
17551347
17551389
17551535
17551555
17551565
17551581
17551687
17551697
17551827
17551841
17551915
17551971
17552053
17552235
17552391
17552443
17552459
17552561
17552691
17552737
17552769
17552999
17553039
17553191
17553241
17553243
17553343
17553353
17553433
17553479
17553491
17553507
17553511
17553523
17553673
17553693
17553809
17553893
17554037
17554079
17554081
17554299
17554319
17554487
17554499
17554517
17554519
17554579
17554587
17554591
17554599
17554705
17554755
17554807
17554861
17554897
17554899
17554995
17555151
17555215
17555261
17555311
17555373
17555419
17555425
17555477
17555551
17555621
17555627
17555869
17555921
17556009
17556053
17556057
17556127
17556347
17556529
17556555
17556595
17556635
17557039
17557101
17557111
17557113
17557241
17557293
17557535
17557593
17557599
17557603
17557631
17557661
17557753
17557809
17557867
17557899
17557939
17557955
17557979
17557999
17558073
17558205
17558263
17558367
17558447
17558469
17558593
17558625
17558681
17558715
17558927
17559133
17559241
17559429
17559487
17559789
17559853
17559925
17559985
17559999
17560017
17560051
17560103
17560137
17560141
17560411
17560469
17560655
17560715
17560733
17560765
17560769
17560775
17560777
17560903
17560923
17560973
17561065
17561211
17561397
17561419
17561439
17561457
17561621
17561703
17562003
17562031
17562047
17562075
17562105
17562195
17562269
17562385
17562421
17562427
17562467
17562513
17562589
17562603
17562605
17562635
17562653
17562725
17563001
17563125
17563149
17563219
17563239
17563303
17563337
17563415
17563513
17563549
17563613
17563639
17563669
17563781
17563851
17564139
17564171
17564293
17564357
17564371
17564551
17564561
17564587
17564677
17564717
17564855
17564929
17564951
17564965
17565089
17565123
17565281
17565309
17565511
17565721
17565743
17565949
17565951
17566081
17566247
17566269
17566271
17566279
17566311
17566617
17566657
17566771
17566867
17566871
17567047
17567145
17567283
17567387
17567445
17567513
17567517
17567559
17567581
17567649
17567963
17568043
17568057
17568081
17568209
17568227
17568237
17568371
17568437
17568453
17568601
17568683
17568745
17568781
17568795
17569137
17569283
17569303
17569335
17569363
17569423
17569581
17569681
17569843
17569939
17569945
17569999
17570035
17570181
17570233
17570343
17570493
17570545
17570661
17570691
17570741
17570813
17570849
17570883
17570941
17570989
17571007
17571071
17571223
17571277
17571309
17571357
17571361
17571383
17571429
17571537
17572053
17572181
17572351
17572369
17572427
17572505
17572677
17572805
17572847
17572877
17573037
17573319
17573333
17573379
17573407
17573533
17573595
17573627
17573669
17573903
17573907
17574067
17574107
17574227
17574359
17574473
17574715
17574729
17574739
17574827
17574849
17574967
17574971
17575001
17575011
17575199
17575207
17575345
17575437
17575443
17575463
17575649
17575777
17576037
17576131
17576179
17576189
17576237
17576489
17576523
17576633
17576723
17576741
17576767
17576945
17577115
17577155
17577165
17577191
17577193
17577205
17577251
17577283
17577429
17577751
17577775
17577795
17577951
17577965
17577977
17578011
17578027
17578049
17578217
17578453
17578519
17578523
17578541
17578547
17578549
17578729
17578873
17578945
17579035
17579231
17579367
17579599
17579657
17579661
17579735
17579865
17579883
17579929
17579995
17579997
17580061
17580095
17580181
17580279
17580295
17580321
17580421
17580747
17580751
17580783
17580891
17581051
17581085
17581091
17581103
17581189
17581297
17581309
17581337
17581397
17581519
17581611
17581667
17581733
17581771
17581797
17581801
17581825
17582003
17582183
17582193
17582215
17582229
17582273
17582333
17582371
17582411
17582423
17582823
17582835
17583043
17583189
17583211
17583271
17583325
17583361
17583395
17583505
17583687
17583755
17583805
17583825
17583855
17583881
17583945
17584073
17584103
17584181
17584425
17584527
17584743
17584755
17584827
17584907
17584927
17584997
17585103
17585513
17585655
17585669
17585681
17585703
17585737
17586007
17586041
17586109
17586143
17586343
17586397
17586403
17586413
17586465
17586669
17586691
17586713
17586773
17586791
17586913
17587005
17587077
17587155
17587591
17587667
17587745
17587817
17587837
17587965
17588005
17588071
17588135
17588137
17588163
17588181
17588207
17588321
17588333
17588347
17588573
17588751
17588791
17588897
17588981
17589021
17589045
17589051
17589099
17589231
17589279
17589387
17589437
17589471
17589487
17589493
17589509
17589533
17589605
17589675
17589695
17589865
17589991
17590045
17590061
17590175
17590215
17590325
17590327
17590343
17590427
17590529
17590547
17590799
17590805
17590989
17591071
17591351
17591623
17591673
17591855
17591933
17592171
17592329
17592383
17592409
17592465
17592577
17592587
17592625
17592671
17592761
17592855
17592979
17593013
17593091
17593117
17593241
17593267
17593301
17593475
17593493
17593577
17593697
17593765
17593781
17593817
17593819
17593909
17593995
17594005
17594025
17594221
17594257
17594297
17594301
17594471
17594605
17594781
17594891
17594913
17594921
17595017
17595047
17595083
17595117
17595145
17595197
17595221
17595259
17595363
17595411
17595487
17595577
17595727
17595761
17595811
17595887
17595933
17596037
17596055
17596099
17596345
17596447
17596501
17596759
17596869
17596889
17597197
17597489
17597521
17597639
17597649
17597653
17597709
17597769
17597813
17597911
17597981
17598035
17598067
17598127
17598131
17598181
17598319
17598459
17598701
17598731
17598857
17598889
17599007
17599159
17599179
17599259
17599335
17599425
17599641
17599793
17599909
17599971
17600105
17600129
17600153
17600197
17600261
17600335
17600441
17600555
17600635
17600651
17600823
17600883
17601161
17601207
17601311
17601355
17601435
17601457
17601723
17601731
17601867
17601875
17602245
17602281
17602363
17602373
17602405
17602651
17602807
17602981
17603037
17603203
17603221
17603237
17603251
17603399
17603437
17603477
17603503
17603557
17603575
17603581
17603591
17603617
17603827
17603977
17604179
17604261
17604287
17604309
17604529
17604653
17604695
17604729
17604763
17604799
17604815
17604859
17604945
17604967
17605059
17605077
17605089
17605153
17605279
17605283
17605343
17605439
17605775
17605903
17606051
17606085
17606157
17606243
17606373
17606491
17606503
17606671
17606689
17606703
17606707
17606775
17606823
17606861
17606895
17606899
17606907
17606931
17606957
17607021
17607091
17607255
17607425
17607449
17607609
17607617
17607651
17607787
17607855
17607915
17607925
17607931
17608025
17608053
17608065
17608187
17608297
17608471
17608497
17608557
17608625
17608767
17608885
17609039
17609259
17609293
17609331
17609351
17609391
17609603
17609697
17609797
17609805
17609807
17609809
17609949
17610021
17610535
17610701
17610717
17610919
17610963
17611027
17611053
17611121
17611201
17611311
17611325
17611377
17611691
17611695
17611725
17611859
17611933
17612125
17612177
17612189
17612447
17612653
17612661
17613055
17613065
17613161
17613163
17613199
17613303
17613429
17613447
17613545
17613559
17613605
17613749
17613755
17613761
17614031
17614051
17614065
17614123
17614165
17614253
17614333
17614367
17614399
17614419
17614533
17614619
17614683
17614753
17614807
17614963
17615001
17615023
17615049
17615165
17615239
17615293
17615435
17615467
17615477
17615495
17615503
17615539
17615649
17615659
17615691
17615723
17616137
17616143
17616191
17616327
17616385
17616395
17616449
17616581
17616595
17616601
17616669
17616679
17616729
17616781
17616893
17616925
17617031
17617215
17617255
17617381
17617407
17617669
17617679
17617693
17617697
17617765
17617779
17617787
17617811
17617859
17617959
17618211
17618215
17618239
17618247
17618299
17618465
17618523
17618525
17618591
17618681
17618891
17618911
17618925
17619071
17619129
17619193
17619303
17619455
17619465
17619473
17619587
17619645
17619753
17619763
17619853
17619869
17619885
17620033
17620077
17620091
17620149
17620257
17620259
17620293
17620427
17620539
17620735
17620767
17620769
17620809
17620843
17620897
17621011
17621123
17621127
17621149
17621255
17621299
17621303
17621351
17621369
17621375
17621405
17621497
17621563
17621575
17621639
17621645
17621755
17621761
17621781
17621849
17621965
17622021
17622299
17622313
17622339
17622343
17622355
17622379
17622461
17622477
17622493
17622541
17622609
17622665
17622727
17622793
17622839
17622889
17623131
17623139
17623143
17623215
17623261
17623325
17623359
17623373
17623383
17623461
17623557
17623601
17623643
17623653
17623935
17623955
17624035
17624197
17624245
17624265
17624377
17624383
17624459
17624491
17624527
17624597
17624633
17624647
17624723
17624887
17624895
17624909
17625003
17625013
17625293
17625303
17625337
17625457
17625481
17625531
17625667
17625715
17625761
17625789
17625809
17625813
17625923
17626007
17626011
17626217
17626259
17626409
17626453
17626467
17626517
17626535
17626603
17626615
17626645
17626671
17626781
17626793
17626845
17626997
17627021
17627023
17627057
17627149
17627157
17627217
17627249
17627361
17627427
17627517
17627537
17627567
17627637
17627805
17627813
17627957
17627995
17628005
17628057
17628063
17628069
17628279
17628299
17628319
17628463
17628483
17628621
17628647
17628861
17628903
17629007
17629059
17629083
17629169
17629177
17629243
17629351
17629545
17629713
17629749
17629751
17629765
17629789
17629903
17629991
17630219
17630251
17630273
17630441
17630485
17630585
17630791
17630943
17630949
17630999
17631249
17631387
17631449
17631603
17631713
17631755
17631801
17631831
17632043
17632193
17632281
17632299
17632407
17632461
17632495
17632537
17632557
17632691
17632757
17632833
17632845
17632895
17632953
17632977
17633135
17633143
17633161
17633277
17633389
17633423
17633593
17633603
17633663
17633785
17633809
17633865
17633923
17633929
17633931
17633989
17634043
17634181
17634199
17634227
17634365
17634525
17634607
17634621
17634685
17634741
17634761
17634777
17634949
17635017
17635087
17635379
17635401
17635407
17635481
17635483
17635541
17635549
17635583
17635675
17635771
17635799
17635875
17635905
17635999
17636007
17636191
17636323
17636587
17636633
17636713
17636739
17636827
17636931
17636957
17636969
17637049
17637149
17637165
17637229
17637339
17637375
17637409
17637467
17637495
17637689
17637865
17637881
17637979
17638163
17638265
17638285
17638313
17638317
17638375
17638399
17638437
17638501
17638509
17638523
17638699
17638793
17638821
17638941
17639083
17639173
17639199
17639313
17639463
17639473
17639563
17639637
17639677
17639805
17639967
17640001
17640069
17640107
17640129
17640147
17640191
17640249
17640327
17640389
17640433
17640467
17640505
17640649
17640661
17640671
17640785
17640795
17640929
17641061
17641097
17641153
17641305
17641423
17641439
17641567
17641569
17641663
17641689
17641699
17641831
17641971
17642031
17642047
17642059
17642069
17642109
17642183
17642321
17642345
17642451
17642461
17642507
17642555
17642559
17642571
17642661
17642691
17642735
17642741
17642755
17642857
17643177
17643309
17643313
17643315
17643339
17643395
17643401
17643405
17643413
17643617
17643629
17643823
17643895
17644007
17644081
17644101
17644289
17644309
17644329
17644357
17644511
17644829
17644893
17645077
17645109
17645279
17645301
17645575
17645577
17645585
17645625
17645649
17645747
17645829
17645879
17645891
17646161
17646263
17646469
17646493
17646595
17646623
17646703
17646707
17646957
17646999
17647031
17647209
17647289
17647315
17647705
17647727
17648007
17648079
17648131
17648163
17648187
17648217
17648219
17648301
17648333
17648353
17648359
17648531
17648641
17648765
17648799
17648849
17648885
17648895
17648939
17648949
17649039
17649133
17649151
17649155
17649283
17649321
17649467
17649617
17649635
17649701
17649721
17649733
17649883
17649905
17649909
17649943
17650071
17650173
17650309
17650399
17650451
17650485
17650565
17650619
17650621
17650627
17650643
17650891
17651199
17651203
17651301
17651363
17651453
17651809
17651831
17651873
17651947
17651967
17651979
17651989
17652025
17652027
17652065
17652347
17652375
17652437
17652449
17652497
17652639
17652645
17652655
17652707
17652775
17652889
17652923
17652943
17653033
17653195
17653201
17653219
17653321
17653405
17653447
17653583
17653605
17653697
17653735
17653773
17653891
17653907
17654133
17654159
17654445
17654485
17654587
17654589
17654641
17654787
17654957
17654991
17655111
17655131
17655149
17655213
17655271
17655317
17655337
17655517
17655855
17655931
17655969
17656027
17656157
17656237
17656475
17656509
17656921
17657111
17657133
17657379
17657571
17657587
17657601
17657681
17657703
17657841
17658053
17658185
17658503
17658633
17658681
17658777
17658789
17658811
17658889
17659035
17659101
17659223
17659285
17659329
17659471
17659595
17659659
17659673
17659771
17659797
17659813
17660123
17660155
17660305
17660409
17660433
17660567
17660729
17660899
17660951
17661063
17661147
17661207
17661325
17661419
17661473
17661491
17661545
17661605
17661649
17661669
17661713
17661799
17662027
17662047
17662241
17662305
17662515
17662531
17662589
17662803
17662831
17662851
17662867
17662917
17662929
17663127
17663211
17663297
17663309
17663325
17663617
17663717
17664105
17664125
17664163
17664193
17664315
17664379
17664389
17664401
17664559
17664683
17664743
17664875
17664877
17664975
17665019
17665043
17665101
17665133
17665141
17665213
17665241
17665261
17665263
17665283
17665381
17665393
17665481
17665485
17665527
17665537
17665581
17665657
17665723
17665729
17665785
17665913
17666109
17666135
17666293
17666571
17666693
17666715
17666745
17666783
17666789
17666889
17667091
17667097
17667155
17667201
17667349
17667551
17667575
17667633
17667759
17667827
17667861
17667881
17667921
17667933
17667975
17668017
17668055
17668081
17668089
17668271
17668275
17668299
17668335
17668397
17668429
17668443
17668475
17668509
17668591
17668711
17668721
17668761
17668791
17668801
17669045
17669105
17669211
17669241
17669251
17669277
17669293
17669337
17669353
17669607
17669623
17669655
17669757
17669807
17669969
17670021
17670023
17670185
17670197
17670203
17670223
17670463
17670691
17670797
17670803
17670883
17670915
17670919
17670979
17671019
17671047
17671049
17671101
17671153
17671209
17671263
17671339
17671473
17671545
17671549
17671695
17671703
17671811
17671813
17671831
17671863
17671901
17671929
17672025
17672029
17672079
17672289
17672301
17672335
17672437
17672531
17672563
17672911
17672937
17672959
17673025
17673071
17673147
17673311
17673341
17673375
17673401
17673407
17673427
17673459
17673483
17673707
17673909
17673925
17673985
17674005
17674069
17674155
17674205
17674281
17674365
17674399
17674479
17674611
17674625
17674665
17674687
17674767
17674815
17674877
17674893
17674937
17674991
17675005
17675193
17675265
17675397
17675497
17675753
17675771
17675803
17675807
17675817
17675889
17675993
17676037
17676069
17676123
17676199
17676215
17676269
17676281
17676351
17676399
17676409
17676831
17676849
17676933
17676953
17676975
17677371
17677761
17677797
17677873
17677967
17678015
17678027
17678035
17678223
17678417
17678541
17678645
17678791
17678815
17678843
17678929
17678931
17678937
17678945
17678995
17679011
17679135
17679339
17679367
17679577
17679647
17679727
17679731
17679917
17680005
17680067
17680085
17680319
17680437
17680487
17680577
17680659
17680675
17680825
17680901
17680973
17681041
17681065
17681315
17681383
17681397
17681509
17681713
17682125
17682211
17682285
17682329
17682359
17682501
17682547
17682695
17682699
17682743
17682831
17682891
17682959
17683073
17683087
17683413
17683415
17683513
17683577
17683703
17683797
17684009
17684097
17684103
17684131
17684543
17684649
17684663
17684723
17684727
17684965
17685013
17685209
17685519
17685609
17685633
17685635
17685709
17685777
17685811
17685831
17685845
17685847
17685857
17685993
17686035
17686083
17686133
17686167
17686503
17686509
17686703
17686733
17686865
17686889
17686893
17686951
17686955
17686965
17687169
17687263
17687321
17687653
17687657
17687659
17687683
17687703
17687869
17687933
17687993
17688003
17688007
17688111
17688151
17688489
17688493
17688783
17688871
17688891
17689049
17689089
17689103
17689203
17689267
17689497
17689519
17689649
17689685
17689697
17689725
17689991
17690071
17690231
17690243
17690255
17690281
17690351
17690525
17690613
17690651
17690691
17690707
17690723
17690757
17690859
17690903
17690943
17691087
17691127
17691165
17691207
17691215
17691261
17691341
17691449
17691537
17691551
17691667
17691733
17691771
17691787
17691919
17692283
17692331
17692341
17692389
17692447
17692485
17692533
17692553
17692559
17692601
17692701
17692739
17692769
17692885
17692959
17693037
17693127
17693171
17693189
17693311
17693379
17693387
17693463
17693479
17693561
17693601
17693681
17693749
17693835
17693963
17693993
17694121
17694137
17694175
17694239
17694423
17694655
17694745
17694987
17695097
17695103
17695171
17695193
17695325
17695407
17695481
17695521
17695559
17695693
17695987
17695995
17696015
17696075
17696099
17696125
17696163
17696171
17696391
17696527
17696535
17696547
17696551
17696575
17697039
17697083
17697161
17697171
17697237
17697293
17697421
17697509
17697559
17697643
17697773
17697867
17697919
17698037
17698041
17698097
17698215
17698265
17698429
17698435
17698723
17698741
17698757
17698761
17698845
17698913
17698965
17698971
17698979
17699045
17699119
17699163
17699321
17699357
17699615
17699617
17699639
17699677
17699705
17699749
17699755
17699775
17699785
17699827
17700001
17700101
17700159
17700357
17700427
17700529
17700533
17700539
17700555
17700721
17700865
17700927
17701141
17701371
17701491
17701495
17701579
17701613
17701711
17701877
17702005
17702115
17702119
17702205
17702299
17702359
17702429
17702459
17702557
17702679
17702719
17702807
17702913
17702921
17702975
17702987
17703273
17703289
17703397
17703473
17703583
17703671
17703745
17703767
17703855
17703883
17703945
17703979
17704189
17704203
17704263
17704289
17704293
17704357
17704403
17704471
17704525
17704591
17704623
17704631
17704667
17704691
17704699
17704965
17704989
17705113
17705213
17705223
17705269
17705351
17705485
17705521
17705683
17705689
17705755
17705765
17705807
17705885
17705901
17706501
17706527
17706623
17706639
17706721
17706765
17706873
17706879
17706921
17707091
17707143
17707391
17707429
17707447
17707631
17707643
17707663
17707721
17707733
17707917
17708073
17708135
17708199
17708373
17708435
17708563
17708597
17708717
17708719
17708769
17708813
17708985
17709011
17709197
17709209
17709217
17709267
17709431
17709525
17709617
17709713
17709761
17709835
17709937
17710297
17710361
17710445
17710449
17710557
17710599
17710625
17710707
17710829
17710833
17711051
17711065
17711197
17711239
17711251
17711371
17711513
17711521
17711577
17711715
17711783
17711919
17711959
17711979
17712021
17712031
17712143
17712209
17712323
17712459
17712517
17712595
17712871
17712875
17712883
17712891
17712905
17713105
17713135
17713365
17713545
17713559
17713639
17713705
17713831
17713851
17713937
17714021
17714137
17714165
17714189
17714367
17714439
17714537
17714559
17714575
17714613
17714725
17714909
17715139
17715455
17715513
17715613
17715669
17715859
17715895
17715951
17716059
17716101
17716259
17716389
17716403
17716467
17716733
17716751
17716795
17716861
17716915
17716921
17716953
17716961
17717001
17717205
17717209
17717239
17717253
17717363
17717427
17717497
17717779
17717815
17718025
17718127
17718207
17718227
17718445
17718667
17718691
17718717
17718747
17718813
17718867
17719039
17719069
17719071
17719185
17719207
17719417
17719501
17719575
17719585
17719587
17719631
17719643
17719719
17719729
17719803
17719861
17719947
17719971
17720113
17720215
17720229
17720379
17720439
17720535
17720633
17720761
17720819
17720865
17721017
17721121
17721149
17721219
17721269
17721309
17721359
17721415
17721499
17721537
17721695
17721701
17721871
17721897
17722093
17722185
17722279
17722383
17722525
17722563
17722783
17722787
17722963
17723017
17723089
17723153
17723233
17723317
17723475
17723501
17723547
17723549
17723641
17723655
17723737
17723809
17723915
17724013
17724069
17724167
17724199
17724205
17724219
17724225
17724241
17724407
17724433
17724479
17724513
17724607
17724617
17724721
17724753
17724819
17724961
17725211
17725247
17725269
17725317
17725357
17725393
17725445
17725747
17725759
17725805
17725903
17725999
17726045
17726087
17726089
17726323
17726371
17726435
17726443
17726499
17726653
17726669
17726747
17726869
17726873
17726933
17726957
17727043
17727079
17727081
17727141
17727163
17727213
17727241
17727381
17727403
17727455
17727549
17727685
17727899
17727903
17727909
17727979
17728035
17728043
17728115
17728121
17728173
17728221
17728279
17728317
17728367
17728403
17728539
17728587
17728641
17728689
17728945
17728979
17729035
17729041
17729055
17729103
17729219
17729267
17729275
17729617
17729659
17729747
17729757
17729839
17729877
17729947
17730151
17730155
17730285
17730357
17730617
17730665
17730739
17730749
17731027
17731125
17731251
17731333
17731735
17731777
17731873
17731897
17731981
17731983
17732157
17732339
17732351
17732451
17732699
17732801
17732829
17732901
17732953
17733029
17733185
17733267
17733285
17733321
17733379
17733407
17733467
17733509
17733515
17733569
17733601
17733709
17733823
17733945
17734019
17734089
17734125
17734127
17734221
17734273
17734287
17734415
17734439
17734501
17734547
17734607
17734725
17734757
17734827
17734893
17734963
17735255
17735333
17735443
17735497
17735533
17735615
17735671
17735755
17735871
17735901
17735907
17736023
17736029
17736169
17736219
17736223
17736295
17736327
17736621
17736715
17736847
17736855
17736937
17736941
17737059
17737239
17737283
17737307
17737337
17737371
17737415
17737433
17737507
17737573
17737575
17737577
17737605
17737649
17737743
17737779
17737793
17737803
17737921
17738013
17738115
17738179
17738235
17738325
17738331
17738481
17738505
17738721
17738725
17738767
17738773
17738821
17738869
17738893
17738929
17738989
17739175
17739239
17739475
17739521
17739557
17739575
17739589
17739629
17739635
17739689
17739749
17739839
17739843
17740099
17740255
17740305
17740339
17740531
17740691
17740733
17740809
17740821
17740897
17740901
17740915
17740945
17741011
17741113
17741121
17741129
17741197
17741205
17741221
17741337
17741343
17741479
17741499
17741607
17741661
17742015
17742069
17742071
17742233
17742259
17742287
17742353
17742379
17742491
17742503
17742651
17742693
17742731
17742739
17742787
17742799
17742841
17742917
17742935
17743017
17743019
17743029
17743129
17743179
17743255
17743275
17743327
17743345
17743349
17743465
17743575
17743815
17743923
17743927
17743993
17744037
17744095
17744117
17744303
17744311
17744383
17744419
17744631
17744863
17744913
17744953
17744955
17744969
17744989
17745121
17745197
17745227
17745299
17745331
17745383
17745667
17745721
17745731
17745749
17745801
17745869
17745917
17745945
17746005
17746043
17746129
17746145
17746191
17746255
17746287
17746317
17746443
17746499
17746555
17746611
17746657
17746671
17746697
17746717
17746791
17746845
17746891
17747027
17747049
17747077
17747095
17747153
17747215
17747603
17747671
17747727
17747761
17747907
17748011
17748047
17748077
17748147
17748259
17748321
17748337
17748363
17748421
17748429
17748457
17748629
17748651
17748693
17748831
17748965
17748995
17749073
17749151
17749155
17749245
17749267
17749325
17749329
17749443
17749475
17749489
17749543
17749665
17749725
17749731
17749763
17749949
17750001
17750071
17750131
17750165
17750401
17750413
17750451
17750455
17750571
17750601
17750727
17750731
17750807
17750819
17750829
17750889
17750925
17751021
17751031
17751101
17751235
17751267
17751291
17751303
17751335
17751357
17751405
17751577
17751631
17751697
17751711
17751833
17751887
17752083
17752085
17752093
17752279
17752371
17752379
17752407
17752443
17752465
17752511
17752563
17752707
17752735
17752751
17752785
17752795
17752957
17753019
17753123
17753173
17753271
17753291
17753297
17753311
17753369
17753409
17753565
17753597
17753605
17753607
17753609
17753679
17753743
17753827
17753921
17753939
17754031
17754269
17754405
17754465
17754587
17754591
17754615
17754697
17754739
17754793
17754927
17754961
17755185
17755189
17755257
17755373
17755451
17755499
17755521
17755543
17755567
17755665
17755669
17755729
17755861
17755949
17755961
17755965
17755969
17756157
17756159
17756173
17756189
17756221
17756297
17756329
17756491
17756497
17756503
17756533
17756541
17756697
17756701
17756787
17756975
17756985
17756997
17757057
17757085
17757113
17757127
17757207
17757287
17757345
17757427
17757557
17757597
17757623
17757697
17757811
17758031
17758105
17758113
17758243
17758285
17758287
17758407
17758557
17758571
17758577
17758723
17758751
17759013
17759109
17759159
17759213
17759317
17759453
17759463
17759477
17759655
17759669
17759735
17759741
17759767
17759801
17759819
17759923
17759959
17759963
17760119
17760161
17760351
17760395
17760915
17761017
17761141
17761159
17761229
17761307
17761313
17761365
17761367
17761419
17761469
17761513
17761609
17761653
17761703
17761707
17761759
17762033
17762137
17762155
17762167
17762169
17762289
17762389
17762415
17762449
17762499
17762725
17762773
17762819
17762869
17762935
17762947
17763075
17763141
17763187
17763271
17763389
17763581
17763799
17763801
17763813
17763919
17763945
17764057
17764085
17764245
17764289
17764299
17764311
17764347
17764373
17764541
17764665
17764703
17764721
17764749
17764821
17764995
17765069
17765141
17765167
17765275
17765363
17765369
17765417
17765607
17765679
17765773
17765823
17766049
17766083
17766129
17766229
17766319
17766343
17766361
17766411
17766435
17766447
17766487
17766529
17766559
17766563
17766579
17766851
17766893
17766895
17767007
17767141
17767209
17767271
17767355
17767605
17767643
17767657
17767699
17767733
17768077
17768115
17768195
17768227
17768303
17768461
17768463
17768499
17768555
17768563
17769075
17769161
17769163
17769463
17769667
17769807
17769835
17769859
17769905
17769955
17770007
17770011
17770111
17770135
17770179
17770335
17770497
17770565
17770627
17770739
17770779
17770823
17770893
17771093
17771357
17771377
17771393
17771419
17771485
17771555
17771613
17771717
17771755
17771801
17771817
17771845
17771957
17772093
17772117
17772157
17772187
17772229
17772415
17772461
17772473
17772505
17772513
17772559
17772581
17772615
17772723
17772813
17772835
17772849
17772905
17773093
17773205
17773341
17773401
17773583
17773739
17773755
17773809
17773921
17773981
17774005
17774011
17774025
17774177
17774179
17774237
17774239
17774253
17774351
17774403
17774563
17774783
17774815
17774863
17774883
17775019
17775079
17775091
17775203
17775211
17775281
17775331
17775391
17775555
17775595
17775627
17775633
17775743
17775779
17775939
17776075
17776173
17776281
17776285
17776295
17776513
17776565
17776613
17776657
17776687
17776701
17776807
17776823
17776957
17776961
17776963
17776997
17777091
17777159
17777167
17777173
17777213
17777345
17777555
17777557
17777563
17777565
17777615
17777669
17777725
17777757
17777765
17778135
17778143
17778265
17778273
17778305
17778413
17778453
17778681
17778715
17778753
17778845
17778907
17779201
17779283
17779303
17779347
17779371
17779385
17779447
17779489
17779633
17779783
17779785
17779847
17779871
17779889
17779915
17779937
17779981
17780025
17780043
17780059
17780073
17780093
17780157
17780229
17780235
17780237
17780255
17780561
17780599
17780687
17780691
17780803
17781043
17781045
17781185
17781229
17781393
17781553
17781837
17781981
17782043
17782087
17782129
17782139
17782227
17782235
17782267
17782305
17782307
17782353
17782367
17782423
17782443
17782515
17782587
17782637
17782839
17782915
17783095
17783099
17783101
17783123
17783167
17783247
17783341
17783485
17783487
17783747
17783787
17783811
17784033
17784197
17784221
17784303
17784355
17784377
17784391
17784433
17784455
17784473
17784585
17784797
17784841
17784859
17784867
17784911
17784959
17784965
17785003
17785047
17785057
17785069
17785179
17785243
17785315
17785351
17785395
17785527
17785761
17785839
17786149
17786211
17786225
17786333
17786347
17786355
17786401
17786485
17786497
17786609
17786739
17786753
17786769
17787025
17787057
17787063
17787085
17787271
17787399
17787639
17787699
17787765
17787865
17787973
17787993
17788037
17788115
17788165
17788175
17788241
17788301
17788337
17788347
17788385
17788407
17788451
17788489
17788521
17788525
17788665
17788757
17788771
17788815
17788847
17788863
17788883
17788915
17788985
17788993
17789035
17789245
17789321
17789377
17789469
17789473
17789579
17789623
17789735
17789759
17789919
17789969
17789973
17790019
17790067
17790163
17790223
17790291
17790349
17790365
17790455
17790563
17790609
17790669
17790677
17790691
17790753
17790771
17790845
17791083
17791147
17791263
17791425
17791583
17791639
17791761
17791783
17791873
17791981
17791999
17792027
17792079
17792101
17792243
17792251
17792543
17792595
17792769
17792797
17792799
17792809
17792833
17793085
17793185
17793221
17793479
17793495
17793657
17793701
17793727
17793803
17793861
17793945
17793959
17793981
17793983
17793985
17794095
17794111
17794177
17794221
17794257
17794273
17794423
17794451
17794477
17794495
17794585
17794611
17794875
17794881
17794939
17795001
17795079
17795131
17795135
17795141
17795249
17795291
17795385
17795399
17795401
17795463
17795591
17795773
17795837
17795871
17795915
17795917
17795991
17796031
17796035
17796397
17796399
17796407
17796439
17796479
17796495
17796617
17796619
17796621
17796627
17796677
17796755
17796761
17796867
17796887
17796931
17797005
17797161
17797167
17797169
17797225
17797291
17797339
17797365
17797399
17797527
17797571
17797601
17797701
17797705
17797715
17797865
17797869
17797915
17797959
17797983
17798053
17798155
17798229
17798237
17798245
17798303
17798407
17798425
17798473
17798553
17798579
17798617
17798685
17798757
17798803
17798895
17798983
17799003
17799021
17799029
17799041
17799183
17799215
17799235
17799249
17799307
17799363
17799499
17799741
17799765
17799801
17799817
17799847
17799859
17799959
17799999
17800003
17800007
17800055
17800091
17800123
17800267
17800281
17800285
17800307
17800369
17800421
17800543
17800671
17800775
17800849
17800851
17800879
17800893
17800917
17800943
17801003
17801083
17801123
17801249
17801257
17801319
17801353
17801537
17801563
17801591
17801675
17801729
17801789
17801915
17801949
17802309
17802327
17802331
17802349
17802463
17802533
17802701
17802841
17802943
17803015
17803199
17803215
17803305
17803319
17803347
17803445
17803591
17803673
17803803
17803821
17803903
17803987
17804059
17804131
17804135
17804177
17804323
17804345
17804387
17804389
17804439
17804509
17804535
17804557
17804585
17804699
17804721
17804833
17804929
17805015
17805405
17805545
17805655
17805659
17805951
17806107
17806219
17806265
17806375
17806459
17806513
17806671
17806683
17806695
17806737
17807041
17807077
17807087
17807105
17807195
17807277
17807297
17807367
17807413
17807453
17807519
17807559
17807615
17807641
17807643
17807737
17807745
17807815
17807829
17807833
17807895
17807945
17807961
17808031
17808039
17808071
17808195
17808385
17808481
17808553
17808569
17808605
17808613
17808623
17808787
17808797
17808945
17809047
17809111
17809189
17809191
17809249
17809301
17809379
17809423
17809425
17809479
17809593
17809703
17809777
17809885
17809893
17810069
17810227
17810259
17810339
17810349
17810377
17810437
17810459
17810471
17810581
17810583
17810587
17810793
17810865
17810923
17810935
17810955
17811083
17811123
17811275
17811285
17811439
17811443
17811513
17811523
17811795
17811825
17811949
17811953
17812003
17812029
17812063
17812311
17812329
17812335
17812393
17812469
17812485
17812717
17812787
17812833
17812869
17813163
17813173
17813243
17813275
17813283
17813377
17813389
17813427
17813477
17813555
17813697
17813777
17813797
17813943
17813961
17814007
17814157
17814183
17814463
17814719
17814835
17814853
17814917
17814931
17815027
17815093
17815139
17815157
17815253
17815337
17815365
17815401
17815409
17815483
17815635
17815753
17815797
17815957
17815967
17815993
17816019
17816101
17816143
17816153
17816259
17816349
17816561
17816589
17816597
17816673
17816695
17816743
17816805
17817081
17817127
17817169
17817373
17817407
17817463
17817637
17817647
17817649
17817877
17817883
17817905
17818119
17818131
17818137
17818149
17818223
17818225
17818259
17818313
17818421
17818553
17818807
17818841
17819347
17819399
17819503
17819523
17819777
17819863
17819871
17819973
17820047
17820057
17820201
17820237
17820381
17820543
17820653
17820681
17820747
17820815
17820817
17820823
17820951
17821029
17821063
17821213
17821267
17821293
17821335
17821369
17821401
17821439
17821513
17821525
17821585
17821591
17821607
17821615
17821651
17821909
17821973
17821995
17822009
17822291
17822321
17822327
17822481
17822485
17822665
17822701
17822855
17823081
17823189
17823255
17823433
17823615
17823713
17823749
17823861
17823865
17823969
17824079
17824095
17824107
17824111
17824147
17824159
17824163
17824237
17824271
17824339
17824369
17824515
17824691
17824709
17824743
17824767
17825119
17825443
17825465
17825491
17825539
17825553
17825587
17825761
17825789
17826175
17826187
17826213
17826311
17826495
17826501
17826525
17826561
17826647
17826665
17826697
17826713
17826805
17826895
17826989
17827043
17827283
17827321
17827333
17827347
17827401
17827527
17827539
17827735
17827777
17827825
17827943
17828015
17828055
17828127
17828199
17828219
17828235
17828261
17828335
17828353
17828455
17828497
17828513
17828543
17828585
17828711
17828735
17828761
17828819
17828869
17828903
17828947
17828957
17829073
17829151
17829281
17829459
17829529
17829567
17829599
17829711
17829863
17829965
17830015
17830109
17830177
17830201
17830293
17830615
17830639
17830661
17830713
17830773
17830869
17830881
17830913
17830933
17831041
17831221
17831255
17831259
17831277
17831309
17831355
17831583
17831599
17831675
17831739
17831837
17831849
17831913
17832069
17832119
17832177
17832319
17832321
17832333
17832335
17832421
17832443
17832459
17832467
17832515
17832559
17832695
17832783
17832895
17832927
17832941
17832989
17833009
17833063
17833127
17833273
17833335
17833347
17833415
17833515
17833629
17833631
17833657
17833675
17833863
17833937
17833953
17834185
17834205
17834265
17834347
17834409
17834411
17834469
17834505
17834585
17834619
17834717
17834749
17834973
17834987
17834991
17835095
17835293
17835439
17835557
17835559
17835657
17835699
17835705
17835775
17835867
17836073
17836077
17836095
17836113
17836171
17836181
17836199
17836209
17836339
17836343
17836431
17836551
17836577
17836721
17836733
17836809
17836931
17836943
17837079
17837243
17837303
17837363
17837427
17837485
17837595
17837721
17837725
17837759
17837819
17837881
17838069
17838209
17838277
17838395
17838415
17838589
17838631
17838799
17838829
17838873
17838973
17838987
17839189
17839195
17839253
17839373
17839491
17839521
17839627
17839665
17839687
17839959
17840121
17840241
17840251
17840311
17840341
17840419
17840539
17840593
17840629
17840747
17840779
17840829
17840981
17841013
17841043
17841091
17841111
17841249
17841297
17841381
17841383
17841391
17841409
17841699
17841739
17841743
17841849
17841937
17842067
17842321
17842331
17842353
17842431
17842509
17842625
17842659
17842739
17842903
17842935
17843017
17843055
17843127
17843149
17843157
17843163
17843191
17843355
17843433
17843447
17843455
17843611
17843621
17843657
17843753
17843771
17843817
17843929
17844001
17844033
17844121
17844151
17844191
17844199
17844227
17844283
17844411
17844589
17844715
17844917
17845007
17845131
17845209
17845255
17845259
17845365
17845475
17845499
17845587
17845615
17845651
17845771
17845897
17845903
17845967
17845969
17846033
17846143
17846147
17846219
17846279
17846427
17846489
17846501
17846679
17846755
17846795
17846801
17846813
17846833
17846957
17847037
17847159
17847181
17847215
17847239
17847277
17847319
17847445
17847517
17847553
17847635
17847769
17847907
17847919
17847991
17848135
17848141
17848241
17848373
17848507
17848541
17848623
17848625
17848691
17848935
17848973
17849029
17849131
17849197
17849333
17849431
17849449
17849565
17849601
17849667
17849789
17849851
17849903
17850013
17850101
17850119
17850239
17850457
17850499
17850693
17850695
17850719
17850727
17850747
17850773
17850845
17850875
17850879
17850901
17850983
17850985
17851161
17851485
17851585
17851627
17851655
17851773
17851843
17851999
17852065
17852149
17852245
17852297
17852441
17852473
17852575
17852655
17852715
17852743
17852753
17852867
17852871
17852929
17852937
17852939
17852961
17853013
17853207
17853211
17853263
17853375
17853439
17853469
17853513
17853545
17853551
17853587
17853665
17853705
17853785
17853799
17853803
17853821
17853851
17853907
17853965
17854051
17854127
17854237
17854331
17854371
17854375
17854477
17854509
17854567
17854627
17854737
17854761
17854787
17854923
17854983
17855013
17855121
17855189
17855253
17855265
17855275
17855293
17855641
17855675
17855699
17855745
17855749
17855851
17855895
17855897
17855939
17855941
17856197
17856233
17856249
17856257
17856305
17856335
17856373
17856471
17856477
17856623
17856881
17857017
17857351
17857369
17857483
17857491
17857503
17857699
17857741
17857795
17857853
17857859
17857893
17858007
17858013
17858109
17858145
17858147
17858199
17858255
17858293
17858335
17858361
17858381
17858417
17858541
17859017
17859019
17859025
17859059
17859071
17859137
17859187
17859219
17859341
17859363
17859543
17859553
17859561
17859727
17859751
17859781
17859805
17859869
17859893
17859921
17859923
17859927
17859935
17860027
17860109
17860117
17860209
17860443
17860561
17860567
17860623
17860637
17860697
17860755
17860805
17860937
17861013
17861031
17861089
17861187
17861189
17861197
17861307
17861395
17861423
17861677
17861737
17861765
17861785
17861853
17861873
17861921
17862017
17862087
17862139
17862187
17862243
17862345
17862445
17862451
17862459
17862631
17862655
17862673
17862719
17862805
17862809
17862881
17863089
17863197
17863347
17863605
17863687
17863909
17864027
17864105
17864133
17864139
17864185
17864199
17864205
17864289
17864323
17864437
17864453
17864479
17864593
17864663
17864757
17864759
17864837
17864847
17864917
17865093
17865167
17865525
17865549
17865615
17865617
17865619
17865631
17865649
17865669
17865715
17865727
17865777
17865787
17865949
17866125
17866165
17866171
17866235
17866357
17866429
17866635
17866775
17866877
17866897
17866909
17866985
17867029
17867039
17867175
17867221
17867421
17867473
17867503
17867609
17867635
17867689
17867709
17867735
17867837
17867877
17867949
17867989
17868013
17868081
17868115
17868173
17868341
17868343
17868461
17868539
17868551
17868719
17868731
17868811
17868837
17868841
17868845
17868859
17868865
17869051
17869143
17869205
17869259
17869381
17869413
17869487
17869525
17869575
17869609
17869681
17870037
17870131
17870209
17870237
17870249
17870363
17870405
17870481
17870509
17870527
17870605
17870783
17870905
17870927
17870987
17871087
17871121
17871173
17871187
17871315
17871431
17871585
17871595
17871651
17871781
17871859
17872069
17872167
17872193
17872263
17872405
17872413
17872453
17872465
17872663
17872703
17872801
17872829
17872833
17872839
17872869
17873001
17873023
17873063
17873097
17873105
17873135
17873177
17873219
17873309
17873527
17873617
17873631
17873689
17873771
17873825
17873839
17873845
17873905
17874055
17874131
17874141
17874215
17874243
17874265
17874459
17874473
17874477
17874611
17874691
17874707
17874749
17874775
17874783
17874805
17874843
17874909
17875051
17875065
17875135
17875137
17875191
17875289
17875305
17875397
17875437
17875469
17875647
17875649
17875779
17875851
17875971
17876001
17876019
17876177
17876223
17876301
17876341
17876429
17876453
17876503
17876505
17876507
17876621
17876729
17876769
17876995
17877021
17877027
17877061
17877093
17877105
17877161
17877315
17877347
17877367
17877395
17877569
17877647
17877785
17877841
17877859
17877893
17878021
17878053
17878075
17878303
17878361
17878441
17878553
17878581
17878611
17878645
17878701
17878767
17878905
17878937
17879043
17879045
17879145
17879205
17879275
17879357
17879515
17879557
17879613
17879633
17879659
17879905
17879925
17880035
17880105
17880119
17880151
17880247
17880279
17880423
17880489
17880507
17880739
17880763
17880945
17881167
17881245
17881285
17881395
17881417
17881443
17881549
17881713
17881781
17882003
17882051
17882179
17882255
17882475
17882499
17882519
17882629
17882737
17882831
17882885
17882895
17883003
17883023
17883111
17883309
17883445
17883591
17883673
17883923
17883969
17884165
17884181
17884245
17884261
17884307
17884365
17884455
17884513
17884577
17884653
17884709
17884893
17884959
17884963
17885067
17885071
17885169
17885211
17885835
17885965
17886047
17886049
17886243
17886331
17886375
17886379
17886413
17886461
17886597
17886613
17886629
17886713
17886727
17886793
17886901
17886903
17886953
17887051
17887073
17887087
17887205
17887461
17887465
17887473
17887477
17887479
17887485
17887655
17887691
17887775
17887829
17887907
17887999
17888051
17888085
17888117
17888145
17888249
17888303
17888707
17888845
17888881
17889017
17889037
17889057
17889357
17889611
17889645
17889669
17889675
17889701
17889813
17889889
17890157
17890219
17890251
17890317
17890325
17890443
17890599
17890659
17890667
17890681
17890695
17890707
17890711
17890713
17890771
17890903
17890933
17891003
17891091
17891125
17891127
17891129
17891239
17891399
17891421
17891497
17891557
17891615
17891619
17891635
17891685
17891741
17891835
17892007
17892131
17892161
17892185
17892335
17892397
17892425
17892435
17892579
17892591
17892709
17892739
17892873
17892905
17892919
17892955
17892983
17893335
17893373
17893381
17893587
17893605
17893689
17893719
17893725
17893771
17893781
17893805
17893813
17893875
17894107
17894147
17894177
17894285
17894313
17894399
17894465
17894553
17894559
17894591
17894613
17894625
17894729
17895009
17895037
17895147
17895163
17895327
17895347
17895371
17895393
17895421
17895533
17895615
17895643
17895725
17895757
17895765
17895945
17896113
17896219
17896271
17896471
17896475
17896559
17896647
17896685
17896841
17896847
17896903
17896991
17897029
17897049
17897105
17897169
17897219
17897233
17897249
17897255
17897389
17897457
17897467
17897535
17897555
17897607
17897673
17897753
17897779
17897835
17897837
17897899
17897959
17898093
17898151
17898295
17898577
17898771
17898909
17898997
17899019
17899031
17899093
17899163
17899179
17899217
17899387
17899397
17899443
17899589
17899685
17899719
17899739
17899891
17899951
17899981
17900023
17900051
17900121
17900173
17900201
17900377
17900389
17900401
17900421
17900469
17900589
17900613
17900615
17900635
17900677
17900737
17900771
17900887
17900939
17900969
17901055
17901103
17901229
17901263
17901629
17901827
17901997
17902199
17902419
17902547
17902575
17902599
17902659
17902693
17902725
17902731
17902985
17903025
17903061
17903063
17903065
17903075
17903113
17903241
17903399
17903411
17903531
17903575
17903595
17903639
17903695
17903843
17904113
17904185
17904199
17904213
17904365
17904419
17904493
17904557
17904577
17904613
17904709
17904825
17904839
17904987
17905073
17905077
17905129
17905365
17905385
17905423
17905459
17905473
17905545
17905601
17905609
17905613
17905765
17905845
17905997
17906055
17906159
17906189
17906605
17906677
17906723
17906739
17906835
17906941
17906997
17907013
17907129
17907267
17907369
17907729
17907785
17907795
17907825
17907855
17907907
17907941
17907947
17908019
17908099
17908181
17908241
17908345
17908365
17908413
17908415
17908449
17908475
17908559
17908563
17908635
17908697
17908727
17908795
17908823
17908841
17908973
17909023
17909029
17909111
17909183
17909295
17909303
17909505
17909639
17909645
17909735
17909853
17909911
17909965
17909993
17910009
17910057
17910065
17910105
17910297
17910379
17910381
17910525
17910691
17910693
17910769
17910777
17910879
17910887
17911091
17911191
17911197
17911211
17911435
17911439
17911487
17911509
17911519
17911573
17911647
17911801
17911817
17911905
17911927
17911983
17911999
17912019
17912093
17912105
17912133
17912187
17912237
17912375
17912435
17912587
17912593
17912599
17912643
17912747
17912821
17912899
17912919
17912953
17912973
17913011
17913073
17913137
17913199
17913291
17913295
17913307
17913369
17913461
17913469
17913541
17913569
17913571
17913677
17913767
17913771
17913779
17913803
17913827
17913889
17913895
17913959
17913969
17914009
17914163
17914169
17914197
17914527
17914553
17914565
17914603
17914617
17914633
17914711
17914855
17914907
17914923
17915023
17915029
17915043
17915125
17915335
17915357
17915513
17915561
17915585
17915649
17915729
17915731
17915747
17915767
17915813
17915865
17915875
17916029
17916179
17916189
17916467
17916603
17916709
17916717
17916757
17916839
17916885
17916901
17917091
17917155
17917233
17917331
17917345
17917379
17917409
17917467
17917487
17917563
17917585
17917589
17917609
17917645
17917659
17917727
17917831
17917927
17917991
17918195
17918217
17918581
17918599
17918655
17918787
17918889
17918963
17918971
17919005
17919031
17919169
17919173
17919213
17919283
17919321
17919401
17919467
17919549
17919557
17919671
17919737
17919879
17919957
17920005
17920057
17920067
17920083
17920153
17920193
17920247
17920291
17920359
17920395
17920409
17920445
17920481
17920483
17920543
17920569
17920791
17920831
17920931
17921059
17921257
17921303
17921311
17921331
17921375
17921389
17921421
17921491
17921499
17921541
17921611
17921619
17921637
17921833
17921867
17921893
17921923
17921993
17922069
17922077
17922121
17922213
17922309
17922387
17922409
17922431
17922459
17922497
17922501
17922707
17922995
17923117
17923179
17923395
17923527
17923537
17923595
17923613
17923627
17923633
17923639
17923695
17923757
17923773
17923877
17923881
17924041
17924075
17924185
17924213
17924245
17924377
17924409
17924559
17924569
17924623
17924669
17924725
17924903
17924959
17924961
17925043
17925061
17925211
17925229
17925377
17925611
17925653
17925793
17925811
17925865
17926001
17926193
17926213
17926265
17926289
17926317
17926455
17926585
17926653
17926699
17926787
17926817
17926973
17927057
17927145
17927173
17927385
17927433
17927541
17927571
17927597
17927637
17927675
17927697
17927713
17927743
17927775
17927857
17927887
17927945
17927961
17928021
17928241
17928279
17928309
17928315
17928321
17928347
17928429
17928437
17928469
17928485
17928515
17928535
17928655
17928679
17928715
17928833
17928837
17928933
17928947
17928957
17929013
17929035
17929085
17929191
17929221
17929533
17929691
17929727
17929757
17929865
17929979
17930069
17930165
17930167
17930343
17930347
17930355
17930443
17930487
17930521
17930569
17930595
17930691
17930719
17930727
17930839
17930877
17930913
17930931
17931111
17931243
17931337
17931385
17931713
17931749
17931773
17931823
17931845
17931887
17931923
17931929
17931945
17931991
17931999
17932049
17932081
17932113
17932297
17932315
17932329
17932377
17932405
17932531
17932549
17932593
17932625
17932731
17932795
17932863
17932883
17932977
17933141
17933275
17933347
17933403
17933529
17933589
17933771
17933773
17933823
17933907
17933927
17933975
17934039
17934107
17934237
17934345
17934439
17934521
17934555
17934561
17934563
17934607
17934755
17934759
17934837
17934911
17934965
17935099
17935189
17935279
17935495
17935527
17935579
17935601
17935603
17935773
17935781
17935887
17935947
17936085
17936189
17936299
17936303
17936363
17936425
17936467
17936573
17936887
17937277
17937297
17937381
17937395
17937427
17937445
17937483
17937491
17937531
17937537
17937539
17937633
17937667
17937669
17937869
17938017
17938031
17938065
17938113
17938301
17938567
17938637
17938655
17938815
17938885
17938937
17938997
17939045
17939065
17939073
17939159
17939475
17939481
17939571
17939647
17939775
17939853
17939941
17939959
17940027
17940041
17940045
17940335
17940375
17940427
17940447
17940453
17940545
17940619
17940701
17940757
17940873
17940913
17940933
17941001
17941099
17941297
17941317
17941325
17941467
17941617
17941631
17941649
17941731
17941737
17941777
17941781
17941961
17942083
17942093
17942171
17942175
17942325
17942443
17942469
17942711
17942731
17942765
17942791
17942823
17942843
17943069
17943101
17943157
17943165
17943373
17943485
17943531
17943589
17943677
17943735
17943859
17943885
17943893
17943911
17943949
17944029
17944101
17944171
17944181
17944219
17944445
17944507
17944529
17944609
17944641
17944719
17944741
17944897
17944927
17944997
17944999
17945091
17945119
17945151
17945185
17945233
17945273
17945307
17945373
17945425
17945571
17945611
17945801
17945955
17945963
17946005
17946131
17946137
17946257
17946437
17946539
17946631
17947029
17947061
17947175
17947341
17947359
17947407
17947409
17947411
17947463
17947507
17947557
17947581
17948091
17948121
17948191
17948433
17948469
17948581
17948601
17948679
17948733
17948859
17949013
17949127
17949387
17949391
17949521
17949567
17949671
17949715
17949755
17949777
17949879
17949945
17950015
17950027
17950311
17950795
17950821
17950835
17950845
17950917
17951005
17951095
17951319
17951429
17951441
17951443
17951475
17951617
17951685
17951795
17951851
17951953
17951961
17952343
17952381
17952387
17952445
17952509
17952553
17952597
17952607
17952685
17952707
17952777
17952787
17952797
17952945
17953359
17953377
17953413
17953423
17953631
17953633
17953635
17953845
17953889
17953983
17954079
17954277
17954355
17954475
17954503
17954521
17954539
17954617
17954697
17954747
17954787
17954915
17954931
17955017
17955057
17955183
17955195
17955233
17955503
17955523
17955569
17955587
17955591
17955743
17955889
17955893
17955913
17955943
17956081
17956289
17956415
17956451
17956487
17956489
17956533
17956549
17956579
17956661
17956665
17956687
17956731
17956799
17956935
17956943
17956963
17956969
17957255
17957369
17957445
17957449
17957717
17957847
17957941
17957963
17958021
17958167
17958291
17958595
17958667
17958803
17958847
17958859
17958959
17959049
17959065
17959185
17959265
17959421
17959429
17959547
17959577
17959581
17959755
17959823
17959855
17959939
17959973
17960031
17960037
17960133
17960157
17960311
17960361
17960481
17960497
17960525
17960691
17960779
17960877
17961101
17961379
17961381
17961391
17961511
17961673
17961899
17961921
17961967
17961989
17962031
17962115
17962213
17962241
17962257
17962283
17962313
17962367
17962387
17962425
17962437
17962463
17962551
17962643
17962667
17962719
17962729
17962805
17962835
17962839
17962967
17963003
17963043
17963059
17963233
17963321
17963631
17963715
17963759
17963761
17963867
17963897
17963909
17963977
17964043
17964053
17964117
17964135
17964153
17964167
17964211
17964413
17964541
17964659
17964777
17964787
17964835
17965017
17965079
17965089
17965117
17965285
17965287
17965353
17965379
17965403
17965435
17965455
17965549
17965603
17965605
17965625
17965711
17965779
17965781
17965841
17965855
17965861
17966055
17966081
17966251
17966265
17966315
17966337
17966369
17966377
17966459
17966495
17966567
17966761
17966775
17966793
17966801
17966827
17966983
17967143
17967163
17967213
17967249
17967419
17967513
17967639
17967689
17967769
17967805
17967889
17967921
17967967
17968011
17968073
17968145
17968227
17968381
17968689
17968827
17968945
17968983
17968985
17969029
17969033
17969081
17969099
17969113
17969147
17969177
17969209
17969215
17969221
17969255
17969263
17969315
17969347
17969437
17969461
17969465
17969491
17969549
17969625
17969773
17969797
17969843
17969921
17969947
17970085
17970113
17970417
17970503
17970525
17970537
17970561
17970607
17970631
17970637
17970641
17970763
17970843
17970981
17971083
17971137
17971151
17971157
17971347
17971357
17971361
17971389
17971443
17971541
17971583
17971737
17971803
17971859
17971933
17971949
17972127
17972193
17972257
17972357
17972365
17972469
17972491
17972517
17972571
17972589
17972643
17972695
17972765
17972913
17972959
17973157
17973389
17973397
17973539
17973551
17973559
17973575
17973589
17973683
17973701
17973735
17973899
17973907
17974001
17974091
17974111
17974179
17974201
17974233
17974295
17974435
17974447
17974493
17974549
17974573
17974639
17974805
17974875
17974935
17974981
17975093
17975151
17975161
17975177
17975429
17975435
17975541
17975549
17975615
17975639
17975683
17975687
17975691
17975773
17975807
17975945
17975975
17975993
17976075
17976135
17976153
17976207
17976283
17976421
17976427
17976539
17976627
17976629
17976661
17976701
17976807
17976865
17976877
17976921
17976931
17977089
17977179
17977295
17977473
17977493
17977519
17977699
17977737
17977747
17977753
17977827
17977965
17977993
17977995
17978029
17978207
17978279
17978451
17978453
17978723
17978959
17978967
17978999
17979033
17979047
17979087
17979255
17979371
17979377
17979485
17979603
17979641
17979693
17979773
17979837
17979929
17979933
17979953
17980029
17980261
17980471
17980519
17980685
17980795
17980855
17980907
17981109
17981111
17981275
17981295
17981327
17981437
17981713
17981835
17981895
17981967
17982057
17982113
17982161
17982223
17982237
17982269
17982337
17982393
17982621
17982659
17982701
17982769
17982857
17982859
17982879
17982923
17982933
17982965
17983021
17983025
17983109
17983123
17983397
17983597
17983623
17983633
17983741
17983769
17983805
17983825
17983965
17983991
17984077
17984109
17984117
17984227
17984229
17984263
17984367
17984387
17984571
17984591
17984607
17984759
17984859
17984925
17984941
17984957
17985025
17985093
17985111
17985321
17985377
17985387
17985395
17985461
17985553
17985607
17985621
17985631
17985657
17985679
17985703
17985705
17985897
17986129
17986163
17986171
17986215
17986227
17986293
17986365
17986577
17986603
17986669
17986717
17986725
17986833
17986845
17986875
17986911
17986957
17986969
17987083
17987155
17987325
17987345
17987469
17987481
17987671
17987675
17987701
17987995
17988061
17988153
17988177
17988283
17988293
17988363
17988433
17988489
17988575
17988659
17988683
17988723
17988833
17988881
17988893
17989095
17989143
17989189
17989253
17989321
17989327
17989455
17989539
17989549
17989701
17989887
17990069
17990091
17990107
17990177
17990187
17990193
17990307
17990353
17990375
17990391
17990469
17990491
17990629
17990749
17990777
17990789
17990925
17990929
17990949
17990983
17990985
17991349
17991517
17991535
17991553
17991561
17991625
17991643
17991655
17991689
17991753
17991791
17991807
17991865
17991923
17991983
17992019
17992033
17992189
17992621
17992827
17993503
17993539
17993549
17993587
17993967
17994125
17994143
17994255
17994265
17994431
17994637
17994785
17994799
17994829
17994869
17994907
17994939
17994965
17994969
17995095
17995185
17995289
17995319
17995433
17995463
17995575
17995591
17995741
17995747
17995833
17995845
17995869
17995981
17996001
17996015
17996033
17996083
17996229
17996517
17996523
17996531
17996689
17996709
17996771
17996869
17997003
17997107
17997175
17997279
17997301
17997405
17997493
17997503
17997537
17997587
17997597
17997883
17998059
17998081
17998199
17998269
17998375
17998377
17998407
17998465
17998485
17998497
17998547
17998657
17998695
17998779
17998813
17998879
17998919
17998991
17999033
17999043
17999119
17999427
17999491
17999531
17999555
17999593
17999613
17999647
17999665
17999669
17999889
17999959
17999977
