# proven primes: b with (b^16+1)/2 prime (aprcl), block [18000000,19000000)
18000003
18000191
18000193
18000199
18000215
18000319
18000397
18000493
18000549
18000619
18000651
18000653
18000759
18000775
18000789
18000865
18000911
18001009
18001051
18001089
18001155
18001269
18001381
18001513
18001549
18001605
18001691
18001771
18001783
18001833
18001925
18002155
18002213
18002271
18002345
18002397
18002415
18002441
18002513
18002531
18002593
18002671
18002717
18002747
18002763
18002903
18003037
18003119
18003121
18003153
18003189
18003193
18003259
18003455
18003677
18003779
18003797
18003975
18003993
18004157
18004325
18004333
18004385
18004521
18004573
18004817
18004825
18004857
18004905
18004937
18005079
18005093
18005309
18005313
18005373
18005429
18005491
18005529
18005629
18005637
18005691
18005709
18005759
18005821
18005901
18005941
18005963
18006015
18006035
18006095
18006107
18006149
18006223
18006337
18006387
18006515
18006551
18006621
18006685
18006689
18006745
18006793
18006851
18006859
18006863
18006915
18006939
18007033
18007113
18007121
18007145
18007277
18007363
18007377
18007415
18007447
18007469
18007553
18007745
18007757
18007957
18008067
18008073
18008411
18008425
18008475
18008607
18008617
18008797
18008837
18008979
18009091
18009167
18009171
18009179
18009271
18009371
18009575
18009769
18009911
18010025
18010051
18010185
18010395
18010473
18010489
18010549
18010563
18010755
18010803
18010841
18010959
18011043
18011119
18011121
18011377
18011421
18011549
18011553
18011591
18011881
18012009
18012107
18012115
18012295
18012353
18012771
18012827
18012973
18013093
18013107
18013187
18013239
18013317
18013331
18013371
18013425
18013457
18013561
18013619
18013633
18013635
18013733
18013737
18013855
18013881
18013895
18013985
18014163
18014359
18014587
18014765
18014767
18014803
18014825
18014841
18014921
18014981
18014987
18015011
18015091
18015123
18015133
18015327
18015331
18015411
18015557
18015581
18015611
18015625
18015835
18015863
18015951
18016015
18016019
18016109
18016155
18016177
18016189
18016357
18016395
18016695
18016863
18016883
18016939
18016947
18017147
18017243
18017249
18017281
18017411
18017445
18017569
18017597
18017609
18017901
18017997
18018041
18018045
18018109
18018309
18018369
18018511
18018575
18018637
18018667
18018773
18018805
18018839
18018853
18018911
18018925
18019091
18019253
18019355
18019361
18019405
18019599
18019657
18019667
18019721
18019763
18019769
18019861
18019863
18019889
18020053
18020057
18020063
18020083
18020107
18020113
18020119
18020131
18020319
18020493
18020503
18020603
18020623
18020765
18020769
18020883
18020911
18020987
18021087
18021141
18021295
18021397
18021633
18021745
18021947
18022039
18022259
18022319
18022321
18022377
18022511
18022621
18022633
18022691
18022735
18022929
18023035
18023293
18023479
18023577
18023623
18023641
18023657
18023905
18023929
18023963
18024041
18024095
18024141
18024143
18024251
18024285
18024311
18024399
18024479
18024511
18024547
18024629
18024675
18024687
18024705
18024781
18024793
18024993
18025021
18025105
18025143
18025153
18025209
18025301
18025311
18025417
18025461
18025511
18025519
18025717
18025833
18026045
18026055
18026091
18026127
18026173
18026181
18026199
18026229
18026303
18026339
18026343
18026409
18026449
18026689
18026701
18026749
18026763
18026827
18026933
18026967
18027005
18027171
18027185
18027259
18027417
18027483
18027493
18027563
18027605
18027649
18027683
18027909
18027911
18028041
18028071
18028093
18028155
18028167
18028179
18028215
18028307
18028397
18028495
18028531
18028699
18028903
18028953
18028981
18029039
18029077
18029089
18029187
18029195
18029285
18029333
18029537
18029631
18029643
18029729
18029995
18030133
18030155
18030197
18030257
18030403
18030453
18030495
18030519
18030557
18030581
18030655
18030707
18030751
18030951
18031013
18031027
18031037
18031143
18031249
18031271
18031277
18031475
18031685
18031711
18031719
18031757
18031917
18032021
18032041
18032081
18032361
18032429
18032453
18032533
18032651
18032703
18032749
18032795
18032825
18032849
18032891
18032907
18032919
18033033
18033237
18033303
18033329
18033421
18033453
18033647
18033661
18033739
18033873
18033893
18033949
18034029
18034053
18034157
18034205
18034327
18034385
18034395
18034421
18034467
18034641
18034737
18034799
18034849
18034977
18035107
18035271
18035365
18035427
18035479
18035515
18035589
18035663
18035707
18035809
18035817
18035925
18036023
18036025
18036039
18036127
18036149
18036159
18036187
18036197
18036273
18036287
18036565
18036663
18036719
18036731
18036755
18036797
18036921
18036931
18036969
18037037
18037175
18037255
18037367
18037529
18037645
18037675
18037773
18037891
18037897
18037909
18038019
18038077
18038083
18038177
18038193
18038205
18038249
18038357
18038433
18038461
18038477
18038493
18038599
18038601
18038623
18038629
18038637
18038665
18038667
18038681
18038793
18038867
18038887
18038899
18038921
18038931
18038989
18039105
18039213
18039235
18039287
18039305
18039333
18039389
18039449
18039501
18039515
18039563
18039699
18039715
18039755
18039829
18039865
18039867
18039965
18040003
18040093
18040227
18040249
18040325
18040327
18040347
18040431
18040439
18040615
18040733
18040753
18040771
18040831
18041123
18041137
18041207
18041267
18041331
18041347
18041395
18041491
18041599
18041625
18041643
18041697
18041699
18041715
18041727
18041745
18041921
18041961
18042017
18042151
18042287
18042329
18042499
18042501
18042679
18042759
18042811
18042921
18043031
18043173
18043201
18043217
18043243
18043277
18043437
18043461
18043545
18043561
18043667
18043719
18043913
18043999
18044109
18044199
18044229
18044305
18044377
18044387
18044545
18044547
18044651
18044695
18044719
18044743
18044811
18044967
18045043
18045079
18045215
18045233
18045305
18045309
18045327
18045465
18045489
18045507
18045591
18045711
18045831
18045961
18046057
18046067
18046079
18046371
18046445
18046603
18046747
18046753
18046833
18047005
18047075
18047179
18047211
18047259
18047303
18047367
18047491
18047605
18047649
18047673
18047711
18047741
18047759
18047779
18047861
18047909
18047949
18047957
18047977
18048003
18048043
18048123
18048199
18048265
18048273
18048293
18048367
18048503
18048549
18048631
18048675
18048695
18048911
18049011
18049141
18049179
18049211
18049263
18049411
18049477
18049869
18049879
18049961
18050037
18050059
18050067
18050089
18050119
18050135
18050137
18050149
18050205
18050331
18050343
18050355
18050521
18050537
18050627
18050683
18050931
18051081
18051175
18051189
18051281
18051305
18051317
18051423
18051529
18051605
18051677
18051731
18051803
18051925
18052075
18052081
18052339
18052439
18052443
18052561
18052581
18052699
18052757
18052867
18053053
18053219
18053245
18053309
18053317
18053333
18053433
18053441
18053463
18053593
18053625
18053665
18053699
18053729
18053847
18053865
18053875
18053955
18053991
18054147
18054243
18054281
18054391
18054415
18054663
18054715
18054721
18054895
18054951
18055041
18055181
18055193
18055257
18055289
18055299
18055545
18055727
18055845
18056183
18056259
18056373
18056405
18056417
18056471
18056501
18056737
18056759
18056797
18056909
18056917
18056943
18056961
18057027
18057085
18057179
18057343
18057537
18057653
18057775
18057793
18057901
18057965
18058027
18058253
18058263
18058323
18058369
18058449
18058479
18058547
18058821
18058853
18058915
18058959
18058971
18059071
18059089
18059443
18059545
18059629
18059787
18059817
18059995
18060293
18060359
18060609
18060847
18060865
18060979
18061185
18061217
18061241
18061263
18061369
18061409
18061619
18061709
18061805
18061883
18061983
18062071
18062077
18062197
18062263
18062451
18062467
18062557
18062621
18062787
18062815
18062845
18063061
18063097
18063123
18063303
18063401
18063421
18063429
18063549
18063569
18063571
18063731
18063865
18063889
18063931
18063981
18064043
18064045
18064139
18064189
18064261
18064277
18064353
18064411
18064493
18064495
18064625
18064661
18064695
18064715
18064771
18064857
18064885
18064995
18065003
18065047
18065113
18065151
18065161
18065247
18065249
18065283
18065295
18065339
18065523
18065579
18065701
18065711
18065869
18065885
18065953
18065955
18065995
18066077
18066265
18066379
18066419
18066431
18066467
18066469
18066539
18066627
18066647
18066791
18066973
18067039
18067163
18067181
18067203
18067291
18067309
18067367
18067635
18067637
18067649
18067831
18067855
18067971
18068303
18068313
18068391
18068543
18068551
18068639
18068649
18068661
18068673
18068699
18068793
18068941
18069003
18069039
18069053
18069067
18069079
18069137
18069193
18069217
18069275
18069307
18069387
18069487
18069489
18069589
18069613
18069623
18069647
18069651
18069729
18069731
18069735
18069825
18069845
18069909
18069953
18070071
18070081
18070091
18070241
18070245
18070287
18070345
18070479
18070511
18070543
18070641
18070755
18070883
18070939
18070995
18071107
18071245
18071287
18071329
18071441
18071603
18071629
18071659
18071721
18071839
18071865
18071907
18071985
18071989
18072023
18072069
18072085
18072091
18072101
18072141
18072153
18072221
18072231
18072301
18072339
18072393
18072417
18072427
18072431
18072443
18072459
18072461
18072577
18072611
18072657
18072723
18072753
18072799
18072833
18072867
18072885
18073083
18073177
18073195
18073305
18073319
18073331
18073375
18073417
18073427
18073429
18073475
18073485
18073501
18073803
18073985
18074007
18074021
18074049
18074051
18074155
18074183
18074187
18074369
18074527
18074579
18074589
18074687
18074713
18074771
18074803
18074891
18074977
18075197
18075211
18075235
18075269
18075381
18075449
18075509
18075699
18075847
18075861
18076131
18076203
18076227
18076267
18076317
18076325
18076391
18076515
18076517
18076523
18076621
18076651
18076723
18076765
18076919
18076999
18077057
18077113
18077305
18077409
18077411
18077427
18077681
18077781
18077791
18077819
18077833
18077933
18078035
18078095
18078123
18078177
18078353
18078363
18078533
18078563
18078623
18078759
18078887
18078899
18078933
18079069
18079091
18079133
18079157
18079177
18079191
18079337
18079425
18079583
18079641
18079719
18079807
18079835
18079983
18079987
18080049
18080257
18080277
18080283
18080329
18080373
18080743
18080875
18080953
18081011
18081021
18081025
18081059
18081235
18081325
18081601
18081731
18081773
18081865
18081931
18081947
18081961
18081975
18082201
18082205
18082361
18082379
18082391
18082553
18082611
18082691
18082769
18082835
18082909
18082921
18083033
18083081
18083169
18083281
18083317
18083591
18083683
18083711
18083857
18084179
18084219
18084319
18084325
18084457
18084483
18084567
18084779
18084847
18084909
18084971
18084981
18085099
18085271
18085485
18085505
18085601
18085689
18085693
18085763
18085833
18086055
18086153
18086173
18086175
18086185
18086201
18086219
18086225
18086391
18086693
18086715
18086765
18086809
18086841
18086985
18086991
18087091
18087167
18087193
18087197
18087201
18087243
18087427
18087431
18087457
18087549
18087585
18087593
18087607
18087647
18087649
18087723
18087741
18087799
18087805
18087841
18087875
18087935
18087941
18087981
18088017
18088019
18088185
18088345
18088387
18088455
18088625
18088633
18088759
18088849
18088927
18089039
18089163
18089175
18089377
18089457
18089517
18089521
18089559
18089675
18089799
18089811
18089911
18089945
18089967
18089983
18090283
18090339
18090499
18090523
18090533
18090573
18090667
18090873
18090913
18090923
18090977
18090983
18091033
18091091
18091189
18091195
18091239
18091677
18091691
18091717
18091737
18091765
18092127
18092135
18092259
18092345
18092359
18092381
18092401
18092457
18092489
18092511
18092515
18092533
18092555
18092587
18092775
18092919
18092941
18092943
18093135
18093151
18093215
18093265
18093317
18093321
18093397
18093449
18093495
18093713
18093749
18093799
18093803
18093805
18093807
18093877
18093939
18094137
18094235
18094239
18094243
18094279
18094369
18094383
18094403
18094489
18094495
18094615
18094645
18094683
18094811
18094877
18094955
18094987
18095073
18095129
18095135
18095141
18095169
18095185
18095523
18095741
18095809
18095871
18095873
18095885
18096093
18096103
18096373
18096545
18096697
18096729
18096757
18096783
18096881
18096917
18096951
18096973
18097107
18097131
18097339
18097387
18097575
18097589
18098051
18098089
18098093
18098141
18098273
18098357
18098371
18098431
18098541
18098565
18098739
18098747
18098757
18098821
18098845
18098849
18098939
18099139
18099171
18099213
18099261
18099283
18099321
18099377
18099593
18099615
18099779
18099945
18099985
18100015
18100037
18100041
18100365
18100391
18100593
18100693
18100723
18100749
18100773
18100781
18100869
18100871
18101047
18101065
18101073
18101087
18101163
18101475
18101543
18101579
18101653
18101751
18101837
18101889
18101913
18101921
18101955
18101999
18102155
18102233
18102291
18102351
18102357
18102373
18102493
18102821
18102823
18102867
18102899
18102915
18103021
18103023
18103031
18103067
18103203
18103225
18103239
18103395
18103407
18103511
18103619
18103683
18103705
18103757
18103777
18103793
18103795
18103801
18103909
18103997
18104121
18104187
18104193
18104225
18104283
18104367
18104587
18104613
18104687
18104691
18104699
18104753
18104827
18104829
18104905
18104931
18104957
18105001
18105219
18105221
18105223
18105275
18105281
18105395
18105553
18105589
18105623
18105899
18105919
18106049
18106101
18106127
18106191
18106199
18106415
18106443
18106493
18106561
18106597
18106603
18106809
18106907
18106933
18107079
18107135
18107347
18107369
18107529
18107565
18107675
18107707
18107719
18107865
18107957
18107991
18108019
18108113
18108117
18108147
18108241
18108245
18108299
18108301
18108325
18108375
18108431
18108775
18108821
18109087
18109131
18109277
18109335
18109585
18109621
18109721
18109865
18109957
18110111
18110273
18110433
18110451
18110461
18110603
18110611
18110673
18110895
18110897
18110931
18111041
18111047
18111153
18111345
18111693
18111719
18111809
18111943
18111977
18112123
18112205
18112241
18112257
18112263
18112321
18112343
18112383
18112493
18112621
18112697
18112739
18112811
18112847
18112987
18112993
18113109
18113187
18113295
18113309
18113427
18113475
18113607
18113667
18113693
18113769
18113801
18113805
18113809
18113957
18114031
18114067
18114133
18114395
18114529
18114749
18114751
18114945
18114953
18114955
18114973
18115063
18115107
18115163
18115225
18115251
18115379
18115557
18115693
18115763
18115767
18115909
18115999
18116007
18116081
18116313
18116527
18116697
18116699
18116819
18116911
18117167
18117191
18117223
18117295
18117425
18117479
18117553
18117563
18117571
18117753
18117795
18117813
18118033
18118207
18118343
18118393
18118443
18118459
18118473
18118497
18118555
18118677
18118743
18118821
18118915
18118935
18118975
18118977
18119097
18119215
18119225
18119229
18119403
18119437
18119527
18119539
18119633
18119715
18119827
18119859
18119891
18119973
18119979
18120139
18120185
18120209
18120293
18120389
18120437
18120473
18120487
18120491
18120547
18120567
18120707
18120735
18120825
18121007
18121023
18121029
18121057
18121079
18121103
18121173
18121237
18121315
18121317
18121501
18121533
18121547
18121735
18121885
18122139
18122159
18122197
18122251
18122323
18122403
18122765
18122823
18122845
18122921
18122979
18123053
18123061
18123101
18123221
18123279
18123497
18123509
18123515
18123675
18123713
18123885
18123933
18123951
18123963
18123971
18123983
18124061
18124133
18124247
18124551
18124649
18124755
18124867
18124935
18124973
18125043
18125115
18125169
18125213
18125347
18125503
18125675
18125729
18125825
18125943
18126097
18126103
18126143
18126183
18126185
18126213
18126245
18126285
18126367
18126373
18126393
18126571
18126649
18126655
18126693
18126827
18126887
18127135
18127167
18127365
18127413
18127551
18127581
18127837
18128001
18128003
18128045
18128157
18128165
18128197
18128391
18128415
18128539
18128577
18128597
18128621
18128627
18128685
18128709
18128879
18128891
18128947
18129085
18129639
18129659
18129727
18129749
18129777
18130053
18130093
18130227
18130271
18130359
18130371
18130453
18130753
18130773
18130847
18130953
18130959
18131035
18131151
18131239
18131423
18131451
18131611
18131619
18131635
18131657
18131693
18131769
18131789
18131871
18131907
18131937
18131975
18132037
18132111
18132163
18132179
18132183
18132215
18132259
18132311
18132319
18132381
18132397
18132437
18132441
18132589
18132735
18132863
18132995
18133021
18133155
18133167
18133457
18133675
18133845
18133885
18134043
18134051
18134059
18134075
18134315
18134361
18134367
18134393
18134697
18134709
18134743
18134755
18134877
18134961
18135071
18135079
18135227
18135243
18135291
18135293
18135367
18135483
18135499
18135533
18135679
18135697
18135763
18135781
18135789
18135843
18135929
18136123
18136487
18136613
18136631
18136671
18136711
18136787
18136805
18136881
18136899
18137029
18137109
18137181
18137251
18137265
18137279
18137289
18137297
18137351
18137375
18137559
18137617
18137635
18137689
18137757
18137799
18137803
18137871
18137915
18138087
18138123
18138213
18138343
18138411
18138433
18138609
18138913
18138969
18138989
18139029
18139065
18139115
18139179
18139205
18139219
18139277
18139349
18139361
18139397
18139493
18139571
18139585
18139643
18139647
18139671
18139779
18139787
18139841
18139883
18140069
18140107
18140223
18140393
18140397
18140401
18140443
18140449
18140471
18140535
18140627
18140693
18140835
18140853
18140859
18140967
18141055
18141073
18141121
18141195
18141245
18141311
18141331
18141473
18141507
18141631
18141641
18141663
18141777
18141895
18142189
18142267
18142277
18142325
18142347
18142379
18142419
18142501
18142557
18142691
18142707
18142851
18142895
18142993
18142995
18143041
18143275
18143281
18143285
18143307
18143405
18143505
18143699
18143717
18143819
18143827
18143845
18143899
18143915
18143947
18144083
18144091
18144261
18144357
18144367
18144465
18144511
18144541
18144625
18144649
18144803
18144873
18144891
18145003
18145017
18145137
18145313
18145327
18145345
18145389
18145593
18145633
18145699
18145773
18145797
18145823
18145947
18145951
18146021
18146069
18146091
18146105
18146169
18146175
18146243
18146277
18146403
18146525
18146569
18146595
18146725
18146825
18146871
18146975
18147145
18147247
18147251
18147345
18147477
18147535
18147543
18147623
18147647
18147817
18147823
18147895
18147909
18147947
18148037
18148039
18148087
18148095
18148205
18148229
18148239
18148343
18148387
18148421
18148457
18148477
18148483
18148499
18148527
18148579
18148641
18148661
18148663
18148765
18148791
18148815
18148867
18148935
18149059
18149081
18149129
18149189
18149211
18149239
18149387
18149415
18149549
18149677
18149751
18149757
18149865
18150011
18150035
18150073
18150205
18150263
18150337
18150393
18150471
18150479
18150485
18150541
18150569
18150593
18150599
18150615
18150623
18150711
18150753
18150805
18150935
18150987
18151067
18151271
18151489
18151513
18151647
18151913
18152001
18152057
18152169
18152209
18152277
18152381
18152465
18152587
18152627
18152667
18152685
18152823
18152859
18152903
18152963
18152989
18153069
18153187
18153195
18153275
18153325
18153439
18153545
18153577
18153793
18153953
18154009
18154051
18154111
18154119
18154131
18154229
18154279
18154423
18154515
18154685
18154861
18154867
18154881
18154915
18154995
18155097
18155111
18155145
18155189
18155199
18155235
18155263
18155291
18155463
18155651
18155831
18155841
18155887
18155997
18156035
18156055
18156163
18156167
18156217
18156243
18156263
18156275
18156337
18156455
18156643
18156651
18156689
18156775
18156831
18156971
18157053
18157195
18157203
18157231
18157307
18157317
18157407
18157699
18157739
18157765
18157835
18157891
18157971
18158041
18158087
18158117
18158197
18158271
18158329
18158339
18158341
18158407
18158427
18158573
18158685
18158691
18158695
18158731
18158829
18158901
18159043
18159063
18159141
18159203
18159269
18159285
18159409
18159453
18159527
18159537
18159585
18159659
18159717
18159727
18159749
18159763
18159867
18159953
18159959
18160141
18160143
18160157
18160179
18160195
18160203
18160251
18160393
18160545
18160583
18160641
18160703
18160737
18160741
18160755
18160925
18160975
18161143
18161175
18161257
18161423
18161461
18161563
18161845
18161931
18161973
18162135
18162145
18162255
18162535
18162577
18162661
18162703
18162747
18162851
18162855
18162875
18162891
18162943
18163033
18163105
18163145
18163175
18163209
18163373
18163423
18163635
18163659
18163671
18163757
18163793
18163811
18163845
18163859
18163943
18163951
18163977
18164183
18164253
18164269
18164447
18164485
18164591
18164609
18164701
18164765
18164799
18164817
18164823
18164909
18164911
18164985
18165103
18165197
18165535
18165547
18165625
18165631
18165665
18165671
18165853
18165967
18166051
18166305
18166467
18166489
18166541
18166643
18166657
18166737
18166907
18167147
18167219
18167239
18167287
18167429
18167551
18167593
18167687
18167941
18168003
18168073
18168077
18168171
18168385
18168467
18168475
18168523
18168597
18168693
18168717
18168829
18168861
18168995
18169059
18169063
18169093
18169123
18169167
18169223
18169225
18169247
18169295
18169353
18169397
18169443
18169511
18169713
18169767
18169787
18169839
18169869
18169991
18170239
18170243
18170475
18170561
18170785
18170875
18170889
18171083
18171257
18171287
18171533
18171557
18171679
18171753
18171867
18171933
18172009
18172141
18172169
18172195
18172261
18172329
18172351
18172389
18172457
18172477
18172483
18172491
18172555
18172567
18172717
18172725
18172739
18172785
18172853
18172897
18172917
18173035
18173071
18173119
18173201
18173215
18173317
18173447
18173535
18173589
18173637
18173693
18173767
18173827
18173881
18173903
18173915
18173955
18173967
18174057
18174143
18174279
18174297
18174343
18174395
18174399
18174407
18174459
18174485
18174605
18174669
18174771
18174785
18174795
18174897
18174965
18174993
18175069
18175089
18175101
18175281
18175303
18175343
18175391
18175399
18175631
18175661
18175849
18175873
18175895
18175925
18175995
18176111
18176159
18176307
18176343
18176367
18176383
18176635
18176653
18176733
18176815
18176865
18176953
18177071
18177089
18177105
18177291
18177297
18177471
18177497
18177609
18177739
18177751
18177811
18177825
18177963
18178165
18178203
18178269
18178457
18178545
18178577
18178741
18178745
18178857
18178993
18179069
18179075
18179147
18179179
18179187
18179229
18179339
18179345
18179355
18179417
18179451
18179461
18179473
18179757
18179763
18179799
18179825
18179925
18180113
18180127
18180221
18180291
18180519
18180663
18180703
18180737
18180771
18180869
18180945
18181097
18181185
18181317
18181445
18181501
18181591
18181605
18181615
18181643
18181659
18181751
18181777
18181967
18182101
18182129
18182173
18182205
18182271
18182341
18182369
18182427
18182677
18182941
18183189
18183313
18183341
18183367
18183499
18183605
18183625
18183659
18183709
18183733
18183831
18183845
18183893
18183965
18183987
18184107
18184187
18184217
18184229
18184241
18184299
18184363
18184411
18184425
18184491
18184507
18184607
18184613
18184651
18184671
18184751
18184833
18184885
18184897
18184937
18185021
18185113
18185283
18185341
18185413
18185437
18185513
18185537
18185587
18185633
18185693
18185829
18185927
18185957
18186157
18186163
18186237
18186495
18186515
18186535
18186587
18186601
18186671
18186721
18186821
18186935
18187031
18187121
18187213
18187221
18187447
18187501
18187655
18187735
18187775
18187777
18187827
18187839
18187841
18187859
18187889
18187893
18187897
18187927
18187971
18187981
18188105
18188189
18188245
18188395
18188405
18188483
18188495
18188617
18188623
18188725
18188811
18188965
18189083
18189111
18189151
18189197
18189203
18189427
18189665
18189673
18189875
18189975
18190009
18190045
18190187
18190231
18190247
18190297
18190311
18190409
18190607
18190617
18190715
18190905
18190939
18190971
18191025
18191057
18191161
18191169
18191199
18191215
18191391
18191579
18191741
18191751
18191873
18191925
18192065
18192109
18192127
18192221
18192243
18192383
18192421
18192511
18192553
18192659
18192723
18192795
18192809
18192919
18192971
18193003
18193031
18193111
18193211
18193279
18193287
18193337
18193393
18193443
18193465
18193587
18193599
18193725
18193739
18193779
18193885
18194037
18194203
18194337
18194425
18194459
18194461
18194479
18194511
18194575
18194763
18194771
18194845
18194871
18194877
18194925
18195063
18195119
18195217
18195243
18195261
18195265
18195421
18195489
18195519
18195611
18195665
18195831
18195913
18195965
18196111
18196127
18196625
18196671
18196697
18196777
18196801
18196815
18196821
18196837
18196841
18196869
18196895
18197037
18197041
18197045
18197105
18197167
18197227
18197229
18197307
18197341
18197423
18197481
18197579
18197597
18197775
18197887
18197911
18197959
18198019
18198047
18198175
18198207
18198277
18198279
18198353
18198395
18198467
18198549
18198575
18198651
18198941
18198973
18199025
18199057
18199087
18199239
18199479
18199521
18199723
18199885
18200145
18200157
18200167
18200245
18200335
18200345
18200489
18200501
18200519
18200539
18200547
18200643
18200895
18200897
18200903
18201087
18201105
18201111
18201129
18201193
18201283
18201291
18201373
18201485
18201493
18201529
18201539
18201553
18201559
18201587
18201705
18201711
18202013
18202291
18202355
18202499
18202519
18202545
18202711
18202761
18202797
18202839
18202869
18202897
18202989
18203053
18203271
18203297
18203311
18203343
18203417
18203433
18203493
18203505
18203615
18203625
18203631
18203757
18203893
18203931
18203937
18203943
18204033
18204155
18204161
18204285
18204345
18204369
18204391
18204403
18204449
18204483
18204633
18204705
18204781
18204865
18205007
18205071
18205131
18205233
18205249
18205313
18205525
18205797
18206225
18206365
18206367
18206383
18206427
18206683
18206843
18206899
18206929
18207047
18207063
18207181
18207305
18207503
18207605
18207663
18207701
18207703
18207729
18207791
18207811
18207813
18207923
18207973
18208017
18208035
18208061
18208151
18208355
18208367
18208409
18208411
18208469
18208573
18208645
18208731
18208735
18208819
18208961
18208973
18209011
18209077
18209105
18209107
18209351
18209363
18209459
18209581
18209713
18209723
18209731
18209807
18209893
18210015
18210075
18210145
18210227
18210229
18210271
18210445
18210651
18210657
18210689
18210719
18210795
18210803
18210809
18210869
18210949
18211069
18211075
18211107
18211139
18211175
18211183
18211251
18211269
18211281
18211321
18211391
18211427
18211463
18211523
18211595
18211597
18211603
18211779
18211781
18211885
18211947
18211959
18212085
18212231
18212249
18212307
18212309
18212337
18212503
18212511
18212629
18212649
18212781
18212911
18212947
18212971
18213055
18213073
18213119
18213229
18213295
18213359
18213501
18213521
18213529
18213625
18213659
18213873
18213899
18214075
18214077
18214235
18214285
18214475
18214667
18214847
18214915
18214963
18215037
18215053
18215135
18215295
18215387
18215399
18215413
18215437
18215469
18215599
18215633
18215737
18215791
18216215
18216327
18216341
18216371
18216509
18216805
18216819
18216821
18216945
18216963
18217021
18217025
18217089
18217153
18217191
18217229
18217527
18217711
18217767
18217781
18217885
18217955
18217981
18217995
18218033
18218037
18218239
18218281
18218289
18218481
18218487
18218531
18218557
18218793
18218825
18218833
18218907
18218939
18218941
18219041
18219085
18219087
18219091
18219093
18219101
18219155
18219161
18219165
18219413
18219415
18219427
18219493
18219645
18219709
18219715
18219777
18219819
18219919
18220031
18220081
18220131
18220177
18220229
18220273
18220333
18220365
18220367
18220387
18220391
18220423
18220431
18220551
18220567
18220621
18220939
18220965
18220967
18220981
18221001
18221121
18221157
18221183
18221195
18221265
18221415
18221563
18221649
18221659
18221691
18221763
18221809
18221921
18222009
18222015
18222025
18222067
18222075
18222145
18222183
18222239
18222251
18222325
18222477
18222711
18222715
18222867
18222931
18223099
18223189
18223197
18223233
18223275
18223319
18223343
18223349
18223433
18223449
18223699
18223793
18223941
18223957
18224021
18224081
18224125
18224209
18224237
18224351
18224361
18224377
18224545
18224653
18224771
18224795
18224939
18224971
18225129
18225151
18225233
18225321
18225329
18225403
18225435
18225475
18225503
18225509
18225595
18225833
18225879
18225885
18225923
18226011
18226187
18226201
18226301
18226347
18226429
18226447
18226473
18226507
18226569
18226649
18226691
18226737
18226749
18226877
18226909
18226921
18226925
18227017
18227125
18227187
18227351
18227369
18227421
18227431
18227479
18227543
18227641
18227679
18228099
18228183
18228347
18228447
18228509
18228571
18228791
18228931
18229003
18229041
18229127
18229219
18229227
18229249
18229367
18229375
18229431
18229465
18229469
18229485
18229563
18229577
18229731
18229765
18229875
18229897
18229927
18229963
18229999
18230003
18230079
18230123
18230139
18230145
18230197
18230203
18230255
18230293
18230361
18230375
18230421
18230641
18230701
18230799
18230863
18230957
18230973
18230985
18230995
18231047
18231063
18231141
18231341
18231359
18231369
18231405
18231499
18231537
18231539
18231625
18231649
18231755
18231855
18231861
18231911
18231923
18231925
18231943
18231983
18231999
18232001
18232015
18232063
18232137
18232151
18232205
18232379
18232549
18232717
18232799
18232855
18232989
18233025
18233049
18233389
18233623
18233635
18233721
18233729
18233781
18233873
18233875
18233887
18233889
18233895
18234087
18234233
18234315
18234549
18234605
18234615
18234691
18234717
18234745
18234917
18234995
18235065
18235121
18235305
18235357
18235423
18235721
18235735
18235783
18235849
18235897
18236025
18236279
18236281
18236289
18236295
18236313
18236421
18236445
18236463
18236469
18236511
18236569
18236607
18236765
18236775
18236783
18236855
18236859
18236863
18236885
18236957
18236959
18236963
18237003
18237063
18237099
18237133
18237299
18237311
18237329
18237429
18237455
18237503
18237563
18237605
18237685
18238015
18238103
18238107
18238131
18238167
18238263
18238343
18238351
18238509
18238513
18238537
18238565
18238619
18238663
18238695
18238777
18238883
18238889
18239011
18239069
18239083
18239137
18239293
18239347
18239533
18239595
18239629
18239775
18239903
18239911
18239979
18240047
18240311
18240489
18240663
18240715
18240739
18240741
18240755
18240835
18241049
18241199
18241277
18241317
18241321
18241357
18241375
18241397
18241417
18241529
18241585
18241679
18241721
18241737
18241747
18241761
18241821
18241931
18242115
18242133
18242171
18242297
18242345
18242349
18242441
18242555
18242605
18242733
18242737
18242747
18242763
18242779
18242977
18242979
18243089
18243147
18243203
18243479
18243561
18243685
18243737
18243773
18243809
18243857
18243897
18243947
18243995
18244035
18244049
18244075
18244091
18244151
18244171
18244245
18244269
18244639
18244689
18244813
18245047
18245119
18245227
18245353
18245427
18245491
18245635
18245735
18245889
18246005
18246065
18246171
18246311
18246315
18246325
18246343
18246429
18246461
18246523
18246591
18246677
18246703
18246745
18246867
18246949
18246975
18247073
18247235
18247273
18247281
18247387
18247429
18247503
18247603
18247663
18248055
18248103
18248269
18248295
18248381
18248427
18248443
18248495
18248561
18248585
18248599
18248609
18248617
18248757
18248893
18248977
18249013
18249167
18249171
18249281
18249355
18249379
18249403
18249413
18249419
18249423
18249481
18249497
18249687
18249701
18249903
18249957
18249985
18250027
18250029
18250127
18250309
18250319
18250469
18250479
18250817
18250843
18250877
18250891
18250995
18250999
18251027
18251089
18251221
18251239
18251247
18251365
18251409
18251535
18251661
18251689
18251739
18251861
18251995
18252029
18252085
18252095
18252173
18252257
18252307
18252449
18252467
18252481
18252563
18252585
18252601
18252653
18252885
18253013
18253115
18253143
18253193
18253245
18253263
18253389
18253465
18253471
18253559
18253589
18253617
18253671
18253711
18253715
18253901
18253913
18254021
18254027
18254081
18254115
18254143
18254193
18254285
18254335
18254397
18254429
18254519
18254777
18255235
18255339
18255351
18255377
18255425
18255441
18255631
18255675
18255745
18255943
18256123
18256223
18256321
18256339
18256345
18256359
18256405
18256471
18256483
18256533
18256549
18256565
18256613
18256635
18256657
18256669
18256733
18256755
18256773
18256807
18256855
18256857
18256931
18257055
18257115
18257275
18257389
18257497
18257557
18257563
18257713
18257745
18257801
18257831
18257899
18257939
18258075
18258105
18258125
18258211
18258335
18258351
18258375
18258385
18258389
18258431
18258493
18258515
18258539
18258589
18258611
18258651
18258755
18258785
18258855
18258925
18258977
18258985
18259087
18259101
18259181
18259183
18259195
18259251
18259273
18259283
18259373
18259375
18259431
18259433
18259491
18259669
18259677
18259765
18259821
18259863
18260061
18260071
18260105
18260135
18260193
18260223
18260229
18260245
18260353
18260413
18260441
18260465
18260603
18260795
18260835
18260969
18260983
18261017
18261019
18261021
18261091
18261109
18261137
18261163
18261181
18261187
18261361
18261391
18261435
18261501
18261549
18261595
18261635
18261647
18261665
18261693
18261697
18261765
18261813
18261899
18262019
18262087
18262107
18262389
18262485
18262569
18262603
18262613
18262733
18262761
18262805
18262819
18262977
18263069
18263139
18263173
18263189
18263321
18263337
18263357
18263477
18263515
18263555
18263693
18263815
18264135
18264245
18264407
18264505
18264571
18264603
18264623
18264697
18264709
18264719
18264755
18264937
18264987
18265009
18265077
18265181
18265241
18265265
18265381
18265467
18265595
18265677
18265787
18265861
18266049
18266203
18266325
18266329
18266339
18266387
18266423
18266809
18266887
18266911
18266979
18267143
18267169
18267293
18267309
18267513
18267599
18267617
18267647
18267721
18267745
18267823
18267925
18267945
18268133
18268145
18268231
18268253
18268367
18268385
18268415
18268435
18268479
18268491
18268567
18268579
18268945
18269079
18269177
18269187
18269319
18269345
18269457
18269643
18269673
18269727
18269781
18269849
18269925
18269977
18270111
18270133
18270181
18270351
18270475
18270495
18270673
18270691
18270697
18270817
18270903
18270953
18271001
18271057
18271137
18271267
18271297
18271337
18271369
18271415
18271421
18271477
18271519
18271555
18271591
18271649
18271775
18271831
18271833
18272047
18272109
18272229
18272277
18272455
18272519
18272577
18272581
18272583
18272663
18272887
18272925
18273273
18273333
18273343
18273407
18273503
18273521
18273523
18273609
18273613
18273671
18273707
18273721
18273739
18273801
18273863
18273933
18274013
18274071
18274085
18274185
18274419
18274721
18274775
18274785
18274813
18274831
18274897
18275159
18275195
18275263
18275279
18275761
18275765
18275777
18275923
18275929
18276181
18276183
18276327
18276331
18276389
18276509
18276607
18276787
18276845
18276951
18277045
18277177
18277263
18277325
18277393
18277485
18277521
18277563
18277591
18277645
18277711
18277727
18277767
18277807
18277819
18277863
18277953
18277999
18278097
18278151
18278251
18278257
18278265
18278377
18278489
18278509
18278517
18278521
18278535
18278579
18278593
18278631
18278649
18278739
18278769
18278803
18279055
18279299
18279343
18279403
18279435
18279553
18279577
18279765
18279791
18279925
18279943
18279955
18280137
18280157
18280207
18280223
18280233
18280281
18280605
18280799
18280811
18280849
18280863
18280911
18280915
18280981
18280999
18281021
18281037
18281067
18281095
18281187
18281197
18281261
18281307
18281383
18281409
18281419
18281489
18281509
18281557
18281605
18281647
18281691
18281743
18281749
18281979
18282009
18282135
18282189
18282265
18282327
18282461
18282651
18282763
18282765
18282797
18282833
18282931
18283009
18283081
18283429
18283507
18283565
18283697
18283745
18283893
18283933
18283949
18284003
18284017
18284021
18284101
18284241
18284245
18284263
18284387
18284489
18284491
18284531
18284591
18284607
18284691
18284707
18284723
18284743
18284873
18285073
18285301
18285421
18285449
18285457
18285481
18285509
18285513
18285527
18285563
18285579
18285607
18285633
18285635
18285667
18285703
18285725
18285757
18285775
18285899
18286235
18286335
18286383
18286393
18286617
18286643
18286647
18286721
18286997
18287097
18287131
18287181
18287225
18287317
18287597
18287613
18287687
18287773
18287825
18287939
18288039
18288071
18288299
18288357
18288387
18288409
18288521
18288645
18288879
18289065
18289069
18289085
18289103
18289181
18289291
18289307
18289319
18289335
18289403
18289409
18289591
18289633
18289707
18289729
18289747
18289751
18289825
18289891
18289899
18290163
18290167
18290209
18290341
18290355
18290407
18290597
18290713
18290793
18290823
18290899
18290909
18291037
18291039
18291079
18291279
18291289
18291293
18291331
18291337
18291403
18291467
18291667
18291675
18291851
18292013
18292023
18292041
18292107
18292109
18292119
18292189
18292195
18292255
18292321
18292525
18292641
18292701
18292737
18292817
18293003
18293165
18293199
18293399
18293485
18293515
18293521
18293613
18293623
18293727
18293747
18293873
18293945
18294033
18294055
18294085
18294111
18294173
18294221
18294357
18294363
18294411
18294491
18294587
18294615
18294653
18294699
18294847
18294881
18294905
18294919
18295013
18295049
18295177
18295227
18295283
18295355
18295361
18295465
18295479
18295541
18295571
18295597
18295637
18295639
18295865
18296033
18296039
18296211
18296241
18296295
18296339
18296347
18296355
18296453
18296611
18296627
18297037
18297093
18297299
18297523
18297719
18297773
18297843
18298295
18298317
18298403
18298421
18298503
18298525
18298583
18298679
18298771
18298829
18298843
18298971
18299139
18299283
18299301
18299323
18299325
18299525
18299547
18299575
18299595
18299631
18299787
18299833
18299891
18300103
18300119
18300155
18300187
18300287
18300437
18300493
18300581
18300605
18300607
18300617
18300627
18300631
18300693
18300737
18301001
18301081
18301111
18301163
18301289
18301303
18301357
18301365
18301385
18301419
18301421
18301493
18301525
18301589
18301593
18301727
18301777
18301867
18301971
18302033
18302387
18302489
18302675
18302723
18302779
18302857
18302887
18302919
18302989
18303033
18303123
18303407
18303569
18303593
18303743
18303923
18303929
18303961
18304007
18304127
18304259
18304261
18304349
18304499
18304595
18304655
18304679
18304983
18305049
18305105
18305117
18305299
18305341
18305381
18305525
18305589
18305605
18305615
18305617
18305633
18305877
18305953
18305985
18306009
18306039
18306181
18306481
18306531
18306591
18306779
18306787
18306995
18307169
18307251
18307421
18307467
18307477
18307551
18307561
18307681
18307759
18307767
18307813
18307863
18308015
18308087
18308193
18308199
18308221
18308305
18308321
18308361
18308391
18308467
18308497
18308533
18308579
18308599
18308759
18308807
18308915
18308933
18308981
18309095
18309105
18309175
18309227
18309245
18309465
18309615
18309695
18309777
18309803
18309827
18309855
18309937
18310001
18310003
18310015
18310339
18310421
18310463
18310557
18310707
18310849
18310911
18311031
18311039
18311067
18311229
18311321
18311343
18311361
18311375
18311401
18311625
18311783
18311827
18311837
18311933
18312043
18312231
18312345
18312375
18312397
18312423
18312551
18312555
18312605
18312661
18312701
18312711
18312795
18312863
18313033
18313049
18313111
18313225
18313367
18313525
18313641
18313789
18314049
18314071
18314377
18314399
18314465
18314765
18314791
18314801
18314849
18315015
18315323
18315335
18315419
18315459
18315517
18315527
18315795
18315805
18315971
18316057
18316181
18316187
18316197
18316411
18316509
18316515
18316563
18316777
18317011
18317165
18317213
18317405
18317523
18317643
18317671
18317827
18317899
18318035
18318063
18318067
18318157
18318177
18318191
18318293
18318377
18318415
18318489
18318497
18318569
18318611
18318701
18318779
18318797
18318815
18319055
18319065
18319177
18319189
18319201
18319219
18319235
18319263
18319279
18319345
18319367
18319379
18319419
18319549
18319591
18319641
18319733
18319797
18319813
18319963
18320007
18320039
18320171
18320219
18320245
18320289
18320293
18320347
18320383
18320443
18320505
18320579
18320705
18320717
18320749
18320799
18320803
18320815
18320825
18320835
18320989
18321007
18321009
18321287
18321299
18321385
18321387
18321463
18321551
18321561
18321565
18321919
18321921
18321927
18321973
18322065
18322095
18322223
18322529
18322633
18322647
18322689
18322745
18322821
18322871
18322977
18323033
18323123
18323283
18323301
18323341
18323349
18323473
18323483
18323535
18323623
18323675
18323715
18323769
18323881
18323919
18323953
18324079
18324293
18324309
18324381
18324513
18324623
18324641
18324659
18325041
18325053
18325079
18325209
18325239
18325269
18325273
18325349
18325461
18325515
18325653
18325715
18325773
18325827
18325875
18325907
18326105
18326187
18326195
18326199
18326269
18326367
18326417
18326515
18326541
18326555
18326815
18326875
18326911
18326939
18326969
18326999
18327069
18327071
18327187
18327193
18327203
18327275
18327295
18327357
18327463
18327627
18327815
18327843
18328055
18328061
18328089
18328147
18328235
18328321
18328763
18328817
18328929
18329111
18329219
18329285
18329343
18329387
18329407
18329487
18329599
18329661
18329693
18329735
18329857
18329865
18329869
18329967
18330053
18330087
18330249
18330311
18330455
18330505
18330671
18330771
18330819
18330839
18331085
18331133
18331205
18331339
18331547
18331585
18331641
18331643
18331789
18331861
18331877
18332019
18332123
18332183
18332225
18332375
18332403
18332555
18332925
18332947
18332965
18332999
18333071
18333135
18333195
18333233
18333235
18333253
18333295
18333331
18333385
18333413
18333487
18333809
18333927
18333961
18333969
18334129
18334355
18334431
18334521
18334559
18334581
18334673
18334969
18334975
18335053
18335141
18335215
18335291
18335295
18335313
18335381
18335399
18335439
18335493
18335509
18335613
18335673
18335753
18335805
18335857
18335943
18335959
18335997
18336285
18336499
18336527
18336725
18336757
18336771
18336843
18336913
18336937
18336977
18337043
18337221
18337289
18337351
18337403
18337519
18337549
18337775
18337791
18337833
18337915
18337925
18338221
18338309
18338325
18338331
18338347
18338573
18338633
18338679
18338737
18338759
18338805
18338863
18339097
18339117
18339147
18339235
18339409
18339439
18339493
18339549
18339599
18339601
18339689
18339741
18339767
18339823
18339931
18340027
18340033
18340151
18340193
18340199
18340437
18340507
18340517
18340559
18340627
18340677
18340961
18341059
18341069
18341227
18341261
18341309
18341317
18341363
18341395
18341611
18341921
18341931
18342059
18342199
18342251
18342269
18342277
18342283
18342329
18342435
18342491
18342515
18342707
18342773
18342901
18342925
18343075
18343113
18343131
18343159
18343189
18343269
18343287
18343293
18343335
18343605
18343853
18343895
18343967
18344061
18344225
18344289
18344459
18344495
18344505
18344557
18344655
18344693
18344787
18344917
18345093
18345147
18345231
18345269
18345281
18345337
18345373
18345433
18345451
18345529
18345545
18345597
18345637
18345689
18345697
18345721
18345731
18345905
18346063
18346111
18346157
18346181
18346207
18346279
18346359
18346413
18346537
18346543
18346545
18346615
18346645
18346725
18346861
18346957
18347321
18347451
18347527
18347545
18347659
18347773
18347791
18347801
18347817
18347849
18347855
18347937
18347995
18347999
18348041
18348051
18348067
18348107
18348123
18348189
18348229
18348299
18348557
18348569
18348675
18348719
18348867
18349013
18349257
18349275
18349361
18349371
18349377
18349383
18349389
18349455
18349477
18349521
18349581
18349725
18349825
18349829
18349901
18349907
18350169
18350195
18350229
18350263
18350287
18350337
18350381
18350445
18350513
18350547
18350559
18350719
18350773
18351239
18351249
18351345
18351383
18351403
18351583
18351639
18351685
18351989
18352087
18352115
18352255
18352365
18352425
18352513
18352579
18352621
18352653
18352681
18352697
18352755
18352785
18352847
18352903
18353159
18353187
18353409
18353643
18353711
18353741
18353849
18353943
18354173
18354181
18354317
18354325
18354347
18354351
18354383
18354399
18354555
18354577
18354591
18354627
18354629
18354719
18354731
18354765
18354995
18355007
18355023
18355059
18355133
18355201
18355399
18355457
18355515
18355617
18355855
18355971
18356001
18356093
18356187
18356315
18356563
18356663
18356877
18356971
18357003
18357035
18357121
18357197
18357241
18357325
18357597
18357613
18357621
18357637
18357713
18357793
18357917
18358043
18358147
18358257
18358269
18358559
18358587
18358639
18358681
18358737
18358887
18358979
18359009
18359043
18359105
18359221
18359273
18359319
18359345
18359367
18359375
18359609
18359639
18359701
18359725
18359811
18359821
18360101
18360289
18360365
18360425
18360489
18360587
18360633
18360803
18361011
18361027
18361107
18361169
18361183
18361253
18361355
18361527
18361617
18361671
18361711
18361863
18361867
18361883
18361889
18362029
18362091
18362105
18362109
18362203
18362629
18362645
18362681
18362683
18362707
18362893
18362901
18362933
18363069
18363141
18363171
18363273
18363359
18363397
18363399
18363571
18363669
18363831
18363941
18363943
18364023
18364035
18364043
18364067
18364219
18364255
18364257
18364395
18364429
18364455
18364459
18364485
18364565
18364649
18364803
18364805
18364859
18365059
18365069
18365107
18365263
18365275
18365307
18365313
18365351
18365395
18365473
18365501
18365631
18365787
18365823
18366221
18366283
18366359
18366371
18366433
18366505
18366541
18366621
18366685
18366759
18366793
18366857
18366913
18366947
18367091
18367123
18367131
18367341
18367419
18367449
18367527
18367537
18367687
18367903
18367941
18368049
18368143
18368229
18368235
18368271
18368389
18368423
18368437
18368475
18368523
18368589
18368683
18368691
18368749
18368791
18368929
18368933
18368943
18369013
18369081
18369149
18369165
18369191
18369301
18369399
18369463
18369465
18369575
18369609
18369699
18369769
18369847
18370063
18370209
18370213
18370419
18370475
18370593
18370603
18370657
18370665
18370827
18370887
18370985
18370989
18371003
18371235
18371387
18371397
18371401
18371449
18371729
18371785
18371809
18371909
18371913
18371979
18372007
18372105
18372135
18372151
18372349
18372365
18372379
18372387
18372501
18372567
18372687
18372691
18372797
18372879
18373115
18373121
18373261
18373293
18373503
18373617
18373651
18373747
18373765
18373783
18373855
18373921
18373947
18374045
18374093
18374153
18374263
18374327
18374357
18374479
18374705
18374717
18374987
18375045
18375051
18375159
18375201
18375491
18375575
18375581
18375585
18375649
18375685
18375711
18375745
18375753
18375953
18376045
18376061
18376063
18376073
18376165
18376167
18376179
18376219
18376253
18376267
18376297
18376421
18376529
18376591
18376609
18376729
18376743
18376747
18376827
18376919
18376931
18377067
18377139
18377147
18377325
18377373
18377385
18377403
18377405
18377547
18377567
18377623
18377809
18377831
18377887
18377961
18377983
18378007
18378011
18378065
18378137
18378225
18378239
18378263
18378313
18378335
18378431
18378543
18378627
18378673
18378711
18378725
18378771
18378881
18379005
18379165
18379185
18379255
18379409
18379467
18379473
18379561
18379777
18379941
18380029
18380035
18380047
18380061
18380067
18380101
18380133
18380135
18380183
18380383
18380425
18380497
18380513
18380555
18380583
18380683
18380701
18380711
18380759
18380773
18380843
18380999
18381029
18381079
18381081
18381129
18381145
18381221
18381309
18381439
18381595
18381693
18381777
18381781
18381861
18381879
18381917
18381921
18382007
18382071
18382081
18382113
18382121
18382203
18382211
18382315
18382347
18382475
18382697
18382721
18382723
18382865
18382899
18382907
18382971
18383259
18383261
18383329
18383375
18383425
18383469
18383633
18383657
18383743
18383789
18383869
18383903
18383923
18383941
18384051
18384061
18384079
18384081
18384167
18384169
18384383
18384401
18384415
18384707
18384833
18384847
18384913
18385053
18385171
18385279
18385377
18385395
18385487
18385531
18385571
18385681
18385939
18386027
18386037
18386289
18386307
18386313
18386343
18386373
18386397
18386421
18386531
18386741
18386769
18386835
18386901
18387013
18387015
18387053
18387155
18387169
18387315
18387421
18387453
18387475
18387535
18387651
18387885
18387995
18388079
18388107
18388143
18388259
18388323
18388459
18388671
18388885
18388901
18388921
18388969
18389031
18389051
18389057
18389067
18389103
18389125
18389127
18389383
18389407
18389599
18389609
18389761
18389819
18389851
18389871
18390139
18390149
18390239
18390245
18390261
18390273
18390313
18390397
18390503
18390509
18390709
18390847
18390887
18390973
18391011
18391055
18391097
18391311
18391353
18391373
18391431
18391433
18391435
18391567
18391609
18391629
18391645
18391695
18391747
18391795
18391817
18391985
18392011
18392025
18392033
18392097
18392111
18392121
18392123
18392173
18392267
18392337
18392511
18392591
18392919
18392929
18393017
18393189
18393247
18393287
18393299
18393383
18393439
18393463
18393545
18393581
18393633
18393637
18393643
18393685
18393697
18393699
18393751
18393797
18393921
18393957
18394147
18394175
18394297
18394387
18394463
18394635
18394665
18394775
18394777
18394797
18394861
18394877
18395075
18395093
18395213
18395253
18395601
18395665
18395679
18395687
18395885
18396133
18396187
18396239
18396315
18396449
18396497
18396511
18396541
18396637
18396641
18396697
18396779
18396815
18396843
18396873
18396897
18396907
18396915
18396933
18396959
18397119
18397127
18397155
18397177
18397287
18397313
18397439
18397451
18397483
18397573
18397581
18397605
18397631
18397689
18397743
18397925
18397951
18398015
18398019
18398077
18398093
18398231
18398267
18398307
18398467
18398501
18398555
18398593
18398597
18398609
18398807
18398839
18398849
18398939
18399017
18399237
18399275
18399291
18399347
18399349
18399397
18399401
18399509
18399617
18399695
18399729
18399733
18399749
18399797
18399819
18399931
18399989
18400011
18400101
18400129
18400159
18400181
18400243
18400259
18400333
18400465
18400569
18400737
18400809
18401111
18401249
18401259
18401291
18401449
18401503
18401715
18401775
18401795
18401927
18401969
18402103
18402121
18402161
18402185
18402347
18402443
18402911
18403041
18403195
18403213
18403231
18403301
18403311
18403333
18403379
18403533
18403535
18403569
18403691
18403757
18403795
18403991
18403995
18404013
18404079
18404133
18404171
18404195
18404231
18404303
18404379
18404573
18404695
18404719
18404759
18404823
18404865
18404881
18405013
18405325
18405391
18405395
18405483
18405491
18405547
18405551
18405583
18405743
18405891
18405935
18405939
18405981
18406065
18406079
18406125
18406131
18406139
18406245
18406327
18406381
18406431
18406467
18406493
18406501
18406539
18406547
18407025
18407075
18407485
18407619
18407825
18407869
18407919
18408065
18408127
18408131
18408181
18408329
18408471
18408499
18408559
18408579
18408601
18408731
18408743
18408805
18408839
18408853
18408965
18409035
18409061
18409105
18409209
18409239
18409365
18409447
18409525
18409655
18409689
18409767
18409855
18409899
18410017
18410021
18410047
18410071
18410121
18410399
18410631
18410671
18410763
18410783
18410801
18410853
18410865
18410869
18411047
18411059
18411073
18411081
18411121
18411129
18411271
18411367
18411611
18411651
18411759
18411803
18412087
18412091
18412095
18412139
18412227
18412309
18412383
18412757
18412835
18412863
18413075
18413121
18413137
18413299
18413421
18413435
18413639
18413661
18413683
18413695
18413807
18413901
18413991
18414021
18414085
18414129
18414173
18414205
18414227
18414437
18414573
18414713
18414715
18414721
18414825
18414873
18414877
18414905
18415251
18415253
18415407
18415541
18415549
18415613
18415627
18415755
18415897
18416215
18416219
18416341
18416577
18416725
18416807
18416889
18416921
18417073
18417093
18417105
18417107
18417147
18417235
18417319
18417329
18417393
18417549
18417555
18417667
18417687
18417791
18417975
18418021
18418091
18418127
18418131
18418149
18418223
18418303
18418363
18418457
18418575
18418727
18418787
18418921
18419037
18419211
18419227
18419235
18419265
18419273
18419319
18419463
18419559
18419613
18419633
18419659
18419765
18419811
18419817
18419891
18419955
18420033
18420053
18420197
18420265
18420269
18420293
18420303
18420349
18420487
18420515
18420585
18420601
18420671
18420673
18420727
18420881
18420897
18420943
18420967
18421037
18421079
18421171
18421309
18421363
18421477
18421493
18421513
18421619
18421631
18421653
18421697
18421799
18421887
18421933
18421945
18422053
18422081
18422093
18422119
18422201
18422265
18422369
18422377
18422381
18422391
18422441
18422473
18422513
18422639
18422641
18422943
18422993
18423049
18423081
18423167
18423231
18423331
18423369
18423427
18423497
18423551
18423637
18423739
18423767
18423927
18424213
18424275
18424359
18424389
18424397
18424439
18424525
18424651
18424745
18424865
18424895
18425047
18425125
18425231
18425279
18425329
18425335
18425355
18425403
18425423
18425597
18425673
18425719
18425775
18425915
18426049
18426067
18426203
18426243
18426273
18426293
18426329
18426437
18426467
18426471
18426495
18426497
18426565
18426669
18426781
18426795
18426981
18427025
18427057
18427121
18427211
18427305
18427319
18427325
18427395
18427487
18427563
18427783
18427839
18427907
18427971
18427999
18428031
18428091
18428221
18428237
18428295
18428339
18428401
18428439
18428451
18428477
18428505
18428523
18428577
18428643
18428667
18428783
18428795
18428799
18428839
18428901
18428923
18428927
18428957
18429003
18429035
18429037
18429071
18429209
18429331
18429465
18429529
18429605
18429627
18429635
18429651
18429661
18429669
18429709
18429727
18429809
18429833
18429965
18430037
18430039
18430041
18430179
18430423
18430535
18430553
18430573
18430639
18430665
18430779
18430803
18431031
18431125
18431319
18431383
18431399
18431415
18431527
18431599
18431667
18431729
18431869
18431925
18432045
18432699
18432713
18432723
18432753
18432789
18432829
18433033
18433161
18433237
18433311
18433347
18433377
18433427
18433607
18433651
18433683
18433721
18433773
18434009
18434027
18434097
18434117
18434163
18434305
18434569
18434815
18434817
18434835
18434851
18434855
18434889
18434931
18434945
18435037
18435229
18435247
18435269
18435491
18435503
18435637
18435669
18436029
18436087
18436215
18436219
18436239
18436297
18436363
18436607
18436643
18436655
18436747
18436767
18436819
18436865
18436879
18436959
18437049
18437145
18437201
18437487
18437495
18437539
18437803
18438115
18438117
18438177
18438377
18438677
18438699
18438757
18438833
18438871
18439143
18439177
18439209
18439229
18439607
18439615
18439621
18439627
18439665
18439687
18439771
18439829
18439979
18440049
18440057
18440065
18440163
18440191
18440297
18440477
18440525
18440537
18440633
18440677
18440701
18440745
18440807
18440873
18441049
18441073
18441139
18441149
18441193
18441209
18441337
18441403
18441479
18441503
18441591
18441615
18441763
18441809
18441845
18441877
18441891
18441971
18441993
18442007
18442301
18442405
18442413
18442505
18442575
18442733
18442833
18442887
18442917
18442937
18443245
18443257
18443303
18443371
18443393
18443465
18443627
18443753
18443769
18443815
18443911
18443969
18444145
18444193
18444365
18444453
18444625
18444749
18444777
18444845
18444863
18444903
18444921
18444995
18445085
18445107
18445139
18445173
18445219
18445295
18445337
18445341
18445803
18445819
18445825
18445931
18445937
18446029
18446091
18446135
18446465
18446583
18446631
18446847
18446857
18446879
18446885
18446903
18446935
18446959
18447011
18447295
18447299
18447313
18447341
18447411
18447431
18447465
18447633
18447715
18447769
18447801
18447859
18447953
18448003
18448051
18448063
18448141
18448195
18448269
18448347
18448373
18448581
18448589
18448591
18448683
18448769
18449029
18449073
18449085
18449147
18449177
18449253
18449301
18449393
18449523
18449599
18449611
18449673
18449781
18449789
18449901
18449933
18450071
18450091
18450191
18450193
18450203
18450255
18450309
18450395
18450485
18450555
18450743
18450773
18450915
18451033
18451037
18451087
18451261
18451325
18451351
18451389
18451423
18451559
18451565
18451609
18451717
18451911
18451929
18451987
18452007
18452057
18452219
18452221
18452381
18452433
18452527
18452741
18452787
18452805
18452811
18452819
18452865
18452939
18453005
18453021
18453135
18453205
18453259
18453269
18453375
18453447
18453615
18453665
18453717
18453727
18453971
18453985
18454047
18454161
18454217
18454223
18454259
18454351
18454401
18454431
18454661
18454723
18454885
18454937
18455101
18455129
18455321
18455377
18455385
18455391
18455399
18455473
18455755
18455799
18455851
18455985
18456039
18456057
18456107
18456205
18456293
18456399
18456417
18456635
18456781
18456803
18456895
18456975
18457055
18457233
18457247
18457353
18457473
18457555
18457655
18457781
18457795
18457835
18457907
18457971
18458121
18458245
18458249
18458329
18458381
18458433
18458609
18458623
18458687
18458769
18458771
18458787
18458799
18458823
18458847
18459011
18459043
18459389
18459399
18459491
18459773
18459787
18459837
18459843
18459853
18459941
18459961
18460005
18460067
18460079
18460097
18460181
18460307
18460317
18460453
18460465
18460541
18460605
18460647
18460693
18460755
18460805
18460811
18460873
18460927
18460981
18461019
18461049
18461105
18461133
18461175
18461219
18461233
18461243
18461275
18461421
18461463
18461533
18461551
18461609
18461745
18461813
18461857
18461905
18461915
18461945
18461999
18462025
18462191
18462233
18462319
18462341
18462395
18462493
18462633
18462869
18463013
18463113
18463441
18463595
18463757
18463793
18463929
18463963
18464247
18464259
18464353
18464403
18464547
18464557
18464711
18464785
18465031
18465311
18465379
18465415
18465481
18465635
18465683
18465717
18465783
18465919
18465951
18465989
18465995
18466075
18466199
18466325
18466339
18466363
18466375
18466529
18466545
18466547
18466627
18466655
18466789
18466845
18466885
18466889
18467033
18467087
18467225
18467249
18467289
18467307
18467405
18467647
18467697
18467889
18467995
18468051
18468089
18468129
18468419
18468443
18468471
18468477
18468497
18468499
18468575
18468715
18468775
18468843
18468889
18469003
18469205
18469215
18469227
18469295
18469297
18469453
18469585
18469831
18469975
18469993
18470057
18470141
18470211
18470339
18470559
18470579
18470627
18470725
18470749
18470767
18470847
18470899
18470933
18471005
18471091
18471199
18471251
18471359
18471483
18471649
18471783
18471805
18471953
18472003
18472083
18472107
18472137
18472141
18472163
18472187
18472217
18472235
18472289
18472365
18472461
18472491
18472545
18472587
18472677
18472753
18472759
18472787
18472815
18473071
18473111
18473141
18473167
18473209
18473227
18473245
18473253
18473311
18473429
18473615
18473687
18473847
18474053
18474117
18474199
18474293
18474297
18474305
18474341
18474447
18474459
18474517
18474545
18474561
18474577
18474777
18474849
18474871
18474969
18474975
18474991
18475039
18475055
18475087
18475181
18475191
18475241
18475281
18475365
18475495
18475509
18475591
18475685
18475687
18475767
18475877
18475907
18475989
18476057
18476101
18476145
18476175
18476357
18476375
18476513
18476553
18476583
18476675
18476693
18476715
18476749
18476795
18477009
18477035
18477119
18477139
18477279
18477315
18477451
18477543
18477561
18477709
18477871
18477911
18477917
18477933
18478081
18478091
18478113
18478115
18478199
18478231
18478303
18478309
18478335
18478459
18478487
18478495
18478505
18478533
18478553
18478813
18478865
18478877
18479081
18479115
18479481
18479591
18479637
18479723
18479747
18479869
18480091
18480093
18480135
18480325
18480551
18480563
18480621
18480625
18480639
18480641
18480669
18480683
18480695
18480719
18480813
18480867
18481127
18481131
18481137
18481159
18481189
18481193
18481241
18481629
18481697
18481699
18481713
18481725
18481739
18481763
18481785
18481965
18481977
18481979
18481981
18482051
18482107
18482147
18482225
18482261
18482279
18482327
18482355
18482413
18482473
18482489
18482579
18482617
18482759
18482777
18482807
18482871
18482975
18483051
18483169
18483333
18483357
18483485
18483507
18483545
18483575
18483619
18483697
18483735
18483803
18483859
18483915
18483917
18483949
18484031
18484047
18484097
18484113
18484123
18484127
18484161
18484183
18484215
18484325
18484353
18484467
18484603
18484651
18484707
18484897
18484929
18485017
18485089
18485401
18485411
18485489
18485495
18485509
18485575
18485901
18485953
18485987
18486115
18486167
18486225
18486265
18486427
18486653
18486739
18486759
18486945
18486971
18486975
18486993
18487033
18487183
18487191
18487223
18487395
18487533
18487727
18487811
18487941
18488023
18488027
18488141
18488177
18488233
18488235
18488247
18488315
18488431
18488455
18488603
18488659
18488711
18488741
18488855
18488869
18488969
18488997
18489219
18489265
18489327
18489389
18489575
18489811
18489871
18489921
18490027
18490043
18490381
18490481
18490611
18490665
18490687
18490843
18490903
18490915
18490929
18490963
18491081
18491163
18491247
18491311
18491379
18491469
18491525
18491557
18491847
18491995
18492101
18492123
18492173
18492247
18492365
18492461
18492501
18492591
18492629
18492697
18492719
18492721
18492783
18492887
18492975
18492991
18493129
18493179
18493187
18493269
18493325
18493455
18493601
18493653
18493697
18493777
18493809
18493923
18493967
18494057
18494105
18494111
18494205
18494221
18494295
18494377
18494497
18494553
18494561
18494607
18494609
18494743
18494771
18494997
18495019
18495199
18495305
18495313
18495331
18495393
18495477
18495515
18495561
18495675
18495685
18495691
18495723
18495741
18495789
18495813
18495865
18495947
18496025
18496053
18496071
18496123
18496129
18496137
18496183
18496409
18496503
18496515
18496535
18496633
18496747
18496957
18497159
18497441
18497481
18497561
18497867
18497893
18497927
18497931
18497935
18497997
18498035
18498065
18498155
18498235
18498239
18498291
18498377
18498403
18498481
18498489
18498531
18498547
18498583
18498617
18498775
18499039
18499103
18499123
18499187
18499341
18499421
18499513
18499617
18499725
18499727
18499749
18499783
18499829
18499867
18499935
18500005
18500021
18500055
18500123
18500135
18500235
18500399
18500461
18500515
18500761
18500769
18501001
18501097
18501301
18501305
18501361
18501563
18501643
18501687
18501719
18501805
18501885
18502103
18502137
18502169
18502177
18502179
18502193
18502199
18502221
18502357
18502363
18502509
18502545
18502589
18502603
18502677
18502767
18502787
18502859
18503003
18503017
18503033
18503165
18503317
18503423
18503437
18503519
18503521
18503563
18503627
18503679
18503681
18503699
18503769
18503839
18503843
18503885
18503921
18503923
18503943
18503987
18503997
18504049
18504081
18504109
18504139
18504241
18504503
18504649
18504667
18504861
18504997
18505081
18505437
18505457
18505573
18505621
18505771
18505865
18505945
18505989
18505999
18506033
18506069
18506097
18506143
18506207
18506329
18506581
18506583
18506597
18506653
18506687
18506717
18506845
18506863
18507013
18507201
18507217
18507295
18507299
18507463
18507513
18507535
18507553
18507561
18507571
18507573
18507595
18507599
18507623
18507635
18507707
18507769
18507781
18508143
18508303
18508323
18508351
18508471
18508477
18508479
18508565
18508729
18508803
18508921
18509055
18509057
18509061
18509121
18509421
18509475
18509481
18509499
18509511
18509547
18509589
18509615
18509691
18509887
18509905
18510277
18510363
18510469
18510499
18510609
18510639
18510687
18510783
18510877
18510907
18510921
18510971
18511005
18511017
18511107
18511199
18511203
18511215
18511229
18511339
18511381
18511397
18511495
18511677
18511705
18511759
18511783
18511793
18511869
18512067
18512121
18512199
18512279
18512303
18512461
18512483
18512573
18512637
18512643
18512737
18512797
18512801
18512845
18512851
18513001
18513031
18513059
18513061
18513217
18513227
18513313
18513331
18513421
18513583
18513615
18513725
18513815
18513867
18514031
18514063
18514267
18514381
18514405
18514581
18514681
18514825
18514961
18515107
18515109
18515643
18515651
18515853
18515863
18515927
18515975
18515999
18516021
18516163
18516177
18516245
18516365
18516373
18516465
18516471
18516545
18516603
18516645
18516675
18516725
18516735
18516757
18517017
18517063
18517149
18517253
18517389
18517523
18517581
18517635
18517867
18517907
18518175
18518187
18518231
18518345
18518349
18518357
18518361
18518403
18518435
18518617
18518637
18518707
18518711
18518901
18518963
18518967
18519611
18519661
18519761
18519865
18519895
18519921
18519933
18520057
18520059
18520203
18520239
18520317
18520325
18520363
18520387
18520391
18520627
18520759
18520789
18520831
18520885
18520893
18521051
18521089
18521093
18521097
18521215
18521251
18521293
18521357
18521411
18521433
18521475
18521729
18521935
18521971
18522121
18522161
18522191
18522297
18522317
18522569
18522595
18522637
18522679
18523029
18523039
18523077
18523153
18523271
18523405
18523419
18523479
18523677
18523763
18524009
18524143
18524181
18524213
18524227
18524327
18524455
18524493
18524829
18524897
18525045
18525047
18525173
18525241
18525327
18525335
18525593
18525621
18525639
18525689
18525703
18525727
18525807
18526025
18526109
18526233
18526303
18526345
18526411
18526461
18526687
18526847
18526921
18526967
18526987
18527005
18527025
18527075
18527179
18527371
18527377
18527387
18527395
18527401
18527497
18527543
18527575
18527607
18527623
18527701
18527753
18527787
18528009
18528107
18528155
18528161
18528211
18528399
18528495
18528549
18528569
18528625
18528699
18528741
18528821
18528919
18528939
18529033
18529263
18529295
18529331
18529339
18529345
18529427
18529513
18529533
18529559
18529641
18529673
18529875
18529983
18530299
18530301
18530431
18530443
18530497
18530527
18530579
18530587
18530683
18530739
18530791
18530971
18530995
18531085
18531197
18531247
18531381
18531397
18531477
18531563
18531645
18531731
18531765
18531779
18531839
18531847
18532009
18532035
18532227
18532259
18532273
18532319
18532359
18532419
18532421
18532469
18532475
18532625
18532651
18532691
18532711
18532917
18532983
18532989
18532993
18533167
18533183
18533415
18533499
18533509
18533599
18533671
18533711
18533743
18533787
18533869
18534023
18534071
18534141
18534155
18534215
18534413
18534453
18534455
18534471
18534533
18534589
18534591
18534767
18534807
18534869
18535107
18535141
18535341
18535375
18535381
18535399
18535463
18535567
18535579
18535607
18535643
18535689
18535779
18535813
18535897
18536093
18536191
18536303
18536345
18536387
18536449
18536531
18536533
18536611
18536691
18536701
18536723
18536791
18536893
18536933
18536989
18537163
18537181
18537199
18537257
18537281
18537357
18537417
18537473
18537515
18537659
18537687
18537769
18537875
18538255
18538295
18538375
18538409
18538457
18538493
18538547
18538561
18538567
18538597
18538943
18538957
18539055
18539139
18539283
18539359
18539439
18539473
18539489
18539625
18539641
18539695
18539721
18539793
18539817
18539833
18539837
18539863
18539959
18540007
18540027
18540179
18540205
18540225
18540275
18540397
18540411
18540481
18540551
18540621
18540687
18540695
18540767
18540787
18540799
18540839
18540845
18540855
18540873
18540877
18540931
18541067
18541079
18541123
18541253
18541345
18541409
18541691
18541697
18541747
18541797
18541819
18541825
18541931
18541955
18541971
18542033
18542043
18542057
18542071
18542123
18542235
18542241
18542245
18542383
18542615
18542721
18542821
18542899
18542911
18543019
18543183
18543221
18543301
18543325
18543339
18543447
18543585
18543733
18543935
18543963
18543983
18544001
18544165
18544325
18544331
18544465
18544763
18545001
18545033
18545259
18545409
18545453
18545531
18545611
18545663
18545695
18545721
18545931
18545983
18545985
18546059
18546309
18546389
18546475
18546587
18546667
18546673
18546723
18546747
18546849
18546999
18547009
18547017
18547181
18547273
18547299
18547355
18547429
18547443
18547543
18547635
18547649
18547671
18547793
18547867
18547891
18548043
18548097
18548135
18548159
18548179
18548229
18548383
18548421
18548523
18548615
18548785
18548811
18548847
18548851
18548933
18548983
18549063
18549121
18549125
18549127
18549473
18549543
18549633
18549667
18549669
18549713
18549721
18549755
18549797
18549805
18549885
18549965
18549997
18550045
18550077
18550087
18550127
18550351
18550395
18550409
18550437
18550439
18550531
18550571
18550587
18550619
18550671
18550779
18550825
18550901
18550937
18550947
18551025
18551153
18551157
18551213
18551243
18551263
18551279
18551353
18551387
18551405
18551415
18551599
18551635
18551643
18551849
18551997
18552031
18552049
18552075
18552109
18552225
18552309
18552325
18552367
18552435
18552567
18552591
18552617
18552687
18552749
18552765
18552781
18552791
18552887
18552953
18553083
18553091
18553169
18553187
18553227
18553261
18553309
18553319
18553391
18553569
18553577
18553701
18553893
18553959
18554007
18554095
18554197
18554571
18554577
18554623
18554669
18554971
18555127
18555191
18555235
18555245
18555331
18555377
18555413
18555491
18555495
18555533
18555631
18555673
18555811
18555895
18555987
18556053
18556059
18556129
18556229
18556235
18556251
18556343
18556457
18556519
18556611
18556843
18556913
18556937
18556961
18557075
18557411
18557421
18557463
18557501
18557625
18557757
18557819
18557871
18557883
18557911
18558149
18558369
18558481
18558531
18558549
18558551
18558625
18558769
18558827
18558899
18558931
18558963
18559035
18559083
18559189
18559377
18559459
18559493
18559505
18559571
18559609
18559769
18559875
18559921
18559931
18559993
18560021
18560059
18560073
18560137
18560181
18560267
18560379
18560457
18560461
18560591
18560653
18560671
18560757
18560815
18560913
18560937
18560955
18560993
18561203
18561267
18561285
18561305
18561581
18561623
18561637
18561679
18561721
18561879
18561917
18561919
18561969
18562005
18562115
18562149
18562273
18562497
18562551
18562605
18562637
18562639
18562661
18562695
18562725
18562803
18562805
18562825
18562877
18562933
18562939
18562987
18562999
18563041
18563087
18563173
18563199
18563203
18563213
18563271
18563313
18563419
18563509
18563511
18563561
18563637
18563659
18563689
18563779
18563799
18563843
18564027
18564213
18564233
18564239
18564243
18564347
18564349
18564447
18564507
18564599
18564671
18564677
18564719
18564723
18564815
18564915
18564981
18565009
18565013
18565179
18565239
18565245
18565301
18565391
18565397
18565493
18565605
18565685
18565703
18565769
18565793
18565893
18565977
18565983
18565987
18566079
18566129
18566135
18566223
18566285
18566297
18566345
18566463
18566615
18566677
18566709
18566975
18566981
18567001
18567063
18567125
18567149
18567151
18567163
18567345
18567459
18567481
18567521
18567543
18567563
18567647
18567731
18567777
18567789
18567945
18567947
18568017
18568029
18568141
18568319
18568331
18568333
18568381
18568495
18568635
18568663
18568675
18568811
18568813
18568825
18568833
18568963
18569013
18569015
18569353
18569397
18569579
18569605
18569623
18569637
18569675
18569813
18569947
18569961
18570021
18570053
18570429
18570433
18570457
18570493
18570497
18570865
18570873
18570903
18570905
18571037
18571201
18571237
18571275
18571303
18571403
18571541
18571579
18571627
18571701
18571801
18571827
18571847
18572005
18572119
18572201
18572227
18572515
18572611
18572819
18572873
18572883
18572919
18573319
18573559
18573563
18573635
18573719
18573771
18573827
18573849
18573933
18574045
18574071
18574081
18574149
18574249
18574415
18574431
18574525
18574583
18574587
18574595
18574721
18575005
18575033
18575117
18575153
18575199
18575295
18575349
18575385
18575759
18575801
18575805
18575809
18575853
18575881
18576009
18576067
18576083
18576085
18576261
18576367
18576471
18576755
18576769
18576895
18576969
18576993
18577023
18577063
18577081
18577087
18577093
18577135
18577157
18577261
18577413
18577435
18577443
18577467
18577473
18577511
18577537
18577611
18577629
18577663
18577813
18577889
18577899
18577911
18577961
18577991
18578101
18578193
18578219
18578231
18578241
18578299
18578337
18578345
18578435
18578505
18578555
18578579
18578603
18578607
18578679
18578799
18578805
18578951
18578971
18578993
18579023
18579051
18579107
18579151
18579295
18579353
18579385
18579675
18579729
18579825
18579867
18579937
18580003
18580103
18580143
18580239
18580387
18580485
18580497
18580517
18580593
18580727
18580741
18580751
18580835
18580847
18580889
18581007
18581119
18581261
18581385
18581407
18581525
18581553
18581621
18581643
18581711
18581863
18581877
18581895
18581897
18581955
18582001
18582005
18582097
18582347
18582363
18582383
18582473
18582487
18582491
18582587
18582663
18582791
18582825
18582847
18582915
18583043
18583055
18583089
18583287
18583393
18583557
18583729
18583743
18583835
18584023
18584025
18584107
18584111
18584129
18584341
18584349
18584439
18584531
18584571
18584807
18584981
18584983
18585021
18585215
18585239
18585465
18585507
18585557
18585611
18585723
18585765
18585811
18586171
18586179
18586185
18586209
18586249
18586351
18586387
18586391
18586401
18586473
18586509
18586611
18586743
18586945
18586957
18587037
18587051
18587059
18587233
18587341
18587357
18587419
18587449
18587563
18587663
18587715
18587751
18587833
18587995
18588071
18588205
18588231
18588309
18588321
18588581
18588741
18588745
18588951
18588985
18589043
18589063
18589233
18589425
18589489
18589687
18589711
18589741
18589859
18589927
18590139
18590159
18590217
18590443
18590525
18590627
18590779
18590839
18590897
18590979
18591027
18591053
18591193
18591229
18591391
18591635
18591771
18591793
18591823
18591929
18591951
18592079
18592101
18592105
18592109
18592265
18592279
18592313
18592317
18592403
18592469
18592499
18592515
18592555
18592589
18592603
18592675
18592945
18592977
18593007
18593123
18593171
18593245
18593289
18593359
18593365
18593613
18593697
18593909
18594089
18594097
18594109
18594121
18594159
18594161
18594229
18594305
18594417
18594509
18594517
18594553
18594603
18594619
18594685
18594697
18594721
18595005
18595053
18595101
18595117
18595121
18595159
18595165
18595195
18595255
18595317
18595361
18595411
18595445
18595469
18595495
18595517
18595579
18595797
18595967
18595985
18596075
18596145
18596267
18596341
18596381
18596481
18596635
18596705
18596721
18596741
18596791
18596851
18596923
18596985
18597045
18597091
18597135
18597431
18597581
18597617
18597705
18597721
18597963
18597975
18598031
18598095
18598159
18598203
18598231
18598303
18598609
18598647
18598685
18598779
18598821
18598909
18598915
18599221
18599273
18599315
18599399
18599459
18599491
18599507
18599515
18599593
18599649
18599655
18599717
18599719
18599759
18599765
18599919
18599943
18599967
18599977
18600015
18600019
18600037
18600091
18600127
18600171
18600465
18600467
18600485
18600565
18600575
18600641
18600683
18600731
18600809
18600871
18601085
18601287
18601405
18601411
18601435
18601475
18601497
18601511
18601585
18601609
18601973
18601975
18602161
18602185
18602333
18602489
18602665
18602745
18602831
18602849
18602867
18602875
18603345
18603379
18603517
18603695
18603851
18603861
18603909
18604101
18604185
18604309
18604383
18604481
18604553
18604741
18604805
18605013
18605053
18605083
18605179
18605183
18605261
18605339
18605359
18605405
18605513
18605529
18605591
18605711
18605781
18605829
18606181
18606265
18606359
18606405
18606435
18606597
18606627
18606645
18606669
18607135
18607155
18607159
18607187
18607427
18607643
18607825
18607837
18607839
18607865
18607911
18607963
18607991
18608045
18608151
18608183
18608291
18608407
18608453
18608545
18608637
18608663
18608699
18608717
18608753
18608781
18609197
18609269
18609279
18609281
18609293
18609349
18609363
18609413
18609421
18609499
18609611
18609755
18609821
18609849
18610019
18610145
18610309
18610329
18610331
18610409
18610527
18610539
18610711
18610717
18610719
18610797
18610833
18610865
18610973
18611007
18611031
18611205
18611227
18611235
18611245
18611331
18611483
18611543
18611607
18611643
18611683
18611725
18611787
18611811
18611977
18611995
18612159
18612173
18612197
18612261
18612359
18612403
18612441
18612583
18612587
18612613
18612659
18612785
18612895
18612947
18613115
18613161
18613245
18613295
18613337
18613339
18613353
18613417
18613487
18613493
18613583
18613687
18613689
18613701
18613719
18613825
18613887
18613895
18613921
18613947
18613971
18614045
18614075
18614211
18614217
18614307
18614667
18614713
18614721
18614833
18614853
18615017
18615097
18615103
18615179
18615231
18615233
18615249
18615255
18615435
18615557
18615565
18615577
18615597
18615821
18615873
18615911
18616029
18616139
18616251
18616333
18616405
18616523
18616589
18616613
18616631
18616667
18616815
18616833
18617103
18617243
18617387
18617427
18617511
18617523
18617663
18617897
18617903
18617907
18617925
18617951
18617995
18618001
18618017
18618029
18618085
18618095
18618253
18618375
18618423
18618453
18618463
18618465
18618479
18618547
18618593
18618627
18618649
18618653
18618857
18619079
18619189
18619197
18619263
18619355
18619463
18619659
18619769
18619775
18619807
18619827
18619899
18619983
18620023
18620265
18620303
18620393
18620421
18620529
18620549
18620589
18620853
18620913
18621009
18621015
18621033
18621037
18621081
18621127
18621179
18621283
18621363
18621465
18621525
18621751
18621765
18621845
18621887
18621899
18621963
18621987
18622043
18622057
18622073
18622163
18622211
18622267
18622425
18622779
18622865
18622993
18623159
18623289
18623425
18623479
18623501
18623551
18623615
18623741
18623865
18623871
18623889
18623983
18623995
18624005
18624195
18624223
18624335
18624377
18624405
18624437
18624445
18624517
18624577
18624745
18624797
18624823
18624837
18624913
18624971
18625089
18625191
18625417
18625511
18625549
18625579
18625585
18625761
18625839
18625851
18625869
18625927
18626037
18626047
18626101
18626145
18626159
18626319
18626365
18626377
18626479
18626603
18626705
18626729
18626989
18626999
18627105
18627237
18627301
18627407
18627421
18627431
18627573
18627695
18627783
18627831
18627895
18627965
18628127
18628187
18628229
18628279
18628281
18628375
18628423
18628437
18628685
18628727
18628729
18628737
18628751
18628755
18628933
18628959
18629145
18629233
18629265
18629429
18629441
18629497
18629709
18629713
18629745
18629749
18629789
18629877
18630279
18630281
18630349
18630413
18630511
18630593
18630643
18630649
18630705
18630779
18630919
18630963
18631107
18631113
18631125
18631343
18631395
18631443
18631467
18631555
18631595
18631673
18631729
18631793
18632137
18632157
18632233
18632239
18632345
18632575
18632681
18632767
18632769
18632833
18632941
18632955
18633013
18633043
18633147
18633223
18633299
18633361
18633425
18633703
18633707
18633711
18634095
18634103
18634117
18634119
18634195
18634293
18634403
18634589
18634611
18634621
18634635
18634707
18634717
18634789
18634833
18634953
18635133
18635219
18635269
18635411
18635437
18635441
18635537
18635561
18635607
18635799
18635887
18635975
18636039
18636063
18636173
18636271
18636367
18636369
18636405
18636465
18636613
18636877
18636913
18637103
18637149
18637569
18637581
18637591
18637671
18637713
18637845
18637961
18638003
18638043
18638187
18638243
18638309
18638355
18638387
18638475
18638577
18638589
18638709
18638711
18638717
18638739
18639033
18639361
18639513
18639517
18639683
18639763
18639801
18639827
18639909
18640027
18640037
18640115
18640167
18640189
18640221
18640273
18640387
18640523
18640601
18640673
18640733
18640789
18640907
18641019
18641191
18641245
18641251
18641287
18641367
18641373
18641645
18641647
18641677
18641753
18641805
18641815
18641909
18641995
18641999
18642075
18642091
18642125
18642165
18642225
18642235
18642263
18642495
18642653
18642779
18642813
18642833
18642921
18643099
18643101
18643231
18643403
18643509
18643515
18643523
18643541
18643569
18643573
18643703
18643707
18643735
18643779
18643787
18643803
18643889
18643895
18643917
18643941
18644069
18644083
18644127
18644137
18644193
18644197
18644579
18644599
18644799
18644857
18644919
18645061
18645119
18645181
18645183
18645329
18645421
18645439
18645555
18645575
18645581
18645669
18645691
18645717
18645957
18646023
18646077
18646115
18646149
18646203
18646229
18646345
18646429
18646451
18646469
18646535
18646593
18646609
18646639
18646713
18646923
18646983
18647047
18647055
18647093
18647165
18647169
18647173
18647247
18647445
18647627
18647641
18647659
18647763
18647801
18647803
18647849
18647853
18647889
18647959
18647991
18648031
18648065
18648071
18648081
18648151
18648159
18648175
18648353
18648361
18648397
18648457
18648525
18648543
18648577
18648581
18648613
18648753
18648913
18648995
18649105
18649305
18649377
18649715
18649805
18649997
18650029
18650093
18650109
18650163
18650393
18650421
18650477
18650491
18650625
18650665
18650805
18650813
18650905
18650995
18651059
18651095
18651143
18651153
18651265
18651289
18651379
18651517
18651573
18651597
18651627
18651801
18651877
18652051
18652115
18652129
18652133
18652139
18652577
18652811
18652873
18652937
18652955
18653015
18653019
18653085
18653095
18653113
18653189
18653191
18653359
18653401
18653515
18653653
18653681
18653819
18653823
18653845
18653851
18653913
18653929
18653949
18653959
18654175
18654249
18654469
18654523
18654823
18654845
18654849
18654943
18654983
18655031
18655077
18655325
18655385
18655425
18655547
18655623
18655625
18655627
18655633
18655669
18655671
18655679
18655793
18655805
18655843
18655847
18655877
18655911
18655969
18656089
18656269
18656339
18656391
18656429
18656497
18656553
18656567
18656599
18656691
18656699
18656777
18656829
18656919
18656957
18657033
18657239
18657391
18657451
18657513
18657533
18657593
18657749
18657751
18657755
18657781
18657815
18657849
18657879
18657889
18657941
18658045
18658111
18658127
18658167
18658187
18658349
18658485
18658495
18658749
18658833
18658929
18658961
18658967
18659021
18659087
18659143
18659201
18659317
18659357
18659383
18659445
18659517
18659675
18659733
18659753
18659793
18659803
18659907
18659995
18660041
18660171
18660199
18660243
18660309
18660359
18660371
18660521
18660531
18660587
18660693
18660719
18660773
18660779
18660865
18660939
18660983
18661145
18661189
18661285
18661393
18661433
18661531
18661545
18661563
18661653
18661667
18661723
18661931
18661989
18662095
18662241
18662377
18662459
18662493
18662575
18662701
18662709
18662739
18662829
18662839
18662923
18662935
18662951
18662969
18663003
18663085
18663127
18663139
18663145
18663153
18663281
18663403
18663471
18663495
18663541
18663549
18663577
18663647
18663735
18663777
18663793
18663829
18663873
18663927
18663949
18663981
18664135
18664265
18664299
18664481
18664509
18664837
18664873
18664911
18664913
18665035
18665217
18665233
18665435
18665749
18665775
18665843
18665899
18665995
18666173
18666185
18666371
18666479
18666527
18666529
18666593
18666815
18666867
18666875
18667159
18667321
18667337
18667383
18667427
18667451
18667521
18667577
18667601
18667613
18667761
18667803
18667819
18668071
18668099
18668157
18668255
18668279
18668597
18668773
18668907
18669023
18669037
18669193
18669223
18669267
18669373
18669437
18669553
18669563
18669615
18669753
18669969
18669977
18669985
18670093
18670123
18670461
18670675
18670785
18670839
18670875
18670963
18670975
18671245
18671279
18671491
18671573
18671663
18671703
18671831
18671933
18671993
18672051
18672327
18672331
18672349
18672407
18672491
18672511
18672615
18672623
18672705
18672719
18672799
18672959
18673075
18673099
18673147
18673267
18673325
18673399
18673639
18673663
18674073
18674181
18674307
18674311
18674403
18674599
18674619
18674651
18674823
18674851
18674991
18675057
18675083
18675189
18675367
18675371
18675409
18675423
18675481
18675499
18675577
18675581
18675605
18675617
18675641
18675711
18675723
18675763
18675801
18675893
18675999
18676057
18676171
18676203
18676219
18676279
18676307
18676363
18676429
18676485
18676553
18676571
18676739
18676785
18676879
18676923
18676933
18676945
18677055
18677077
18677189
18677323
18677347
18677565
18677625
18677769
18677775
18677857
18677989
18678007
18678111
18678287
18678359
18678491
18678567
18678589
18678669
18678755
18678761
18678803
18678819
18678895
18679031
18679149
18679169
18679177
18679249
18679251
18679299
18679319
18679483
18679495
18679593
18679603
18679607
18679617
18679669
18679677
18679783
18679843
18679863
18679879
18679889
18679907
18680037
18680045
18680161
18680163
18680207
18680219
18680309
18680333
18680441
18680471
18680511
18680551
18680647
18680835
18680847
18680915
18680949
18681011
18681157
18681181
18681199
18681213
18681295
18681381
18681615
18681705
18681753
18681763
18682013
18682019
18682059
18682101
18682159
18682177
18682185
18682539
18682621
18682803
18682879
18683005
18683131
18683167
18683201
18683275
18683331
18683333
18683381
18683385
18683455
18683553
18683569
18683665
18683845
18683923
18683941
18683945
18684101
18684103
18684133
18684175
18684221
18684301
18684335
18684435
18684455
18684523
18684661
18684663
18684665
18684717
18684761
18684841
18685071
18685191
18685209
18685293
18685307
18685481
18685495
18685537
18685545
18685587
18685679
18685703
18685773
18685793
18685845
18685873
18685919
18685993
18686115
18686259
18686269
18686313
18686321
18686379
18686483
18686633
18686661
18686699
18686709
18686759
18686809
18686855
18686857
18686897
18686905
18687029
18687075
18687171
18687205
18687231
18687373
18687399
18687435
18687437
18687443
18687523
18687571
18687615
18687659
18687717
18687929
18687937
18687979
18688015
18688031
18688237
18688243
18688247
18688275
18688379
18688381
18688395
18688433
18688461
18688479
18688545
18688601
18688735
18688757
18688763
18688915
18688987
18689085
18689111
18689191
18689287
18689361
18689405
18689409
18689581
18689629
18689651
18689683
18689717
18689737
18689793
18689929
18689939
18689949
18689963
18690195
18690345
18690451
18690595
18690793
18690847
18691083
18691121
18691221
18691231
18691321
18691349
18691401
18691407
18691561
18691615
18691679
18691827
18691861
18691879
18691985
18692013
18692079
18692081
18692187
18692213
18692241
18692259
18692425
18692439
18692565
18692577
18692649
18692717
18692887
18692907
18692909
18692931
18692945
18692981
18693237
18693351
18693371
18693429
18693645
18693673
18693677
18693737
18693833
18693939
18694057
18694117
18694143
18694223
18694333
18694397
18694503
18694555
18694581
18694659
18694789
18694793
18694803
18694863
18694989
18694997
18695029
18695257
18695273
18695487
18695553
18695599
18695815
18695895
18695915
18695969
18696087
18696153
18696193
18696341
18696437
18696441
18696519
18696593
18696693
18696957
18697177
18697181
18697233
18697337
18697389
18697421
18697443
18697585
18697663
18697709
18697741
18697749
18697819
18697867
18697897
18697955
18698017
18698021
18698117
18698151
18698205
18698271
18698363
18698437
18698523
18698571
18698629
18698633
18698641
18698699
18698971
18699053
18699079
18699111
18699219
18699231
18699251
18699269
18699467
18699503
18699523
18699551
18699581
18699665
18699699
18699863
18699991
18700025
18700233
18700327
18700371
18700431
18700515
18700715
18700811
18700865
18700969
18701105
18701121
18701315
18701413
18701415
18701429
18701445
18701715
18701755
18701771
18701777
18701807
18701877
18701951
18702003
18702021
18702149
18702203
18702229
18702407
18702413
18702473
18702561
18702565
18702581
18702591
18702677
18702995
18703121
18703135
18703179
18703181
18703299
18703335
18703341
18703455
18703465
18703487
18703491
18703557
18703605
18703747
18703917
18703925
18704331
18704375
18704549
18704681
18704885
18704915
18705003
18705007
18705089
18705103
18705289
18705301
18705457
18705507
18705671
18705697
18705735
18705933
18705963
18705971
18706003
18706023
18706087
18706133
18706217
18706245
18706291
18706427
18706441
18706477
18706537
18706571
18706591
18706639
18706757
18706779
18706853
18706895
18706961
18707027
18707031
18707121
18707179
18707361
18707555
18707617
18707623
18707631
18707773
18707817
18707841
18707895
18707903
18707913
18707919
18708009
18708067
18708219
18708359
18708367
18708389
18708551
18708583
18708595
18708599
18708605
18708645
18708809
18708947
18708951
18709113
18709265
18709337
18709413
18709567
18709701
18709741
18709761
18709775
18710089
18710211
18710223
18710323
18710391
18710465
18710515
18710619
18710727
18710791
18710847
18710863
18710961
18710977
18711101
18711135
18711141
18711489
18711503
18711509
18711515
18711631
18711761
18711963
18711987
18712123
18712165
18712355
18712449
18712497
18712529
18712565
18712583
18712585
18712753
18712759
18712869
18712925
18712945
18712959
18713005
18713031
18713039
18713157
18713217
18713353
18713355
18713423
18713475
18713509
18713631
18713671
18713707
18713811
18713911
18713923
18713955
18714101
18714107
18714125
18714271
18714345
18714355
18714381
18714465
18714699
18714783
18714817
18714887
18714899
18715179
18715261
18715383
18715399
18715465
18715511
18715641
18715683
18715715
18715759
18715969
18716065
18716125
18716191
18716323
18716339
18716503
18716625
18716735
18716737
18716755
18716757
18716763
18716831
18716855
18716885
18717131
18717239
18717243
18717289
18717313
18717435
18717509
18717519
18717619
18717643
18717679
18717723
18717803
18717821
18717879
18717895
18717953
18717969
18718067
18718151
18718161
18718227
18718289
18718305
18718317
18718375
18718447
18718679
18718965
18718969
18719037
18719051
18719091
18719095
18719101
18719145
18719151
18719443
18719645
18719715
18719725
18719751
18719843
18719977
18720181
18720187
18720215
18720217
18720335
18720343
18720511
18720541
18720745
18720845
18720907
18720985
18721007
18721025
18721113
18721137
18721279
18721281
18721303
18721529
18721541
18721583
18721591
18721657
18721685
18721885
18721905
18721911
18722003
18722029
18722079
18722093
18722115
18722121
18722131
18722401
18722417
18722439
18722617
18722689
18722881
18722911
18722919
18723125
18723141
18723205
18723291
18723301
18723469
18723525
18723557
18723595
18723943
18724055
18724197
18724351
18724435
18724551
18724583
18724721
18724799
18724827
18724865
18724887
18724965
18724995
18725103
18725203
18725353
18725441
18725451
18725545
18725599
18725721
18725857
18726091
18726209
18726231
18726259
18726277
18726281
18726397
18726505
18726745
18726833
18726863
18726885
18726919
18726999
18727183
18727279
18727459
18727473
18727555
18727701
18727795
18727823
18727869
18727901
18728001
18728041
18728221
18728235
18728291
18728445
18728501
18728555
18728687
18728729
18728773
18728795
18728873
18728911
18729055
18729057
18729073
18729109
18729119
18729237
18729311
18729333
18729413
18729431
18729665
18729669
18729687
18729717
18729723
18729765
18729815
18729891
18729899
18729953
18730011
18730019
18730033
18730087
18730231
18730265
18730347
18730393
18730401
18730479
18730511
18730613
18730653
18730841
18730977
18731005
18731031
18731079
18731091
18731093
18731099
18731121
18731169
18731429
18731447
18731675
18731807
18731817
18731833
18732071
18732097
18732141
18732157
18732165
18732179
18732209
18732331
18732381
18732417
18732447
18732569
18732737
18732891
18733067
18733207
18733247
18733335
18733373
18733393
18733413
18733519
18733819
18733861
18733971
18733975
18734099
18734145
18734149
18734227
18734233
18734273
18734305
18734377
18734457
18734607
18734617
18734619
18734853
18734933
18734951
18734971
18735053
18735141
18735185
18735191
18735205
18735307
18735379
18735443
18735545
18735565
18735567
18735575
18735611
18735715
18735783
18736153
18736237
18736367
18736407
18736481
18736581
18736603
18736703
18736717
18736801
18736823
18736905
18736997
18737141
18737213
18737273
18737309
18737431
18737491
18737519
18737539
18737645
18737741
18737769
18737789
18737797
18737901
18737909
18737925
18737977
18738033
18738119
18738129
18738143
18738291
18738307
18738337
18738425
18738487
18738575
18738681
18738707
18738845
18738885
18738981
18739103
18739339
18739391
18739415
18739473
18739613
18739671
18739759
18739843
18739875
18740033
18740053
18740181
18740287
18740347
18740409
18740431
18740439
18740497
18740505
18740553
18740587
18740591
18740621
18740631
18740665
18740705
18740739
18740819
18740823
18740909
18741067
18741073
18741097
18741179
18741247
18741255
18741313
18741403
18741429
18741493
18741551
18741563
18741587
18741655
18741747
18741801
18742227
18742261
18742349
18742393
18742411
18742563
18742567
18742573
18742605
18742885
18742897
18742911
18743115
18743189
18743201
18743271
18743317
18743353
18743413
18743415
18743451
18743465
18743551
18743565
18743583
18743619
18743673
18743687
18743729
18743781
18743789
18743989
18744001
18744145
18744195
18744239
18744453
18744465
18744507
18744789
18744803
18744813
18744825
18745091
18745189
18745209
18745219
18745229
18745303
18745419
18745475
18745481
18745501
18745633
18745757
18745809
18745823
18746163
18746185
18746399
18746473
18746575
18746669
18746703
18746715
18746727
18746759
18746959
18747003
18747061
18747085
18747169
18747213
18747247
18747387
18747421
18747521
18747543
18747549
18747573
18747777
18747929
18747949
18748113
18748149
18748157
18748257
18748349
18748459
18748513
18748549
18748719
18748745
18748749
18748751
18748907
18748935
18748965
18749019
18749033
18749045
18749051
18749191
18749217
18749341
18749419
18749447
18749533
18749549
18749593
18749687
18749705
18749841
18749853
18749885
18749905
18749995
18750121
18750181
18750201
18750203
18750305
18750325
18750519
18750603
18750617
18750675
18750691
18750849
18750871
18750893
18751123
18751227
18751351
18751603
18751669
18751709
18751713
18751823
18751845
18752079
18752083
18752113
18752127
18752191
18752251
18752287
18752403
18752431
18752471
18752513
18752809
18752815
18752863
18752963
18752995
18753009
18753057
18753195
18753227
18753235
18753253
18753279
18753295
18753315
18753395
18753399
18753409
18753483
18753565
18753629
18753697
18753707
18753795
18753815
18753889
18753919
18753927
18753969
18753977
18754029
18754103
18754183
18754217
18754245
18754247
18754289
18754341
18754491
18754533
18754697
18754707
18754735
18754911
18754913
18754929
18754989
18755109
18755145
18755295
18755305
18755321
18755429
18755767
18755813
18755833
18755871
18755873
18755937
18756013
18756073
18756075
18756093
18756097
18756307
18756393
18756413
18756575
18756587
18756589
18756673
18756881
18756899
18756925
18756975
18756981
18757107
18757123
18757199
18757245
18757257
18757291
18757299
18757445
18757659
18757663
18757683
18757769
18757919
18758067
18758145
18758175
18758331
18758339
18758471
18758523
18758547
18758571
18758671
18758835
18758845
18758867
18758983
18758993
18759049
18759159
18759195
18759375
18759437
18759505
18759599
18759609
18759705
18759743
18759763
18759799
18759841
18760293
18760353
18760377
18760497
18760505
18760571
18760575
18760581
18760801
18760865
18761105
18761117
18761123
18761183
18761201
18761257
18761305
18761321
18761473
18761513
18761645
18761729
18761779
18761825
18761861
18761945
18762201
18762291
18762451
18762479
18762499
18762599
18762601
18762637
18762667
18762795
18762865
18762869
18762891
18763083
18763301
18763335
18763399
18763413
18763469
18763501
18763533
18763649
18763675
18763713
18763719
18763907
18763917
18763933
18764133
18764179
18764235
18764263
18764295
18764367
18764407
18764457
18764499
18764547
18764569
18764725
18764741
18764967
18764977
18765003
18765005
18765055
18765197
18765201
18765289
18765341
18765383
18765433
18765739
18765757
18765805
18765847
18765889
18765895
18765905
18765923
18766103
18766201
18766217
18766293
18766401
18766573
18766581
18766781
18766937
18767313
18767353
18767525
18767577
18767655
18767769
18767791
18767951
18767975
18767981
18768047
18768109
18768249
18768383
18768609
18768631
18768681
18768781
18768911
18769169
18769297
18769389
18769391
18769397
18769407
18769565
18769645
18769651
18769695
18769701
18769765
18769917
18769923
18770169
18770265
18770291
18770305
18770395
18770501
18770553
18770717
18771017
18771137
18771153
18771225
18771299
18771399
18771473
18771479
18771537
18771601
18771899
18771913
18771917
18771969
18772039
18772051
18772061
18772069
18772093
18772157
18772209
18772357
18772443
18772495
18772501
18772579
18772683
18772803
18772895
18772917
18772969
18772983
18773039
18773067
18773085
18773175
18773395
18773513
18773521
18773751
18773791
18773801
18773811
18773839
18773877
18773931
18773961
18774129
18774145
18774161
18774215
18774351
18774367
18774377
18774385
18774435
18774445
18774451
18774495
18774497
18774623
18774849
18774867
18774879
18774903
18774965
18775121
18775129
18775229
18775245
18775307
18775329
18775551
18775573
18775733
18775735
18775751
18775877
18775895
18775901
18775907
18775943
18776015
18776025
18776053
18776071
18776081
18776111
18776233
18776241
18776489
18776625
18776689
18776719
18776731
18776837
18776867
18776893
18777105
18777163
18777173
18777325
18777341
18777347
18777373
18777481
18777577
18777595
18777611
18777617
18777631
18777783
18778025
18778039
18778069
18778095
18778101
18778127
18778273
18778351
18778409
18778421
18778433
18778455
18778465
18778467
18778777
18778799
18779043
18779045
18779167
18779185
18779199
18779203
18779425
18779573
18779615
18779779
18779811
18779855
18779877
18779935
18780099
18780337
18780505
18780581
18780611
18780695
18780831
18780929
18780985
18781007
18781011
18781107
18781155
18781177
18781245
18781491
18781505
18781515
18781657
18781735
18781751
18781883
18781973
18781999
18782003
18782045
18782215
18782477
18782497
18782551
18782663
18782895
18782903
18782987
18783037
18783139
18783181
18783289
18783457
18783471
18783483
18783573
18783605
18783703
18783857
18783871
18783929
18784025
18784077
18784209
18784243
18784245
18784389
18784423
18784467
18784481
18784553
18784595
18784673
18784705
18784719
18784865
18784967
18784985
18785043
18785063
18785091
18785157
18785219
18785239
18785417
18785431
18785433
18785549
18785617
18785855
18786007
18786131
18786195
18786217
18786249
18786345
18786519
18786569
18786585
18786603
18786769
18786781
18786815
18786861
18786867
18786985
18787033
18787097
18787151
18787269
18787321
18787407
18787451
18787515
18787551
18787603
18787723
18787741
18787759
18787785
18787821
18787881
18787887
18787961
18788003
18788033
18788153
18788161
18788183
18788199
18788331
18788433
18788569
18788571
18788645
18788697
18788703
18788717
18788805
18788825
18788885
18788887
18788957
18789041
18789095
18789433
18789503
18789669
18789719
18789763
18789857
18789965
18789993
18790021
18790289
18790379
18790395
18790423
18790439
18790447
18790461
18790491
18790493
18790739
18790867
18790881
18790893
18791013
18791065
18791095
18791127
18791299
18791395
18791433
18791455
18791471
18791665
18791767
18791805
18791821
18791837
18791841
18791901
18791967
18792111
18792163
18792177
18792307
18792397
18792407
18792431
18792515
18792609
18792879
18792891
18792951
18793045
18793069
18793125
18793141
18793145
18793309
18793321
18793449
18793645
18793663
18793693
18793733
18793755
18793765
18793799
18793883
18793919
18793929
18793941
18793973
18794045
18794089
18794099
18794147
18794149
18794169
18794199
18794229
18794309
18794327
18794389
18794473
18794501
18794583
18794663
18794691
18794723
18794957
18794971
18795001
18795055
18795067
18795079
18795149
18795183
18795245
18795543
18795557
18795707
18795739
18795795
18795803
18795813
18795841
18795879
18795933
18796043
18796161
18796199
18796271
18796393
18796581
18796675
18796703
18796717
18796731
18796991
18797075
18797213
18797247
18797413
18797619
18797711
18797831
18797859
18797919
18798039
18798099
18798115
18798251
18798335
18798393
18798683
18798701
18798713
18798751
18798867
18798913
18798961
18798967
18799037
18799261
18799295
18799487
18799579
18799667
18799673
18799705
18799737
18799869
18800055
18800109
18800163
18800255
18800353
18800387
18800497
18800527
18800547
18800633
18800911
18800929
18800937
18800939
18800965
18800985
18801017
18801259
18801421
18801477
18801501
18801603
18801789
18801801
18801807
18801819
18801941
18802045
18802179
18802361
18802859
18802929
18802941
18802955
18802981
18803085
18803127
18803231
18803293
18803299
18803355
18803359
18803391
18803413
18803417
18803509
18803617
18803697
18803777
18804079
18804285
18804323
18804329
18804461
18804543
18804573
18804605
18804637
18804649
18804717
18804729
18804787
18804815
18804821
18804873
18804901
18804905
18804943
18805025
18805033
18805035
18805099
18805181
18805223
18805243
18805351
18805373
18805429
18805443
18805451
18805483
18805563
18805627
18805773
18805815
18805873
18806003
18806007
18806123
18806253
18806255
18806301
18806311
18806331
18806349
18806463
18806515
18806665
18806673
18806717
18806751
18806805
18806829
18807015
18807065
18807115
18807177
18807185
18807269
18807331
18807337
18807355
18807369
18807389
18807437
18807511
18807521
18807631
18807723
18807725
18807805
18807829
18808103
18808253
18808275
18808375
18808411
18808419
18808451
18808517
18808521
18808809
18808929
18808943
18808977
18808983
18808997
18809149
18809229
18809279
18809355
18809411
18809535
18809567
18809593
18809621
18809699
18809707
18809753
18809917
18810005
18810021
18810033
18810049
18810069
18810193
18810217
18810219
18810225
18810293
18810591
18810599
18810617
18810655
18810699
18810729
18810733
18810797
18810935
18811101
18811127
18811131
18811271
18811367
18811397
18811597
18811799
18811913
18811921
18812047
18812067
18812151
18812201
18812241
18812273
18812285
18812287
18812317
18812333
18812497
18812509
18812557
18812579
18812621
18812741
18812785
18812837
18812943
18812959
18813005
18813039
18813043
18813135
18813173
18813279
18813287
18813373
18813401
18813409
18813491
18813509
18813513
18813621
18813645
18813731
18813781
18813865
18813919
18813939
18813965
18813969
18814133
18814163
18814235
18814287
18814327
18814449
18814507
18814687
18814691
18814701
18814751
18814825
18814857
18814883
18814937
18815003
18815223
18815313
18815413
18815543
18815647
18815663
18815715
18816007
18816151
18816153
18816257
18816417
18816433
18816437
18816505
18816539
18816563
18816595
18816617
18816835
18816865
18817005
18817029
18817165
18817225
18817323
18817447
18817453
18817537
18817585
18817605
18817655
18817659
18817671
18817683
18817687
18817719
18817741
18817769
18817777
18817781
18817879
18817993
18818023
18818091
18818107
18818177
18818331
18818347
18818427
18818477
18818483
18818535
18818603
18818661
18818669
18818675
18818691
18818759
18818857
18818899
18819001
18819027
18819073
18819075
18819091
18819177
18819225
18819257
18819375
18819405
18819415
18819473
18819545
18819561
18819583
18819605
18819721
18819731
18819833
18819947
18820091
18820187
18820457
18820629
18820769
18820811
18820885
18821033
18821039
18821135
18821295
18821299
18821351
18821439
18821483
18821615
18821629
18821855
18821873
18821951
18821987
18822015
18822017
18822073
18822105
18822233
18822293
18822425
18822501
18822569
18822651
18822693
18822721
18822769
18822889
18822897
18822921
18823031
18823037
18823231
18823241
18823319
18823399
18823409
18823433
18823461
18823505
18823545
18823579
18823789
18823817
18824001
18824073
18824119
18824283
18824363
18824501
18824575
18824785
18824887
18825079
18825125
18825191
18825221
18825415
18825459
18825551
18825563
18825571
18825653
18825855
18825865
18825881
18825951
18825959
18826029
18826073
18826205
18826233
18826239
18826329
18826457
18826497
18826567
18826717
18827033
18827205
18827213
18827223
18827275
18827409
18827421
18827501
18827563
18827617
18827733
18827775
18827809
18827857
18827867
18827885
18827891
18827915
18827917
18828127
18828261
18828419
18828437
18828439
18828581
18828707
18828799
18828843
18828925
18828999
18829053
18829105
18829167
18829213
18829253
18829325
18829423
18829425
18829437
18829477
18829769
18829781
18829809
18829935
18829937
18829947
18830127
18830137
18830151
18830221
18830275
18830303
18830335
18830523
18830607
18830623
18830643
18830683
18830909
18830967
18831055
18831163
18831325
18831379
18831389
18831395
18831483
18831567
18831679
18831733
18831751
18831797
18831807
18832055
18832065
18832077
18832153
18832201
18832307
18832323
18832479
18832571
18832581
18832633
18832735
18832775
18832843
18832965
18833019
18833139
18833193
18833513
18833551
18833601
18833635
18833703
18833785
18833801
18833809
18833875
18834073
18834077
18834115
18834297
18834311
18834323
18834375
18834689
18834731
18834909
18834921
18834959
18835147
18835193
18835227
18835265
18835267
18835287
18835347
18835353
18835403
18835445
18835449
18835485
18835581
18835669
18835747
18835809
18835845
18835873
18835891
18835993
18836045
18836071
18836115
18836175
18836219
18836389
18836465
18836515
18836553
18836623
18836625
18836765
18836825
18836917
18836933
18837069
18837123
18837175
18837185
18837547
18837565
18837605
18837647
18837831
18837909
18837977
18837985
18838021
18838167
18838281
18838429
18838567
18838575
18838587
18838879
18838917
18838969
18839025
18839045
18839053
18839117
18839137
18839159
18839255
18839423
18839477
18839609
18839721
18839745
18839835
18840037
18840091
18840093
18840137
18840197
18840223
18840229
18840235
18840263
18840267
18840351
18840359
18840391
18840451
18840541
18840577
18840583
18840671
18840691
18840699
18840799
18840813
18840851
18840869
18840999
18841001
18841083
18841121
18841145
18841175
18841207
18841237
18841465
18841477
18841511
18841549
18841659
18841663
18841783
18841889
18841891
18841941
18841973
18842031
18842049
18842213
18842353
18842359
18842371
18842461
18842497
18842557
18842609
18842801
18842897
18842917
18843141
18843221
18843253
18843259
18843305
18843307
18843323
18843415
18843421
18843623
18843705
18843805
18843835
18843861
18843909
18844027
18844237
18844265
18844325
18844397
18844401
18844409
18844419
18844541
18844637
18844659
18844697
18844861
18844923
18844931
18844941
18844949
18844967
18845039
18845149
18845209
18845255
18845319
18845369
18845507
18845619
18845643
18845645
18845907
18845923
18846021
18846055
18846117
18846285
18846411
18846435
18846469
18846475
18846605
18846687
18846689
18846741
18846777
18846945
18846995
18847205
18847223
18847301
18847609
18847665
18847755
18847783
18847789
18847795
18847839
18847923
18847935
18848037
18848041
18848059
18848081
18848099
18848123
18848215
18848223
18848267
18848293
18848375
18848629
18848677
18848689
18848899
18848933
18848981
18849027
18849051
18849063
18849073
18849197
18849299
18849349
18849411
18849449
18849657
18849711
18849783
18849839
18849889
18849921
18849981
18850085
18850319
18850425
18850867
18851005
18851061
18851113
18851195
18851295
18851403
18851525
18851793
18852029
18852411
18852453
18852483
18852491
18852639
18852759
18852797
18852871
18852889
18852899
18852995
18853243
18853279
18853303
18853523
18853597
18853659
18853691
18853711
18853775
18853989
18854003
18854045
18854079
18854265
18854317
18854375
18854437
18854555
18854561
18854587
18854617
18854627
18854667
18854703
18854713
18854753
18854769
18854845
18854933
18854971
18854995
18855069
18855217
18855557
18855673
18855709
18856071
18856147
18856215
18856319
18856485
18856591
18856609
18856699
18856873
18856969
18856999
18857163
18857227
18857329
18857489
18857771
18857781
18857817
18857869
18858071
18858137
18858141
18858205
18858355
18858363
18858365
18858457
18858607
18858621
18858719
18858841
18858949
18859041
18859113
18859235
18859463
18859483
18859509
18859513
18859685
18859699
18860057
18860099
18860157
18860411
18860621
18860651
18860921
18861027
18861085
18861237
18861403
18861473
18861509
18861551
18861557
18861591
18861627
18861703
18861807
18861809
18861905
18861909
18861931
18861977
18861997
18862027
18862081
18862145
18862327
18862335
18862615
18862655
18862721
18862735
18862781
18862817
18862871
18862913
18862935
18862973
18862987
18863095
18863119
18863181
18863185
18863311
18863655
18863661
18863693
18863705
18863727
18863809
18863845
18863873
18863913
18863963
18864059
18864079
18864145
18864189
18864265
18864395
18864397
18864729
18864741
18864867
18864895
18864995
18865007
18865053
18865081
18865089
18865167
18865247
18865321
18865417
18865561
18865583
18865709
18865767
18865771
18865905
18865907
18865927
18865945
18865999
18866005
18866123
18866161
18866245
18866347
18866415
18866457
18866635
18866949
18867067
18867123
18867251
18867287
18867299
18867405
18867411
18867481
18867585
18867761
18867823
18867841
18868003
18868015
18868035
18868143
18868165
18868221
18868277
18868365
18868397
18868407
18868417
18868479
18868527
18868533
18868575
18868607
18868705
18868725
18868763
18868767
18868785
18868801
18868823
18868867
18868941
18868973
18868975
18869075
18869191
18869205
18869249
18869373
18869407
18869505
18869611
18869613
18869615
18869657
18869755
18869805
18869877
18869891
18869969
18870013
18870049
18870179
18870209
18870319
18870439
18870483
18870739
18870751
18870805
18870827
18870849
18870913
18870961
18870963
18870995
18871061
18871161
18871163
18871317
18871335
18871451
18871513
18871581
18871679
18871681
18871717
18871883
18872099
18872101
18872151
18872207
18872225
18872229
18872237
18872487
18872615
18872623
18872741
18872797
18872813
18872843
18872881
18872951
18873059
18873515
18873713
18873717
18873739
18873769
18873785
18873907
18873919
18874051
18874125
18874147
18874221
18874227
18874281
18874353
18874429
18874549
18874613
18874793
18874873
18874883
18874943
18875031
18875073
18875187
18875259
18875261
18875303
18875325
18875417
18875437
18875459
18875461
18875629
18875655
18875817
18876071
18876107
18876157
18876177
18876237
18876249
18876321
18876559
18876573
18876577
18876597
18876659
18876807
18876811
18876817
18876857
18876997
18877077
18877139
18877153
18877175
18877235
18877365
18877443
18877469
18877473
18877563
18877687
18877755
18877763
18877909
18877925
18878091
18878107
18878117
18878147
18878153
18878231
18878297
18878301
18878529
18878545
18878623
18878665
18878729
18878795
18878835
18878931
18879133
18879159
18879289
18879311
18879339
18879353
18879395
18879433
18879485
18879675
18879681
18879699
18879745
18879849
18879993
18880083
18880269
18880339
18880363
18880969
18881023
18881073
18881085
18881097
18881115
18881203
18881217
18881275
18881345
18881399
18881437
18881615
18881619
18881629
18881691
18881737
18881747
18881861
18881905
18882359
18882369
18882435
18882439
18882445
18882615
18882889
18882899
18883101
18883145
18883227
18883307
18883331
18883351
18883535
18883563
18883625
18883655
18883693
18883867
18883947
18884079
18884113
18884175
18884275
18884459
18884551
18884665
18884807
18884961
18884977
18885099
18885189
18885205
18885209
18885275
18885277
18885303
18885325
18885341
18885391
18885593
18885707
18885733
18885741
18885995
18886115
18886117
18886119
18886131
18886195
18886203
18886291
18886341
18886363
18886461
18886689
18886693
18886701
18886709
18886765
18886797
18886821
18886931
18887125
18887147
18887423
18887449
18887495
18887687
18887929
18887933
18888009
18888055
18888263
18888379
18888493
18888757
18888813
18888867
18888875
18888911
18888917
18888993
18888995
18889019
18889085
18889215
18889239
18889287
18889427
18889445
18889511
18889601
18889609
18889623
18889739
18889769
18889845
18889915
18889925
18889931
18890103
18890145
18890205
18890287
18890297
18890355
18890463
18890561
18890645
18890745
18891085
18891177
18891185
18891229
18891237
18891253
18891289
18891341
18891403
18891609
18891667
18891855
18891893
18891905
18891953
18892009
18892051
18892097
18892115
18892209
18892265
18892291
18892389
18892483
18892537
18892755
18892771
18892885
18892913
18892959
18893127
18893297
18893313
18893413
18893445
18893555
18893571
18893617
18893631
18893661
18893669
18893911
18894071
18894277
18894283
18894437
18894627
18894727
18894801
18894803
18894937
18895173
18895219
18895251
18895389
18895551
18895573
18895887
18895901
18895923
18896161
18896169
18896189
18896273
18896281
18896411
18896467
18896505
18896565
18896583
18896731
18896777
18896825
18896975
18897079
18897163
18897241
18897297
18897359
18897375
18897387
18897431
18897453
18897543
18897633
18897701
18897769
18897771
18897819
18897821
18897825
18897839
18897895
18898061
18898069
18898085
18898183
18898299
18898331
18898387
18898453
18898473
18898521
18898559
18898569
18898611
18898655
18898775
18898791
18898899
18898911
18898925
18899021
18899113
18899255
18899503
18899521
18899641
18899699
18899703
18899819
18899879
18899921
18900059
18900091
18900165
18900239
18900243
18900459
18900487
18900489
18900499
18900621
18900647
18900667
18900773
18900795
18900873
18901127
18901145
18901147
18901155
18901509
18901523
18901627
18901835
18902029
18902037
18902105
18902165
18902237
18902281
18902361
18902417
18902657
18902969
18902979
18902981
18903077
18903119
18903163
18903197
18903349
18903447
18903525
18903687
18903733
18903737
18903823
18903861
18903945
18903959
18904193
18904211
18904249
18904659
18904711
18904739
18904965
18904985
18905085
18905379
18905411
18905435
18905501
18905581
18905681
18905761
18905789
18905801
18905865
18905987
18906177
18906243
18906277
18906641
18906795
18906859
18906865
18906957
18907037
18907085
18907217
18907239
18907323
18907349
18907431
18907509
18907557
18907783
18907825
18907943
18908115
18908237
18908251
18908419
18908687
18908751
18908779
18908785
18908817
18909043
18909215
18909287
18909321
18909449
18909461
18909483
18909503
18909589
18909759
18909799
18909925
18910065
18910185
18910263
18910271
18910323
18910401
18910489
18910521
18910551
18910575
18910667
18910735
18910789
18910821
18910829
18910847
18910893
18910943
18910959
18910963
18911039
18911161
18911261
18911287
18911317
18911567
18911631
18911667
18911903
18912069
18912149
18912219
18912381
18912421
18912487
18912489
18912565
18912693
18912757
18912805
18912809
18912841
18913065
18913147
18913243
18913475
18913507
18913519
18913583
18913599
18913615
18913633
18913659
18913689
18913837
18913943
18914001
18914047
18914209
18914239
18914329
18914365
18914375
18914381
18914397
18914427
18914465
18914483
18914531
18914569
18914605
18914627
18914687
18914891
18914943
18915029
18915057
18915061
18915119
18915123
18915221
18915331
18915351
18915395
18915441
18915461
18915565
18915617
18915671
18915749
18915887
18915909
18916045
18916093
18916103
18916163
18916187
18916251
18916259
18916319
18916447
18916599
18916667
18916705
18916817
18916821
18916849
18916905
18917053
18917219
18917303
18917389
18917403
18917417
18917437
18917501
18917539
18917603
18917621
18917721
18917749
18917789
18917849
18917867
18917947
18917995
18918015
18918081
18918205
18918261
18918273
18918347
18918385
18918493
18918515
18918855
18918879
18918941
18918975
18919133
18919231
18919371
18919625
18919665
18919709
18919715
18919743
18919823
18919973
18920079
18920155
18920185
18920213
18920249
18920397
18920507
18920545
18920577
18920595
18920705
18920735
18920789
18920809
18920833
18920979
18921129
18921209
18921243
18921337
18921413
18921507
18921547
18921633
18921687
18921913
18921949
18921973
18921997
18922021
18922059
18922073
18922493
18922513
18922541
18922931
18922937
18922949
18923045
18923161
18923183
18923285
18923295
18923365
18923371
18923435
18923503
18923527
18923573
18923623
18923727
18923823
18923831
18923859
18924191
18924213
18924299
18924333
18924417
18924421
18924447
18924485
18924603
18924663
18924697
18924715
18924821
18924883
18924941
18925045
18925049
18925089
18925221
18925235
18925247
18925289
18925433
18925435
18925577
18925637
18925859
18925865
18925971
18926313
18926335
18926353
18926457
18926519
18926581
18926607
18926609
18926619
18926827
18926915
18926941
18927023
18927063
18927071
18927077
18927121
18927123
18927129
18927225
18927281
18927323
18927407
18927457
18927463
18927507
18927535
18927537
18927545
18927557
18927627
18927641
18927659
18927671
18927779
18927805
18927889
18928031
18928133
18928145
18928307
18928399
18928477
18928553
18928569
18928609
18928835
18928931
18928937
18928953
18929017
18929049
18929053
18929159
18929177
18929193
18929343
18929359
18929431
18929711
18929787
18929791
18929891
18929973
18930117
18930157
18930207
18930219
18930331
18930355
18930435
18930559
18930775
18930789
18930797
18930925
18931001
18931015
18931073
18931097
18931111
18931389
18931399
18931401
18931477
18931507
18931525
18931675
18931781
18931807
18931883
18931975
18931979
18931985
18932011
18932097
18932457
18932503
18932509
18932517
18932581
18932629
18932789
18932871
18932883
18932953
18932957
18933003
18933029
18933247
18933251
18933455
18933603
18933637
18933735
18933793
18933823
18933977
18934011
18934121
18934199
18934317
18934377
18934379
18934493
18934541
18934599
18934713
18934805
18934981
18934985
18935091
18935201
18935385
18935527
18935697
18935709
18935729
18935757
18935789
18935807
18935853
18936037
18936129
18936183
18936241
18936243
18936309
18936363
18936425
18936435
18936487
18936495
18936503
18936631
18936681
18936809
18936885
18936969
18937021
18937077
18937131
18937155
18937157
18937213
18937219
18937299
18937331
18937455
18937553
18937663
18937735
18937857
18937867
18937901
18937939
18937965
18937989
18938057
18938173
18938201
18938241
18938245
18938447
18938523
18938563
18938593
18938629
18938667
18938821
18938847
18938983
18939127
18939155
18939251
18939289
18939323
18939473
18939537
18939665
18939667
18939859
18939915
18939951
18940167
18940311
18940331
18940379
18940397
18940437
18940505
18940681
18940699
18940741
18940753
18940769
18940825
18940827
18940907
18940955
18940987
18941003
18941079
18941107
18941195
18941219
18941231
18941283
18941385
18941457
18941459
18941639
18941663
18941675
18941691
18941747
18941949
18942023
18942165
18942183
18942199
18942249
18942301
18942375
18942411
18942535
18942551
18942577
18942581
18942717
18942731
18942847
18942901
18943025
18943057
18943263
18943433
18943489
18943541
18943599
18943611
18943663
18943665
18943709
18943713
18943773
18943869
18943883
18943917
18943931
18944107
18944117
18944195
18944237
18944387
18944407
18944669
18944689
18944699
18944917
18944935
18945035
18945107
18945305
18945441
18945581
18945649
18945797
18945845
18945893
18945931
18946073
18946097
18946123
18946135
18946201
18946203
18946213
18946315
18946521
18946527
18946707
18946853
18946865
18946977
18947041
18947151
18947179
18947279
18947301
18947357
18947391
18947581
18947623
18947821
18947857
18947919
18947933
18947947
18947951
18947997
18948023
18948053
18948083
18948133
18948135
18948207
18948213
18948231
18948281
18948283
18948447
18948583
18948773
18948885
18948917
18948965
18948971
18949039
18949071
18949129
18949209
18949381
18949425
18949437
18949493
18949521
18949553
18949603
18949647
18949765
18949809
18949845
18949897
18950091
18950249
18950317
18950343
18950461
18950507
18950543
18950551
18950583
18950729
18950775
18950843
18950975
18951095
18951237
18951283
18951305
18951385
18951401
18951451
18951587
18951639
18951687
18951723
18951817
18951887
18951935
18952025
18952077
18952097
18952119
18952153
18952221
18952243
18952337
18952341
18952425
18952459
18952565
18952627
18952851
18952855
18953057
18953077
18953135
18953191
18953213
18953293
18953355
18953379
18953503
18953513
18953517
18953671
18953713
18953741
18953785
18953811
18953835
18953839
18953933
18954113
18954193
18954359
18954375
18954389
18954565
18954617
18954667
18954923
18954989
18955055
18955061
18955077
18955379
18955575
18955577
18955593
18955629
18955633
18955687
18955709
18955769
18955805
18955919
18956031
18956047
18956085
18956125
18956137
18956293
18956365
18956369
18956507
18956523
18956555
18956603
18956699
18956709
18956989
18956993
18957233
18957309
18957329
18957459
18957529
18957599
18957949
18958259
18958363
18958403
18958419
18958571
18958609
18958737
18958743
18958785
18958791
18958819
18958881
18958891
18959091
18959129
18959221
18959225
18959345
18959385
18959435
18959459
18959467
18959533
18959609
18959621
18959643
18959679
18959787
18959811
18959823
18959899
18959927
18959937
18959955
18959959
18959985
18960047
18960083
18960163
18960165
18960225
18960229
18960249
18960261
18960301
18960475
18960515
18960525
18960633
18960705
18960985
18961133
18961147
18961205
18961399
18961413
18961503
18961521
18961651
18961655
18961759
18961763
18961793
18961833
18961949
18961953
18962039
18962143
18962175
18962619
18962681
18962717
18962975
18962979
18963099
18963159
18963169
18963177
18963291
18963307
18963417
18963439
18963457
18963553
18963575
18963641
18963657
18963801
18963823
18963829
18963839
18963871
18963879
18964041
18964071
18964077
18964095
18964153
18964341
18964375
18964439
18964449
18964495
18964509
18964557
18964677
18964707
18964779
18965067
18965105
18965161
18965173
18965317
18965497
18965563
18965789
18965815
18965921
18965961
18966061
18966079
18966123
18966141
18966265
18966325
18966407
18966445
18966571
18966609
18966801
18966851
18967073
18967309
18967413
18967553
18967647
18967865
18967901
18967975
18968003
18968221
18968375
18968397
18968411
18968571
18968575
18968761
18968769
18968847
18968885
18968915
18968989
18969133
18969139
18969179
18969391
18969491
18969519
18969553
18969635
18969655
18969695
18969767
18969799
18969879
18969905
18969945
18970015
18970125
18970229
18970257
18970291
18970299
18970381
18970469
18970681
18970759
18970797
18970813
18970951
18970963
18971019
18971189
18971293
18971343
18971383
18971533
18971567
18971819
18971961
18971999
18972127
18972313
18972381
18972383
18972413
18972415
18972539
18972593
18972711
18972773
18972801
18972807
18972833
18972853
18972915
18972919
18973101
18973215
18973235
18973287
18973295
18973337
18973541
18973739
18973901
18973955
18974017
18974075
18974085
18974161
18974219
18974235
18974343
18974407
18974599
18974611
18974623
18974823
18974979
18974985
18975039
18975393
18975427
18975469
18975529
18975647
18975899
18975925
18975999
18976011
18976017
18976029
18976037
18976107
18976153
18976209
18976261
18976275
18976433
18976441
18976573
18976617
18976661
18976697
18976785
18976805
18976973
18976989
18977155
18977161
18977187
18977195
18977199
18977419
18977443
18977459
18977677
18977803
18977913
18977921
18978275
18978353
18978435
18978447
18978607
18978623
18978657
18978673
18978797
18978923
18979043
18979217
18979367
18979581
18979591
18979603
18979713
18979783
18979785
18979875
18979879
18979889
18979897
18979905
18979955
18980069
18980103
18980189
18980233
18980265
18980305
18980367
18980405
18980443
18980625
18980683
18980695
18980837
18981211
18981337
18981363
18981377
18981455
18981471
18981585
18981649
18981693
18981709
18981807
18981821
18981829
18981833
18981935
18982059
18982063
18982095
18982127
18982313
18982315
18982329
18982339
18982407
18982419
18982421
18982477
18982497
18982591
18982707
18982739
18982841
18982929
18983023
18983087
18983095
18983179
18983391
18983439
18983453
18983519
18983525
18983553
18983573
18983587
18983673
18983711
18983783
18983909
18983953
18983983
18984139
18984155
18984315
18984341
18984525
18984567
18984637
18984943
18984991
18985311
18985451
18985459
18985559
18986057
18986107
18986139
18986197
18986301
18986335
18986345
18986371
18986549
18986671
18986793
18986903
18987011
18987239
18987243
18987279
18987331
18987465
18987475
18987497
18987521
18987549
18987599
18987709
18987923
18988133
18988389
18988403
18988599
18988757
18988791
18988853
18988901
18988921
18988949
18988973
18989123
18989169
18989173
18989209
18989253
18989303
18989399
18989661
18989691
18989711
18989791
18989799
18989847
18989875
18989915
18989971
18989993
18990029
18990057
18990233
18990271
18990423
18990459
18990481
18990575
18990585
18990651
18990697
18990709
18990885
18990987
18991065
18991081
18991167
18991199
18991205
18991241
18991335
18991339
18991397
18991441
18991599
18991617
18991637
18991991
18992003
18992217
18992389
18992467
18992485
18992487
18992505
18992519
18992621
18992751
18992883
18992947
18993005
18993097
18993229
18993269
18993279
18993319
18993403
18993469
18993495
18993567
18993623
18993669
18993739
18993749
18993769
18993799
18993817
18993867
18993915
18994143
18994163
18994181
18994403
18994427
18994459
18994465
18994483
18994529
18994543
18994637
18994639
18994669
18994687
18994709
18994761
18994777
18994897
18994921
18994971
18995021
18995137
18995283
18995301
18995331
18995381
18995471
18995537
18995547
18995553
18995705
18995733
18995803
18995839
18995929
18995951
18995981
18995985
18996061
18996081
18996343
18996519
18996675
18996727
18996761
18996771
18996833
18996877
18997079
18997085
18997229
18997305
18997345
18997413
18997447
18997489
18997499
18997685
18997927
18997949
18998017
18998041
18998219
18998367
18998421
18998469
18998687
18998729
18998847
18998855
18998893
18998899
18998915
18998961
18998985
18999067
18999187
18999405
18999527
18999553
18999649
18999677
18999687
18999743
18999781
18999799
18999835
18999867
18999881
