# proven primes: b with (b^16+1)/2 prime (aprcl), block [19000000,20000000)
19000161
19000179
19000351
19000425
19000443
19000551
19000587
19000835
19000867
19000869
19000899
19000969
19001013
19001015
19001075
19001113
19001121
19001139
19001141
19001165
19001255
19001287
19001309
19001331
19001409
19001449
19001703
19001767
19001875
19002017
19002093
19002213
19002283
19002313
19002331
19002359
19002409
19002505
19002537
19002567
19002575
19002607
19002809
19002869
19002985
19003087
19003165
19003199
19003247
19003489
19003611
19003645
19003691
19003707
19003811
19003829
19003865
19003911
19003965
19004017
19004023
19004029
19004071
19004085
19004087
19004229
19004279
19004351
19004353
19004527
19004587
19004605
19004843
19004907
19005047
19005081
19005197
19005369
19005395
19005491
19005515
19005517
19005563
19005581
19005583
19005591
19005599
19005655
19005733
19005739
19005757
19005809
19005953
19006149
19006181
19006205
19006273
19006369
19006387
19006453
19006757
19006785
19006843
19006993
19007225
19007245
19007303
19007321
19007341
19007525
19007529
19008039
19008095
19008111
19008157
19008307
19008311
19008491
19008523
19008589
19008609
19008631
19008681
19008719
19008735
19008795
19008831
19009041
19009091
19009111
19009127
19009197
19009269
19009289
19009355
19009363
19009625
19009673
19009773
19009801
19009841
19009867
19009925
19010029
19010097
19010205
19010255
19010269
19010353
19010491
19010605
19010643
19010731
19010739
19010745
19010951
19010959
19010973
19010991
19011023
19011051
19011059
19011105
19011133
19011247
19011317
19011381
19011391
19011395
19011453
19011587
19011833
19011899
19011915
19012161
19012193
19012253
19012267
19012285
19012303
19012389
19012475
19012487
19012643
19012825
19012849
19012931
19012961
19013165
19013199
19013239
19013265
19013465
19013499
19013605
19013627
19013729
19013777
19013883
19014011
19014049
19014073
19014101
19014169
19014675
19014821
19014873
19014975
19015093
19015191
19015209
19015211
19015307
19015315
19015341
19015539
19015583
19015695
19015785
19015847
19015859
19015897
19015901
19015907
19015911
19015987
19016001
19016059
19016075
19016097
19016123
19016239
19016253
19016315
19016329
19016363
19016489
19016573
19016703
19016747
19016907
19016963
19017055
19017059
19017083
19017151
19017255
19017313
19017431
19017597
19017603
19017739
19017807
19017867
19017979
19018005
19018029
19018155
19018175
19018203
19018239
19018293
19018307
19018477
19018557
19018561
19018895
19018901
19018903
19018983
19018989
19018995
19019037
19019079
19019097
19019153
19019253
19019363
19019397
19019455
19019469
19019631
19019713
19019985
19020189
19020315
19020371
19020379
19020471
19020573
19020623
19020713
19020789
19020821
19020825
19020829
19020833
19020841
19020849
19020917
19020919
19020933
19020957
19021103
19021121
19021135
19021229
19021271
19021295
19021341
19021413
19021571
19021579
19021585
19021705
19021709
19021729
19021919
19021967
19022183
19022271
19022307
19022319
19022417
19022547
19022629
19022671
19022729
19022837
19022959
19023041
19023119
19023161
19023165
19023225
19023287
19023295
19023415
19023449
19023471
19023811
19023833
19023861
19023919
19023995
19024027
19024103
19024113
19024325
19024379
19024509
19024525
19024733
19024743
19024975
19024985
19024987
19024995
19025029
19025193
19025351
19025371
19025391
19025427
19025443
19025489
19025491
19025581
19025619
19025627
19025665
19025691
19025785
19025787
19025791
19025879
19025961
19025983
19026171
19026223
19026271
19026285
19026523
19026661
19026749
19026773
19026857
19026899
19027125
19027169
19027189
19027321
19027365
19027491
19027533
19027585
19027617
19027649
19027693
19027697
19027721
19027793
19027807
19027879
19027997
19028465
19028501
19028533
19028577
19028693
19028783
19028803
19028903
19029035
19029041
19029069
19029071
19029121
19029237
19029243
19029249
19029273
19029663
19029763
19029841
19029927
19030135
19030141
19030183
19030205
19030229
19030381
19030439
19030469
19030571
19030603
19030673
19030697
19030959
19031017
19031107
19031125
19031253
19031325
19031343
19031371
19031457
19031537
19031615
19031625
19031699
19031847
19031859
19031917
19031949
19032021
19032025
19032133
19032229
19032327
19032417
19032455
19032465
19032473
19032507
19032685
19032723
19032799
19032831
19032935
19033037
19033063
19033255
19033315
19033361
19033463
19033523
19033565
19033605
19033691
19033735
19033975
19034087
19034091
19034151
19034173
19034235
19034295
19034411
19034519
19034589
19034605
19034623
19034687
19034769
19034831
19034853
19034909
19035061
19035069
19035133
19035147
19035327
19035329
19035387
19035689
19035727
19035749
19036017
19036047
19036073
19036113
19036271
19036299
19036363
19036373
19036391
19036445
19036477
19036551
19036667
19036713
19036761
19036863
19037061
19037107
19037185
19037205
19037235
19037389
19037479
19037533
19037559
19037591
19037625
19037709
19037885
19037889
19037899
19037953
19038069
19038087
19038101
19038189
19038347
19038353
19038387
19038519
19038579
19038581
19038613
19038763
19038781
19038887
19038891
19039051
19039159
19039167
19039187
19039207
19039311
19039521
19039569
19039575
19039589
19039671
19039731
19039779
19039791
19039895
19039927
19040151
19040471
19040509
19040549
19040589
19040625
19040821
19040831
19040853
19040979
19041001
19041087
19041097
19041103
19041185
19041219
19041233
19041257
19041329
19041517
19041625
19041747
19041801
19041845
19041925
19041981
19042029
19042329
19042623
19042663
19042741
19042761
19042807
19042873
19042979
19043009
19043063
19043225
19043381
19043569
19043613
19043633
19043681
19043831
19043925
19044089
19044121
19044163
19044225
19044339
19044423
19044533
19044565
19044599
19044603
19044679
19044871
19044931
19045081
19045137
19045145
19045537
19045549
19045627
19045735
19045835
19046151
19046309
19046325
19046353
19046355
19046377
19046395
19046425
19046479
19046709
19046723
19046751
19046787
19046903
19047041
19047443
19047481
19047497
19047499
19047501
19047503
19047559
19047653
19047685
19047727
19047739
19047861
19047951
19047993
19048047
19048253
19048383
19048387
19048573
19048677
19048709
19048769
19048903
19048989
19049011
19049189
19049261
19049277
19049329
19049343
19049363
19049465
19049527
19049561
19049565
19049579
19049715
19049845
19049859
19049863
19049903
19049917
19050081
19050201
19050231
19050259
19050309
19050321
19050355
19050483
19050499
19050535
19050627
19050681
19050715
19050915
19051003
19051105
19051129
19051185
19051203
19051219
19051325
19051379
19051493
19051575
19051755
19051835
19051845
19051855
19051985
19052053
19052073
19052083
19052341
19052457
19052621
19052927
19052973
19053007
19053015
19053063
19053097
19053115
19053117
19053235
19053265
19053487
19053541
19053557
19053669
19053675
19053679
19053687
19053749
19053759
19053771
19053899
19053991
19054001
19054017
19054067
19054195
19054209
19054405
19054443
19054657
19054667
19054783
19054877
19054987
19055055
19055151
19055161
19055181
19055305
19055347
19055413
19055489
19055503
19055531
19055601
19055621
19055759
19055797
19055843
19055905
19055925
19055949
19055963
19056045
19056133
19056145
19056223
19056271
19056321
19056377
19056379
19056415
19056807
19056827
19056863
19056967
19057033
19057089
19057203
19057373
19057409
19057437
19057509
19057631
19057791
19057877
19057989
19058003
19058009
19058015
19058067
19058089
19058233
19058263
19058301
19058313
19058331
19058447
19058585
19058655
19058965
19058981
19058995
19059019
19059071
19059129
19059239
19059263
19059417
19059457
19059503
19059595
19059625
19059803
19059837
19059933
19060039
19060159
19060223
19060265
19060331
19060347
19060401
19060539
19060769
19060789
19060929
19060959
19060983
19061085
19061107
19061131
19061143
19061165
19061167
19061197
19061201
19061307
19061315
19061535
19061643
19061743
19061745
19061809
19061889
19062111
19062133
19062199
19062213
19062267
19062497
19062527
19062575
19062603
19062659
19062661
19062939
19062947
19062993
19063101
19063115
19063129
19063301
19063307
19063339
19063403
19063489
19063521
19063525
19063575
19063677
19063827
19063859
19063895
19063907
19064031
19064203
19064211
19064367
19064375
19064549
19064589
19064703
19064827
19064889
19064909
19064923
19064959
19064991
19065027
19065185
19065275
19065329
19065399
19065445
19065509
19065539
19065585
19065709
19065809
19066083
19066087
19066097
19066213
19066249
19066311
19066357
19066393
19066473
19066525
19066615
19066659
19066731
19066739
19066853
19066891
19066897
19066909
19066933
19066961
19066983
19067023
19067087
19067137
19067191
19067405
19067491
19067517
19067665
19067699
19067819
19068041
19068051
19068515
19068525
19068759
19068767
19069035
19069145
19069235
19069245
19069371
19069381
19069435
19069449
19069451
19069459
19069515
19069531
19069533
19069577
19069769
19069813
19070101
19070117
19070185
19070207
19070491
19070587
19070599
19070749
19070757
19070881
19070883
19070965
19071113
19071183
19071205
19071343
19071545
19071553
19071573
19071727
19071791
19071843
19071863
19071919
19072177
19072253
19072341
19072369
19072371
19072449
19072539
19072779
19072883
19072931
19072941
19073011
19073021
19073027
19073073
19073083
19073247
19073591
19073599
19073631
19073657
19073663
19073725
19073777
19073849
19073869
19073911
19073945
19074087
19074263
19074333
19074441
19074451
19074469
19074693
19074781
19074817
19074871
19074905
19075309
19075323
19075367
19075381
19075389
19075435
19075629
19075669
19075769
19076101
19076167
19076215
19076245
19076343
19076365
19076429
19076507
19076593
19076603
19076631
19076637
19076761
19076763
19076779
19076789
19076829
19076853
19076861
19076933
19076995
19077219
19077249
19077277
19077361
19077405
19077461
19077537
19077589
19077631
19077655
19077741
19077807
19077819
19077951
19078053
19078193
19078277
19078325
19078373
19078379
19078381
19078477
19078501
19078545
19078547
19078607
19078693
19078935
19078963
19079065
19079071
19079137
19079195
19079213
19079235
19079237
19079269
19079315
19079421
19079489
19079501
19079551
19079625
19079641
19079729
19079853
19079915
19079935
19079987
19079995
19080041
19080063
19080117
19080173
19080185
19080249
19080261
19080279
19080287
19080335
19080369
19080407
19080475
19080489
19080581
19080611
19080645
19080653
19080675
19080737
19080809
19080823
19080843
19080917
19081039
19081105
19081113
19081221
19081245
19081297
19081489
19081495
19081531
19081639
19081655
19081733
19081737
19081783
19081797
19081829
19081839
19081901
19081951
19082013
19082181
19082207
19082231
19082383
19082479
19082555
19082601
19082609
19082669
19082717
19082729
19082925
19082979
19083151
19083159
19083181
19083227
19083231
19083233
19083251
19083273
19083311
19083389
19083533
19083537
19083551
19083625
19083645
19083669
19083683
19083721
19083767
19083829
19083833
19083903
19083947
19084035
19084055
19084065
19084191
19084225
19084283
19084473
19084527
19084615
19084727
19084859
19084981
19085187
19085195
19085235
19085259
19085339
19085345
19085429
19085501
19085559
19085599
19085637
19085639
19085767
19085887
19085897
19086073
19086081
19086195
19086199
19086327
19086459
19086557
19086765
19086793
19086809
19086881
19087115
19087215
19087329
19087385
19087395
19087437
19087445
19087469
19087495
19087589
19087627
19087671
19087837
19087859
19088083
19088087
19088123
19088169
19088183
19088231
19088337
19088431
19088463
19088571
19088637
19088711
19088867
19088923
19088985
19089049
19089153
19089189
19089197
19089439
19089499
19089577
19089795
19089967
19089991
19090165
19090219
19090329
19090419
19090565
19090597
19090737
19090777
19090793
19090805
19090897
19090901
19091077
19091111
19091173
19091191
19091383
19091417
19091465
19091467
19091499
19091535
19091697
19091763
19091783
19091845
19092009
19092085
19092129
19092179
19092201
19092225
19092363
19092473
19092571
19092655
19092709
19092819
19092891
19092915
19093011
19093063
19093119
19093211
19093397
19093415
19093443
19093451
19093493
19093511
19093527
19093583
19093661
19093767
19093955
19093959
19093975
19093987
19094021
19094071
19094213
19094265
19094317
19094335
19094421
19094457
19094477
19094503
19094515
19094555
19094587
19094591
19094621
19094631
19094785
19094867
19094899
19095003
19095005
19095019
19095209
19095211
19095261
19095359
19095455
19095461
19095679
19095747
19095795
19095819
19095893
19096085
19096295
19096307
19096631
19096681
19096875
19096883
19096949
19097123
19097161
19097355
19097375
19097627
19097699
19097801
19098007
19098033
19098075
19098083
19098153
19098179
19098235
19098401
19098413
19098521
19098581
19098701
19098703
19098797
19098821
19098879
19098891
19098929
19098983
19099031
19099057
19099205
19099225
19099253
19099293
19099391
19099419
19099507
19099705
19099719
19099753
19099823
19099859
19099903
19099969
19100035
19100157
19100229
19100391
19100579
19100585
19100637
19100653
19100795
19100879
19100953
19101021
19101069
19101133
19101157
19101165
19101219
19101225
19101301
19101451
19101545
19101589
19101591
19101621
19101639
19101655
19101657
19101719
19101725
19101821
19101827
19101833
19101839
19101911
19101951
19101957
19101983
19101987
19102087
19102225
19102231
19102241
19102267
19102415
19102469
19102501
19102509
19102625
19102697
19102739
19102815
19102899
19102901
19103001
19103047
19103119
19103145
19103167
19103271
19103399
19103473
19103569
19103605
19103657
19103747
19103757
19103803
19103851
19103907
19103973
19104111
19104143
19104269
19104393
19104441
19104803
19104991
19105025
19105095
19105103
19105201
19105233
19105257
19105399
19105407
19105419
19105427
19105487
19105509
19105615
19105701
19105711
19105781
19105799
19105889
19106147
19106175
19106213
19106257
19106289
19106301
19106357
19106581
19106599
19106665
19106669
19106707
19106713
19106761
19106869
19106871
19106949
19107271
19107301
19107355
19107415
19107595
19107601
19107617
19107655
19107793
19108015
19108217
19108219
19108387
19108491
19108499
19108629
19108805
19108821
19108849
19108879
19108919
19108983
19109039
19109047
19109085
19109089
19109211
19109441
19109541
19109687
19109723
19109745
19109847
19109857
19109883
19109895
19109897
19109995
19110189
19110385
19110477
19110511
19110531
19110547
19110645
19110693
19110733
19110771
19110965
19110973
19111087
19111129
19111161
19111305
19111525
19111623
19111651
19111713
19111875
19111903
19112055
19112113
19112165
19112275
19112571
19112597
19112613
19112733
19112777
19112781
19112793
19112807
19112887
19112983
19112999
19113013
19113063
19113115
19113145
19113233
19113235
19113241
19113267
19113299
19113309
19113423
19113431
19113489
19113689
19113717
19113749
19113775
19113843
19113853
19113859
19113923
19113933
19114001
19114049
19114157
19114231
19114263
19114337
19114343
19114395
19114399
19114429
19114447
19114543
19114577
19114643
19114669
19114719
19114819
19114843
19114981
19115005
19115147
19115281
19115319
19115367
19115427
19115499
19115617
19115667
19115749
19115753
19115813
19115837
19115987
19116025
19116151
19116177
19116183
19116297
19116375
19116379
19116513
19116599
19116677
19116737
19116755
19116767
19116843
19116865
19116907
19116989
19117147
19117357
19117369
19117417
19117449
19117569
19117839
19117945
19117963
19117973
19118017
19118089
19118205
19118229
19118259
19118483
19118549
19118553
19118605
19118717
19118783
19118795
19118893
19118929
19119003
19119467
19119637
19120009
19120031
19120051
19120085
19120153
19120157
19120241
19120253
19120263
19120313
19120525
19120535
19120587
19120599
19120613
19120697
19120761
19120955
19121129
19121195
19121205
19121223
19121239
19121377
19121401
19121523
19121575
19121593
19121611
19121671
19121755
19121857
19121919
19121959
19121983
19122033
19122045
19122149
19122229
19122251
19122273
19122293
19122305
19122435
19122537
19122669
19122691
19122713
19122769
19122915
19122929
19122935
19123021
19123047
19123073
19123153
19123155
19123255
19123269
19123339
19123439
19123457
19123479
19123555
19123591
19123607
19123679
19123753
19123759
19123761
19123809
19123845
19123951
19123997
19124031
19124095
19124157
19124173
19124193
19124217
19124411
19124459
19124467
19124473
19124513
19124609
19124709
19124729
19124809
19124955
19125059
19125167
19125299
19125353
19125393
19125733
19125757
19125829
19125835
19126015
19126041
19126147
19126207
19126225
19126293
19126327
19126381
19126427
19126613
19126625
19126691
19126827
19126839
19126905
19127013
19127067
19127417
19127739
19127877
19127939
19127987
19128043
19128127
19128359
19128387
19128459
19128511
19128551
19128553
19128607
19128677
19128761
19128825
19128879
19128883
19128901
19128945
19129043
19129277
19129309
19129355
19129357
19129385
19129541
19129587
19129663
19129743
19130031
19130055
19130085
19130161
19130319
19130323
19130503
19130617
19130621
19130875
19130939
19130981
19131009
19131059
19131099
19131155
19131163
19131305
19131351
19131353
19131505
19131513
19131517
19131615
19131623
19131747
19131963
19131985
19132029
19132037
19132045
19132055
19132143
19132313
19132401
19132427
19132513
19132517
19132561
19132643
19132757
19132771
19132841
19132861
19132863
19133221
19133243
19133349
19133403
19133437
19133451
19133527
19133577
19133597
19133723
19133727
19133923
19134021
19134037
19134053
19134105
19134109
19134137
19134163
19134173
19134261
19134379
19134393
19134411
19134463
19134511
19134701
19134729
19134753
19134755
19134925
19134937
19134991
19135151
19135369
19135493
19135761
19135801
19135871
19135971
19135979
19135999
19136069
19136163
19136181
19136233
19136247
19136257
19136459
19136539
19136657
19136677
19136753
19136801
19136883
19137001
19137007
19137153
19137163
19137205
19137213
19137335
19137381
19137507
19137545
19137651
19137823
19137831
19137835
19137897
19138093
19138125
19138195
19138211
19138265
19138383
19138409
19138479
19138665
19138683
19138691
19138765
19138769
19138847
19139053
19139063
19139095
19139151
19139193
19139225
19139261
19139271
19139339
19139363
19139377
19139405
19139445
19139463
19139467
19139471
19139515
19139705
19139713
19139887
19140125
19140141
19140287
19140387
19140435
19140475
19140481
19140519
19140543
19140579
19140597
19140665
19140705
19140791
19140805
19140833
19140975
19141075
19141097
19141115
19141117
19141237
19141357
19141393
19141399
19141439
19141495
19141601
19141603
19141633
19141825
19141953
19142027
19142167
19142175
19142429
19142603
19142645
19142707
19142759
19142785
19142787
19142789
19142805
19142835
19142939
19142959
19142971
19142981
19142991
19143063
19143087
19143149
19143179
19143231
19143267
19143375
19143419
19143457
19143471
19143597
19143653
19143687
19143727
19143765
19143817
19143827
19143867
19143923
19144021
19144277
19144293
19144303
19144305
19144329
19144333
19144405
19144421
19144445
19144485
19144607
19144675
19144681
19144745
19144785
19144923
19144931
19144939
19145043
19145091
19145141
19145183
19145221
19145247
19145267
19145357
19145361
19145471
19145567
19145601
19145703
19145895
19145921
19145951
19145961
19146041
19146253
19146321
19146469
19146683
19146719
19146721
19146757
19146801
19146971
19146981
19147015
19147061
19147071
19147125
19147239
19147293
19147417
19147499
19147535
19147623
19147705
19147811
19147835
19147897
19147911
19147969
19148023
19148029
19148187
19148281
19148527
19148533
19148625
19148729
19148799
19148803
19148961
19149069
19149153
19149193
19149365
19149571
19149683
19149747
19149835
19149843
19150045
19150049
19150093
19150125
19150181
19150223
19150405
19150443
19150495
19150509
19150553
19150607
19150625
19150721
19150753
19150813
19150879
19151123
19151163
19151245
19151305
19151351
19151365
19151377
19151461
19151469
19151483
19151587
19151647
19151703
19151711
19151813
19151821
19151881
19151923
19152111
19152263
19152295
19152569
19152619
19152703
19152845
19152861
19152927
19153041
19153123
19153185
19153193
19153209
19153351
19153411
19153547
19153767
19153815
19153831
19154043
19154047
19154109
19154297
19154361
19154373
19154381
19154525
19154575
19154605
19154731
19154815
19154889
19154961
19154977
19155143
19155307
19155343
19155645
19155653
19155701
19156031
19156133
19156139
19156147
19156179
19156279
19156347
19156481
19156665
19156715
19156747
19156773
19156783
19156785
19156887
19156891
19156897
19156939
19156991
19157065
19157127
19157201
19157281
19157323
19157421
19157475
19157523
19157527
19157549
19157597
19157715
19157839
19157877
19157903
19157905
19157909
19157959
19157981
19158051
19158053
19158191
19158195
19158211
19158237
19158243
19158335
19158349
19158571
19158575
19158767
19158829
19158883
19158919
19158933
19158999
19159039
19159219
19159241
19159259
19159275
19159337
19159425
19159505
19159531
19159593
19159619
19159651
19159737
19159831
19159853
19159885
19160119
19160137
19160229
19160303
19160379
19160383
19160457
19160463
19160561
19160609
19160707
19160719
19160745
19160895
19161005
19161105
19161127
19161165
19161207
19161213
19161287
19161295
19161411
19161429
19161455
19161471
19161517
19161681
19161833
19161855
19161953
19162053
19162157
19162291
19162327
19162363
19162381
19162497
19162573
19162609
19162617
19162813
19162967
19163127
19163323
19163349
19163411
19163549
19163607
19163697
19163751
19163795
19163853
19163877
19163881
19163951
19164025
19164117
19164135
19164243
19164517
19164589
19164663
19164765
19164773
19164909
19164921
19165067
19165207
19165265
19165299
19165431
19165451
19165475
19165637
19165687
19165709
19165749
19165785
19165817
19166019
19166041
19166069
19166101
19166109
19166155
19166159
19166205
19166287
19166311
19166359
19166371
19166741
19166759
19166779
19166803
19167019
19167231
19167271
19167303
19167391
19167953
19168123
19168251
19168343
19168355
19168449
19168523
19168579
19168589
19168711
19168763
19168779
19169181
19169277
19169299
19169535
19169565
19169581
19169723
19169755
19169911
19170015
19170031
19170083
19170233
19170277
19170331
19170599
19170803
19170863
19170903
19170989
19171001
19171019
19171065
19171171
19171253
19171267
19171591
19171685
19171705
19171719
19171791
19171813
19171899
19172057
19172111
19172139
19172179
19172259
19172363
19172461
19172503
19172535
19172873
19172927
19173125
19173267
19173377
19173391
19173437
19173445
19173503
19173573
19173585
19173603
19173623
19173787
19173991
19174001
19174017
19174031
19174087
19174459
19174463
19174499
19174679
19174731
19174781
19174873
19174879
19174903
19174973
19175013
19175155
19175175
19175227
19175235
19175241
19175359
19175373
19175467
19175553
19175555
19175585
19175591
19175637
19175757
19175821
19175933
19176015
19176165
19176475
19176489
19176565
19176785
19176803
19176961
19176989
19176997
19177003
19177099
19177187
19177379
19177423
19177483
19177497
19177629
19177641
19177775
19177971
19177983
19178039
19178197
19178251
19178393
19178597
19178769
19178797
19178809
19178845
19178953
19178999
19179215
19179307
19179335
19179407
19179511
19179627
19179633
19179659
19179715
19179781
19179883
19180069
19180087
19180239
19180449
19180501
19180551
19180553
19180569
19180593
19180681
19180945
19180965
19181033
19181081
19181151
19181199
19181333
19181411
19181497
19181527
19181549
19181665
19181783
19181975
19182059
19182143
19182145
19182319
19182563
19182613
19182699
19182753
19182809
19182813
19182997
19183015
19183023
19183099
19183141
19183155
19183201
19183337
19183385
19183435
19183449
19183467
19183657
19183853
19183921
19183923
19184109
19184181
19184193
19184281
19184315
19184495
19184565
19184619
19184631
19184633
19184659
19184683
19184713
19184731
19184781
19184975
19185027
19185071
19185095
19185225
19185231
19185307
19185347
19185363
19185467
19185529
19185625
19185647
19185689
19185771
19185799
19185819
19185833
19185987
19186017
19186023
19186057
19186253
19186287
19186325
19186433
19186535
19186579
19186641
19186679
19186753
19186757
19186891
19186979
19186995
19186997
19186999
19187031
19187059
19187151
19187165
19187257
19187263
19187283
19187291
19187411
19187429
19187537
19187571
19187577
19187663
19187753
19187893
19188063
19188139
19188157
19188187
19188333
19188347
19188411
19188491
19188523
19188545
19188547
19188565
19188627
19188751
19188993
19188999
19189035
19189063
19189319
19189357
19189497
19189593
19189633
19189827
19189851
19189885
19189945
19189995
19190045
19190277
19190407
19190595
19190613
19190615
19190665
19190671
19190819
19190877
19190975
19191111
19191143
19191185
19191337
19191345
19191423
19191503
19191645
19191863
19192007
19192091
19192461
19192525
19192529
19192561
19192567
19192577
19192637
19192647
19192663
19192903
19192959
19193013
19193031
19193091
19193121
19193193
19193203
19193217
19193379
19193407
19193503
19193627
19193787
19193791
19194003
19194071
19194191
19194271
19194351
19194363
19194467
19194779
19194963
19195021
19195029
19195089
19195119
19195179
19195219
19195241
19195511
19195517
19195567
19195581
19195623
19195625
19195631
19195685
19195687
19195691
19195733
19195977
19196027
19196105
19196211
19196219
19196229
19196295
19196421
19196459
19196593
19196617
19196671
19196689
19196785
19196903
19196935
19197041
19197105
19197221
19197227
19197241
19197327
19197341
19197389
19197429
19197495
19197513
19197621
19197651
19197731
19197743
19197795
19197827
19197841
19197865
19197939
19197981
19198005
19198059
19198069
19198095
19198139
19198145
19198151
19198161
19198257
19198299
19198455
19198457
19198487
19198629
19198643
19198703
19198775
19198851
19199027
19199045
19199173
19199281
19199329
19199331
19199347
19199357
19199431
19199437
19199487
19199517
19199541
19199557
19199581
19199593
19199607
19199831
19199925
19199965
19200045
19200115
19200149
19200283
19200325
19200341
19200431
19200529
19200531
19200537
19200595
19200605
19200713
19200737
19200759
19200965
19201037
19201045
19201137
19201327
19201347
19201457
19201545
19201719
19202089
19202199
19202223
19202257
19202267
19202347
19202401
19202423
19202437
19202529
19202547
19202645
19202655
19202761
19202783
19202791
19202821
19202859
19202875
19202923
19202987
19203011
19203017
19203061
19203165
19203211
19203223
19203359
19203469
19203473
19203629
19203645
19203779
19203823
19203851
19203869
19203873
19203975
19204101
19204113
19204211
19204219
19204247
19204251
19204275
19204329
19204333
19204345
19204581
19204643
19204645
19204917
19204981
19205141
19205347
19205409
19205425
19205563
19205621
19205643
19205649
19205745
19205879
19205917
19205961
19206035
19206153
19206251
19206561
19206695
19206705
19206871
19206945
19206957
19207007
19207075
19207081
19207121
19207173
19207275
19207287
19207365
19207381
19207531
19207599
19207647
19207711
19207773
19207811
19207891
19207997
19208035
19208097
19208103
19208537
19208663
19208695
19208821
19208829
19208997
19209029
19209237
19209297
19209301
19209311
19209505
19209563
19209595
19209639
19210027
19210045
19210179
19210215
19210389
19210401
19210409
19210583
19210661
19210821
19210851
19210861
19211147
19211149
19211311
19211445
19211449
19211503
19211561
19211625
19211819
19211879
19211931
19212187
19212463
19212567
19212581
19212679
19212701
19212839
19212855
19212875
19212879
19213009
19213023
19213063
19213189
19213195
19213213
19213251
19213343
19213495
19213589
19213601
19213625
19213757
19213969
19214201
19214205
19214369
19214371
19214455
19214527
19214559
19214569
19214731
19214831
19214875
19214963
19215005
19215069
19215325
19215415
19215527
19215559
19215585
19215595
19215607
19215609
19215717
19215869
19215909
19215969
19216073
19216163
19216297
19216377
19216479
19216677
19216719
19216757
19216839
19216863
19216867
19217215
19217241
19217317
19217325
19217441
19217551
19217619
19217647
19217731
19217737
19217763
19217813
19217867
19217919
19218059
19218065
19218089
19218113
19218131
19218281
19218431
19218689
19218815
19218887
19218939
19218967
19219117
19219131
19219135
19219177
19219283
19219355
19219365
19219413
19219553
19219555
19219623
19219765
19219823
19220073
19220113
19220141
19220149
19220233
19220275
19220297
19220385
19220561
19220767
19220985
19221037
19221083
19221149
19221311
19221315
19221405
19221429
19221595
19221627
19221683
19221705
19221745
19221747
19221895
19221923
19221941
19221965
19222059
19222111
19222177
19222335
19222381
19222419
19222463
19222503
19222547
19222623
19222695
19222713
19222917
19223323
19223447
19223493
19223499
19223521
19223589
19223633
19223759
19223777
19223817
19223881
19223969
19224115
19224203
19224395
19224461
19224479
19224595
19224703
19224719
19224761
19224877
19225029
19225121
19225171
19225177
19225243
19225309
19225329
19225347
19225379
19225393
19225405
19225501
19225537
19225621
19225643
19225749
19225875
19225881
19225885
19226019
19226055
19226143
19226171
19226219
19226249
19226427
19226449
19226451
19226595
19226659
19226725
19226831
19226929
19226967
19227027
19227045
19227135
19227189
19227227
19227337
19227413
19227513
19227519
19227593
19227689
19227703
19227879
19228045
19228095
19228133
19228217
19228333
19228349
19228351
19228385
19228451
19228481
19228577
19228599
19228821
19228857
19228935
19228941
19228997
19229159
19229165
19229197
19229231
19229257
19229309
19229319
19229341
19229465
19229607
19229689
19229717
19229789
19229805
19229915
19229943
19230007
19230229
19230247
19230279
19230469
19230525
19230555
19230595
19230609
19230735
19230739
19230799
19230889
19230893
19231137
19231161
19231219
19231229
19231423
19231647
19231743
19231939
19231959
19231975
19231983
19231999
19232195
19232347
19232415
19232469
19232553
19232777
19232825
19232853
19232855
19232865
19232875
19232879
19232945
19232951
19233119
19233185
19233275
19233345
19233347
19233511
19233523
19233575
19233649
19233681
19233817
19233875
19233899
19234015
19234025
19234047
19234125
19234143
19234177
19234223
19234243
19234309
19234319
19234329
19234383
19234725
19234759
19234821
19234933
19234989
19235019
19235065
19235133
19235185
19235203
19235289
19235413
19235441
19235491
19235513
19235593
19235603
19235639
19235653
19235675
19235823
19235883
19236193
19236275
19236325
19236363
19236591
19236599
19236603
19236611
19236803
19236879
19236885
19236899
19237089
19237113
19237193
19237291
19237295
19237419
19237623
19237645
19237655
19237707
19237711
19237743
19237821
19237911
19237961
19238133
19238179
19238251
19238395
19238509
19238563
19238587
19238685
19238737
19238769
19238807
19238907
19238927
19238967
19239071
19239083
19239151
19239167
19239189
19239207
19239441
19239515
19239533
19239587
19239691
19239741
19239767
19239803
19239829
19239889
19239943
19239957
19240091
19240115
19240123
19240219
19240233
19240317
19240485
19240521
19240617
19240703
19240897
19240911
19241107
19241157
19241205
19241235
19241279
19241437
19241511
19241577
19241591
19241663
19241731
19241863
19242075
19242125
19242191
19242197
19242281
19242291
19242441
19242455
19242459
19242469
19242567
19242595
19242675
19242747
19242753
19242763
19242829
19242857
19243013
19243047
19243071
19243223
19243733
19243773
19243837
19243853
19243915
19244021
19244291
19244305
19244311
19244445
19244515
19244687
19244695
19244705
19244707
19244773
19244783
19244849
19245031
19245035
19245091
19245155
19245297
19245317
19245535
19245549
19245599
19245655
19245675
19245691
19245761
19245779
19245841
19245871
19245879
19245911
19246043
19246151
19246217
19246265
19246303
19246373
19246435
19246535
19246543
19246551
19246567
19246585
19246763
19246841
19246869
19246945
19246951
19246999
19247101
19247127
19247207
19247313
19247339
19247509
19247613
19247877
19248101
19248105
19248133
19248201
19248327
19248333
19248575
19248647
19248651
19248679
19248775
19248787
19248915
19248921
19249155
19249159
19249189
19249225
19249311
19249375
19249571
19249647
19249649
19249671
19249675
19249745
19249771
19249801
19249853
19249901
19249965
19250125
19250175
19250247
19250261
19250279
19250409
19250415
19250451
19250563
19250585
19250693
19250725
19250783
19250905
19251033
19251081
19251083
19251105
19251231
19251289
19251303
19251323
19251357
19251363
19251375
19251507
19251691
19251747
19251807
19251811
19251889
19251979
19252085
19252137
19252403
19252467
19252533
19252547
19252733
19252745
19252851
19252859
19252889
19252927
19253041
19253129
19253131
19253191
19253237
19253245
19253379
19253389
19253419
19253583
19253667
19253989
19254037
19254111
19254127
19254137
19254165
19254253
19254297
19254329
19254341
19254435
19254439
19254443
19254507
19254527
19254585
19254587
19254863
19254947
19254987
19254993
19255059
19255065
19255167
19255183
19255267
19255313
19255523
19255549
19255599
19255639
19255697
19255711
19255713
19255775
19255797
19255833
19255835
19255847
19255885
19255893
19255977
19256021
19256053
19256099
19256185
19256319
19256339
19256399
19256407
19256477
19256543
19256549
19256559
19256575
19256725
19256857
19256989
19257023
19257029
19257101
19257121
19257145
19257169
19257175
19257187
19257189
19257241
19257435
19257445
19257451
19257579
19257589
19257807
19257891
19258015
19258039
19258199
19258203
19258225
19258279
19258319
19258465
19258471
19258551
19258575
19258683
19258693
19258719
19258795
19259131
19259155
19259197
19259209
19259241
19259257
19259367
19259379
19259387
19259517
19259519
19259633
19259697
19259723
19259771
19259825
19259889
19259971
19259979
19260105
19260343
19260441
19260501
19260715
19260801
19260865
19260875
19260877
19261495
19261555
19261643
19261647
19261705
19261725
19261743
19261761
19261871
19261887
19262049
19262069
19262073
19262185
19262219
19262259
19262263
19262331
19262617
19262623
19262637
19262639
19262729
19262761
19262901
19263107
19263115
19263117
19263197
19263225
19263363
19263409
19263441
19263615
19263619
19263679
19263871
19263947
19264093
19264099
19264247
19264265
19264353
19264379
19264407
19264441
19264509
19264535
19264577
19264601
19264621
19264649
19264741
19264777
19264877
19264915
19264927
19264991
19264993
19265069
19265337
19265451
19265455
19265459
19265549
19265619
19265657
19265709
19265741
19265833
19265979
19266049
19266059
19266145
19266291
19266299
19266387
19266407
19266435
19266513
19266515
19266531
19266563
19266633
19266753
19266783
19266901
19267107
19267127
19267137
19267139
19267201
19267277
19267299
19267337
19267383
19267459
19267491
19267503
19267521
19267525
19267649
19267661
19267721
19267771
19267923
19268119
19268235
19268243
19268245
19268247
19268463
19268539
19268591
19268727
19268861
19268869
19268993
19269035
19269041
19269093
19269147
19269233
19269247
19269249
19269421
19269435
19269449
19269465
19269487
19269647
19269867
19269883
19270007
19270091
19270135
19270141
19270215
19270239
19270395
19270415
19270725
19270857
19270941
19270961
19271061
19271105
19271295
19271431
19271461
19271647
19271857
19271881
19271895
19271925
19272107
19272117
19272269
19272305
19272363
19272439
19272517
19272531
19272677
19272757
19272769
19272821
19273099
19273115
19273199
19273203
19273447
19273737
19273759
19273871
19273879
19273887
19273911
19274001
19274125
19274155
19274299
19274363
19274399
19274401
19274435
19274649
19274755
19274757
19274797
19274897
19274917
19274957
19275021
19275035
19275049
19275055
19275077
19275087
19275147
19275225
19275231
19275259
19275265
19275379
19275445
19275483
19275535
19275637
19275733
19275937
19275981
19275987
19276035
19276171
19276267
19276309
19276325
19276445
19276461
19276503
19276653
19276707
19276727
19276737
19276767
19276917
19277029
19277069
19277171
19277241
19277357
19277485
19277505
19277583
19277715
19277939
19277981
19277985
19277995
19278189
19278271
19278289
19278325
19278345
19278367
19278389
19278549
19278551
19278593
19278603
19278655
19278849
19278869
19279047
19279049
19279077
19279091
19279131
19279185
19279187
19279369
19279371
19279573
19279575
19279587
19279619
19279935
19280069
19280241
19280263
19280265
19280317
19280421
19280525
19280553
19280561
19280743
19280755
19280773
19280789
19280871
19280967
19281099
19281115
19281117
19281173
19281487
19281607
19281719
19281773
19281795
19281865
19281915
19281967
19282045
19282113
19282183
19282215
19282229
19282343
19282453
19282535
19282629
19282637
19282717
19282741
19282851
19282883
19282915
19282929
19283089
19283121
19283221
19283399
19283419
19283477
19283573
19283599
19283621
19283659
19283685
19283805
19283945
19283949
19283951
19283955
19283981
19284417
19284471
19284473
19284485
19284557
19284567
19284715
19284747
19284805
19284829
19284835
19284925
19284967
19285049
19285129
19285169
19285179
19285189
19285235
19285293
19285323
19285353
19285427
19285629
19285713
19285791
19285841
19285885
19286179
19286223
19286227
19286263
19286317
19286437
19286485
19286603
19286605
19286711
19286761
19286775
19287057
19287213
19287369
19287421
19287475
19287649
19287667
19287709
19287815
19287893
19287933
19287973
19288001
19288019
19288059
19288079
19288087
19288239
19288249
19288271
19288413
19288529
19288647
19288653
19288743
19288865
19289103
19289113
19289137
19289323
19289413
19289415
19289461
19289473
19289485
19289507
19289539
19289577
19289587
19290113
19290117
19290157
19290293
19290329
19290355
19290461
19290475
19290525
19290579
19290731
19290853
19290911
19290923
19290995
19291005
19291127
19291371
19291515
19291533
19291711
19291737
19291741
19291753
19291757
19291763
19291823
19292021
19292041
19292077
19292183
19292195
19292233
19292405
19292429
19292443
19292529
19292553
19292625
19292743
19292765
19292925
19292961
19292969
19293017
19293023
19293123
19293185
19293239
19293267
19293399
19293405
19293411
19293413
19293515
19293535
19293789
19293971
19293977
19294071
19294085
19294147
19294239
19294243
19294311
19294377
19294431
19294453
19294611
19294939
19294961
19295099
19295153
19295179
19295233
19295271
19295347
19295375
19295401
19295409
19295493
19295505
19295637
19295709
19295781
19295807
19295845
19295963
19295969
19296219
19296227
19296235
19296237
19296463
19296475
19296501
19296507
19296537
19296565
19296611
19296659
19296703
19296779
19296839
19296897
19296999
19297013
19297069
19297265
19297431
19297531
19297585
19297611
19297719
19297939
19298043
19298177
19298269
19298301
19298315
19298439
19298513
19298585
19299013
19299085
19299099
19299109
19299111
19299119
19299127
19299261
19299285
19299351
19299393
19299415
19299521
19299581
19299615
19299629
19299665
19299667
19299679
19299685
19299971
19300043
19300219
19300273
19300359
19300391
19300495
19300505
19300575
19300689
19300719
19300967
19301033
19301067
19301073
19301159
19301193
19301295
19301419
19301453
19301455
19301529
19301671
19301829
19301845
19301871
19301929
19302057
19302123
19302325
19302357
19302415
19302433
19302511
19302603
19302617
19302711
19302735
19302815
19302867
19302977
19303041
19303163
19303265
19303297
19303331
19303399
19303523
19303573
19303611
19303667
19303673
19303695
19303697
19303817
19304051
19304131
19304187
19304235
19304251
19304277
19304343
19304399
19304457
19304461
19304759
19304875
19304943
19304945
19304947
19304997
19305183
19305269
19305325
19305415
19305437
19305465
19305493
19305533
19305557
19305579
19305645
19305693
19305717
19305743
19305797
19305877
19305895
19305921
19305935
19305939
19306177
19306219
19306419
19306435
19306499
19306501
19306651
19306669
19307121
19307233
19307253
19307355
19307445
19307469
19307527
19307595
19307703
19307735
19307791
19307797
19307865
19307953
19308159
19308203
19308567
19308687
19308773
19308873
19308885
19308979
19309021
19309115
19309361
19309495
19309503
19309549
19309589
19309731
19309953
19310033
19310139
19310163
19310267
19310331
19310359
19310419
19310425
19310475
19310527
19310565
19311175
19311239
19311317
19311331
19311437
19311441
19311453
19311551
19311637
19311651
19311891
19311901
19311941
19312083
19312159
19312177
19312189
19312273
19312361
19312491
19312635
19312727
19312803
19313075
19313109
19313163
19313211
19313239
19313383
19313439
19313503
19313585
19313611
19313673
19313877
19314105
19314141
19314205
19314243
19314361
19314411
19314417
19314487
19314527
19314539
19314627
19314683
19314697
19314723
19314859
19314883
19314975
19315023
19315027
19315029
19315053
19315151
19315293
19315359
19315369
19315377
19315405
19315431
19315607
19315739
19315793
19315807
19316047
19316085
19316251
19316289
19316307
19316435
19316443
19316459
19316537
19316603
19316611
19316641
19316683
19316737
19316885
19316907
19316919
19317283
19317299
19317341
19317361
19317365
19317421
19317449
19317489
19317739
19317743
19317809
19318035
19318267
19318287
19318319
19318421
19318431
19318499
19318555
19318603
19318691
19318903
19318941
19319001
19319011
19319019
19319041
19319105
19319129
19319183
19319361
19319441
19319641
19319705
19319711
19319803
19319867
19319879
19319931
19319935
19319971
19320057
19320073
19320093
19320147
19320173
19320265
19320359
19320411
19320475
19320647
19320653
19320749
19320765
19320813
19320837
19320857
19320863
19321129
19321209
19321355
19321371
19321407
19321463
19321489
19321523
19321831
19321849
19321871
19321877
19321955
19321975
19322003
19322021
19322119
19322197
19322231
19322243
19322415
19322435
19322547
19322599
19322669
19322799
19322891
19323079
19323217
19323225
19323313
19323441
19323605
19323767
19323869
19323995
19324045
19324175
19324185
19324205
19324333
19324401
19324433
19324451
19324561
19324657
19324697
19324717
19324881
19324931
19324959
19325007
19325015
19325177
19325191
19325217
19325457
19325461
19325473
19325541
19325607
19325615
19325695
19325747
19325785
19325853
19325913
19325917
19325951
19326015
19326053
19326093
19326233
19326249
19326353
19326373
19326473
19326505
19326527
19326583
19326609
19326673
19326741
19326791
19326831
19326853
19326857
19326861
19326895
19326955
19326963
19327117
19327129
19327153
19327193
19327253
19327299
19327347
19327437
19327469
19327567
19327601
19327611
19327637
19327649
19327737
19327801
19327839
19327945
19328033
19328067
19328087
19328163
19328167
19328179
19328187
19328199
19328249
19328305
19328393
19328551
19328573
19328785
19328911
19328995
19329007
19329081
19329083
19329089
19329109
19329141
19329361
19329371
19329423
19329427
19329531
19329651
19329741
19329783
19329863
19329959
19329975
19330019
19330321
19330419
19330467
19330499
19330501
19330725
19330737
19330897
19330997
19331033
19331131
19331217
19331267
19331277
19331327
19331389
19331407
19331559
19331603
19331713
19332041
19332077
19332137
19332161
19332205
19332247
19332253
19332343
19332517
19332541
19332665
19332669
19332723
19332735
19332817
19332875
19332973
19333013
19333023
19333119
19333267
19333471
19333565
19333643
19333657
19333731
19333771
19333815
19333825
19333831
19333965
19334011
19334019
19334041
19334143
19334159
19334223
19334403
19334453
19334461
19334563
19334687
19334769
19334789
19334967
19334981
19335003
19335033
19335067
19335217
19335441
19335487
19335503
19335571
19335623
19335645
19335651
19335793
19335897
19335981
19336055
19336101
19336153
19336187
19336357
19336585
19336599
19336719
19336985
19337055
19337069
19337071
19337117
19337129
19337187
19337265
19337343
19337349
19337445
19337515
19337669
19337729
19337815
19337871
19337911
19338021
19338075
19338443
19338487
19338491
19338725
19338775
19338837
19338879
19338911
19338993
19339085
19339133
19339213
19339317
19339433
19339687
19339731
19339859
19340083
19340125
19340159
19340337
19340481
19340613
19340627
19340649
19340677
19340755
19340813
19340853
19340923
19341011
19341061
19341127
19341195
19341209
19341331
19341337
19341405
19341425
19341455
19341473
19341491
19341527
19341605
19341609
19341629
19341693
19341843
19341881
19341969
19342065
19342091
19342299
19342497
19342551
19342569
19342603
19342607
19342737
19342905
19343017
19343153
19343325
19343603
19343657
19343741
19343841
19343855
19343987
19344047
19344063
19344089
19344137
19344279
19344309
19344347
19344365
19344483
19344489
19344905
19344999
19345051
19345081
19345115
19345129
19345135
19345209
19345365
19345471
19345477
19345521
19345561
19345667
19345697
19345831
19345849
19345971
19346095
19346099
19346127
19346321
19346373
19346395
19346399
19346455
19346549
19346675
19346787
19346815
19346935
19346985
19346995
19347013
19347171
19347215
19347275
19347323
19347449
19347721
19347723
19347913
19348089
19348111
19348137
19348331
19348491
19348497
19348507
19348551
19348701
19348755
19348929
19348951
19348965
19348977
19349075
19349329
19349465
19349499
19349521
19349555
19349557
19349617
19349675
19349679
19349737
19349763
19349835
19349869
19349887
19349943
19350119
19350143
19350207
19350283
19350289
19350345
19350423
19350447
19350559
19350569
19350685
19350725
19350733
19350809
19350967
19350983
19351221
19351247
19351305
19351559
19351673
19351683
19351685
19351695
19351885
19351937
19351967
19351973
19352069
19352109
19352113
19352197
19352249
19352337
19352351
19352455
19352561
19352661
19352799
19352823
19352995
19353093
19353095
19353127
19353137
19353181
19353211
19353229
19353261
19353311
19353369
19353443
19353479
19353539
19353591
19353619
19353707
19353793
19354103
19354143
19354251
19354593
19354629
19354677
19354777
19354975
19355031
19355079
19355235
19355291
19355293
19355299
19355379
19355441
19355503
19355525
19355539
19355861
19355929
19356057
19356073
19356203
19356329
19356407
19356585
19356655
19356827
19356905
19356973
19356989
19356991
19357123
19357173
19357227
19357235
19357289
19357299
19357407
19357473
19357543
19357587
19357667
19357765
19357885
19357941
19357945
19357963
19358025
19358153
19358211
19358377
19358399
19358481
19358543
19358581
19358617
19358647
19358671
19358703
19358781
19358843
19359007
19359053
19359061
19359079
19359149
19359347
19359397
19359671
19359727
19359821
19359971
19359993
19360071
19360227
19360245
19360247
19360287
19360359
19360383
19360419
19360429
19360489
19360503
19360507
19360577
19360639
19360731
19360755
19360773
19360847
19360859
19360865
19360869
19360993
19361081
19361113
19361143
19361345
19361433
19361465
19361641
19361647
19361675
19361781
19361785
19362231
19362285
19362321
19362617
19362681
19362777
19362979
19362993
19363111
19363177
19363193
19363255
19363339
19363481
19363747
19363855
19363997
19364019
19364073
19364077
19364337
19364539
19364597
19364757
19364821
19364855
19364869
19364879
19364959
19364983
19365093
19365137
19365169
19365199
19365357
19365515
19365555
19365605
19365609
19365701
19365891
19366023
19366097
19366159
19366197
19366305
19366339
19366357
19366359
19366503
19366625
19366777
19366829
19366835
19366907
19366935
19366973
19367031
19367179
19367225
19367267
19367313
19367437
19367449
19367977
19368159
19368183
19368213
19368217
19368331
19368363
19368375
19368419
19368479
19368515
19368555
19368629
19368923
19368927
19368957
19369111
19369139
19369317
19369325
19369427
19369449
19369541
19369583
19369689
19369819
19369881
19369955
19369973
19370005
19370491
19370743
19370777
19370901
19370983
19371005
19371131
19371271
19371279
19371423
19371719
19371857
19371869
19371883
19371893
19371905
19371971
19371973
19372057
19372075
19372099
19372223
19372255
19372279
19372311
19372379
19372445
19372559
19372787
19372799
19372839
19372913
19372935
19373141
19373259
19373301
19373313
19373391
19373531
19373555
19373613
19373677
19373997
19374063
19374123
19374167
19374171
19374177
19374421
19374529
19374533
19374569
19374607
19374629
19374755
19374767
19374839
19374935
19375009
19375177
19375189
19375199
19375321
19375401
19375463
19375591
19375605
19375639
19375721
19375751
19375839
19375883
19376043
19376079
19376105
19376129
19376139
19376147
19376151
19376217
19376233
19376309
19376353
19376355
19376561
19376639
19376649
19376711
19376761
19376875
19376905
19377065
19377087
19377209
19377309
19377399
19377457
19377459
19377543
19377681
19377685
19377713
19377801
19377823
19377869
19377901
19378099
19378111
19378115
19378307
19378445
19378553
19378571
19378573
19378699
19378937
19379019
19379037
19379079
19379195
19379509
19379617
19379981
19380031
19380179
19380245
19380321
19380435
19380547
19380569
19380719
19380847
19381029
19381049
19381077
19381099
19381139
19381155
19381177
19381191
19381223
19381273
19381367
19381417
19381581
19382047
19382095
19382167
19382169
19382193
19382209
19382381
19382395
19382399
19382523
19382543
19382599
19382621
19382701
19383019
19383153
19383267
19383315
19383363
19383489
19383549
19383609
19383631
19383727
19383795
19383805
19383927
19384019
19384063
19384189
19384359
19384515
19384585
19384609
19384777
19384819
19384911
19384955
19385033
19385049
19385059
19385087
19385095
19385123
19385197
19385309
19385377
19385397
19385537
19385605
19385661
19385729
19385731
19385763
19385989
19386005
19386053
19386065
19386193
19386455
19386607
19386625
19386635
19386685
19386723
19386725
19386987
19387011
19387093
19387157
19387187
19387355
19387373
19387597
19387769
19388025
19388203
19388213
19388237
19388349
19388365
19388407
19388489
19388507
19388717
19388851
19388909
19389013
19389131
19389137
19389247
19389273
19389359
19389371
19389463
19389519
19389521
19389539
19389745
19389881
19389901
19389965
19389997
19390081
19390141
19390219
19390295
19390455
19390465
19390467
19390471
19390515
19390591
19390719
19390767
19390875
19391049
19391103
19391233
19391323
19391559
19391817
19392039
19392107
19392273
19392293
19392319
19392425
19392429
19392473
19392533
19392669
19392711
19392817
19392821
19392831
19392855
19392931
19393029
19393063
19393139
19393397
19393523
19393633
19393739
19393787
19393789
19393925
19394153
19394461
19394473
19394511
19394655
19394811
19394815
19394971
19395027
19395047
19395127
19395153
19395203
19395355
19395367
19395391
19395497
19395507
19395611
19395679
19395735
19395767
19395793
19395991
19396129
19396133
19396161
19396261
19396291
19396309
19396545
19396551
19396573
19396597
19396607
19396611
19396619
19396737
19396861
19396865
19396969
19396975
19397051
19397107
19397127
19397171
19397253
19397293
19397345
19397499
19397579
19397883
19397963
19398013
19398029
19398071
19398103
19398139
19398141
19398337
19398349
19398383
19398395
19398465
19398673
19398809
19398977
19399069
19399201
19399203
19399223
19399277
19399411
19399421
19399553
19399623
19399719
19399925
19400185
19400327
19400365
19400379
19400381
19400485
19400499
19400503
19400607
19400655
19400697
19400715
19400765
19400929
19401043
19401091
19401279
19401285
19401411
19401453
19401575
19401757
19401773
19401831
19401887
19401965
19402149
19402207
19402331
19402447
19402451
19402551
19402681
19402691
19402707
19402733
19402777
19402799
19402901
19402907
19402945
19402963
19403083
19403187
19403197
19403227
19403393
19403409
19403661
19403671
19403789
19403807
19403933
19403979
19404147
19404209
19404235
19404325
19404379
19404409
19404413
19404431
19404483
19404591
19404703
19404797
19404821
19404861
19404911
19405019
19405087
19405195
19405287
19405395
19405489
19405505
19405511
19405567
19405621
19405623
19405661
19405723
19405813
19406133
19406505
19406553
19406637
19406763
19406897
19406973
19407001
19407173
19407249
19407367
19407587
19407701
19407889
19407951
19407953
19408055
19408133
19408293
19408333
19408337
19408377
19408547
19408687
19408773
19408811
19408859
19408881
19409023
19409115
19409205
19409207
19409317
19409325
19409329
19409403
19409749
19409761
19409771
19409779
19410073
19410087
19410129
19410223
19410323
19410363
19410503
19410515
19410635
19410781
19410869
19411049
19411115
19411147
19411283
19411293
19411421
19411569
19411689
19411751
19411753
19411877
19411949
19411971
19412045
19412053
19412085
19412139
19412189
19412231
19412237
19412245
19412247
19412407
19412409
19412417
19412489
19412499
19412709
19412773
19412787
19412821
19412933
19413011
19413187
19413429
19413471
19413485
19413501
19413575
19413673
19413695
19414191
19414253
19414259
19414343
19414363
19414373
19414697
19414911
19415025
19415071
19415351
19415367
19415375
19415407
19415419
19415687
19415707
19415747
19415919
19415929
19415935
19415949
19416009
19416021
19416077
19416141
19416145
19416237
19416263
19416301
19416305
19416317
19416361
19416385
19416447
19416481
19416529
19416701
19416821
19416853
19416971
19417119
19417173
19417217
19417243
19417251
19417319
19417557
19417617
19417655
19417711
19417751
19417811
19417953
19418123
19418241
19418461
19418465
19418467
19418587
19418599
19418641
19418677
19418713
19418807
19419037
19419045
19419167
19419185
19419203
19419223
19419241
19419317
19419359
19419379
19419389
19419397
19419441
19419673
19419703
19419749
19419799
19419911
19419921
19420091
19420129
19420291
19420463
19420485
19420507
19420543
19420593
19420625
19420683
19420771
19420965
19421061
19421081
19421207
19421371
19421437
19421459
19421671
19421675
19421719
19421727
19421837
19421881
19421935
19421969
19422051
19422289
19422297
19422469
19422505
19422525
19422605
19422695
19422723
19422783
19422879
19422967
19422997
19423053
19423081
19423161
19423243
19423265
19423267
19423491
19423583
19423697
19423757
19423783
19423809
19423821
19423849
19423889
19423901
19423905
19423957
19423959
19424021
19424035
19424039
19424115
19424165
19424175
19424191
19424243
19424517
19424533
19424697
19424703
19424733
19424835
19424843
19424933
19424965
19425005
19425137
19425325
19425361
19425401
19425479
19425537
19425849
19425909
19425939
19425955
19425999
19426003
19426157
19426189
19426327
19426553
19426773
19426847
19426859
19426895
19426923
19427655
19427777
19427899
19427939
19427993
19428137
19428183
19428317
19428333
19428425
19428503
19428547
19428687
19428783
19428791
19428895
19428935
19428985
19429021
19429091
19429147
19429317
19429439
19429481
19429519
19429709
19429879
19429947
19429951
19430123
19430207
19430235
19430277
19430329
19430357
19430435
19430631
19430701
19430755
19431053
19431105
19431205
19431293
19431321
19431331
19431335
19431429
19431519
19431525
19431533
19431579
19431589
19431713
19431743
19432023
19432059
19432085
19432175
19432489
19432517
19432627
19432649
19432745
19432877
19432923
19432957
19433039
19433065
19433199
19433403
19433587
19433653
19433691
19433767
19433795
19433855
19433859
19433907
19434141
19434241
19434311
19434353
19434381
19434399
19434435
19434571
19434591
19434699
19434715
19434739
19434743
19434767
19434785
19434799
19434881
19434907
19434963
19435025
19435039
19435061
19435109
19435229
19435379
19435395
19435399
19435401
19435561
19435617
19435713
19435717
19435797
19435977
19435985
19436095
19436193
19436273
19436463
19436501
19436525
19436641
19436693
19436731
19436865
19436975
19437005
19437065
19437149
19437221
19437263
19437395
19437541
19437835
19437883
19437901
19437959
19438029
19438131
19438179
19438253
19438333
19438375
19438387
19438403
19438411
19438515
19438519
19438521
19438533
19438557
19438615
19438623
19438831
19438847
19438895
19438965
19438971
19439089
19439099
19439191
19439221
19439237
19439469
19439489
19439551
19439731
19439835
19439893
19440167
19440259
19440293
19440377
19440413
19440531
19440533
19440535
19440537
19440543
19440577
19440617
19440641
19440773
19440783
19440811
19440877
19440911
19440921
19440947
19440981
19441047
19441127
19441187
19441217
19441235
19441365
19441543
19441549
19441651
19441669
19441711
19441873
19442063
19442103
19442145
19442243
19442245
19442261
19442321
19442345
19442447
19442525
19442587
19442621
19442679
19442903
19442959
19443051
19443079
19443111
19443117
19443161
19443179
19443227
19443257
19443283
19443337
19443367
19443399
19443433
19443521
19443547
19443601
19443765
19443947
19443991
19444217
19444255
19444269
19444271
19444437
19444443
19444447
19444467
19444517
19444647
19444669
19444693
19444777
19444807
19444831
19444855
19444863
19444887
19444917
19444955
19444959
19444961
19444987
19445041
19445281
19445339
19445349
19445389
19445431
19445443
19445469
19445737
19445783
19445947
19445955
19445961
19445985
19446313
19446331
19446357
19446391
19446413
19446475
19446621
19446647
19446745
19446815
19446935
19446939
19446973
19447019
19447055
19447099
19447101
19447153
19447237
19447369
19447401
19447497
19447587
19447747
19447753
19447757
19447881
19448077
19448129
19448471
19448547
19448665
19448727
19448783
19448997
19449107
19449421
19449455
19449475
19449479
19449825
19449979
19449993
19450015
19450019
19450035
19450043
19450095
19450117
19450229
19450337
19450357
19450397
19450429
19450443
19450537
19450819
19450865
19450913
19450997
19451115
19451121
19451411
19451417
19451563
19451573
19451625
19451641
19451709
19451855
19451919
19452021
19452051
19452057
19452143
19452211
19452221
19452305
19452309
19452339
19452379
19452405
19452463
19452473
19452605
19452711
19452731
19452733
19452841
19452887
19452967
19453109
19453199
19453279
19453361
19453423
19453431
19453519
19453579
19453609
19453619
19453765
19453817
19453853
19453919
19453929
19453971
19453973
19454029
19454117
19454129
19454255
19454261
19454271
19454355
19454441
19454545
19454633
19454671
19454675
19454963
19455009
19455047
19455049
19455059
19455121
19455155
19455361
19455365
19455369
19455419
19455647
19455655
19455675
19455789
19455863
19455971
19456029
19456101
19456181
19456199
19456207
19456341
19456419
19456513
19456845
19456873
19456899
19457067
19457071
19457401
19457531
19457613
19457631
19457835
19457845
19457865
19457885
19457917
19457985
19458093
19458107
19458261
19458393
19458489
19458505
19458517
19458531
19458587
19458645
19458697
19458791
19458805
19458951
19458967
19459037
19459049
19459081
19459147
19459165
19459187
19459273
19459343
19459357
19459465
19459517
19459599
19459607
19459629
19459721
19459743
19459865
19459899
19459947
19460031
19460037
19460067
19460075
19460145
19460169
19460179
19460225
19460247
19460261
19460297
19460307
19460363
19460383
19460427
19460491
19460559
19460681
19460715
19460749
19460797
19460857
19461099
19461287
19461305
19461311
19461327
19461363
19461389
19461457
19461489
19461557
19461611
19461649
19461693
19461745
19461775
19462063
19462093
19462141
19462231
19462265
19462367
19462379
19462407
19462427
19462517
19462539
19462715
19462775
19462851
19462909
19463215
19463327
19463575
19463631
19463727
19463743
19463801
19463869
19463879
19463913
19463939
19464003
19464013
19464053
19464081
19464189
19464301
19464511
19464513
19464597
19464709
19464717
19464829
19464831
19464867
19464929
19464941
19464969
19465063
19465113
19465149
19465151
19465161
19465199
19465205
19465209
19465279
19465331
19465413
19465439
19465481
19465537
19465561
19465723
19465975
19466061
19466295
19466375
19466429
19466449
19466637
19466695
19466713
19466769
19466845
19466917
19466947
19466973
19467101
19467353
19467393
19467447
19467495
19467511
19467657
19467779
19467911
19467913
19468123
19468187
19468203
19468241
19468265
19468283
19468349
19468367
19468521
19468675
19468697
19468735
19468779
19468787
19468857
19468879
19468905
19468941
19468943
19468985
19469051
19469129
19469159
19469483
19469487
19469835
19469985
19470067
19470077
19470081
19470099
19470145
19470237
19470269
19470343
19470447
19470453
19470469
19470507
19470581
19470603
19470787
19470835
19470871
19470881
19470913
19470923
19470939
19470989
19471185
19471271
19471283
19471285
19471307
19471355
19471383
19471423
19471515
19471669
19471757
19471851
19471909
19471961
19472257
19472441
19472447
19472481
19472515
19472523
19472585
19472775
19472837
19472891
19472903
19472945
19472979
19473039
19473077
19473105
19473123
19473153
19473191
19473203
19473289
19473323
19473359
19473365
19473379
19473583
19473619
19473875
19473919
19473987
19474133
19474151
19474201
19474439
19474653
19474675
19474785
19474853
19474899
19474907
19474917
19474993
19474999
19475013
19475079
19475163
19475347
19475387
19475435
19475551
19475555
19475557
19475601
19475675
19475707
19475749
19475875
19475889
19476017
19476021
19476035
19476135
19476213
19476227
19476271
19476365
19476467
19476509
19476517
19476539
19476643
19476653
19476683
19476687
19476725
19476815
19476819
19476845
19476929
19476977
19477031
19477115
19477205
19477269
19477489
19477751
19477811
19477821
19477905
19477939
19477965
19478031
19478155
19478269
19478273
19478433
19478531
19478667
19478685
19478817
19478855
19478959
19478995
19479001
19479023
19479249
19479367
19479459
19479507
19479519
19479661
19479663
19479781
19479791
19479849
19479975
19479989
19480035
19480255
19480287
19480291
19480293
19480305
19480355
19480375
19480395
19480417
19480501
19480691
19480701
19480763
19480915
19480997
19481027
19481065
19481079
19481153
19481189
19481253
19481293
19481441
19481515
19481521
19481577
19481625
19481759
19481769
19481777
19482019
19482025
19482079
19482191
19482225
19482273
19482293
19482455
19482755
19482827
19482885
19482923
19483019
19483075
19483081
19483221
19483225
19483301
19483485
19483491
19483513
19483607
19483687
19483755
19483795
19483813
19483899
19483903
19483989
19484017
19484143
19484161
19484223
19484271
19484295
19484379
19484411
19484555
19484655
19484807
19484819
19484929
19484947
19484951
19484979
19485055
19485069
19485175
19485223
19485267
19485271
19485469
19485527
19485641
19485753
19486079
19486103
19486111
19486115
19486309
19486315
19486339
19486515
19486517
19486633
19486695
19486865
19487107
19487325
19487459
19487595
19487681
19487829
19487847
19487895
19488093
19488181
19488263
19488281
19488501
19488529
19488559
19488579
19488583
19488853
19488861
19488901
19488941
19489011
19489121
19489245
19489391
19489401
19489413
19489447
19489539
19489619
19489685
19489757
19489799
19489847
19489901
19489909
19489993
19490013
19490171
19490409
19490493
19490745
19490755
19490873
19490893
19490921
19491015
19491029
19491091
19491141
19491149
19491343
19491431
19491483
19491573
19491679
19491713
19491823
19491967
19492057
19492121
19492167
19492311
19492455
19492537
19492579
19492703
19492807
19492843
19492861
19492877
19492897
19492923
19492935
19493061
19493111
19493147
19493181
19493355
19493419
19493665
19494311
19494355
19494367
19494501
19494525
19494663
19494671
19494679
19494681
19494881
19495091
19495145
19495173
19495231
19495327
19495505
19495603
19495639
19495685
19495701
19495713
19495741
19495749
19495761
19495835
19495895
19495931
19495935
19496067
19496133
19496193
19496215
19496335
19496409
19496581
19496591
19496713
19496725
19496735
19496901
19496919
19496991
19497107
19497109
19497241
19497295
19497411
19497419
19497473
19497497
19497611
19497689
19497717
19497895
19497979
19497985
19498023
19498153
19498181
19498245
19498341
19498397
19498423
19498439
19498443
19498449
19498465
19498557
19498653
19498665
19498703
19498773
19498777
19498865
19498893
19498957
19499215
19499257
19499313
19499343
19499433
19499447
19499525
19499559
19499595
19499669
19499709
19499725
19499901
19499949
19499951
19500005
19500019
19500055
19500153
19500303
19500319
19500351
19500377
19500381
19500523
19500611
19500633
19500779
19500781
19500881
19500909
19500911
19501035
19501135
19501509
19501585
19501625
19501695
19501713
19501775
19501833
19501849
19501925
19501995
19502225
19502335
19502359
19502371
19502389
19502519
19502655
19502657
19502927
19503039
19503171
19503197
19503247
19503419
19503423
19503751
19503775
19503801
19503823
19503887
19503979
19504045
19504155
19504181
19504193
19504209
19504343
19504361
19504369
19504387
19504495
19504755
19504851
19504971
19504977
19505143
19505165
19505187
19505195
19505317
19505333
19505349
19505529
19505539
19505549
19505577
19505607
19505609
19505611
19505641
19505723
19505819
19505891
19505933
19505995
19506037
19506061
19506241
19506253
19506299
19506301
19506345
19506385
19506413
19506445
19506539
19506697
19506731
19507051
19507497
19507657
19507711
19507757
19507775
19507861
19508037
19508265
19508333
19508375
19508399
19508575
19508637
19508665
19508679
19508693
19508711
19508715
19508753
19508777
19508967
19509181
19509327
19509411
19509631
19509633
19509789
19509801
19509905
19509909
19509923
19509949
19509983
19509991
19510001
19510145
19510241
19510287
19510327
19510343
19510461
19510477
19510759
19511041
19511071
19511087
19511089
19511103
19511109
19511139
19511173
19511197
19511255
19511307
19511341
19511391
19511479
19511489
19511521
19511721
19511785
19511787
19511921
19511963
19512043
19512061
19512107
19512211
19512221
19512267
19512329
19512343
19512707
19512735
19512747
19512749
19512789
19512919
19513109
19513467
19513487
19513501
19513507
19513523
19513569
19513571
19513641
19513689
19513697
19513709
19513795
19513825
19513875
19513915
19513997
19514043
19514185
19514193
19514195
19514243
19514293
19514307
19514309
19514379
19514385
19514433
19514501
19514633
19514813
19514831
19515003
19515229
19515243
19515347
19515511
19515543
19515559
19515617
19515715
19515733
19515753
19515769
19515813
19515871
19515917
19515937
19516153
19516179
19516199
19516291
19516303
19516313
19516341
19516343
19516529
19516623
19516745
19516773
19516899
19516925
19517039
19517237
19517313
19517547
19517549
19517639
19517655
19517697
19518005
19518031
19518097
19518099
19518131
19518175
19518205
19518317
19518357
19518371
19518401
19518521
19518551
19518633
19518911
19519059
19519109
19519115
19519121
19519139
19519299
19519327
19519375
19519463
19519499
19519563
19519569
19519601
19519659
19519741
19519751
19519791
19519797
19519805
19520129
19520139
19520167
19520177
19520179
19520183
19520209
19520277
19520333
19520505
19520511
19520545
19520643
19520711
19520741
19520783
19520819
19520965
19521079
19521127
19521165
19521229
19521239
19521267
19521281
19521335
19521337
19521447
19521481
19521545
19521551
19521573
19521595
19521711
19521753
19521845
19521847
19521849
19521893
19522015
19522025
19522027
19522087
19522387
19522575
19522585
19522719
19522729
19522833
19523005
19523007
19523087
19523387
19523409
19523419
19523583
19523691
19523787
19523821
19523929
19523951
19523983
19524025
19524103
19524221
19524269
19524297
19524397
19524433
19524469
19524747
19524785
19524863
19525057
19525059
19525281
19525317
19525325
19525339
19525371
19525395
19525411
19525431
19525433
19525443
19525475
19525601
19525611
19525733
19525761
19525805
19525971
19526005
19526355
19526393
19526503
19526549
19526659
19526679
19526711
19526731
19526903
19526909
19526925
19526999
19527059
19527335
19527441
19527451
19527569
19527581
19527605
19527615
19527639
19527669
19527789
19527883
19527899
19527979
19528047
19528453
19528469
19528477
19528519
19528527
19528531
19528569
19528593
19528643
19528715
19528813
19528999
19529161
19529311
19529361
19529433
19529459
19529487
19529499
19529743
19529759
19530055
19530223
19530453
19530675
19530727
19530769
19530853
19530935
19530983
19531115
19531155
19531309
19531315
19531331
19531397
19531451
19531489
19531491
19531509
19531639
19531689
19531883
19531889
19531951
19532033
19532233
19532301
19532403
19532417
19532419
19532721
19532815
19532817
19532939
19532999
19533055
19533059
19533109
19533111
19533127
19533477
19533489
19533789
19533863
19534061
19534257
19534281
19534339
19534527
19534547
19534601
19534631
19534695
19534795
19534807
19534819
19534931
19535031
19535035
19535041
19535139
19535179
19535373
19535447
19535549
19535717
19535743
19535765
19535865
19535879
19535893
19535953
19536001
19536167
19536171
19536253
19536277
19536321
19536657
19536735
19536743
19536753
19536755
19537059
19537191
19537317
19537343
19537361
19537369
19537553
19537737
19537821
19537861
19537963
19538057
19538309
19538381
19538401
19538505
19538577
19538581
19538601
19538629
19538781
19538899
19539121
19539307
19539463
19539501
19539519
19539559
19539595
19539653
19539793
19539833
19539851
19539863
19539901
19539945
19539961
19540059
19540143
19540179
19540275
19540283
19540477
19540543
19540563
19540625
19540683
19540733
19540833
19540865
19540867
19540991
19541077
19541097
19541133
19541137
19541455
19541545
19541563
19541715
19541735
19541811
19541823
19541835
19541893
19541951
19541959
19541981
19542025
19542119
19542299
19542325
19542331
19542349
19542359
19542393
19542515
19542517
19542519
19542551
19542751
19542755
19543031
19543197
19543215
19543243
19543341
19543377
19543655
19543693
19543757
19543869
19543875
19543917
19543955
19544009
19544031
19544185
19544201
19544283
19544363
19544373
19544389
19544401
19544425
19544431
19544491
19544515
19544521
19544613
19544615
19544629
19544643
19544823
19544889
19544935
19544965
19544975
19544983
19545019
19545053
19545127
19545185
19545187
19545233
19545405
19545435
19545467
19545539
19545841
19545873
19546001
19546035
19546055
19546107
19546177
19546211
19546549
19546559
19546569
19546591
19546607
19546691
19546725
19546751
19546843
19547005
19547053
19547065
19547083
19547099
19547251
19547273
19547307
19547453
19547657
19547715
19547779
19547801
19548033
19548093
19548105
19548447
19548483
19548491
19548533
19548677
19548873
19548985
19549111
19549129
19549403
19549707
19550015
19550119
19550235
19550269
19550347
19550461
19550529
19550659
19550755
19550827
19550873
19550901
19550955
19551015
19551147
19551483
19551535
19551545
19551619
19551627
19551701
19551805
19551815
19551837
19551843
19551939
19552097
19552185
19552383
19552391
19552489
19552585
19552759
19552867
19552943
19553041
19553131
19553289
19553457
19553461
19553541
19553563
19553609
19553645
19553687
19553849
19553891
19553923
19553927
19553939
19554209
19554319
19554365
19554619
19554703
19554717
19554801
19554835
19554883
19555121
19555203
19555217
19555299
19555335
19555367
19555383
19555405
19555615
19555669
19555757
19555761
19555779
19555807
19555823
19555883
19556083
19556089
19556165
19556315
19556453
19556529
19556643
19556763
19556789
19556887
19556903
19557029
19557125
19557135
19557179
19557219
19557355
19557421
19557533
19557535
19557661
19557675
19557737
19557819
19557843
19557873
19557881
19557883
19557933
19557937
19557953
19557963
19558021
19558023
19558035
19558037
19558073
19558085
19558117
19558131
19558233
19558245
19558267
19558271
19558397
19558483
19558545
19558721
19558757
19558791
19558815
19558839
19558873
19558895
19559109
19559169
19559395
19559427
19559447
19559573
19559581
19559633
19559701
19559753
19559761
19559783
19559799
19559839
19559939
19559975
19560103
19560151
19560437
19560445
19560539
19560559
19560579
19560601
19560637
19560667
19560673
19560685
19560851
19560885
19560929
19560979
19561111
19561183
19561403
19561431
19561465
19561499
19561575
19561721
19561785
19561833
19561911
19561967
19562061
19562083
19562155
19562227
19562275
19562357
19562537
19562557
19562661
19562805
19562887
19562973
19562999
19563105
19563119
19563235
19563243
19563419
19563485
19563687
19563743
19563767
19563901
19563921
19563943
19564087
19564107
19564127
19564173
19564223
19564253
19564265
19564281
19564303
19564351
19564383
19564451
19564463
19564495
19564515
19564553
19564615
19564839
19564903
19565007
19565097
19565135
19565203
19565267
19565337
19565347
19565529
19565603
19565711
19565717
19565771
19565795
19565835
19565877
19565903
19565917
19565927
19565957
19566099
19566111
19566129
19566137
19566153
19566157
19566229
19566299
19566391
19566469
19566485
19566489
19566609
19566637
19567105
19567129
19567171
19567203
19567333
19567469
19567511
19567579
19567665
19567825
19567883
19567979
19567987
19568013
19568167
19568175
19568245
19568299
19568349
19568381
19568393
19568427
19568451
19568617
19568621
19568733
19568751
19568759
19568853
19568861
19568981
19569075
19569125
19569133
19569177
19569179
19569273
19569279
19569291
19569297
19569423
19569707
19569811
19569851
19570111
19570275
19570419
19570487
19570527
19570547
19570555
19570645
19570729
19570883
19571025
19571167
19571295
19571325
19571331
19571455
19571567
19571655
19571733
19571737
19571743
19571785
19571841
19571989
19571991
19571999
19572039
19572111
19572161
19572181
19572483
19572559
19572599
19572755
19572761
19572851
19572975
19573127
19573573
19573593
19573731
19573735
19573855
19574015
19574017
19574039
19574075
19574187
19574313
19574393
19574397
19574547
19574557
19574569
19574671
19574777
19574847
19574907
19574955
19574957
19575023
19575179
19575231
19575265
19575333
19575487
19575497
19575523
19575747
19575793
19575795
19575863
19575983
19576313
19576339
19576379
19576459
19576475
19576519
19576601
19576691
19576879
19576933
19576959
19577023
19577029
19577121
19577311
19577437
19577571
19577629
19577661
19577745
19577861
19577927
19578001
19578007
19578205
19578281
19578359
19578479
19578539
19578583
19578589
19578639
19578661
19578663
19578695
19578703
19578853
19578863
19578897
19579021
19579217
19579347
19579403
19579453
19579463
19579537
19579661
19579815
19579851
19579875
19579945
19579989
19580003
19580073
19580193
19580201
19580221
19580395
19580605
19580675
19580687
19580737
19580777
19580779
19580819
19580831
19580855
19580949
19580959
19580979
19580991
19581059
19581099
19581131
19581153
19581185
19581493
19581531
19581663
19581779
19581821
19581835
19582091
19582205
19582209
19582265
19582307
19582513
19582515
19582543
19582637
19582699
19582831
19582935
19582979
19583055
19583101
19583169
19583235
19583291
19583331
19583625
19583639
19583799
19583909
19583925
19584007
19584095
19584263
19584599
19584605
19584735
19584817
19584835
19585055
19585115
19585135
19585171
19585255
19585271
19585373
19585523
19585583
19585619
19585623
19585625
19585657
19585669
19585693
19585705
19585757
19585827
19585853
19585869
19586251
19586281
19586441
19586631
19586657
19586757
19586785
19586811
19586859
19586907
19586959
19586979
19586985
19587059
19587113
19587121
19587203
19587247
19587313
19587453
19587695
19587759
19587785
19587871
19587883
19587965
19588121
19588229
19588269
19588289
19588369
19588407
19588507
19588581
19588599
19588657
19588745
19589003
19589061
19589121
19589353
19589571
19589627
19589719
19589747
19589845
19589879
19589949
19589999
19590015
19590019
19590059
19590159
19590199
19590209
19590229
19590319
19590325
19590353
19590557
19591031
19591129
19591151
19591383
19591475
19591517
19591531
19591791
19591919
19591939
19591965
19591981
19592141
19592145
19592219
19592301
19592345
19592477
19592497
19592683
19592755
19592799
19592837
19592847
19593063
19593119
19593133
19593171
19593193
19593257
19593295
19593315
19593329
19593415
19593555
19593569
19593613
19593635
19593691
19593763
19593793
19593811
19593833
19593935
19594085
19594173
19594259
19594307
19594357
19594445
19594483
19594489
19594613
19594865
19595019
19595077
19595093
19595115
19595133
19595161
19595247
19595325
19595329
19595337
19595347
19595361
19595367
19595537
19595551
19595637
19595641
19595651
19595689
19596063
19596117
19596159
19596215
19596227
19596417
19596423
19596457
19596497
19596553
19596587
19596611
19596637
19596669
19596723
19596729
19596791
19596795
19596851
19596913
19596967
19596983
19597107
19597119
19597129
19597203
19597313
19597487
19597579
19597639
19597663
19597697
19597883
19597903
19597945
19598009
19598063
19598099
19598103
19598115
19598139
19598307
19598413
19598451
19598485
19598685
19598797
19598829
19598841
19598845
19599085
19599237
19599261
19599459
19599491
19599539
19599565
19599615
19599787
19599795
19599901
19599911
19599999
19600015
19600099
19600121
19600221
19600291
19600305
19600919
19600983
19601077
19601455
19601567
19601775
19601855
19601985
19602055
19602293
19602483
19602627
19602683
19602823
19602843
19602909
19602925
19603011
19603021
19603027
19603339
19603433
19603501
19603571
19603651
19603665
19603695
19603739
19603787
19603995
19604123
19604153
19604245
19604291
19604471
19604513
19604681
19604749
19604803
19604895
19604901
19604903
19604943
19604993
19605139
19605255
19605285
19605415
19605453
19605529
19605559
19605641
19605649
19605655
19605663
19605683
19605697
19605705
19605759
19605803
19606217
19606223
19606309
19606503
19606575
19606819
19606919
19607003
19607009
19607109
19607139
19607183
19607265
19607293
19607303
19607415
19607429
19607565
19607715
19607863
19607881
19607975
19607997
19608049
19608161
19608211
19608255
19608309
19608371
19608459
19608479
19608557
19608845
19608881
19608897
19608975
19608987
19609079
19609093
19609099
19609103
19609161
19609351
19609363
19609379
19609461
19609489
19609533
19609547
19609553
19609661
19609819
19609833
19609869
19609917
19609937
19609999
19610181
19610213
19610307
19610591
19610593
19610641
19610821
19610911
19611089
19611129
19611223
19611249
19611255
19611359
19611613
19611669
19611697
19611773
19611945
19611977
19611985
19612069
19612117
19612165
19612175
19612229
19612401
19612473
19612515
19612689
19612717
19612743
19612753
19612761
19612777
19612893
19613073
19613309
19613483
19613491
19613513
19613551
19613621
19613631
19613761
19613903
19613909
19613911
19613921
19613951
19614009
19614101
19614105
19614169
19614191
19614249
19614417
19614475
19614539
19614577
19614581
19614639
19614717
19614725
19614745
19614763
19614765
19614839
19615017
19615035
19615099
19615307
19615353
19615381
19615439
19615493
19615503
19615527
19615619
19615715
19615763
19615833
19616001
19616023
19616089
19616235
19616309
19616357
19616443
19616461
19616561
19616585
19616625
19616783
19616789
19616863
19617071
19617125
19617185
19617209
19617285
19617439
19617573
19617657
19617721
19617751
19617803
19618015
19618047
19618091
19618137
19618149
19618157
19618223
19618257
19618309
19618379
19618439
19618459
19618577
19618835
19618843
19618893
19618907
19618999
19619173
19619237
19619321
19619361
19619463
19619551
19619629
19619767
19619805
19619991
19620043
19620071
19620237
19620363
19620445
19620463
19620467
19620871
19621061
19621327
19621397
19621635
19621645
19621733
19621785
19622031
19622113
19622179
19622323
19622437
19622457
19622541
19622807
19622833
19622895
19622955
19622971
19623047
19623087
19623109
19623131
19623213
19623281
19623293
19623409
19623479
19623521
19623571
19623597
19623651
19623687
19623717
19623837
19623851
19624087
19624303
19624313
19624369
19624569
19624771
19624821
19624899
19624903
19624933
19625093
19625135
19625209
19625281
19625341
19625387
19625397
19625423
19625511
19625611
19625647
19625659
19625703
19625805
19625989
19626083
19626235
19626253
19626373
19626395
19626403
19626415
19626463
19626549
19626683
19626889
19626991
19627019
19627079
19627263
19627269
19627461
19627463
19627465
19627537
19627667
19627837
19627875
19627967
19628083
19628237
19628241
19628437
19628497
19628695
19628845
19628905
19629083
19629147
19629225
19629297
19629311
19629561
19629635
19629969
19629973
19630035
19630077
19630087
19630121
19630141
19630167
19630221
19630315
19630357
19630435
19630441
19630469
19630731
19630755
19630767
19630847
19630895
19630901
19630997
19631027
19631047
19631113
19631151
19631213
19631275
19631289
19631295
19631327
19631347
19631415
19631483
19631503
19631555
19631615
19631621
19631665
19631693
19631711
19632103
19632365
19632437
19632473
19632571
19632797
19632887
19633215
19633245
19633285
19633293
19633417
19633491
19633505
19633567
19633647
19633687
19633713
19633915
19633933
19633943
19633985
19634055
19634185
19634231
19634247
19634317
19634325
19634339
19634391
19634553
19634713
19634747
19634923
19634933
19635009
19635121
19635127
19635145
19635215
19635293
19635333
19635335
19635337
19635513
19635599
19635829
19635855
19635915
19635953
19636039
19636067
19636073
19636173
19636315
19636453
19636469
19636493
19636651
19636695
19636707
19636949
19636967
19636989
19637071
19637149
19637155
19637311
19637377
19637553
19637625
19637671
19637707
19637725
19637909
19637989
19638091
19638133
19638333
19638369
19638485
19638497
19638521
19638547
19638597
19638771
19638797
19638887
19638893
19638937
19638979
19638985
19639023
19639061
19639127
19639259
19639301
19639325
19639365
19639453
19639549
19639551
19639691
19639701
19639737
19640087
19640149
19640177
19640323
19640339
19640357
19640387
19640389
19640415
19640431
19640581
19640607
19640701
19640787
19640873
19641059
19641109
19641227
19641611
19641701
19641781
19641785
19641933
19642021
19642083
19642177
19642191
19642233
19642541
19642547
19642587
19642591
19642651
19642767
19642793
19642799
19642805
19642857
19642861
19642941
19643069
19643095
19643099
19643113
19643121
19643309
19643313
19643325
19643395
19643519
19643573
19643599
19643667
19643797
19643831
19644125
19644345
19644407
19644451
19644465
19644617
19644741
19644743
19644923
19644941
19644975
19645113
19645203
19645245
19645297
19645313
19645351
19645463
19645851
19646081
19646099
19646107
19646217
19646351
19646391
19646527
19646531
19646631
19646685
19646715
19646721
19646737
19646843
19646889
19647071
19647077
19647209
19647241
19647309
19647319
19647367
19647495
19647561
19647677
19647727
19647747
19647751
19647767
19647885
19648155
19648279
19648363
19648531
19648567
19648593
19648729
19648731
19648907
19648937
19649117
19649283
19649323
19649487
19649501
19649525
19649571
19649579
19649643
19649657
19649671
19649673
19649705
19649819
19650093
19650109
19650175
19650179
19650195
19650245
19650259
19650295
19650297
19650325
19650423
19650453
19650487
19650599
19650621
19650873
19650997
19650999
19651183
19651215
19651219
19651269
19651305
19651377
19651391
19651427
19651459
19651633
19651649
19651667
19651701
19651811
19651845
19651865
19651949
19651973
19652001
19652111
19652195
19652235
19652307
19652315
19652359
19652365
19652447
19652495
19652535
19652571
19652573
19652647
19652739
19652841
19652903
19652953
19652977
19653315
19653357
19653387
19653817
19653857
19653885
19653925
19653979
19654051
19654183
19654225
19654235
19654239
19654247
19654249
19654421
19654429
19654575
19654611
19654617
19654687
19654695
19654743
19654769
19654775
19654909
19655039
19655113
19655247
19655319
19655457
19655605
19655763
19655789
19655855
19655903
19655911
19656119
19656253
19656375
19656411
19656431
19656507
19656579
19656583
19656623
19656649
19656701
19656753
19656825
19656883
19657097
19657143
19657297
19657407
19657453
19657705
19657717
19657801
19657861
19657867
19657995
19657997
19658035
19658501
19658699
19658723
19658813
19658895
19658961
19659015
19659125
19659233
19659373
19659399
19659415
19659465
19659701
19659709
19659723
19659733
19659809
19659871
19659875
19659965
19660105
19660143
19660191
19660193
19660305
19660333
19660337
19660567
19660617
19660657
19660763
19660775
19660795
19660923
19660929
19661025
19661049
19661287
19661289
19661341
19661349
19661451
19661533
19661605
19661771
19661927
19661997
19662011
19662083
19662153
19662173
19662223
19662411
19662433
19662503
19662565
19662687
19662729
19662761
19662833
19662849
19662875
19662931
19662983
19663171
19663217
19663257
19663485
19663585
19663703
19663815
19663843
19663857
19663927
19663943
19663981
19664157
19664271
19664393
19664447
19664543
19664555
19664697
19664853
19665085
19665173
19665219
19665297
19665495
19665621
19665645
19665757
19665873
19665885
19665999
19666009
19666015
19666031
19666057
19666087
19666093
19666147
19666335
19666355
19666385
19666485
19666523
19666609
19666629
19666729
19666753
19666775
19666845
19666909
19666911
19666927
19667005
19667029
19667185
19667343
19667353
19667527
19667543
19667811
19668253
19668471
19668583
19668713
19668955
19669005
19669071
19669139
19669429
19669455
19669491
19669589
19669599
19669681
19669743
19669795
19669823
19669849
19669853
19669901
19670001
19670009
19670097
19670199
19670227
19670331
19670365
19670443
19670483
19670603
19670633
19670687
19670717
19670827
19670855
19670859
19670929
19671121
19671251
19671313
19671323
19671455
19671477
19671505
19672079
19672303
19672341
19672417
19672473
19672685
19672721
19672971
19673069
19673217
19673361
19673377
19673613
19673699
19673709
19673711
19674085
19674147
19674207
19674233
19674307
19674413
19674595
19674607
19674639
19674747
19674805
19674865
19675021
19675057
19675117
19675131
19675133
19675141
19675271
19675321
19675351
19675755
19675819
19675891
19676015
19676059
19676167
19676219
19676289
19676295
19676303
19676393
19676401
19676455
19676503
19676523
19676541
19676553
19676603
19676739
19676757
19676829
19677205
19677231
19677361
19677379
19677429
19677463
19677533
19677627
19677657
19677785
19677837
19677941
19678009
19678089
19678161
19678189
19678205
19678367
19678393
19678527
19678575
19678719
19678811
19678967
19679105
19679107
19679155
19679213
19679225
19679433
19679523
19679593
19679829
19679877
19679919
19679995
19680057
19680487
19680491
19680645
19680679
19680805
19680823
19680825
19680961
19681067
19681079
19681235
19681325
19681573
19681677
19681727
19681811
19681859
19681873
19681879
19681881
19681921
19681941
19682157
19682213
19682239
19682295
19682297
19682403
19682499
19682501
19682637
19682651
19682781
19682841
19682851
19682909
19683013
19683071
19683105
19683193
19683269
19683761
19683887
19683945
19683963
19684055
19684171
19684201
19684243
19684347
19684415
19684441
19684513
19684527
19684563
19684589
19684801
19684823
19684925
19684957
19684987
19685001
19685025
19685071
19685281
19685343
19685423
19685481
19685627
19685657
19685737
19685927
19685965
19686039
19686329
19686431
19686449
19686499
19686515
19686543
19686551
19686627
19686631
19686719
19686821
19686905
19686999
19687019
19687055
19687143
19687357
19687497
19687741
19687821
19687903
19687917
19688007
19688113
19688149
19688219
19688257
19688309
19688343
19688441
19688443
19688759
19688765
19688805
19688825
19688845
19688873
19688955
19689027
19689161
19689221
19689337
19689409
19689557
19689667
19689695
19689845
19690069
19690121
19690141
19690257
19690265
19690267
19690271
19690307
19690541
19690581
19690613
19690653
19690685
19690745
19690877
19690895
19690919
19690961
19691017
19691027
19691031
19691037
19691061
19691111
19691179
19691267
19691349
19691371
19691587
19691643
19691793
19691825
19691861
19692159
19692285
19692453
19692545
19692575
19692657
19692869
19692907
19692953
19693035
19693281
19693307
19693605
19693675
19693737
19693741
19693799
19693837
19693861
19693887
19693907
19693981
19694013
19694143
19694179
19694267
19694413
19694435
19694507
19694525
19694539
19694655
19694657
19694681
19694791
19694869
19694975
19695081
19695325
19695401
19695429
19695457
19695563
19695623
19695635
19695817
19695923
19695931
19695971
19696045
19696109
19696123
19696127
19696279
19696321
19696417
19696565
19696615
19696803
19696853
19696911
19697099
19697243
19697269
19697313
19697445
19697589
19697655
19697761
19697837
19697847
19697903
19698009
19698023
19698137
19698149
19698277
19698379
19698445
19698757
19698775
19698787
19698793
19698835
19698841
19698865
19699029
19699115
19699149
19699267
19699351
19699431
19699493
19699557
19699625
19699691
19699841
19699921
19699951
19699999
19700027
19700179
19700219
19700307
19700407
19700417
19700465
19700639
19700657
19700797
19700801
19700929
19700959
19701003
19701027
19701041
19701161
19701299
19701377
19701379
19701419
19701525
19701685
19701755
19701781
19701785
19701807
19701859
19701861
19701901
19702215
19702217
19702325
19702389
19702435
19702475
19702539
19702603
19702761
19702807
19702831
19702923
19703057
19703259
19703263
19703287
19703357
19703447
19703455
19703459
19703475
19703513
19703583
19703725
19703739
19703781
19703841
19703977
19704071
19704091
19704227
19704411
19704533
19704563
19704633
19704737
19704747
19704953
19704955
19705025
19705053
19705153
19705187
19705245
19705295
19705449
19705461
19705493
19705519
19705609
19705629
19705635
19705979
19706047
19706111
19706225
19706439
19706557
19706757
19706815
19706847
19706861
19706905
19706919
19706951
19706991
19707075
19707107
19707387
19707403
19707519
19707527
19707907
19708097
19708115
19708195
19708245
19708339
19708367
19708467
19708791
19708853
19708947
19709069
19709113
19709125
19709151
19709171
19709195
19709267
19709325
19709505
19709563
19709571
19709823
19709871
19709893
19710059
19710125
19710195
19710199
19710239
19710279
19710303
19710357
19710411
19710429
19710515
19710537
19710667
19710817
19710901
19710925
19710955
19711235
19711285
19711317
19711449
19711463
19711489
19711505
19711515
19711535
19711663
19711675
19711773
19711893
19712017
19712061
19712105
19712189
19712227
19712241
19712305
19712435
19712445
19712497
19712507
19712547
19712559
19712607
19712633
19712639
19712715
19712793
19712883
19712901
19713195
19713315
19713347
19713357
19713389
19713493
19713657
19713691
19713703
19713727
19713781
19713785
19713805
19713897
19713903
19713907
19713963
19714013
19714021
19714049
19714083
19714085
19714129
19714323
19714341
19714353
19714365
19714369
19714377
19714393
19714427
19714449
19714581
19714705
19714845
19715095
19715103
19715191
19715193
19715285
19715293
19715391
19715469
19715559
19715597
19715617
19715807
19715855
19715965
19716047
19716067
19716181
19716183
19716327
19716393
19716413
19716497
19716579
19716619
19716731
19716881
19716931
19717099
19717189
19717273
19717325
19717379
19717505
19717573
19717575
19717605
19717649
19717759
19717847
19717907
19717983
19717995
19718427
19718465
19718645
19718903
19718911
19719043
19719141
19719201
19719331
19719349
19719359
19719531
19719535
19719589
19719685
19719701
19719811
19719963
19720009
19720061
19720209
19720315
19720359
19720559
19720563
19720611
19720723
19720977
19720985
19721119
19721165
19721171
19721217
19721261
19721297
19721609
19721641
19721647
19721685
19721695
19721745
19722143
19722221
19722291
19722421
19722437
19722441
19722591
19722623
19722665
19722707
19722717
19722767
19722775
19722783
19722863
19723069
19723167
19723173
19723391
19723479
19723489
19723567
19723645
19723685
19723887
19723923
19723927
19724265
19724267
19724401
19724439
19724461
19724481
19724675
19724847
19724855
19724943
19724957
19725095
19725119
19725153
19725331
19725413
19725615
19725695
19725833
19726043
19726049
19726157
19726161
19726197
19726215
19726227
19726437
19726459
19726469
19726567
19726649
19726833
19726931
19727081
19727105
19727257
19727263
19727317
19727331
19727465
19727493
19727563
19727779
19727801
19727887
19728025
19728027
19728149
19728161
19728163
19728369
19728427
19728431
19728479
19728499
19728579
19728587
19728769
19728799
19728821
19728835
19728867
19729157
19729223
19729305
19729453
19729591
19729695
19729791
19729799
19729815
19729861
19729887
19729889
19729951
19729993
19730015
19730059
19730081
19730165
19730277
19730289
19730355
19730477
19730579
19730581
19730697
19730713
19730767
19730793
19730889
19730957
19731035
19731071
19731153
19731173
19731191
19731261
19731393
19731443
19731465
19731567
19731905
19731947
19731951
19732047
19732215
19732265
19732269
19732311
19732351
19732371
19732375
19732485
19732595
19732651
19732663
19732673
19732677
19732721
19732745
19732979
19733011
19733017
19733033
19733067
19733089
19733217
19733245
19733371
19733631
19733723
19733733
19733745
19733761
19733785
19733903
19733939
19733969
19733979
19734073
19734167
19734367
19734449
19734481
19734513
19734563
19734663
19734667
19734845
19734979
19734997
19735039
19735081
19735183
19735241
19735369
19735377
19735427
19735501
19735703
19735709
19735731
19735969
19735999
19736005
19736019
19736107
19736123
19736167
19736235
19736251
19736263
19736267
19736437
19736439
19736471
19736501
19736701
19736811
19736843
19736899
19737049
19737067
19737089
19737113
19737143
19737161
19737171
19737371
19737537
19737593
19737689
19737705
19737775
19737785
19737811
19737835
19737841
19737953
19738019
19738115
19738121
19738125
19738239
19738255
19738335
19738395
19738433
19738635
19738715
19738771
19738789
19738845
19738857
19739041
19739171
19739231
19739309
19739425
19739461
19739487
19739547
19739759
19739945
19740055
19740083
19740113
19740121
19740141
19740181
19740203
19740223
19740229
19740239
19740245
19740309
19740317
19740411
19740471
19740599
19740679
19740765
19740845
19740939
19740943
19741075
19741133
19741185
19741275
19741327
19741453
19741479
19741541
19741549
19741551
19741665
19741815
19741839
19741899
19741989
19742079
19742143
19742207
19742249
19742273
19742385
19742561
19742605
19742611
19742633
19742661
19742677
19742679
19742705
19742793
19742939
19743003
19743091
19743225
19743233
19743321
19743387
19743465
19743499
19743605
19743711
19743727
19743737
19744009
19744147
19744167
19744317
19744523
19744557
19744561
19744835
19744875
19744929
19745047
19745115
19745245
19745249
19745303
19745385
19745473
19745503
19745633
19745647
19745659
19745705
19745739
19745869
19745891
19745909
19745949
19746035
19746081
19746119
19746143
19746305
19746495
19746543
19746577
19746961
19746979
19746993
19747271
19747319
19747413
19747493
19747631
19747675
19747731
19747747
19747803
19747931
19747941
19748033
19748125
19748137
19748183
19748399
19748401
19748473
19748489
19748497
19748587
19748859
19748963
19749065
19749157
19749165
19749273
19749289
19749419
19749551
19749557
19749565
19749653
19749803
19750117
19750165
19750231
19750289
19750307
19750323
19750445
19750471
19750535
19750563
19750565
19750655
19750757
19750785
19750793
19750889
19750957
19751007
19751105
19751223
19751237
19751367
19751425
19751527
19751561
19751571
19751623
19751633
19751635
19751641
19751647
19751665
19751801
19751835
19751887
19751929
19752071
19752089
19752171
19752395
19752471
19752617
19753019
19753103
19753129
19753165
19753245
19753369
19753409
19753503
19753665
19753677
19753819
19753861
19754047
19754125
19754145
19754191
19754273
19754285
19754291
19754337
19754343
19754673
19754727
19754739
19754787
19754791
19754851
19754995
19755017
19755085
19755109
19755119
19755173
19755177
19755219
19755241
19755257
19755289
19755309
19755371
19755397
19755399
19755405
19755527
19755559
19755585
19755739
19755825
19755835
19755995
19756063
19756111
19756125
19756149
19756237
19756255
19756289
19756355
19756375
19756489
19756537
19756541
19756659
19756953
19756963
19756965
19756983
19757237
19757247
19757409
19757443
19757573
19757983
19758119
19758185
19758215
19758225
19758319
19758423
19758471
19758509
19758511
19758523
19758583
19758613
19758799
19758807
19758809
19758895
19758925
19758933
19759033
19759103
19759119
19759193
19759207
19759217
19759381
19759397
19759403
19759477
19759499
19759539
19759593
19759951
19760003
19760025
19760139
19760403
19760411
19760651
19760681
19760765
19760911
19761059
19761099
19761113
19761197
19761369
19761541
19761817
19762031
19762149
19762177
19762189
19762191
19762203
19762209
19762235
19762245
19762291
19762309
19762353
19762415
19762425
19762521
19762547
19762555
19762689
19762721
19762777
19762875
19763083
19763095
19763129
19763143
19763165
19763247
19763279
19763457
19763475
19763535
19763689
19763947
19764019
19764063
19764447
19764727
19764785
19764891
19765013
19765033
19765287
19765411
19765691
19765719
19765731
19765773
19765787
19765973
19766107
19766151
19766275
19766353
19766371
19766375
19766509
19766563
19766813
19766847
19766869
19766879
19766897
19766955
19766975
19767105
19767145
19767159
19767255
19767273
19767465
19767477
19767607
19767709
19767745
19767787
19767971
19768065
19768103
19768125
19768201
19768237
19768245
19768365
19768395
19768481
19768499
19768529
19768573
19768633
19768763
19768819
19768887
19768955
19769095
19769211
19769291
19769365
19769407
19769411
19769433
19769465
19769607
19769671
19769673
19769727
19769737
19769851
19769987
19770043
19770137
19770233
19770315
19770371
19770425
19770457
19770637
19770659
19770663
19770675
19770805
19770881
19770893
19770933
19771035
19771097
19771179
19771285
19771307
19771411
19771553
19771593
19771695
19771883
19771919
19771951
19772075
19772091
19772163
19772197
19772251
19772259
19772271
19772319
19772323
19772371
19772377
19772405
19772503
19772551
19772727
19772747
19772765
19772853
19772865
19773021
19773071
19773123
19773171
19773173
19773191
19773245
19773247
19773281
19773369
19773447
19773465
19773605
19773633
19773737
19773751
19773849
19773925
19773943
19774017
19774045
19774073
19774103
19774123
19774323
19774363
19774377
19774395
19774555
19774607
19774649
19774727
19774751
19774779
19774809
19774823
19774897
19774907
19774953
19775231
19775253
19775347
19775411
19775473
19775577
19775587
19775595
19775631
19775893
19776075
19776247
19776471
19776495
19776587
19776627
19776675
19776683
19776689
19776711
19776773
19776787
19776791
19777201
19777239
19777259
19777289
19777307
19777335
19777445
19777481
19777965
19777987
19778005
19778095
19778099
19778193
19778235
19778299
19778309
19778329
19778387
19778397
19778447
19778681
19778895
19778977
19779099
19779123
19779263
19779441
19779459
19779845
19779875
19779957
19780007
19780127
19780323
19780359
19780397
19780421
19780427
19780445
19780475
19780487
19780529
19780601
19780653
19780703
19780875
19780909
19780981
19781043
19781073
19781103
19781181
19781281
19781333
19781445
19781483
19781523
19781587
19781597
19781609
19781631
19781689
19781693
19781719
19781753
19781809
19781823
19781863
19781867
19781871
19781887
19782097
19782295
19782353
19782359
19782495
19782519
19782521
19782525
19782559
19782573
19782625
19782739
19782779
19782843
19782867
19782939
19782959
19782965
19782971
19783009
19783013
19783097
19783145
19783165
19783215
19783317
19783477
19783529
19783639
19783789
19783825
19783889
19783927
19783935
19783955
19784011
19784097
19784315
19784349
19784403
19784451
19784517
19784543
19784555
19784589
19784593
19784605
19784611
19784735
19784741
19784773
19784777
19784801
19784867
19784891
19785061
19785425
19785479
19785551
19785577
19785585
19785623
19785677
19785771
19785889
19785939
19785977
19786047
19786067
19786151
19786213
19786257
19786373
19786583
19786607
19786609
19786691
19786707
19786713
19786739
19786761
19786795
19787125
19787151
19787153
19787227
19787237
19787313
19787357
19787401
19787407
19787419
19787519
19787559
19787597
19787683
19787747
19787877
19787959
19788081
19788177
19788203
19788273
19788347
19788387
19788661
19788741
19788753
19788899
19788917
19788963
19789115
19789123
19789125
19789253
19789333
19789337
19789375
19789459
19789477
19789581
19789631
19789709
19789757
19789965
19789983
19790117
19790417
19790545
19790597
19790615
19790641
19790691
19790911
19791139
19791211
19791241
19791255
19791293
19791385
19791501
19791549
19791551
19791581
19791593
19791717
19791765
19792085
19792297
19792339
19792403
19792435
19792473
19792537
19792549
19792625
19792641
19792727
19792833
19792845
19792897
19792955
19793011
19793023
19793087
19793367
19793397
19793639
19793649
19793729
19793829
19793835
19793909
19794061
19794327
19794387
19794417
19794451
19794473
19794511
19794583
19794693
19794759
19794847
19795033
19795205
19795253
19795311
19795363
19795367
19795447
19795627
19795785
19795807
19795813
19795963
19796135
19796137
19796229
19796313
19796417
19796615
19796649
19796821
19796825
19796891
19796893
19796957
19797025
19797097
19797131
19797213
19797265
19797273
19797277
19797285
19797313
19797399
19797411
19797489
19797509
19797547
19797553
19797641
19797801
19797919
19797977
19798113
19798203
19798253
19798487
19798493
19798507
19798523
19798555
19798559
19798583
19798649
19798743
19798755
19798773
19798829
19798851
19798907
19799019
19799069
19799259
19799353
19799397
19799539
19799675
19799699
19799741
19799753
19799821
19799849
19799851
19799877
19800035
19800245
19800281
19800309
19800329
19800345
19800411
19800443
19800489
19800585
19800669
19800719
19800783
19800833
19800853
19800885
19800915
19800989
19801079
19801143
19801169
19801273
19801315
19801357
19801417
19801479
19801575
19801595
19801827
19801933
19801975
19802043
19802055
19802193
19802259
19802281
19802351
19802389
19802579
19802609
19802729
19802745
19802805
19802913
19802977
19803131
19803161
19803235
19803317
19803349
19803429
19803511
19803525
19803537
19803697
19803711
19803801
19803859
19803877
19803911
19803919
19803945
19803983
19803993
19804011
19804067
19804199
19804303
19804329
19804371
19804415
19804431
19804443
19804515
19804595
19804765
19804831
19804867
19805011
19805051
19805115
19805277
19805289
19805417
19805501
19805559
19805595
19805607
19805655
19805687
19805813
19805837
19805851
19805889
19806101
19806221
19806357
19806359
19806595
19806657
19806739
19806803
19806805
19807011
19807023
19807069
19807085
19807287
19807335
19807353
19807375
19807413
19807607
19807611
19807647
19807669
19807739
19807893
19807929
19807959
19807961
19808149
19808197
19808353
19808393
19808507
19808741
19808753
19808763
19808921
19808947
19808987
19809103
19809173
19809187
19809227
19809299
19809433
19809511
19809563
19809657
19809669
19809695
19809759
19809801
19809807
19809811
19809821
19809849
19809947
19810117
19810145
19810151
19810217
19810313
19810325
19810371
19810405
19810421
19810433
19810445
19810519
19810639
19810673
19810693
19810711
19810729
19810813
19810835
19810903
19810909
19810963
19810977
19811033
19811039
19811063
19811077
19811253
19811259
19811267
19811327
19811545
19811727
19811739
19811757
19811821
19811851
19811869
19811885
19812055
19812149
19812165
19812211
19812243
19812433
19812543
19812647
19812687
19812719
19812799
19812869
19812891
19812913
19813137
19813147
19813155
19813219
19813263
19813341
19813349
19813419
19813461
19813555
19813635
19813719
19813737
19813877
19813881
19813923
19814225
19814291
19814397
19814483
19814545
19814547
19814637
19814771
19814913
19814965
19815163
19815181
19815217
19815305
19815311
19815321
19815323
19815355
19815375
19815455
19815521
19815657
19815779
19815833
19815877
19815923
19815967
19816153
19816275
19816295
19816335
19816545
19816607
19816641
19816769
19816777
19816833
19816985
19817175
19817291
19817293
19817403
19817483
19817545
19817817
19817885
19817887
19817941
19817967
19818107
19818145
19818173
19818377
19818379
19818447
19818499
19818523
19818531
19818635
19818643
19818651
19818657
19818661
19818749
19818841
19818879
19818911
19819187
19819243
19819265
19819335
19819441
19819599
19819731
19819819
19819935
19819939
19819973
19820013
19820017
19820057
19820109
19820187
19820235
19820279
19820289
19820377
19820951
19820985
19821153
19821211
19821273
19821311
19821377
19821451
19821487
19821667
19821697
19821799
19821863
19821923
19822175
19822193
19822227
19822323
19822489
19822491
19822519
19822613
19822635
19822825
19822839
19822897
19822919
19822973
19822981
19823195
19823213
19823217
19823261
19823441
19823479
19823947
19823963
19823993
19824249
19824325
19824353
19824381
19824499
19824709
19824745
19824813
19824869
19824897
19824959
19825001
19825017
19825199
19825451
19825523
19825633
19825635
19825693
19825749
19826007
19826071
19826135
19826201
19826219
19826243
19826289
19826405
19826409
19826465
19826477
19826671
19826801
19826833
19827073
19827105
19827117
19827147
19827175
19827329
19827341
19827473
19827481
19827485
19827545
19827625
19827727
19827787
19827805
19828083
19828097
19828157
19828167
19828247
19828259
19828347
19828519
19828525
19828543
19828569
19828659
19828687
19828737
19828757
19829029
19829113
19829237
19829269
19829343
19829353
19829547
19829657
19829677
19829679
19829699
19829709
19829739
19829891
19829925
19829927
19829933
19830083
19830101
19830277
19830329
19830357
19830373
19830389
19830473
19830561
19830815
19830939
19830953
19830977
19831129
19831219
19831261
19831265
19831271
19831297
19831527
19831549
19831759
19831809
19831989
19832043
19832103
19832149
19832337
19832391
19832397
19832427
19832441
19832455
19832533
19832621
19832691
19832799
19832861
19833001
19833009
19833081
19833109
19833121
19833149
19833239
19833421
19833453
19833455
19833457
19833627
19833705
19833741
19833825
19833843
19833887
19833897
19833995
19834145
19834167
19834211
19834401
19834639
19834667
19834671
19834713
19834783
19834963
19834977
19835005
19835023
19835039
19835061
19835225
19835255
19835309
19835325
19835523
19835635
19835695
19835725
19835797
19835881
19835915
19836009
19836075
19836341
19836447
19836513
19836523
19836623
19836773
19836779
19836801
19836861
19836889
19836891
19836897
19836935
19837069
19837203
19837541
19837649
19837697
19837863
19837865
19837919
19837923
19837993
19838187
19838505
19838575
19838741
19838919
19838935
19838961
19838973
19839141
19839185
19839207
19839277
19839303
19839327
19839515
19839625
19839781
19839821
19839897
19839899
19839981
19840067
19840095
19840097
19840187
19840239
19840277
19840339
19840501
19841043
19841045
19841083
19841123
19841179
19841253
19841327
19841377
19841457
19841497
19841545
19841571
19841573
19841579
19841585
19841741
19841933
19841979
19842045
19842077
19842127
19842211
19842287
19842299
19842337
19842355
19842381
19842403
19842453
19842501
19842503
19842517
19842709
19842789
19842865
19843011
19843057
19843089
19843269
19843275
19843311
19843313
19843333
19843369
19843509
19843675
19843739
19843835
19843893
19843909
19844161
19844169
19844271
19844341
19844379
19844449
19844651
19844659
19844687
19844705
19844737
19844927
19844989
19845083
19845097
19845111
19845127
19845271
19845273
19845345
19845381
19845409
19845463
19845627
19845629
19845657
19845659
19845795
19845829
19845895
19846139
19846223
19846247
19846385
19846451
19846505
19846515
19846535
19846609
19846641
19846679
19846775
19846879
19846903
19846923
19846975
19846991
19847011
19847081
19847091
19847159
19847161
19847165
19847201
19847333
19847335
19847355
19847473
19847535
19847593
19847617
19847825
19847839
19847871
19847875
19847955
19848003
19848031
19848107
19848109
19848145
19848259
19848275
19848371
19848433
19848467
19848489
19848545
19848603
19848679
19848683
19848735
19848809
19848937
19848939
19848951
19848957
19849005
19849087
19849135
19849137
19849225
19849251
19849269
19849353
19849369
19849409
19849411
19849497
19849507
19849681
19849729
19849749
19849753
19849757
19850091
19850155
19850309
19850361
19850525
19850563
19850581
19850771
19850873
19850881
19851013
19851015
19851053
19851151
19851197
19851203
19851269
19851477
19851523
19851585
19851755
19851849
19851867
19851963
19851985
19852017
19852045
19852057
19852061
19852211
19852319
19852399
19852651
19852681
19852695
19852899
19852985
19853007
19853109
19853181
19853245
19853319
19853375
19853463
19853487
19853707
19853729
19853735
19853745
19853863
19853871
19853903
19853959
19854033
19854071
19854097
19854115
19854119
19854123
19854167
19854259
19854267
19854301
19854431
19854441
19854451
19854567
19854581
19854585
19854621
19854661
19854709
19854895
19855063
19855097
19855119
19855145
19855165
19855287
19855293
19855409
19855451
19855483
19855517
19855599
19855607
19855789
19855871
19855937
19856141
19856155
19856273
19856275
19856331
19856367
19856399
19856633
19856683
19856755
19856799
19856899
19857077
19857151
19857261
19857399
19857439
19857443
19857447
19857541
19857633
19857641
19857651
19857807
19857813
19858003
19858043
19858215
19858401
19858411
19858461
19858605
19858627
19858665
19858761
19858823
19858837
19858875
19858917
19858961
19859065
19859173
19859273
19859287
19859305
19859311
19859451
19859559
19859647
19859719
19859731
19859749
19859783
19859813
19859853
19859859
19859867
19859891
19859945
19859977
19859989
19860013
19860075
19860119
19860183
19860233
19860323
19860329
19860455
19860529
19860581
19860605
19860765
19860799
19860909
19860983
19861115
19861131
19861137
19861147
19861151
19861181
19861275
19861345
19861483
19861511
19861727
19861749
19861925
19862021
19862047
19862081
19862203
19862473
19862589
19862689
19862695
19862835
19862845
19862883
19863055
19863181
19863315
19863395
19863405
19863469
19863575
19863577
19863595
19863623
19863637
19863779
19863943
19864001
19864047
19864053
19864071
19864135
19864301
19864387
19864583
19864587
19864713
19864801
19864929
19864931
19865003
19865007
19865011
19865017
19865075
19865113
19865237
19865287
19865347
19865353
19865455
19865493
19865597
19865633
19865801
19865841
19865971
19866109
19866129
19866179
19866343
19866539
19866651
19866877
19867243
19867343
19867379
19867389
19867399
19867405
19867491
19867531
19867639
19867653
19867703
19867745
19867897
19867941
19868009
19868061
19868079
19868143
19868391
19868567
19868583
19868657
19868671
19868683
19868713
19868909
19868921
19868959
19869175
19869259
19869377
19869389
19869405
19869443
19869481
19869513
19869595
19869631
19869745
19869847
19869855
19869909
19869965
19870025
19870033
19870133
19870149
19870181
19870257
19870297
19870341
19870347
19870433
19870455
19870467
19870525
19870539
19870557
19870603
19870735
19870737
19870753
19870831
19870879
19870925
19870967
19870991
19871139
19871167
19871313
19871373
19871385
19871427
19871511
19871603
19871609
19871629
19871641
19871893
19871975
19872051
19872087
19872175
19872187
19872485
19872795
19872849
19872937
19872965
19872977
19873075
19873105
19873139
19873157
19873447
19873551
19873579
19873639
19873715
19873755
19873863
19873881
19873885
19873905
19873945
19873963
19873965
19874055
19874121
19874169
19874185
19874277
19874507
19874621
19874675
19874711
19874727
19874793
19874811
19874951
19875181
19875329
19875409
19875453
19875463
19875651
19875691
19875723
19875767
19875773
19875779
19875839
19875907
19875971
19875989
19876029
19876035
19876079
19876083
19876105
19876107
19876141
19876211
19876213
19876303
19876435
19876523
19876539
19876635
19876875
19876943
19877007
19877111
19877147
19877149
19877225
19877527
19877599
19877613
19877633
19877637
19877739
19877815
19877917
19878033
19878095
19878135
19878157
19878219
19878253
19878311
19878319
19878325
19878389
19878503
19878533
19878537
19878605
19878651
19878841
19878851
19878863
19878945
19878971
19879085
19879131
19879353
19879375
19879433
19879477
19879483
19879597
19879643
19879727
19879729
19879763
19879775
19879799
19879803
19879917
19879939
19879953
19880055
19880069
19880241
19880283
19880447
19880489
19880555
19880585
19880645
19880661
19880793
19880841
19881013
19881031
19881071
19881253
19881305
19881329
19881401
19881405
19881545
19881613
19881623
19881751
19881831
19881867
19881979
19882083
19882117
19882245
19882315
19882377
19882381
19882477
19882495
19882581
19882623
19882687
19882713
19882757
19882807
19882851
19883103
19883201
19883489
19883741
19883757
19883831
19883875
19883879
19883923
19883993
19884159
19884195
19884247
19884265
19884273
19884277
19884325
19884327
19884371
19884401
19884511
19884685
19884691
19884717
19884727
19884731
19884871
19884935
19884947
19884963
19884987
19885005
19885041
19885219
19885221
19885381
19885547
19885579
19885595
19885687
19885745
19885773
19885791
19885955
19886153
19886177
19886259
19886315
19886329
19886347
19886385
19886399
19886415
19886429
19886439
19886459
19886467
19886795
19886829
19886909
19886929
19887077
19887183
19887319
19887715
19887717
19887719
19887775
19887895
19887991
19888073
19888135
19888335
19888491
19888551
19888593
19888639
19888657
19888669
19888769
19888841
19888869
19888921
19888985
19888989
19889097
19889167
19889197
19889267
19889397
19889505
19889527
19889645
19889651
19889673
19889753
19889817
19889909
19889963
19890013
19890093
19890165
19890189
19890211
19890279
19890325
19890407
19890443
19890561
19890685
19890739
19890741
19890869
19890953
19891029
19891073
19891213
19891317
19891455
19891539
19891593
19891619
19891705
19891731
19891787
19891863
19891869
19891931
19891949
19892007
19892169
19892227
19892269
19892311
19892367
19892465
19892609
19892747
19892755
19892789
19892853
19892855
19892863
19892993
19893039
19893139
19893223
19893289
19893303
19893417
19893437
19893617
19893627
19893919
19894009
19894057
19894139
19894141
19894279
19894341
19894549
19894565
19894579
19894629
19894711
19894801
19894855
19894991
19895031
19895115
19895177
19895199
19895287
19895293
19895309
19895313
19895463
19895541
19895563
19895675
19895707
19895973
19896015
19896047
19896071
19896181
19896211
19896287
19896381
19896445
19896447
19896469
19896683
19896723
19896777
19896795
19896799
19896909
19896949
19897013
19897315
19897341
19897411
19897499
19897523
19897669
19897875
19898071
19898143
19898177
19898275
19898337
19898385
19898391
19898613
19898681
19898725
19898835
19898863
19898935
19899083
19899155
19899233
19899281
19899345
19899403
19899451
19899463
19899465
19899551
19899695
19899769
19899877
19899937
19899959
19900147
19900285
19900287
19900303
19900313
19900353
19900379
19900411
19900491
19900609
19900673
19900715
19900867
19900969
19900973
19901093
19901101
19901119
19901185
19901231
19901299
19901357
19901371
19901387
19901499
19901511
19901577
19901695
19901699
19901863
19901911
19901931
19901987
19902013
19902067
19902159
19902245
19902363
19902369
19902517
19902589
19902655
19902841
19902847
19903009
19903043
19903065
19903285
19903307
19903357
19903391
19903441
19903447
19903537
19903575
19903615
19903657
19903663
19903713
19903735
19903737
19903769
19903775
19903829
19903991
19904001
19904025
19904027
19904039
19904073
19904105
19904233
19904361
19904507
19904561
19904591
19904625
19904705
19904735
19904739
19904837
19904893
19904895
19904921
19905267
19905341
19905343
19905405
19905675
19905685
19905731
19905735
19905757
19905859
19905909
19906009
19906027
19906113
19906217
19906297
19906307
19906349
19906355
19906361
19906387
19906413
19906423
19906445
19906449
19906531
19906577
19906615
19906657
19906667
19906837
19906865
19906899
19906901
19907025
19907121
19907143
19907229
19907297
19907325
19907465
19907517
19907543
19907577
19907605
19907885
19907991
19908087
19908209
19908499
19908509
19908513
19908523
19908671
19908695
19908707
19908717
19908797
19908825
19908937
19908977
19909243
19909251
19909407
19909723
19909751
19909791
19909833
19909939
19910039
19910101
19910147
19910213
19910295
19910423
19910431
19910463
19910489
19910533
19910673
19910695
19910701
19910911
19911011
19911085
19911277
19911381
19911383
19911591
19911909
19911971
19911973
19912013
19912025
19912339
19912631
19912689
19912709
19912735
19912851
19912855
19912903
19912953
19913179
19913201
19913317
19913453
19913477
19913545
19913685
19913737
19913935
19913965
19914053
19914063
19914111
19914849
19914873
19915041
19915149
19915169
19915183
19915241
19915281
19915301
19915343
19915363
19915383
19915489
19915577
19915637
19915649
19915723
19915755
19915803
19915807
19915829
19915899
19916133
19916233
19916339
19916425
19916445
19916525
19916591
19916633
19916639
19916647
19916705
19916783
19916837
19916913
19917053
19917187
19917397
19917457
19917539
19917705
19917823
19917875
19918039
19918069
19918091
19918189
19918275
19918345
19918415
19918427
19918455
19918525
19918651
19918673
19918727
19918779
19918863
19918957
19918999
19919029
19919047
19919055
19919087
19919177
19919181
19919249
19919445
19919525
19919549
19919611
19919763
19919801
19919821
19919845
19919913
19920065
19920211
19920247
19920255
19920311
19920335
19920407
19920443
19920467
19920495
19920545
19920939
19921027
19921045
19921067
19921123
19921137
19921255
19921343
19921349
19921369
19921447
19921459
19921577
19921605
19921633
19921651
19921675
19921719
19921737
19921753
19921811
19921883
19922001
19922093
19922201
19922389
19922483
19922485
19922491
19922531
19922577
19922815
19922855
19922959
19923095
19923193
19923257
19923405
19923417
19923451
19923523
19923635
19923659
19923765
19923887
19924201
19924205
19924381
19924419
19924455
19924569
19924609
19924797
19924883
19924949
19925097
19925131
19925189
19925219
19925327
19925369
19925513
19925583
19925627
19925661
19925761
19925813
19925815
19925853
19925919
19926075
19926099
19926127
19926201
19926225
19926283
19926311
19926347
19926353
19926363
19926413
19926467
19926527
19926533
19926651
19926653
19926677
19926699
19926789
19926799
19926819
19926833
19927017
19927115
19927125
19927425
19927471
19927639
19927675
19927711
19927825
19927873
19927931
19928079
19928159
19928245
19928265
19928283
19928301
19928303
19928353
19928551
19928597
19928629
19928735
19928747
19928759
19929007
19929061
19929109
19929119
19929123
19929127
19929141
19929193
19929217
19929229
19929235
19929457
19929559
19929593
19929839
19929847
19929879
19929907
19929981
19929985
19930043
19930099
19930175
19930185
19930203
19930363
19930399
19930411
19930421
19930425
19930431
19930611
19930633
19930687
19930703
19930737
19930761
19930905
19930953
19930999
19931067
19931159
19931167
19931211
19931351
19931353
19931373
19931441
19931521
19931571
19931577
19931721
19931793
19931987
19932027
19932071
19932165
19932227
19932323
19932417
19932531
19932573
19932651
19932667
19932785
19932967
19932989
19933023
19933029
19933311
19933315
19933323
19933387
19933439
19933475
19933529
19933535
19933673
19933717
19933729
19933935
19933945
19934097
19934313
19934347
19934467
19934637
19934647
19934677
19934809
19934857
19935077
19935095
19935099
19935233
19935257
19935355
19935445
19935463
19935489
19935539
19935625
19935707
19935749
19935753
19935835
19935843
19935849
19935865
19935869
19936045
19936115
19936229
19936245
19936253
19936337
19936405
19936413
19936439
19936483
19936525
19936591
19936603
19936657
19936695
19936999
19937199
19937337
19937393
19937565
19937597
19937633
19937673
19937703
19937777
19937829
19937927
19937935
19937961
19938121
19938279
19938291
19938343
19938391
19938451
19938463
19938531
19938567
19938639
19938657
19938701
19938747
19938795
19938829
19938917
19939005
19939019
19939025
19939051
19939079
19939157
19939185
19939207
19939241
19939279
19939331
19939335
19939347
19939415
19939449
19939547
19939553
19939717
19939719
19939735
19939767
19939831
19939993
19940031
19940111
19940117
19940171
19940265
19940355
19940519
19940683
19940721
19940887
19940897
19940985
19940987
19941035
19941059
19941061
19941091
19941163
19941195
19941489
19941527
19941591
19941625
19941901
19941935
19941953
19941955
19941993
19942071
19942213
19942255
19942279
19942301
19942335
19942341
19942351
19942495
19942507
19942527
19942529
19942561
19942689
19943017
19943019
19943059
19943065
19943091
19943285
19943287
19943385
19943707
19943709
19943753
19943757
19943769
19943811
19943819
19943927
19943965
19943987
19943997
19944223
19944229
19944271
19944339
19944391
19944461
19944497
19944511
19944607
19944649
19944661
19944713
19944765
19944813
19944867
19944887
19944953
19944955
19944977
19945081
19945237
19945405
19945621
19945669
19945721
19945737
19945761
19945821
19945915
19945973
19946077
19946085
19946119
19946137
19946257
19946291
19946411
19946487
19946591
19946667
19946707
19946843
19946861
19947129
19947167
19947469
19947573
19947619
19947627
19947631
19947645
19947863
19947927
19947949
19948075
19948135
19948427
19948487
19948521
19948653
19948671
19948739
19948777
19948851
19948999
19949007
19949015
19949127
19949213
19949263
19949289
19949433
19949465
19949703
19949813
19949829
19949885
19949941
19949951
19950083
19950271
19950329
19950403
19950437
19950465
19950473
19950599
19950633
19950807
19950873
19950945
19950963
19951045
19951071
19951119
19951193
19951255
19951461
19951507
19951529
19951547
19951615
19951631
19951751
19951779
19951829
19951889
19951901
19952039
19952049
19952217
19952231
19952245
19952329
19952423
19952429
19952615
19952731
19952763
19952803
19952805
19952827
19952887
19953223
19953325
19953397
19953499
19953507
19953513
19953561
19953641
19953665
19953673
19953789
19953823
19953883
19954145
19954151
19954251
19954265
19954381
19954419
19954447
19954527
19954565
19954617
19954693
19954703
19954827
19954865
19954905
19954995
19955063
19955185
19955271
19955385
19955421
19955511
19955591
19955617
19955653
19955675
19955709
19955871
19955889
19955919
19956115
19956117
19956151
19956169
19956233
19956279
19956343
19956415
19956487
19956503
19956551
19956565
19956611
19956699
19956811
19956873
19956899
19957059
19957081
19957161
19957211
19957331
19957341
19957399
19957637
19957645
19957647
19957693
19957717
19957733
19957743
19957771
19957773
19957785
19958029
19958073
19958173
19958213
19958259
19958355
19958511
19958591
19958699
19958799
19958857
19958999
19959015
19959107
19959125
19959195
19959203
19959291
19959359
19959411
19959531
19959643
19959701
19959803
19959949
19959971
19960053
19960055
19960063
19960151
19960159
19960241
19960801
19960885
19960925
19960961
19961009
19961059
19961141
19961409
19961429
19961441
19961669
19961703
19961801
19961883
19961897
19961929
19961939
19961979
19962003
19962075
19962139
19962163
19962205
19962229
19962359
19962471
19962485
19962569
19962803
19962867
19962877
19962909
19962953
19962965
19963077
19963095
19963235
19963275
19963345
19963351
19963457
19963479
19963505
19963549
19963781
19963829
19963849
19963879
19963899
19964297
19964333
19964433
19964509
19964563
19964587
19964745
19964829
19964863
19964869
19964881
19964897
19965251
19965329
19965429
19965551
19965645
19965669
19965675
19965731
19965779
19965875
19965999
19966031
19966061
19966175
19966191
19966255
19966271
19966335
19966399
19966407
19966439
19966515
19966721
19966731
19966915
19966947
19966959
19966973
19967009
19967153
19967199
19967359
19967425
19967497
19967539
19967635
19967667
19967669
19967749
19967799
19967823
19967919
19967971
19968007
19968033
19968075
19968119
19968129
19968243
19968261
19968269
19968273
19968391
19968415
19968455
19968695
19968743
19968755
19968761
19968855
19968887
19968891
19968907
19968981
19969125
19969211
19969231
19969271
19969387
19969407
19969419
19969581
19969583
19969615
19969673
19969717
19969837
19969883
19969933
19969997
19970011
19970095
19970269
19970355
19970367
19970393
19970519
19970585
19970657
19970773
19970781
19970959
19971111
19971141
19971225
19971239
19971259
19971265
19971523
19971541
19971611
19971689
19971753
19971775
19971903
19971927
19971995
19972023
19972155
19972283
19972419
19972433
19972523
19972573
19972645
19972963
19972973
19973059
19973277
19973331
19973355
19973429
19973491
19973601
19973605
19973611
19973683
19973795
19973891
19974067
19974165
19974243
19974395
19974473
19974579
19974727
19974837
19974893
19974901
19975039
19975177
19975241
19975289
19975347
19975415
19975507
19975545
19975749
19975755
19975851
19975997
19976021
19976123
19976221
19976223
19976317
19976343
19976385
19976409
19976511
19976531
19976611
19976641
19976659
19976737
19976967
19977045
19977065
19977147
19977197
19977345
19977375
19977383
19977549
19977569
19977671
19977683
19977877
19977943
19977961
19978087
19978193
19978299
19978303
19978335
19978449
19978513
19978599
19978729
19978859
19978875
19978913
19978955
19978967
19978999
19979119
19979219
19979311
19979513
19979531
19979643
19979657
19979687
19979703
19979763
19979853
19979899
19980007
19980013
19980035
19980149
19980171
19980249
19980267
19980315
19980537
19980605
19980617
19980723
19980797
19980839
19980895
19981017
19981045
19981053
19981069
19981167
19981233
19981325
19981343
19981389
19981423
19981435
19981585
19981595
19981625
19981677
19981795
19981815
19981965
19982009
19982023
19982095
19982123
19982307
19982389
19982473
19982677
19982733
19982859
19982869
19982891
19982911
19983115
19983195
19983347
19983383
19983477
19983545
19983569
19983637
19983901
19984045
19984085
19984087
19984091
19984099
19984127
19984129
19984221
19984625
19984753
19984799
19984997
19985063
19985071
19985195
19985257
19985291
19985293
19985321
19985371
19985395
19985419
19985421
19985501
19985519
19985601
19985607
19985745
19985769
19985869
19985893
19986047
19986099
19986117
19986229
19986279
19986365
19986383
19986419
19986463
19986683
19986691
19986727
19986729
19986731
19986843
19986859
19986865
19986995
19987029
19987037
19987043
19987271
19987325
19987391
19987459
19987539
19987579
19987669
19987737
19987749
19987989
19988181
19988193
19988237
19988381
19988437
19988477
19988521
19988605
19988751
19988813
19988851
19988869
19989025
19989121
19989231
19989453
19989479
19989513
19989727
19989825
19990003
19990035
19990135
19990153
19990213
19990267
19990305
19990413
19990535
19990575
19990831
19990883
19990921
19990965
19990997
19991085
19991111
19991127
19991129
19991143
19991365
19991537
19991605
19991615
19991625
19991635
19991697
19991847
19991855
19991887
19991921
19991933
19992005
19992099
19992185
19992367
19992537
19992571
19992675
19992773
19992791
19993157
19993305
19993347
19993361
19993599
19993603
19993797
19993823
19993835
19993947
19994075
19994199
19994217
19994301
19994393
19994395
19994427
19994527
19994671
19994675
19994775
19994793
19994817
19994899
19994949
19995157
19995305
19995493
19995609
19995821
19995875
19996067
19996131
19996171
19996353
19996379
19996409
19996461
19996475
19996485
19996635
19996745
19996833
19996863
19997061
19997147
19997219
19997483
19997577
19997585
19997621
19997969
19997987
19998049
19998063
19998085
19998087
19998103
19998117
19998203
19998307
19998311
19998405
19998409
19998463
19998537
19998609
19998675
19998699
19998743
19998775
19998819
19998961
19998967
19999065
19999157
19999273
19999443
19999447
19999471
19999483
19999597
19999685
19999799
19999989
