# proven primes: b with (b^16+1)/2 prime (aprcl), block [20000000,21000000)
20000033
20000043
20000311
20000319
20000401
20000425
20000459
20000565
20000819
20000821
20000827
20000871
20000915
20001019
20001033
20001141
20001153
20001179
20001205
20001247
20001415
20001447
20001545
20001701
20001727
20001729
20001797
20001819
20002003
20002053
20002251
20002349
20002365
20002383
20002481
20002547
20002557
20002661
20002829
20002843
20002859
20002891
20002895
20002911
20003001
20003053
20003169
20003175
20003205
20003267
20003383
20003463
20003513
20003539
20003547
20003619
20003647
20003675
20003865
20004021
20004023
20004405
20004439
20004455
20004471
20004527
20004747
20004885
20004981
20005011
20005029
20005179
20005281
20005295
20005361
20005385
20005503
20005639
20005683
20005885
20005943
20006213
20006237
20006477
20006727
20006751
20006775
20006855
20006897
20006961
20007139
20007195
20007235
20007279
20007365
20007415
20007439
20007495
20007577
20007635
20007811
20007829
20007909
20007935
20007943
20008143
20008165
20008217
20008225
20008277
20008291
20008309
20008347
20008363
20008411
20008427
20008445
20008543
20008569
20008577
20008601
20008677
20008715
20008725
20008757
20008773
20008843
20008925
20008929
20009133
20009327
20009433
20009463
20009505
20009507
20009517
20009563
20009661
20009783
20009853
20009855
20009897
20009983
20009997
20010015
20010133
20010169
20010339
20010431
20010439
20010459
20010611
20010681
20010691
20010831
20011265
20011327
20011401
20011435
20011457
20011477
20011617
20011639
20011827
20011901
20011923
20011997
20012027
20012063
20012185
20012231
20012449
20012471
20012517
20012631
20012675
20012809
20013019
20013145
20013239
20013245
20013265
20013357
20013609
20013649
20013785
20013981
20014119
20014189
20014215
20014313
20014447
20014483
20014543
20014603
20014605
20014691
20014729
20014747
20014785
20014889
20014953
20014979
20015069
20015141
20015355
20015363
20015449
20015585
20015661
20015771
20015803
20015827
20015945
20015989
20016267
20016315
20016337
20016417
20016435
20016561
20016573
20016701
20016743
20016751
20016773
20016791
20016799
20016809
20016867
20017043
20017187
20017203
20017259
20017279
20017283
20017291
20017467
20017491
20017501
20017693
20017719
20017811
20017829
20017899
20017925
20017971
20017973
20018031
20018133
20018137
20018173
20018257
20018313
20018399
20018419
20018551
20018587
20018627
20018723
20018725
20018757
20018829
20018865
20019055
20019125
20019167
20019183
20019247
20019359
20019443
20019587
20019603
20019701
20019715
20019717
20019749
20019759
20019829
20019837
20019861
20019903
20019937
20019949
20020045
20020175
20020211
20020259
20020375
20020399
20020495
20020535
20020549
20020581
20020585
20020717
20020735
20020997
20021027
20021055
20021069
20021303
20021371
20021383
20021431
20021739
20021783
20021879
20021923
20022045
20022083
20022145
20022185
20022191
20022197
20022201
20022263
20022277
20022351
20022379
20022451
20022457
20022475
20022555
20022627
20022669
20022691
20022783
20022841
20022849
20022923
20023033
20023041
20023079
20023095
20023169
20023281
20023301
20023347
20023427
20023445
20023499
20023517
20023699
20023759
20023895
20024001
20024109
20024145
20024193
20024217
20024349
20024387
20024485
20024755
20024813
20024827
20024901
20024963
20024969
20025065
20025237
20025287
20025367
20025371
20025377
20025403
20025407
20025603
20025617
20025679
20025699
20025787
20025819
20025877
20025879
20025883
20025941
20026017
20026231
20026437
20026711
20026839
20026847
20026873
20026919
20026947
20026971
20027079
20027235
20027251
20027267
20027301
20027321
20027343
20027421
20027531
20027537
20027583
20027593
20027625
20027691
20027755
20027805
20027883
20028097
20028325
20028365
20028379
20028397
20028545
20028555
20028577
20028733
20028825
20028963
20029061
20029135
20029141
20029169
20029171
20029231
20029283
20029353
20029435
20029465
20029489
20029501
20029529
20029623
20029629
20029759
20029765
20029887
20029891
20029909
20029921
20029939
20029977
20030075
20030217
20030265
20030321
20030405
20030465
20030659
20030697
20030703
20030719
20030839
20030911
20030927
20031095
20031131
20031229
20031307
20031373
20031431
20031483
20031505
20031643
20031667
20031699
20031753
20031773
20031815
20031865
20031995
20032093
20032165
20032205
20032217
20032257
20032329
20032351
20032353
20032359
20032381
20032633
20032719
20032739
20032741
20032745
20032889
20033005
20033173
20033185
20033227
20033233
20033321
20033327
20033415
20033433
20033447
20033453
20033459
20033485
20033499
20033529
20033583
20033631
20033663
20033771
20033813
20034039
20034099
20034179
20034207
20034247
20034439
20034485
20034547
20034639
20034669
20034841
20034867
20034945
20035135
20035203
20035239
20035303
20035367
20035411
20035435
20035503
20035639
20035651
20035699
20035761
20035803
20035825
20035953
20036031
20036093
20036157
20036199
20036207
20036369
20036401
20036453
20036487
20036493
20036601
20036649
20036679
20036691
20036741
20036801
20036843
20036925
20036967
20037005
20037047
20037131
20037209
20037243
20037285
20037409
20037491
20037517
20037557
20037725
20037757
20038073
20038115
20038199
20038301
20038451
20038491
20038511
20038681
20038719
20038899
20039093
20039119
20039233
20039251
20039381
20039631
20039683
20039715
20039837
20039903
20039949
20040393
20040435
20040481
20040557
20040611
20040707
20040725
20040893
20040947
20041275
20041397
20041407
20041423
20041471
20041533
20041667
20041737
20041799
20041835
20041855
20041925
20041953
20041981
20042167
20042201
20042331
20042349
20042491
20042565
20042651
20042721
20042725
20042775
20042781
20042817
20042825
20042837
20042891
20042943
20042975
20043049
20043069
20043255
20043283
20043327
20043335
20043423
20043465
20043481
20043613
20043651
20043749
20043757
20043913
20043919
20043923
20043951
20043971
20044127
20044163
20044249
20044273
20044407
20044485
20044549
20044581
20044637
20044657
20044825
20044827
20044939
20045011
20045053
20045073
20045091
20045291
20045409
20045437
20045527
20045641
20045657
20045717
20045755
20045779
20045785
20045797
20045809
20045815
20045851
20045861
20045875
20045991
20046011
20046239
20046321
20046467
20046495
20046559
20046565
20046637
20046649
20046785
20046799
20047069
20047191
20047221
20047389
20047685
20047743
20047761
20047779
20047793
20047943
20047967
20047969
20048021
20048031
20048201
20048225
20048239
20048327
20048345
20048535
20048539
20048559
20048663
20048693
20048721
20048765
20048827
20048859
20048881
20048915
20048935
20048945
20049017
20049059
20049509
20049517
20049551
20049565
20049599
20049677
20049705
20049767
20049869
20049905
20049921
20049971
20050003
20050251
20050305
20050369
20050433
20050561
20050579
20050699
20050725
20050737
20050751
20050873
20050887
20050895
20050901
20050909
20051169
20051175
20051183
20051209
20051215
20051417
20051483
20051523
20051535
20051567
20051573
20051847
20052043
20052195
20052205
20052527
20052581
20052793
20053219
20053229
20053257
20053339
20053349
20053363
20053381
20053417
20053601
20053767
20053777
20053779
20053879
20053883
20053913
20054077
20054083
20054127
20054167
20054171
20054319
20054335
20054399
20054463
20054471
20054547
20054587
20054593
20054635
20054789
20054929
20055177
20055229
20055535
20055601
20055809
20055925
20056007
20056161
20056317
20056387
20056425
20056549
20056631
20056725
20056755
20056871
20056887
20056937
20057031
20057041
20057099
20057285
20057303
20057365
20057463
20057569
20057571
20057713
20057731
20057745
20057955
20058047
20058091
20058239
20058253
20058329
20058395
20058441
20058629
20058705
20058767
20058789
20058815
20058873
20058881
20059067
20059105
20059313
20059319
20059489
20059535
20059641
20059653
20059675
20059765
20059779
20059991
20060063
20060081
20060151
20060153
20060261
20060263
20060297
20060393
20060419
20060555
20060585
20060735
20060741
20060835
20060837
20060851
20060915
20060987
20061017
20061109
20061115
20061131
20061141
20061145
20061153
20061235
20061245
20061289
20061297
20061325
20061533
20061561
20061593
20061597
20061809
20061835
20062011
20062061
20062063
20062179
20062215
20062269
20062287
20062389
20062489
20062527
20062537
20062543
20062763
20062873
20063033
20063211
20063239
20063259
20063263
20063365
20063465
20063661
20063739
20063749
20063879
20063927
20064097
20064145
20064243
20064253
20064379
20064391
20064503
20064635
20064681
20064827
20064943
20065057
20065279
20065455
20065495
20065631
20065735
20065737
20065791
20065899
20065963
20065987
20066049
20066091
20066209
20066261
20066315
20066493
20066535
20066547
20066623
20066659
20066679
20066703
20066793
20066857
20066907
20066949
20066967
20067003
20067009
20067153
20067165
20067175
20067191
20067307
20067367
20067393
20067461
20067613
20067641
20067699
20067775
20067787
20067809
20067941
20067957
20067995
20068051
20068079
20068131
20068147
20068217
20068361
20068431
20068451
20068547
20068713
20068837
20068841
20068949
20068965
20068971
20069089
20069109
20069291
20069487
20069551
20069771
20069777
20069845
20069875
20069899
20069943
20069963
20069975
20070103
20070117
20070157
20070181
20070217
20070243
20070351
20070375
20070383
20070549
20070755
20070913
20071041
20071063
20071247
20071257
20071267
20071319
20071341
20071343
20071423
20071483
20071975
20072027
20072125
20072131
20072309
20072397
20072457
20072487
20072583
20072605
20072625
20072995
20073115
20073223
20073251
20073283
20073331
20073369
20073391
20073403
20073575
20073629
20073697
20073803
20073851
20073853
20073909
20073921
20073977
20074177
20074197
20074375
20074401
20074405
20074435
20074447
20074575
20074683
20074737
20075125
20075151
20075331
20075397
20075401
20075511
20075601
20075719
20075775
20075931
20076033
20076227
20076251
20076321
20076435
20076467
20076521
20076531
20076543
20076561
20076569
20076779
20076887
20076893
20076923
20076959
20076969
20077033
20077049
20077089
20077229
20077249
20077261
20077311
20077315
20077391
20077395
20077417
20077545
20077595
20077607
20077635
20077707
20077725
20077739
20077765
20077799
20077863
20077995
20078067
20078311
20078379
20078395
20078401
20078417
20078423
20078533
20078845
20078855
20078867
20078941
20079027
20079495
20079499
20079575
20079715
20079973
20080013
20080429
20080465
20080471
20080477
20080549
20080609
20080641
20080761
20080819
20080883
20080925
20080957
20080983
20081135
20081215
20081257
20081275
20081285
20081295
20081393
20081447
20081475
20081611
20081635
20081707
20081813
20081849
20081981
20081989
20082005
20082077
20082097
20082145
20082225
20082255
20082283
20082327
20082371
20082387
20082449
20082485
20082719
20082723
20082765
20082855
20082903
20082963
20082989
20083001
20083063
20083105
20083209
20083237
20083289
20083327
20083365
20083397
20083441
20083541
20083553
20083691
20083893
20083963
20084061
20084101
20084177
20084265
20084351
20084403
20084411
20084455
20084465
20084485
20084525
20084589
20084763
20084797
20084813
20084881
20084941
20084981
20085021
20085071
20085093
20085105
20085159
20085301
20085313
20085361
20085377
20085417
20085423
20085553
20085675
20085697
20085701
20085773
20085833
20085861
20085973
20086069
20086141
20086153
20086155
20086181
20086187
20086253
20086267
20086273
20086275
20086287
20086363
20086425
20086575
20086763
20086775
20086831
20086915
20086943
20086965
20086981
20087089
20087331
20087421
20087429
20087575
20087623
20087669
20087703
20087743
20087761
20087787
20087809
20087923
20087931
20088483
20088497
20088501
20088587
20088635
20088709
20088717
20088759
20088809
20088947
20089027
20089071
20089197
20089235
20089279
20089283
20089383
20089429
20089445
20089449
20089459
20089469
20089511
20089671
20089679
20089749
20089833
20089889
20090065
20090199
20090413
20090473
20090547
20090555
20090721
20090791
20090803
20090805
20090819
20090875
20090995
20091017
20091045
20091089
20091161
20091199
20091221
20091257
20091283
20091307
20091383
20091391
20091399
20091411
20091473
20091581
20091833
20091857
20091879
20091927
20092087
20092179
20092203
20092253
20092295
20092393
20092537
20092541
20092543
20092567
20092669
20092677
20092797
20092799
20092805
20092907
20092951
20093025
20093073
20093175
20093251
20093323
20093509
20093745
20093777
20093897
20094011
20094019
20094261
20094283
20094323
20094499
20094711
20094743
20094757
20094787
20094801
20094873
20094887
20094911
20094913
20094931
20094999
20095073
20095195
20095243
20095271
20095289
20095519
20095555
20095893
20095969
20096011
20096213
20096227
20096287
20096315
20096347
20096371
20096433
20096449
20096683
20096707
20096831
20096857
20096923
20096959
20097025
20097085
20097267
20097331
20097703
20097743
20097819
20098007
20098053
20098109
20098113
20098203
20098213
20098263
20098339
20098371
20098569
20098641
20098685
20098707
20098787
20098789
20098861
20098863
20098885
20099111
20099119
20099247
20099355
20099567
20099597
20099715
20099733
20099755
20100023
20100161
20100189
20100207
20100283
20100317
20100319
20100509
20100513
20100539
20100599
20100647
20100669
20100693
20100793
20100803
20100817
20100901
20100961
20101067
20101213
20101273
20101331
20101335
20101381
20101411
20101439
20101499
20101705
20101779
20101781
20101827
20101833
20101893
20101981
20102049
20102113
20102207
20102221
20102273
20102341
20102511
20102531
20102565
20102627
20102835
20102877
20102927
20102935
20102995
20103121
20103129
20103167
20103215
20103273
20103349
20103351
20103607
20103609
20103611
20103637
20103665
20103729
20103759
20103925
20103973
20104017
20104183
20104263
20104427
20104437
20104495
20104527
20104721
20104765
20104855
20105089
20105273
20105327
20105405
20105491
20105531
20105551
20105579
20105619
20105625
20105657
20105863
20105905
20106005
20106201
20106209
20106219
20106333
20106379
20106413
20106487
20106507
20106511
20106689
20106721
20106737
20106759
20106781
20106831
20106837
20106855
20106937
20107031
20107055
20107115
20107189
20107203
20107241
20107265
20107267
20107281
20107357
20107359
20107407
20107437
20107477
20107529
20107707
20107913
20107941
20108263
20108303
20108379
20108503
20108629
20108657
20108893
20108949
20108977
20109023
20109081
20109157
20109171
20109409
20109453
20109455
20109471
20109483
20109543
20109595
20109651
20109847
20109883
20109945
20110049
20110071
20110213
20110247
20110261
20110321
20110445
20110509
20110563
20110659
20110663
20110687
20110703
20110811
20110907
20111005
20111103
20111325
20111327
20111359
20111407
20111457
20111485
20111531
20111571
20111641
20111645
20111787
20111823
20111953
20112029
20112151
20112153
20112245
20112353
20112373
20112381
20112395
20112455
20112583
20112777
20112927
20112937
20112949
20113209
20113251
20113815
20114033
20114049
20114111
20114129
20114337
20114351
20114481
20114607
20114647
20114789
20114857
20114875
20114947
20115127
20115263
20115291
20115379
20115385
20115429
20115443
20115481
20115577
20115633
20115663
20115755
20115773
20115813
20115827
20115907
20115939
20116043
20116129
20116331
20116407
20116471
20116473
20116669
20116701
20116847
20116853
20116975
20116985
20117001
20117027
20117071
20117279
20117373
20117439
20117483
20117521
20117523
20117655
20117705
20117879
20118161
20118163
20118165
20118197
20118221
20118269
20118273
20118483
20118615
20118699
20118953
20119223
20119669
20119751
20119767
20119837
20119893
20119917
20119991
20120169
20120525
20120595
20120675
20120733
20120747
20120759
20120783
20121013
20121069
20121245
20121269
20121279
20121283
20121411
20121481
20121487
20121589
20121595
20121601
20121701
20121777
20121865
20121879
20121985
20122021
20122149
20122179
20122189
20122191
20122235
20122291
20122351
20122383
20122451
20122467
20122485
20122563
20122575
20122625
20122639
20122881
20123041
20123135
20123227
20123345
20123401
20123581
20123607
20123681
20123733
20123743
20123749
20123771
20123867
20123907
20123983
20124015
20124119
20124137
20124215
20124305
20124339
20124381
20124409
20124413
20124417
20124425
20124509
20124551
20124615
20124649
20124723
20124727
20124749
20124781
20125159
20125301
20125423
20125451
20125519
20125635
20125641
20125715
20125745
20125757
20125769
20126443
20126525
20126551
20126609
20126693
20126757
20126847
20126869
20126923
20126999
20127209
20127299
20127311
20127387
20127533
20127543
20127553
20127593
20127661
20127699
20127829
20128009
20128131
20128153
20128297
20128413
20128439
20128465
20128475
20128585
20128653
20128667
20128689
20128721
20128859
20128873
20128885
20128969
20129073
20129087
20129155
20129165
20129223
20129429
20129435
20129473
20129477
20129623
20129643
20129929
20130125
20130127
20130173
20130229
20130345
20130453
20130679
20130821
20130917
20130933
20131049
20131091
20131195
20131485
20131541
20131741
20132003
20132033
20132051
20132063
20132255
20132309
20132341
20132345
20132359
20132891
20132917
20132937
20133025
20133527
20133751
20133821
20133843
20133935
20133981
20134099
20134109
20134207
20134307
20134491
20134519
20134567
20134613
20134789
20134839
20134915
20135009
20135249
20135301
20135503
20135567
20135673
20135675
20135705
20135821
20135843
20135951
20136039
20136117
20136125
20136131
20136217
20136305
20136317
20136411
20136451
20136495
20136497
20136545
20136571
20136579
20136763
20136795
20136813
20136835
20136843
20137007
20137097
20137105
20137195
20137207
20137229
20137407
20137423
20137465
20137473
20137615
20137739
20137847
20137975
20138033
20138051
20138063
20138069
20138155
20138243
20138267
20138339
20138349
20138559
20138659
20138721
20138757
20138857
20138865
20138907
20139029
20139047
20139153
20139167
20139269
20139377
20139517
20139615
20139705
20139727
20139929
20140029
20140099
20140175
20140263
20140383
20140569
20140679
20140681
20140745
20140751
20140883
20140947
20140975
20141041
20141103
20141137
20141139
20141141
20141153
20141177
20141241
20141321
20141335
20141379
20141609
20141647
20141671
20141755
20141823
20141847
20141887
20141897
20141915
20141939
20141959
20141965
20141993
20142015
20142019
20142049
20142077
20142111
20142201
20142277
20142301
20142385
20142643
20142679
20142725
20142751
20142929
20143013
20143021
20143033
20143127
20143135
20143157
20143173
20143365
20143425
20143495
20143607
20143637
20143713
20143723
20143755
20143779
20143785
20143827
20143855
20143867
20143989
20144007
20144143
20144175
20144217
20144277
20144489
20144549
20144659
20144739
20144855
20144967
20144971
20144983
20145149
20145245
20145291
20145379
20145423
20145565
20145627
20145729
20145851
20145935
20146051
20146081
20146085
20146091
20146139
20146221
20146307
20146325
20146331
20146391
20146465
20146507
20146519
20146545
20146635
20146653
20146739
20146771
20146885
20146937
20147095
20147183
20147187
20147297
20147521
20147661
20147663
20147699
20147703
20147935
20148055
20148081
20148095
20148113
20148261
20148323
20148453
20148523
20148547
20148649
20148659
20148719
20148939
20148951
20148973
20148981
20149035
20149041
20149153
20149215
20149427
20149623
20149625
20149735
20149773
20149955
20149981
20149987
20150021
20150037
20150061
20150089
20150097
20150103
20150113
20150169
20150271
20150353
20150403
20150497
20150533
20150547
20150553
20150579
20150685
20150691
20150737
20150747
20150989
20151161
20151201
20151339
20151641
20151651
20151669
20151799
20151965
20151977
20151983
20152309
20152319
20152329
20152601
20152619
20152623
20152667
20152747
20152757
20152805
20152953
20152957
20153165
20153215
20153259
20153335
20153367
20153373
20153473
20153539
20153569
20153589
20153673
20153705
20153907
20154055
20154153
20154187
20154235
20154251
20154261
20154337
20154405
20154489
20154495
20154553
20154573
20154689
20154753
20154843
20154877
20154935
20155083
20155155
20155273
20155403
20155439
20155519
20155581
20155635
20155745
20155771
20155909
20156059
20156119
20156121
20156129
20156205
20156347
20156439
20156477
20156671
20156679
20156695
20156721
20156913
20156927
20156965
20156997
20157075
20157079
20157083
20157129
20157171
20157195
20157207
20157343
20157347
20157919
20157933
20157943
20158115
20158131
20158149
20158151
20158227
20158325
20158345
20158685
20158829
20158921
20159021
20159309
20159339
20159495
20159711
20159877
20160019
20160065
20160071
20160119
20160153
20160259
20160271
20160295
20160391
20160397
20160443
20160503
20160513
20160621
20160681
20160695
20160731
20160779
20160795
20160831
20160925
20161005
20161047
20161089
20161229
20161255
20161299
20161491
20161617
20161637
20161659
20161739
20161745
20161747
20161891
20161945
20162021
20162033
20162073
20162151
20162169
20162221
20162299
20162601
20162613
20162639
20162689
20162767
20162773
20162961
20163075
20163121
20163197
20163249
20163261
20163343
20163475
20163621
20163785
20163817
20163879
20163911
20164091
20164127
20164153
20164179
20164301
20164335
20164343
20164399
20164473
20164475
20164547
20164583
20164647
20164777
20164829
20164863
20164881
20165033
20165053
20165257
20165333
20165439
20165463
20165487
20165515
20165523
20165571
20165657
20165801
20165803
20165819
20165827
20165907
20166073
20166095
20166247
20166267
20166307
20166325
20166333
20166533
20166541
20166573
20166623
20166635
20166649
20166655
20166829
20166833
20166867
20167049
20167067
20167075
20167101
20167227
20167535
20167555
20167585
20167601
20167667
20167669
20167717
20167805
20167899
20168061
20168239
20168267
20168297
20168325
20168563
20168743
20168815
20168879
20168893
20168913
20168951
20168991
20169091
20169257
20169445
20169499
20169513
20169525
20169559
20169563
20169597
20169853
20169939
20169983
20170069
20170079
20170107
20170133
20170141
20170185
20170219
20170367
20170439
20170475
20170671
20170691
20170751
20170761
20170789
20170805
20170841
20170847
20170849
20171027
20171107
20171151
20171187
20171211
20171351
20171501
20171513
20171567
20171587
20171689
20171837
20171855
20172123
20172145
20172203
20172229
20172267
20172465
20172497
20172499
20172689
20172755
20172759
20172801
20173151
20173183
20173259
20173291
20173531
20173581
20173737
20173771
20173805
20173863
20173871
20173937
20174047
20174125
20174259
20174337
20174375
20174401
20174523
20174539
20174729
20174739
20174863
20174971
20174973
20175021
20175071
20175091
20175197
20175311
20175353
20175375
20175501
20175525
20175643
20175685
20175699
20175723
20175877
20175957
20175983
20176049
20176081
20176255
20176349
20176361
20176395
20176603
20176765
20176789
20176849
20176891
20176895
20176967
20176995
20177007
20177107
20177127
20177163
20177317
20177321
20177397
20177451
20177467
20177605
20177649
20177711
20177771
20177795
20177837
20177967
20178019
20178109
20178213
20178419
20178501
20178505
20178515
20178725
20178745
20178765
20178805
20178849
20178883
20178925
20179081
20179093
20179103
20179105
20179389
20179403
20179431
20179571
20179583
20179589
20179611
20179651
20179679
20179711
20179727
20179905
20179921
20179923
20180065
20180087
20180111
20180221
20180435
20180451
20180493
20180523
20180619
20180695
20180705
20180759
20180827
20181005
20181043
20181135
20181141
20181275
20181321
20181375
20181531
20181597
20181687
20181707
20181755
20181785
20181823
20181911
20181913
20181917
20181985
20182009
20182155
20182213
20182221
20182257
20182305
20182475
20182539
20182563
20182655
20182799
20182899
20182935
20183045
20183093
20183095
20183199
20183243
20183291
20183677
20183759
20184159
20184601
20184633
20184895
20184937
20185069
20185091
20185111
20185287
20185351
20185541
20185555
20185567
20185659
20185665
20185713
20185731
20185787
20185905
20185993
20186001
20186075
20186173
20186183
20186277
20186371
20186479
20186767
20186805
20186965
20187045
20187053
20187209
20187425
20187433
20187477
20187505
20187507
20187525
20187527
20187553
20187605
20187645
20187657
20187763
20187787
20187855
20187907
20187915
20187971
20187987
20188031
20188033
20188059
20188101
20188235
20188279
20188303
20188335
20188343
20188453
20188459
20188571
20188607
20188643
20188647
20188649
20188659
20188815
20188885
20188887
20188937
20188969
20189009
20189071
20189073
20189155
20189187
20189355
20189399
20189419
20189443
20189505
20189519
20189623
20189721
20189773
20189983
20189997
20190043
20190073
20190133
20190159
20190233
20190275
20190335
20190369
20190713
20190741
20190743
20190755
20190801
20190889
20190947
20191027
20191331
20191347
20191351
20191365
20191387
20191545
20191569
20191843
20191935
20192317
20192361
20192393
20192537
20192577
20192637
20192685
20192743
20192847
20193039
20193209
20193249
20193261
20193277
20193385
20193455
20193509
20193525
20193605
20193627
20193675
20193861
20193947
20193969
20193995
20194091
20194441
20194503
20194523
20194657
20194781
20194821
20194851
20195173
20195241
20195415
20195499
20195625
20195675
20195935
20195993
20196047
20196093
20196139
20196151
20196161
20196201
20196349
20196383
20196593
20196625
20196737
20196751
20196929
20196937
20197067
20197097
20197121
20197231
20197413
20197543
20197563
20197605
20197705
20197755
20197825
20197889
20197963
20197995
20197997
20198035
20198169
20198229
20198305
20198399
20198445
20198509
20198533
20198551
20198681
20198691
20198705
20198739
20198921
20198987
20199011
20199139
20199161
20199209
20199215
20199237
20199271
20199329
20199563
20199631
20199675
20199689
20199749
20199763
20199773
20199781
20199819
20199911
20199963
20200097
20200105
20200117
20200153
20200201
20200257
20200287
20200349
20200519
20200543
20200721
20200747
20200829
20200869
20200873
20201059
20201219
20201229
20201233
20201301
20201305
20201449
20201463
20201723
20201743
20201795
20201801
20201921
20201963
20202269
20202319
20202335
20202341
20202361
20202371
20202431
20202463
20202485
20202517
20202539
20202541
20202567
20202571
20202609
20202657
20202687
20202715
20202853
20202913
20203065
20203085
20203151
20203157
20203209
20203231
20203349
20203377
20203389
20203817
20203847
20203865
20203931
20204045
20204203
20204209
20204227
20204285
20204407
20204477
20204631
20204665
20204711
20204799
20204881
20204909
20204915
20204967
20205153
20205173
20205211
20205247
20205337
20205343
20205391
20205401
20205467
20205499
20205667
20205721
20205801
20205811
20205863
20205951
20206005
20206021
20206055
20206091
20206227
20206229
20206375
20206443
20206581
20206617
20206665
20206705
20206757
20206817
20206833
20206993
20206999
20207011
20207049
20207129
20207175
20207271
20207329
20207397
20207493
20207499
20207579
20207725
20207733
20207859
20207887
20207901
20208005
20208009
20208071
20208125
20208177
20208383
20208397
20208415
20208423
20208489
20208689
20208769
20208839
20208847
20208877
20208937
20209091
20209137
20209153
20209189
20209253
20209319
20209355
20209427
20209459
20209501
20209557
20209561
20209563
20209615
20209659
20209673
20209749
20209835
20210123
20210243
20210417
20210485
20210519
20210627
20210639
20210713
20210821
20210845
20210949
20210959
20210995
20211103
20211475
20211545
20211585
20211603
20211803
20211861
20211869
20211897
20212199
20212361
20212425
20212449
20212677
20212771
20212811
20212903
20212921
20212979
20212997
20213019
20213161
20213195
20213389
20213439
20213467
20213601
20213605
20213671
20213689
20213743
20213773
20213795
20213873
20214033
20214089
20214123
20214241
20214333
20214347
20214497
20214581
20214597
20214605
20214615
20214617
20214757
20214763
20214911
20214987
20215073
20215141
20215149
20215343
20215371
20215411
20215461
20215519
20215571
20215657
20215727
20215769
20215795
20215861
20215961
20215991
20216257
20216261
20216449
20216507
20216525
20216559
20216589
20216697
20216733
20216775
20216843
20216877
20216881
20216917
20216981
20217169
20217207
20217269
20217293
20217323
20217335
20217339
20217419
20217469
20217489
20217925
20218041
20218099
20218111
20218239
20218255
20218405
20218465
20218499
20218523
20218639
20218777
20218789
20218967
20219039
20219191
20219487
20219563
20219673
20219817
20219837
20219849
20219903
20220095
20220123
20220137
20220159
20220237
20220273
20220331
20220343
20220405
20220499
20220523
20220625
20220717
20220723
20220805
20220839
20220873
20220879
20221003
20221021
20221033
20221039
20221123
20221145
20221207
20221255
20221293
20221317
20221347
20221555
20221731
20221767
20221793
20221873
20222063
20222363
20222399
20222571
20222591
20222641
20222851
20222943
20223049
20223067
20223085
20223121
20223375
20223609
20223691
20223739
20223809
20223953
20224007
20224171
20224197
20224353
20224387
20224457
20224533
20224583
20224835
20224899
20224995
20225277
20225497
20225701
20225775
20225825
20225931
20225957
20225971
20226035
20226099
20226175
20226341
20226353
20226369
20226465
20226477
20226543
20226587
20226781
20226823
20226831
20226909
20227061
20227083
20227177
20227209
20227327
20227533
20227695
20227725
20227783
20227789
20227975
20228009
20228071
20228075
20228143
20228165
20228187
20228215
20228381
20228471
20228539
20228623
20228633
20228765
20228769
20228799
20228817
20228853
20228905
20229069
20229177
20229193
20229215
20229249
20229277
20229437
20229469
20229523
20229541
20229603
20229605
20229617
20229735
20229909
20229953
20229993
20230019
20230037
20230261
20230277
20230291
20230527
20230561
20230585
20230655
20230693
20230697
20230781
20230973
20231295
20231319
20231393
20231443
20231459
20231517
20231557
20231583
20231749
20231769
20231807
20231825
20231993
20232087
20232125
20232145
20232251
20232443
20232479
20232483
20232503
20232561
20232587
20232651
20232671
20232713
20232743
20232857
20232885
20232949
20232999
20233065
20233157
20233251
20233327
20233333
20233339
20233511
20233525
20233557
20233739
20233789
20233869
20234029
20234125
20234153
20234381
20234391
20234577
20234817
20234969
20235005
20235065
20235153
20235179
20235187
20235257
20235377
20235421
20235445
20235483
20235505
20235533
20235585
20235887
20235907
20236051
20236105
20236341
20236355
20236359
20236455
20236499
20236593
20236695
20236793
20236945
20236963
20236965
20237113
20237207
20237233
20237317
20237335
20237395
20237481
20237485
20237503
20237563
20237581
20237593
20237687
20237721
20237727
20237741
20237757
20237765
20237791
20237933
20237943
20238043
20238141
20238163
20238327
20238359
20238377
20238403
20238429
20238479
20238495
20238565
20238619
20238711
20238859
20238967
20239001
20239099
20239125
20239147
20239269
20239275
20239353
20239451
20239503
20239659
20239669
20239821
20239849
20239865
20239919
20239961
20239991
20239997
20240237
20240311
20240385
20240387
20240435
20240443
20240645
20240887
20240933
20240937
20241051
20241075
20241077
20241167
20241289
20241345
20241355
20241813
20241889
20241951
20242063
20242101
20242141
20242269
20242337
20242409
20242451
20242645
20242749
20242757
20242977
20242987
20243045
20243313
20243447
20243495
20243559
20243689
20243697
20243717
20243789
20243791
20243859
20243889
20243943
20243957
20243975
20244013
20244131
20244193
20244235
20244337
20244769
20244879
20244989
20245051
20245091
20245095
20245121
20245177
20245307
20245437
20245475
20245485
20245623
20245637
20245739
20245853
20245927
20245941
20246047
20246093
20246121
20246133
20246171
20246453
20246587
20246603
20246695
20246875
20246955
20247005
20247033
20247083
20247209
20247353
20247449
20247463
20247477
20247533
20247545
20247591
20247691
20247765
20247873
20247941
20248065
20248127
20248177
20248355
20248375
20248453
20248525
20248541
20248675
20249379
20249405
20249489
20249609
20249625
20249637
20249753
20249759
20249793
20249799
20249823
20249829
20249843
20250017
20250715
20250917
20250943
20250975
20250993
20251003
20251053
20251277
20251285
20251407
20251413
20251417
20251515
20251537
20251545
20251639
20251849
20251885
20251965
20251975
20251983
20252019
20252049
20252087
20252181
20252213
20252219
20252313
20252387
20252433
20252543
20252583
20252587
20252807
20253027
20253043
20253273
20253317
20253359
20253409
20253629
20253709
20253751
20253841
20253893
20253979
20254029
20254035
20254081
20254241
20254247
20254283
20254485
20254671
20254761
20254965
20255139
20255257
20255259
20255287
20255349
20255393
20255429
20255433
20255507
20255543
20255605
20255613
20255661
20255825
20255923
20256125
20256131
20256161
20256317
20256321
20256537
20256673
20256707
20256903
20257021
20257105
20257165
20257365
20257371
20257453
20257509
20257637
20257651
20257811
20257915
20257933
20257973
20258345
20258361
20258367
20258413
20258455
20258557
20258719
20258791
20258823
20258839
20258843
20258867
20258871
20258951
20258961
20258991
20258999
20259061
20259111
20259195
20259221
20259773
20259815
20259849
20259857
20259889
20259921
20259973
20260003
20260105
20260347
20260351
20260413
20260481
20260509
20260579
20260587
20260641
20260671
20260849
20260851
20260857
20260873
20260947
20261271
20261281
20261303
20261397
20261413
20261579
20261601
20261849
20261871
20261901
20261931
20261991
20262139
20262239
20262351
20262511
20262595
20262653
20262701
20262721
20262723
20262881
20262945
20263065
20263171
20263299
20263315
20263357
20263373
20263573
20263601
20263623
20263639
20263665
20263729
20263785
20263787
20263823
20263893
20263969
20263979
20264111
20264233
20264627
20264649
20264697
20264699
20264763
20264769
20264791
20265141
20265209
20265241
20265273
20265287
20265351
20265413
20265449
20265467
20265579
20265595
20265633
20265865
20265869
20265999
20266139
20266213
20266289
20266403
20266485
20266623
20266781
20267227
20267251
20267321
20267335
20267351
20267353
20267391
20267447
20267453
20267591
20267629
20267643
20267687
20267875
20268159
20268199
20268231
20268369
20268503
20268611
20268697
20268717
20268721
20268731
20268839
20268845
20269007
20269115
20269227
20269289
20269305
20269419
20269593
20269643
20269791
20269815
20269873
20269885
20269961
20269989
20270261
20270307
20270311
20270323
20270399
20270661
20270793
20270923
20270927
20271145
20271169
20271193
20271205
20271219
20271303
20271351
20271425
20271501
20271633
20271637
20271649
20271829
20272137
20272167
20272257
20272321
20272375
20272429
20272435
20272491
20272565
20272589
20272781
20272865
20273021
20273035
20273089
20273187
20273215
20273373
20273405
20273409
20273431
20273545
20273739
20273765
20273957
20274055
20274075
20274077
20274387
20274601
20274635
20274725
20274777
20274845
20275137
20275165
20275245
20275319
20275339
20275375
20275415
20275417
20275533
20275707
20275769
20275821
20275851
20275883
20276001
20276065
20276067
20276269
20276271
20276283
20276321
20276371
20276673
20276751
20276761
20276793
20276927
20277053
20277065
20277067
20277075
20277123
20277155
20277157
20277211
20277235
20277289
20277347
20277585
20277609
20277659
20277679
20277767
20277815
20277871
20277883
20278007
20278087
20278117
20278185
20278217
20278347
20278599
20278723
20278989
20279099
20279267
20279361
20279495
20279531
20279609
20279693
20279715
20279761
20279947
20279995
20280017
20280019
20280103
20280143
20280359
20280519
20280583
20280787
20280795
20280797
20280825
20280851
20280923
20280927
20281101
20281155
20281183
20281219
20281303
20281331
20281343
20281365
20281493
20281501
20281505
20281627
20281725
20281733
20281849
20281995
20282155
20282283
20282529
20282563
20282647
20282659
20282695
20282721
20282789
20282791
20283035
20283083
20283141
20283193
20283221
20283247
20283285
20283367
20283391
20283463
20283575
20283581
20283913
20284031
20284243
20284259
20284301
20284387
20284423
20284439
20284493
20284579
20284593
20284629
20284751
20284761
20284919
20284957
20285013
20285037
20285065
20285133
20285215
20285259
20285489
20285529
20285535
20285839
20286097
20286215
20286229
20286267
20286677
20286693
20286739
20286761
20286765
20286831
20286853
20286859
20286897
20286907
20286909
20286957
20286997
20287059
20287149
20287163
20287199
20287215
20287221
20287323
20287367
20287403
20287553
20287587
20287607
20287635
20287645
20287713
20287781
20287845
20287847
20287859
20287977
20288021
20288059
20288103
20288153
20288213
20288253
20288273
20288335
20288489
20288499
20288513
20288533
20288629
20288755
20288771
20288787
20288795
20289041
20289079
20289203
20289247
20289261
20289297
20289305
20289381
20289493
20289507
20289685
20289689
20289731
20289749
20289819
20289821
20289915
20290059
20290083
20290125
20290293
20290357
20290363
20290375
20290379
20290399
20290421
20290465
20290497
20290667
20290823
20290835
20291067
20291147
20291219
20291251
20291311
20291343
20291359
20291425
20291461
20291511
20291519
20291723
20291731
20291769
20291909
20291913
20292157
20292181
20292207
20292287
20292325
20292351
20292389
20292579
20292629
20292635
20292791
20292899
20292903
20293025
20293043
20293069
20293185
20293207
20293265
20293297
20293369
20293451
20293671
20293991
20294005
20294033
20294113
20294131
20294275
20294503
20294565
20294573
20294591
20294623
20294707
20294721
20294767
20294785
20294951
20295117
20295217
20295263
20295303
20295359
20295579
20295669
20295689
20295751
20295783
20295791
20295861
20295865
20295877
20295883
20295887
20295921
20295927
20295933
20296111
20296133
20296367
20296371
20296479
20296615
20296619
20296659
20296743
20296805
20296871
20296883
20296903
20296909
20296945
20297049
20297051
20297093
20297131
20297287
20297335
20297419
20297431
20297437
20297453
20297555
20297675
20297685
20297711
20298043
20298179
20298227
20298255
20298355
20298457
20298473
20298517
20298591
20298621
20298721
20298867
20298917
20298985
20299003
20299031
20299071
20299091
20299157
20299565
20299713
20299863
20299953
20299959
20300039
20300281
20300451
20300565
20300621
20300791
20300821
20300837
20300861
20301117
20301173
20301183
20301189
20301195
20301303
20301439
20301735
20301773
20301841
20301845
20301853
20301913
20301919
20302139
20302193
20302405
20302445
20302477
20302491
20302567
20302573
20302599
20302691
20302743
20302763
20302769
20302843
20302859
20302967
20303057
20303083
20303105
20303169
20303199
20303273
20303355
20303587
20303593
20303657
20303659
20303747
20303767
20303803
20303833
20303935
20304229
20304293
20304295
20304417
20304443
20304455
20304629
20304669
20304721
20304775
20304857
20304985
20305119
20305147
20305369
20305425
20305491
20305563
20305673
20305771
20306013
20306055
20306161
20306263
20306271
20306425
20306449
20306467
20306473
20306659
20306985
20307069
20307223
20307351
20307449
20307573
20307627
20307691
20307897
20308039
20308055
20308279
20308291
20308389
20308459
20308487
20308513
20308635
20308647
20308723
20308783
20308873
20309009
20309217
20309263
20309273
20309311
20309331
20309353
20309359
20309363
20309425
20309437
20309471
20309829
20309933
20309959
20310061
20310091
20310253
20310305
20310411
20310503
20310553
20310641
20310677
20310821
20310851
20310891
20310999
20311319
20311425
20311469
20311559
20311581
20311621
20311623
20311713
20311759
20311837
20311847
20311899
20312099
20312145
20312199
20312231
20312275
20312287
20312395
20312537
20312551
20312565
20312787
20312829
20312865
20312883
20313007
20313075
20313173
20313345
20313361
20313481
20313943
20313959
20314019
20314193
20314211
20314231
20314357
20314493
20314541
20314589
20314687
20314705
20314783
20314843
20314947
20315195
20315197
20315243
20315257
20315413
20315453
20315575
20315647
20315665
20315787
20315821
20315841
20315847
20315875
20315927
20316065
20316075
20316337
20316419
20316537
20316565
20316617
20316653
20316675
20316737
20316759
20316805
20316831
20316985
20317081
20317141
20317157
20317235
20317333
20317383
20317439
20317485
20317633
20317655
20317685
20317719
20317733
20317845
20317969
20317971
20318031
20318087
20318153
20318519
20318549
20318559
20318563
20318597
20318695
20318845
20318929
20318955
20319015
20319021
20319135
20319211
20319265
20319325
20319339
20319353
20319511
20319649
20319695
20319935
20319939
20319973
20320031
20320177
20320257
20320261
20320321
20320507
20320589
20320615
20320619
20320831
20320877
20320961
20320977
20320979
20321021
20321033
20321119
20321185
20321197
20321201
20321203
20321231
20321533
20321579
20321697
20321703
20321715
20321735
20321767
20321805
20321909
20321981
20322025
20322165
20322187
20322243
20322273
20322315
20322341
20322391
20322449
20322571
20322771
20322853
20322887
20322891
20322899
20322947
20322993
20323009
20323035
20323091
20323099
20323233
20323393
20323511
20323529
20323655
20323731
20323735
20323919
20324095
20324319
20324471
20324485
20324517
20324591
20324805
20325133
20325145
20325345
20325413
20325463
20325527
20325539
20325569
20325659
20325667
20325783
20325833
20325901
20326047
20326123
20326221
20326259
20326289
20326535
20326557
20326603
20326637
20326695
20326705
20326745
20326891
20326953
20326955
20326957
20326989
20327041
20327191
20327429
20327539
20327543
20327649
20327781
20327863
20327875
20327929
20328015
20328063
20328095
20328229
20328277
20328387
20328411
20328461
20328467
20328527
20328607
20328719
20328771
20328813
20329089
20329179
20329207
20329415
20329527
20329541
20329547
20329557
20329563
20329649
20329683
20329761
20329783
20329817
20329847
20329869
20329881
20329935
20329979
20329995
20330097
20330191
20330221
20330231
20330239
20330317
20330321
20330473
20330485
20330489
20330497
20330535
20330633
20330707
20330801
20330905
20331095
20331209
20331217
20331227
20331275
20331295
20331371
20331403
20331405
20331535
20331555
20331615
20331685
20331739
20331923
20332015
20332253
20332269
20332275
20332299
20332305
20332387
20332455
20332887
20332917
20332931
20332951
20333107
20333333
20333395
20333599
20333631
20333715
20333727
20333843
20334017
20334031
20334085
20334147
20334385
20334405
20334675
20334685
20334757
20334785
20334793
20334805
20334899
20334901
20335123
20335251
20335395
20335471
20335509
20335589
20335601
20335619
20335645
20335797
20335829
20335961
20336065
20336239
20336245
20336353
20336407
20336437
20336557
20336583
20336711
20336737
20336761
20336769
20336831
20337079
20337153
20337155
20337243
20337271
20337359
20337409
20337567
20337625
20337667
20337705
20337739
20337875
20337917
20338019
20338193
20338287
20338399
20338465
20338593
20338709
20338719
20338739
20338827
20338845
20339007
20339049
20339051
20339079
20339119
20339155
20339189
20339323
20339389
20339499
20339529
20339531
20339539
20339553
20339583
20339625
20339661
20339665
20339675
20339739
20339761
20339807
20339851
20339881
20340087
20340209
20340239
20340411
20340451
20340483
20340555
20340657
20340871
20340971
20340999
20341085
20341107
20341179
20341183
20341239
20341241
20341261
20341293
20341383
20341389
20341475
20341515
20341899
20341917
20341961
20341973
20342059
20342151
20342179
20342221
20342245
20342257
20342263
20342273
20342331
20342339
20342455
20342463
20342513
20342523
20342675
20342947
20342963
20343049
20343051
20343187
20343433
20343505
20343645
20343659
20343711
20343773
20343821
20343827
20343881
20344047
20344099
20344119
20344193
20344201
20344255
20344269
20344277
20344293
20344327
20344379
20344421
20344599
20344671
20344687
20344817
20344935
20344937
20344943
20345035
20345057
20345175
20345239
20345341
20345535
20345591
20345663
20345777
20345815
20345835
20345943
20346059
20346103
20346111
20346175
20346299
20346517
20346535
20346541
20346611
20346731
20346745
20346805
20346821
20347035
20347087
20347297
20347609
20347651
20347699
20347801
20347877
20347891
20347949
20348051
20348071
20348161
20348413
20348499
20348571
20348699
20348747
20348897
20349087
20349279
20349281
20349289
20349549
20349621
20349639
20349721
20349733
20349749
20350045
20350047
20350075
20350077
20350147
20350201
20350221
20350223
20350235
20350395
20350397
20350463
20350481
20350781
20350815
20350821
20350963
20351003
20351183
20351401
20351683
20351777
20351983
20352023
20352339
20352457
20352549
20352587
20352615
20352693
20352751
20352755
20352821
20352825
20352895
20352903
20353111
20353317
20353347
20353477
20353527
20353567
20353593
20353625
20353891
20353963
20354145
20354259
20354391
20354503
20354563
20354599
20354733
20354735
20354815
20354835
20354845
20354857
20354895
20354907
20354983
20355127
20355183
20355339
20355465
20355515
20355545
20355759
20355877
20355891
20355921
20355935
20356037
20356069
20356167
20356193
20356249
20356255
20356285
20356393
20356641
20356815
20356883
20356931
20357055
20357117
20357153
20357161
20357243
20357291
20357413
20357475
20357575
20357665
20357703
20357741
20357743
20357751
20357951
20358073
20358201
20358213
20358219
20358335
20358483
20358541
20358583
20358627
20358683
20358711
20358725
20358751
20358789
20358795
20358819
20358857
20359057
20359157
20359173
20359183
20359221
20359257
20359337
20359355
20359477
20359487
20359521
20359713
20359747
20359837
20359955
20359993
20359999
20360021
20360325
20360567
20360737
20360753
20360947
20361019
20361085
20361105
20361191
20361463
20361467
20361555
20361575
20361583
20361593
20361681
20361745
20361773
20361831
20361867
20361891
20361939
20362133
20362141
20362147
20362183
20362213
20362271
20362359
20362409
20362455
20362467
20362469
20362483
20362631
20362717
20362741
20363025
20363097
20363253
20363285
20363555
20363561
20363889
20363897
20363921
20364027
20364105
20364131
20364163
20364209
20364219
20364233
20364253
20364347
20364351
20364377
20364397
20364479
20364703
20364771
20365089
20365109
20365255
20365287
20365317
20365329
20365453
20365631
20365689
20365763
20366009
20366121
20366347
20366379
20366405
20366603
20366713
20366801
20367005
20367081
20367137
20367189
20367201
20367275
20367505
20367549
20367679
20367729
20367761
20367775
20367795
20367871
20367909
20368053
20368225
20368281
20368361
20368417
20368473
20368521
20368625
20368721
20368847
20368909
20368921
20369009
20369159
20369283
20369397
20369401
20369515
20369633
20369661
20369687
20369717
20369719
20369993
20370029
20370147
20370221
20370251
20370255
20370511
20370773
20370805
20370927
20370953
20371011
20371043
20371073
20371079
20371115
20371129
20371133
20371157
20371253
20371259
20371341
20371389
20371391
20371419
20371591
20371673
20371783
20371827
20371833
20371865
20371875
20371913
20371953
20372023
20372061
20372135
20372147
20372267
20372323
20372513
20372547
20372631
20372709
20372727
20372969
20373043
20373061
20373095
20373107
20373139
20373153
20373263
20373305
20373325
20373379
20373465
20373531
20373553
20373751
20373771
20373821
20373857
20373893
20373975
20374061
20374089
20374139
20374273
20374275
20374381
20374459
20374471
20374573
20374581
20374645
20374807
20374843
20374915
20374973
20375031
20375235
20375255
20375361
20375367
20375723
20375727
20375793
20375853
20375877
20375901
20375955
20375957
20376025
20376043
20376087
20376155
20376223
20376247
20376299
20376427
20376509
20376557
20376679
20376897
20377161
20377189
20377323
20377357
20377615
20377659
20377747
20377841
20377845
20377861
20377949
20377955
20377963
20377969
20378053
20378139
20378237
20378281
20378389
20378391
20378465
20378595
20378645
20378693
20378863
20378895
20378909
20378997
20379091
20379141
20379171
20379221
20379287
20379349
20379383
20379401
20379555
20379733
20379773
20379819
20379933
20379947
20379951
20379991
20379997
20380003
20380015
20380099
20380167
20380253
20380285
20380329
20380381
20380501
20380511
20380665
20380771
20381021
20381147
20381273
20381397
20381499
20381517
20381541
20381643
20381689
20381705
20381755
20381787
20381803
20381819
20381825
20381847
20381851
20381925
20381927
20381993
20382029
20382043
20382233
20382261
20382381
20382605
20382757
20382895
20382981
20383029
20383055
20383171
20383363
20383393
20383397
20383439
20383469
20383483
20383587
20383611
20383645
20383773
20383795
20383809
20383951
20384051
20384127
20384199
20384357
20384361
20384413
20384597
20384635
20384653
20384703
20384707
20384805
20384833
20384991
20385179
20385185
20385235
20385421
20385861
20386043
20386111
20386115
20386217
20386563
20386581
20386591
20386849
20386861
20386977
20387219
20387257
20387407
20387473
20387507
20387581
20387631
20387857
20387909
20387957
20388155
20388161
20388207
20388249
20388251
20388331
20388407
20388419
20388465
20388479
20388531
20388757
20388791
20388827
20388923
20388939
20389001
20389121
20389203
20389441
20389485
20389519
20389535
20389615
20389631
20389907
20390119
20390135
20390159
20390163
20390187
20390279
20390343
20390379
20390391
20390463
20390531
20390549
20390573
20390677
20390723
20390745
20390823
20390919
20390977
20391231
20391267
20391319
20391369
20391397
20391421
20391549
20391827
20391895
20392009
20392027
20392159
20392175
20392189
20392221
20392317
20392331
20392333
20392395
20392535
20392541
20392545
20392651
20392715
20392923
20392939
20392979
20393037
20393073
20393115
20393191
20393215
20393365
20393371
20393383
20393461
20393483
20393547
20393579
20393611
20393643
20393743
20393849
20393861
20393869
20393877
20393897
20393915
20394137
20394171
20394213
20394219
20394255
20394503
20394533
20394711
20394797
20394841
20394859
20394927
20394943
20394967
20395117
20395205
20395213
20395245
20395247
20395521
20395529
20395569
20395605
20395665
20395713
20395779
20395799
20395817
20395861
20395863
20395963
20395979
20396157
20396197
20396221
20396233
20396269
20396443
20396465
20396519
20396573
20396611
20396657
20396831
20396875
20396907
20397137
20397175
20397295
20397369
20397449
20397619
20397641
20397739
20397763
20397775
20397777
20397887
20397915
20397959
20398081
20398297
20398341
20398453
20398477
20398613
20398721
20398955
20398971
20399029
20399041
20399115
20399537
20399611
20399639
20399653
20399657
20399907
20399963
20400085
20400093
20400431
20400435
20400461
20400537
20400551
20400623
20400663
20400685
20400749
20400875
20400957
20401045
20401071
20401087
20401143
20401277
20401331
20401407
20401413
20401449
20401615
20401659
20401715
20401763
20401799
20401819
20401937
20402205
20402291
20402297
20402327
20402355
20402415
20402599
20402641
20402693
20402835
20402899
20402927
20402957
20403017
20403115
20403171
20403307
20403353
20403363
20403403
20403531
20403709
20404227
20404233
20404321
20404363
20404537
20404589
20404615
20404723
20404727
20404807
20404859
20404979
20405161
20405309
20405317
20405583
20405699
20405723
20405737
20405771
20405789
20405875
20405907
20405943
20405981
20406031
20406049
20406079
20406205
20406229
20406243
20406475
20406485
20406495
20406651
20406665
20406763
20406873
20406953
20406973
20407033
20407053
20407183
20407243
20407279
20407425
20407473
20407495
20407597
20407615
20407711
20407987
20408041
20408109
20408145
20408289
20408445
20408511
20408519
20408643
20408829
20408999
20409027
20409211
20409267
20409299
20409417
20409471
20409475
20409495
20409551
20409573
20409585
20409809
20409827
20409925
20410087
20410123
20410291
20410641
20410645
20410659
20410715
20410797
20410811
20410825
20410921
20410947
20410973
20411053
20411127
20411131
20411133
20411189
20411321
20411357
20412007
20412013
20412113
20412207
20412243
20412287
20412319
20412377
20412407
20412455
20412533
20412547
20412601
20412643
20412647
20412667
20413061
20413083
20413105
20413177
20413227
20413397
20413447
20413499
20413535
20413539
20413665
20413809
20413941
20413951
20414023
20414215
20414249
20414257
20414317
20414467
20414519
20414539
20414563
20414611
20414861
20415081
20415101
20415137
20415175
20415215
20415235
20415245
20415325
20415331
20415349
20415385
20415393
20415515
20415669
20415773
20415863
20415869
20415871
20415873
20415921
20415991
20416057
20416171
20416295
20416357
20416407
20416447
20416549
20416635
20416673
20416717
20416729
20416779
20417023
20417039
20417049
20417083
20417089
20417095
20417105
20417179
20417257
20417283
20417359
20417427
20417441
20417471
20417529
20417633
20417741
20417949
20417957
20417961
20418107
20418145
20418299
20418303
20418353
20418381
20418395
20418397
20418399
20418493
20418533
20418543
20418565
20418703
20418741
20418747
20418783
20418981
20419095
20419155
20419251
20419253
20419293
20419411
20419625
20419759
20419883
20419991
20420163
20420211
20420431
20420457
20420537
20420541
20420587
20420593
20420607
20420635
20420771
20420829
20420861
20420863
20420869
20421027
20421299
20421495
20421795
20421831
20421873
20421975
20421991
20422165
20422177
20422221
20422291
20422427
20422441
20422627
20422661
20422727
20422757
20422793
20422881
20422933
20422935
20423215
20423325
20423383
20423391
20423547
20423761
20423839
20423905
20423935
20424039
20424155
20424209
20424309
20424435
20424741
20424805
20424831
20424889
20425075
20425229
20425327
20425351
20425383
20425435
20425523
20425565
20425603
20425677
20425873
20425937
20426099
20426213
20426243
20426285
20426289
20426433
20426443
20426575
20426599
20426627
20426709
20426785
20426833
20426847
20426915
20426961
20427031
20427037
20427043
20427201
20427331
20427351
20427447
20427519
20427531
20427533
20427619
20427661
20427801
20427855
20427911
20428081
20428173
20428265
20428293
20428321
20428333
20428361
20428587
20428743
20428783
20428841
20428879
20429133
20429143
20429283
20429351
20429467
20429607
20429727
20429729
20429759
20429831
20429835
20430101
20430149
20430179
20430285
20430301
20430309
20430337
20430491
20430731
20430755
20430873
20430903
20430953
20431185
20431275
20431347
20431805
20431807
20431855
20431967
20431981
20432089
20432195
20432201
20432261
20432263
20432299
20432583
20432603
20432683
20432711
20432773
20432785
20432813
20432865
20433165
20433255
20433305
20433331
20433339
20433381
20433441
20433529
20433553
20433559
20433609
20433661
20433689
20433723
20433797
20433835
20434029
20434301
20434323
20434351
20434421
20434423
20434529
20434561
20434627
20434645
20434709
20434883
20434899
20434969
20435001
20435101
20435119
20435167
20435245
20435269
20435281
20435319
20435357
20435387
20435393
20435551
20435575
20435677
20435795
20435947
20436049
20436071
20436203
20436321
20436359
20436377
20436385
20436391
20436571
20436711
20436735
20436785
20436835
20436951
20437045
20437287
20437317
20437415
20437431
20437489
20437499
20437571
20437577
20437587
20437623
20437659
20437765
20437961
20437989
20438073
20438099
20438169
20438177
20438433
20438441
20438457
20438467
20438571
20438673
20438675
20438747
20438849
20438877
20438897
20438905
20438911
20438913
20439149
20439161
20439165
20439169
20439219
20439253
20439315
20439343
20439361
20439435
20439617
20439839
20439999
20440047
20440241
20440437
20440443
20440527
20440533
20440537
20440651
20440731
20440869
20440917
20440943
20441005
20441053
20441173
20441309
20441345
20441473
20441543
20441621
20441753
20441781
20441895
20441953
20442087
20442095
20442109
20442203
20442265
20442397
20442399
20442443
20442447
20442451
20442473
20442635
20442659
20442663
20442857
20442897
20442977
20443063
20443091
20443107
20443161
20443451
20443487
20443529
20443553
20443579
20443585
20443615
20443625
20443677
20443861
20443877
20443909
20444021
20444069
20444237
20444253
20444271
20444375
20444425
20444455
20444713
20444867
20445171
20445197
20445345
20445507
20445603
20445689
20445741
20445759
20445761
20446171
20446257
20446275
20446315
20446339
20446345
20446413
20446449
20446453
20446519
20446569
20446659
20446765
20446831
20446897
20447129
20447205
20447213
20447225
20447307
20447413
20447513
20447597
20447603
20447637
20447683
20447709
20447787
20447847
20447891
20447929
20447995
20448009
20448025
20448077
20448191
20448215
20448277
20448319
20448339
20448347
20448469
20448499
20448593
20448683
20448707
20448793
20449041
20449069
20449131
20449185
20449187
20449247
20449313
20449465
20449533
20449631
20449723
20449751
20449799
20449935
20450023
20450135
20450217
20450275
20450289
20450313
20450341
20450389
20450477
20450615
20450629
20450647
20450665
20450703
20450869
20450897
20450919
20450937
20450959
20451069
20451191
20451247
20451325
20451359
20451493
20451573
20451581
20451601
20451681
20451763
20451809
20451831
20451839
20451899
20452097
20452317
20452359
20452535
20452537
20452549
20452617
20452643
20452657
20452659
20452895
20453023
20453037
20453057
20453063
20453241
20453407
20453541
20453629
20453631
20453695
20453729
20453865
20453895
20453949
20453969
20454003
20454027
20454143
20454275
20454337
20454379
20454383
20454543
20454561
20454655
20454663
20454699
20454763
20454925
20455163
20455261
20455417
20455551
20455809
20455859
20455925
20455977
20455979
20455999
20456043
20456121
20456159
20456167
20456235
20456295
20456365
20456373
20456443
20456585
20456717
20456885
20456901
20456951
20456995
20457015
20457035
20457081
20457179
20457191
20457195
20457305
20457405
20457483
20457575
20457603
20457723
20457745
20457867
20457893
20457947
20457983
20457989
20458033
20458183
20458263
20458399
20458491
20458503
20458525
20458549
20458575
20458657
20458661
20458665
20458767
20458799
20458819
20458829
20458877
20458909
20459011
20459019
20459039
20459069
20459075
20459081
20459161
20459175
20459209
20459305
20459461
20459553
20459555
20459571
20459645
20459773
20459823
20459851
20459897
20459977
20460041
20460171
20460173
20460259
20460281
20460297
20460549
20460659
20460685
20460719
20460857
20461133
20461183
20461221
20461227
20461263
20461415
20461483
20461557
20461845
20461863
20461971
20462013
20462031
20462055
20462123
20462193
20462229
20462235
20462353
20462559
20462773
20462813
20462843
20462957
20463007
20463045
20463155
20463641
20463839
20463995
20464225
20464305
20464307
20464369
20464573
20464679
20464801
20464837
20464877
20465095
20465241
20465285
20465339
20465415
20465443
20465481
20465529
20465531
20465585
20465649
20465655
20465689
20465713
20465811
20465989
20466007
20466015
20466029
20466153
20466385
20466397
20466441
20466491
20466619
20466651
20466685
20466775
20466815
20466859
20466877
20466977
20467011
20467123
20467435
20467473
20467517
20467577
20467589
20467681
20467711
20467715
20467841
20467973
20468003
20468075
20468137
20468147
20468203
20468223
20468305
20468337
20468357
20468469
20468479
20468551
20468557
20468589
20468593
20468693
20468779
20468909
20468933
20468961
20469301
20469327
20469337
20469435
20469469
20469635
20469723
20469743
20469801
20469925
20469945
20469971
20469981
20469997
20470013
20470101
20470237
20470255
20470335
20470371
20470517
20470663
20470883
20471047
20471073
20471195
20471295
20471329
20471375
20471459
20471569
20471603
20471623
20471645
20471951
20472015
20472051
20472205
20472249
20472345
20472373
20472435
20472469
20472613
20472717
20472773
20472785
20472793
20472827
20472999
20473093
20473165
20473197
20473217
20473485
20473495
20473517
20473679
20473761
20473789
20473797
20473903
20473943
20474001
20474205
20474219
20474251
20474405
20474421
20474465
20474541
20474739
20474763
20474785
20474853
20474897
20474975
20475029
20475075
20475087
20475147
20475251
20475263
20475427
20475537
20475543
20475709
20475805
20475839
20475865
20476061
20476121
20476135
20476251
20476291
20476391
20476479
20476629
20476675
20476733
20476801
20476859
20476911
20476985
20476991
20477075
20477101
20477111
20477203
20477317
20477391
20477395
20477459
20477487
20477599
20477757
20477879
20478097
20478173
20478179
20478191
20478351
20478409
20478453
20478467
20478493
20478593
20478633
20478645
20478737
20478869
20478933
20478937
20478971
20479087
20479103
20479131
20479185
20479429
20479433
20479601
20479663
20479705
20479711
20479717
20479751
20479845
20479905
20479967
20479993
20480081
20480093
20480245
20480277
20480285
20480427
20480429
20480443
20480579
20480615
20480681
20480683
20480745
20480937
20480973
20481011
20481079
20481149
20481173
20481349
20481509
20481515
20481533
20481557
20481587
20481721
20481765
20481783
20481911
20481941
20481967
20482045
20482071
20482141
20482227
20482245
20482269
20482303
20482411
20482455
20482491
20482505
20482605
20482709
20482747
20482903
20483019
20483027
20483195
20483247
20483263
20483265
20483317
20483349
20483387
20483441
20483473
20483477
20483613
20483725
20483803
20483841
20483865
20483903
20483925
20483967
20484119
20484129
20484209
20484375
20484485
20484811
20484929
20485519
20485551
20485653
20485731
20485825
20485893
20485907
20485919
20486033
20486037
20486083
20486087
20486183
20486279
20486305
20486339
20486561
20486563
20486585
20486745
20486793
20486989
20487265
20487291
20487343
20487391
20487557
20487645
20487857
20487959
20488117
20488121
20488199
20488491
20488501
20488503
20488525
20488609
20488635
20488697
20488815
20488873
20488923
20488939
20488965
20489023
20489035
20489141
20489163
20489321
20489383
20489419
20489519
20489541
20489777
20489785
20489843
20489893
20489929
20489977
20490145
20490151
20490219
20490279
20490329
20490371
20490463
20490509
20490515
20490673
20490679
20490809
20490865
20490867
20490871
20490887
20490893
20490965
20490971
20491079
20491113
20491121
20491149
20491223
20491235
20491257
20491433
20491601
20491667
20491677
20491679
20491791
20491823
20491905
20492017
20492199
20492343
20492365
20492467
20492639
20492709
20492713
20492833
20492935
20492955
20493143
20493183
20493211
20493325
20493383
20493437
20493457
20493483
20493661
20493771
20493781
20493949
20493993
20494075
20494113
20494151
20494153
20494183
20494189
20494361
20494383
20494447
20494543
20494563
20494669
20494677
20494717
20495045
20495155
20495267
20495299
20495469
20495515
20495703
20495773
20496193
20496221
20496253
20496287
20496289
20496447
20496511
20496699
20496957
20497045
20497279
20497363
20497375
20497405
20497445
20497487
20497495
20497615
20497701
20497713
20497813
20497961
20498005
20498035
20498101
20498203
20498221
20498319
20498333
20498499
20498501
20498649
20498705
20498815
20498829
20498845
20498897
20498927
20498953
20498961
20499011
20499033
20499075
20499109
20499131
20499247
20499395
20499405
20499411
20499527
20499549
20499585
20499677
20499707
20499743
20499781
20499813
20500017
20500163
20500207
20500209
20500285
20500385
20500395
20500433
20500519
20500715
20500751
20500849
20501169
20501347
20501457
20501501
20501521
20501543
20501637
20501643
20501741
20501783
20501915
20501953
20502043
20502083
20502105
20502215
20502277
20502427
20502537
20502661
20502739
20502811
20502841
20502873
20502893
20502971
20502981
20502987
20503107
20503141
20503163
20503301
20503319
20503389
20503521
20503681
20503811
20503845
20503883
20503921
20503951
20504271
20504427
20504455
20504485
20504523
20504551
20504627
20504633
20504663
20504737
20504835
20505055
20505275
20505307
20505323
20505355
20505521
20505541
20505715
20505793
20505913
20505915
20505991
20506007
20506141
20506173
20506199
20506383
20506393
20506431
20506441
20506517
20506655
20506881
20506893
20506911
20507211
20507273
20507365
20507411
20507427
20507539
20507551
20507611
20507647
20507669
20507717
20507781
20507869
20507875
20507941
20507987
20508041
20508055
20508145
20508187
20508333
20508371
20508375
20508541
20508685
20508775
20508839
20508961
20509037
20509081
20509227
20509231
20509345
20509525
20509729
20509775
20509777
20509799
20509839
20509955
20510191
20510227
20510315
20510499
20510571
20510637
20510819
20510929
20510935
20511017
20511025
20511063
20511121
20511247
20511449
20511535
20511637
20511827
20511857
20511909
20511961
20512007
20512015
20512091
20512229
20512293
20512417
20512741
20512753
20512791
20512795
20512809
20513039
20513081
20513337
20513457
20513481
20513489
20513501
20513689
20513865
20513889
20514001
20514009
20514043
20514051
20514169
20514195
20514241
20514335
20514357
20514441
20514635
20514699
20514707
20514859
20514877
20514907
20514935
20515053
20515087
20515139
20515147
20515411
20515415
20515735
20515913
20515979
20516033
20516139
20516177
20516183
20516191
20516359
20516421
20516441
20516563
20516591
20516653
20516679
20516763
20516855
20516969
20517009
20517039
20517063
20517083
20517099
20517219
20517257
20517281
20517399
20517427
20517473
20517547
20517601
20517607
20517693
20517749
20517753
20517821
20517843
20517861
20517893
20518021
20518109
20518137
20518221
20518251
20518369
20518407
20518439
20518495
20518539
20518679
20518755
20518763
20518767
20518797
20518799
20518889
20518899
20519101
20519175
20519179
20519359
20519373
20519469
20519513
20519541
20519557
20519569
20519731
20519761
20519765
20519809
20519873
20519905
20520139
20520279
20520291
20520307
20520371
20520421
20520431
20520505
20520575
20520635
20520677
20520705
20520867
20521027
20521083
20521291
20521293
20521345
20521643
20521707
20521747
20521913
20521929
20521993
20522043
20522063
20522177
20522195
20522241
20522253
20522299
20522375
20522387
20522403
20522459
20522621
20522643
20522715
20522789
20522819
20522883
20523069
20523223
20523445
20523453
20523559
20523605
20523619
20523669
20523709
20523753
20523865
20523875
20524171
20524187
20524259
20524291
20524319
20524371
20524393
20524401
20524403
20524411
20524419
20524465
20524605
20524675
20524683
20524759
20524777
20524799
20524855
20524997
20525093
20525103
20525105
20525161
20525283
20525345
20525353
20525385
20525493
20525553
20525697
20525721
20525797
20525919
20526069
20526123
20526135
20526169
20526219
20526235
20526249
20526437
20526497
20526619
20526661
20526751
20526755
20526783
20526799
20526875
20526905
20526985
20527299
20527343
20527525
20527609
20527627
20527629
20527781
20527783
20527801
20527817
20527951
20528075
20528107
20528175
20528239
20528299
20528387
20528427
20528485
20528527
20528531
20528621
20528649
20528895
20529053
20529067
20529069
20529213
20529309
20529347
20529353
20529403
20529843
20529847
20529891
20529963
20530029
20530075
20530125
20530281
20530323
20530357
20530451
20530531
20530557
20530821
20530859
20530901
20530907
20530915
20530967
20531153
20531301
20531307
20531315
20531479
20531537
20531579
20531619
20531633
20531725
20531813
20531817
20531845
20531985
20532051
20532075
20532147
20532191
20532269
20532451
20532523
20532693
20532695
20532739
20532751
20532837
20533097
20533169
20533185
20533353
20533377
20533493
20533701
20533715
20533747
20533811
20533827
20533897
20533917
20533925
20533937
20534087
20534159
20534203
20534333
20534505
20534583
20534605
20534667
20534681
20534763
20534841
20534941
20534949
20534971
20535197
20535293
20535359
20535445
20535469
20535561
20535633
20535673
20535701
20535747
20535795
20535887
20536003
20536023
20536037
20536223
20536245
20536331
20536377
20536465
20536567
20536597
20536667
20536689
20536703
20536725
20536815
20536883
20536969
20537013
20537017
20537207
20537425
20537435
20537461
20537483
20537593
20537673
20537721
20537893
20537921
20537967
20538083
20538117
20538139
20538165
20538173
20538209
20538545
20538571
20538615
20538689
20538695
20538723
20538759
20538863
20538999
20539013
20539139
20539189
20539249
20539421
20539517
20539535
20539547
20539671
20539691
20539745
20539793
20539895
20539911
20539951
20539957
20539975
20540329
20540333
20540337
20540405
20540421
20540467
20540559
20540583
20540667
20540681
20540705
20540761
20540815
20540857
20540881
20540893
20540905
20540907
20541069
20541095
20541107
20541145
20541201
20541293
20541319
20541431
20541453
20541601
20541637
20541797
20541853
20541859
20541943
20541999
20542031
20542055
20542073
20542223
20542311
20542351
20542393
20542407
20542449
20542451
20542461
20542587
20542669
20542819
20542957
20543025
20543049
20543123
20543257
20543379
20543387
20543437
20543515
20543643
20543801
20543925
20543933
20543975
20543993
20544067
20544071
20544211
20544243
20544251
20544323
20544389
20544419
20544427
20544467
20544705
20544713
20544751
20544767
20544843
20544881
20545047
20545049
20545053
20545619
20545651
20545655
20545661
20545877
20545931
20545975
20546047
20546053
20546063
20546103
20546241
20546299
20546357
20546389
20546493
20546535
20546695
20546737
20546831
20546951
20547091
20547123
20547421
20547471
20547487
20547545
20547585
20547617
20547719
20547813
20548051
20548225
20548291
20548335
20548351
20548371
20548419
20548659
20548671
20548787
20548837
20548925
20549079
20549305
20549457
20549553
20549647
20549649
20549691
20549719
20549773
20549791
20549839
20549911
20549949
20550063
20550117
20550151
20550191
20550329
20550523
20550533
20550583
20550651
20550667
20550801
20550837
20550849
20550899
20550921
20550987
20551063
20551085
20551209
20551305
20551355
20551473
20551475
20551497
20551561
20551741
20551863
20551929
20551985
20552071
20552075
20552081
20552105
20552135
20552187
20552249
20552261
20552329
20552417
20552439
20552515
20552553
20552569
20552731
20552909
20553029
20553101
20553249
20553281
20553413
20553445
20553467
20553595
20553611
20553701
20553703
20553805
20553909
20553985
20554005
20554007
20554035
20554111
20554131
20554325
20554357
20554445
20554487
20554517
20554763
20554867
20554881
20555045
20555067
20555075
20555077
20555113
20555293
20555353
20555407
20555587
20555617
20555723
20555749
20555811
20555855
20555899
20555953
20556049
20556059
20556201
20556341
20556653
20556699
20556787
20556831
20556855
20556861
20557059
20557291
20557569
20557595
20557597
20557745
20557765
20557781
20558089
20558137
20558189
20558207
20558421
20558557
20558629
20558651
20558657
20558757
20558799
20558927
20558943
20559047
20559059
20559303
20559315
20559447
20559535
20559555
20559659
20559867
20559913
20559953
20560177
20560255
20560271
20560307
20560363
20560483
20560533
20560561
20560589
20560961
20560989
20561025
20561061
20561193
20561205
20561261
20561299
20561317
20561539
20561563
20561689
20561729
20561875
20561995
20562031
20562047
20562061
20562085
20562237
20562355
20562415
20562419
20562507
20562669
20562749
20562761
20562885
20562971
20563071
20563145
20563183
20563325
20563329
20563467
20563491
20563641
20563653
20563733
20563899
20564145
20564223
20564235
20564323
20564377
20564447
20564499
20564507
20564749
20564883
20564929
20564949
20565001
20565301
20565423
20565441
20565531
20565599
20565659
20565707
20565745
20565789
20565825
20566125
20566163
20566451
20566469
20566637
20566669
20566707
20566721
20566725
20566745
20566781
20566893
20566917
20566943
20567005
20567047
20567057
20567245
20567327
20567339
20567345
20567581
20567593
20567599
20567659
20567723
20567733
20567789
20567961
20567985
20568015
20568045
20568083
20568175
20568303
20568397
20568405
20568535
20568657
20568979
20569125
20569147
20569179
20569197
20569221
20569263
20569285
20569329
20569395
20569493
20569533
20569537
20569551
20569619
20569701
20569767
20569785
20569859
20569953
20569999
20570011
20570029
20570095
20570097
20570113
20570199
20570331
20570361
20570425
20570579
20570649
20570719
20570741
20570795
20570827
20571139
20571183
20571211
20571227
20571297
20571525
20571569
20571723
20571765
20571967
20572051
20572359
20572399
20572427
20572483
20572511
20572531
20572541
20572695
20572719
20572727
20572761
20572765
20572815
20573113
20573217
20573283
20573387
20573435
20573653
20573663
20573705
20573761
20573851
20573923
20573953
20574009
20574083
20574131
20574305
20574405
20574449
20574573
20574605
20574647
20574703
20574749
20574827
20574911
20574971
20575041
20575089
20575107
20575167
20575337
20575425
20575459
20575489
20575493
20575517
20575613
20575725
20576021
20576059
20576109
20576143
20576235
20576243
20576245
20576309
20576639
20576659
20576699
20576763
20576793
20576887
20576923
20576991
20577087
20577091
20577161
20577163
20577311
20577393
20577411
20577641
20577691
20577749
20577751
20577757
20577779
20577875
20577897
20578015
20578039
20578077
20578139
20578171
20578193
20578235
20578445
20578477
20578571
20578665
20578705
20578771
20578809
20578819
20578917
20578955
20579147
20579191
20579223
20579229
20579293
20579543
20579559
20579577
20579617
20579649
20579761
20579861
20579913
20579915
20579919
20579993
20580013
20580049
20580093
20580185
20580225
20580231
20580239
20580369
20580379
20580457
20580477
20580479
20580487
20580635
20581039
20581101
20581103
20581219
20581357
20581403
20581457
20581519
20581561
20581601
20581643
20581665
20581687
20581707
20581877
20581895
20581977
20582079
20582193
20582195
20582211
20582405
20582423
20582537
20582721
20582787
20582911
20582927
20583021
20583135
20583237
20583287
20583387
20583425
20583429
20583481
20583537
20583561
20583603
20583693
20583709
20583995
20584031
20584073
20584191
20584201
20584323
20584367
20584409
20584459
20584503
20584597
20584637
20584685
20584711
20584771
20584867
20584903
20584939
20584949
20585025
20585245
20585443
20585495
20585569
20585573
20585623
20585723
20585741
20585959
20586005
20586011
20586109
20586111
20586133
20586217
20586341
20586439
20586477
20586727
20586785
20586885
20586985
20587037
20587221
20587263
20587581
20587583
20587697
20587779
20587827
20587951
20588003
20588063
20588067
20588091
20588153
20588227
20588241
20588281
20588329
20588361
20588397
20588435
20588441
20588579
20588585
20588789
20588807
20588809
20589107
20589209
20589293
20589367
20589451
20589661
20589905
20590093
20590261
20590471
20590525
20590547
20590565
20590619
20590631
20590677
20590697
20590763
20590863
20590877
20591143
20591155
20591169
20591231
20591249
20591289
20591305
20591311
20591351
20591515
20591523
20591693
20591745
20591795
20591963
20591979
20592223
20592289
20592417
20592629
20592705
20592939
20592945
20593103
20593109
20593211
20593277
20593515
20593589
20593609
20593621
20593623
20593685
20593743
20593771
20594043
20594063
20594141
20594203
20594415
20594487
20594489
20595281
20595375
20595415
20595557
20595583
20595597
20595763
20595833
20595837
20595927
20595993
20596361
20596387
20596397
20596451
20596499
20596765
20596965
20596973
20596985
20597059
20597069
20597101
20597353
20597433
20597447
20597589
20597621
20597623
20597921
20597947
20597991
20598045
20598111
20598235
20598299
20598443
20598447
20598579
20598679
20598693
20598731
20598847
20598883
20599087
20599113
20599173
20599175
20599247
20599403
20599463
20599469
20599475
20599643
20599691
20599913
20599951
20600003
20600081
20600091
20600119
20600125
20600193
20600261
20600375
20600553
20600573
20600681
20600907
20600921
20600975
20601007
20601059
20601237
20601261
20601279
20601287
20601301
20601353
20601401
20601485
20601529
20601665
20601725
20601829
20601833
20601993
20602003
20602063
20602219
20602293
20602333
20602407
20602419
20602443
20602455
20602505
20602545
20602735
20602741
20602743
20602771
20602879
20603185
20603215
20603235
20603303
20603317
20603377
20603423
20603495
20603537
20603733
20603829
20604017
20604035
20604057
20604179
20604257
20604269
20604305
20604345
20604357
20604365
20604373
20604467
20604475
20604659
20604781
20604799
20604845
20604873
20604913
20604993
20604995
20605091
20605705
20605783
20605785
20605869
20605915
20605957
20606083
20606127
20606145
20606213
20606227
20606257
20606371
20606405
20606539
20606619
20606885
20607025
20607081
20607163
20607327
20607383
20607423
20607495
20607539
20607673
20607875
20607957
20608041
20608151
20608245
20608255
20608273
20608451
20608519
20608521
20608679
20608791
20608895
20609005
20609079
20609261
20609299
20609323
20609353
20609537
20609613
20609643
20609693
20609697
20609857
20609891
20609917
20610119
20610129
20610279
20610329
20610409
20610423
20610523
20610581
20610665
20610707
20610763
20610835
20610843
20610937
20610949
20611183
20611199
20611229
20611253
20611375
20611469
20611497
20611545
20611653
20611701
20611821
20612027
20612031
20612059
20612397
20612453
20612479
20612505
20612645
20612689
20612773
20612785
20612861
20612893
20612989
20613001
20613065
20613095
20613113
20613135
20613171
20613177
20613247
20613263
20613299
20613305
20613371
20613427
20613459
20613517
20613579
20613605
20613621
20613669
20613787
20613991
20614153
20614251
20614391
20614405
20614667
20614735
20614749
20614769
20615009
20615105
20615127
20615129
20615173
20615263
20615321
20615331
20615525
20615551
20615561
20615771
20615819
20615911
20615935
20615945
20616089
20616111
20616169
20616197
20616229
20616345
20616357
20616371
20616389
20616407
20616423
20616595
20616675
20616783
20616851
20616871
20616875
20617047
20617049
20617103
20617143
20617465
20617697
20617715
20617717
20617799
20617875
20617909
20618139
20618169
20618173
20618229
20618395
20618677
20618703
20618837
20618849
20618863
20619005
20619039
20619055
20619139
20619243
20619261
20619387
20619393
20619399
20619445
20619491
20619621
20619685
20619731
20619837
20619845
20619877
20619963
20619985
20620007
20620045
20620055
20620081
20620211
20620213
20620349
20620423
20620491
20620507
20620541
20620641
20620687
20620689
20620695
20620755
20620807
20620815
20620891
20620899
20620931
20620941
20620987
20621069
20621129
20621137
20621247
20621251
20621341
20621531
20621553
20621657
20621703
20621725
20621753
20621789
20621847
20621859
20621905
20621953
20622151
20622187
20622259
20622357
20622403
20622465
20622517
20622547
20622575
20622641
20622681
20622781
20622825
20622843
20622929
20622937
20623011
20623059
20623177
20623285
20623355
20623357
20623367
20623457
20623459
20623565
20623671
20623743
20623761
20623849
20623855
20624123
20624169
20624205
20624263
20624363
20624375
20624523
20624589
20624795
20624883
20624951
20625009
20625169
20625257
20625273
20625451
20625551
20625639
20625659
20625665
20625923
20626275
20626331
20626371
20626379
20626557
20626693
20626697
20626701
20626745
20626763
20626813
20626881
20627013
20627023
20627077
20627079
20627129
20627131
20627265
20627291
20627377
20627529
20627579
20627641
20627645
20627745
20627803
20627821
20627887
20627905
20627923
20627941
20628107
20628109
20628161
20628287
20628381
20628409
20628419
20628431
20628445
20628457
20628521
20628639
20628941
20629051
20629185
20629195
20629257
20629287
20629411
20629465
20629735
20629763
20629787
20629943
20629953
20629961
20630061
20630105
20630119
20630137
20630143
20630257
20630269
20630323
20630333
20630349
20630375
20630455
20630463
20630501
20630549
20630741
20630835
20630865
20631089
20631099
20631283
20631405
20631433
20631473
20631533
20631665
20631811
20631835
20631993
20632037
20632111
20632121
20632135
20632209
20632231
20632235
20632421
20632485
20632523
20632571
20632715
20632717
20632729
20632757
20632775
20632837
20632899
20632945
20632977
20633007
20633035
20633163
20633231
20633269
20633293
20633307
20633351
20633641
20633739
20633749
20633769
20633839
20633911
20633921
20634013
20634025
20634263
20634375
20634475
20634697
20634805
20634833
20634853
20634905
20635019
20635163
20635231
20635291
20635349
20635483
20635505
20635549
20635591
20635625
20635697
20635789
20635821
20635867
20635881
20635885
20635895
20636071
20636093
20636157
20636165
20636191
20636271
20636367
20636369
20636557
20636661
20636677
20637107
20637137
20637413
20637455
20637499
20637551
20637567
20637801
20637867
20638005
20638065
20638209
20638227
20638417
20638577
20638585
20638593
20638615
20638653
20638693
20638707
20638733
20638785
20638985
20639029
20639121
20639149
20639295
20639297
20639343
20639371
20639445
20639565
20639575
20639657
20639695
20639755
20639831
20639929
20639989
20640043
20640045
20640077
20640127
20640135
20640141
20640237
20640241
20640379
20640533
20640603
20640641
20640799
20640871
20641039
20641079
20641183
20641239
20641703
20641755
20641829
20642069
20642089
20642195
20642197
20642435
20642477
20642541
20642583
20642635
20642837
20642869
20642953
20642979
20642989
20643055
20643061
20643153
20643161
20643169
20643173
20643417
20643437
20643543
20643681
20643705
20643885
20643897
20644131
20644133
20644171
20644211
20644241
20644277
20644321
20644353
20644413
20644499
20644737
20644763
20644981
20645063
20645129
20645173
20645229
20645285
20645329
20645335
20645351
20645365
20645381
20645483
20645495
20645541
20645709
20645839
20646019
20646039
20646101
20646223
20646273
20646309
20646449
20646679
20646709
20646727
20646917
20647007
20647039
20647059
20647069
20647165
20647265
20647331
20647407
20647515
20647565
20647653
20647687
20647725
20647765
20647997
20648095
20648297
20648461
20648541
20648575
20648673
20648865
20648945
20648983
20649011
20649015
20649077
20649273
20649373
20649375
20649455
20649519
20649559
20649701
20649717
20649841
20649847
20649921
20649991
20650031
20650171
20650193
20650321
20650345
20650361
20650365
20650903
20650951
20651057
20651077
20651181
20651243
20651275
20651361
20651463
20651481
20651489
20651595
20651601
20651661
20651903
20652043
20652073
20652235
20652417
20652459
20652487
20652523
20652579
20652605
20652633
20652669
20652691
20652739
20652955
20653179
20653269
20653287
20653493
20653513
20653643
20653731
20653931
20654059
20654169
20654317
20654343
20654375
20654621
20654731
20654825
20654991
20655141
20655163
20655221
20655273
20655303
20655625
20655627
20655787
20656123
20656181
20656193
20656279
20656361
20656457
20656477
20656541
20656559
20656699
20656707
20656711
20656845
20657089
20657159
20657241
20657307
20657421
20657425
20657483
20657717
20657761
20657795
20658113
20658283
20658307
20658387
20658407
20658473
20658879
20658973
20659055
20659077
20659093
20659113
20659265
20659337
20659355
20659361
20659435
20659453
20659465
20659567
20659599
20659621
20659649
20659717
20659753
20659909
20659983
20660017
20660183
20660193
20660345
20660683
20660813
20660817
20660831
20661041
20661065
20661109
20661553
20661579
20661817
20661879
20661881
20661895
20661935
20662191
20662321
20662355
20662419
20662457
20662697
20662981
20663019
20663119
20663245
20663269
20663369
20663457
20663545
20663791
20663849
20664069
20664217
20664233
20664395
20664495
20664557
20664591
20664593
20664597
20664601
20664759
20664831
20665087
20665231
20665243
20665309
20665363
20665493
20665501
20665521
20665537
20665543
20665643
20665721
20665809
20665829
20665945
20666013
20666125
20666129
20666143
20666333
20666517
20666555
20666629
20666649
20666773
20667007
20667133
20667183
20667205
20667349
20667423
20667449
20667493
20667495
20667605
20667657
20667679
20667707
20667927
20667983
20667991
20668161
20668183
20668203
20668215
20668405
20668477
20668743
20668881
20668889
20668917
20669007
20669057
20669133
20669137
20669179
20669187
20669251
20669269
20669381
20669501
20669577
20669643
20669823
20669849
20669929
20669959
20670017
20670031
20670129
20670417
20670431
20670577
20670589
20670643
20670859
20670905
20670909
20670973
20670999
20671125
20671249
20671295
20671369
20671385
20671519
20671623
20671917
20671967
20671971
20672025
20672057
20672091
20672341
20672421
20672539
20672543
20672597
20672607
20672623
20672671
20672689
20672963
20672969
20673111
20673195
20673261
20673325
20673337
20673427
20673639
20673685
20673717
20673757
20673793
20673799
20673903
20673937
20674059
20674107
20674371
20674381
20674489
20674499
20674539
20674589
20674597
20674787
20675063
20675089
20675129
20675211
20675321
20675329
20675449
20675485
20675759
20675765
20675853
20675879
20675891
20675931
20676049
20676265
20676283
20676309
20676591
20676593
20676653
20676763
20676817
20676837
20677021
20677289
20677443
20677489
20677505
20677511
20677643
20677749
20677763
20677783
20677855
20677861
20677991
20678001
20678045
20678121
20678241
20678481
20678503
20678525
20678535
20678655
20678679
20678727
20678853
20678921
20679067
20679135
20679171
20679457
20679487
20679519
20679543
20679723
20679729
20679851
20679853
20680175
20680189
20680277
20680441
20680461
20680541
20680603
20680691
20680871
20680883
20681151
20681153
20681349
20681395
20681423
20681429
20681559
20681603
20681639
20681683
20681741
20681819
20681935
20681945
20682055
20682253
20682257
20682299
20682303
20682341
20682343
20682345
20682353
20682455
20682535
20682561
20682587
20682885
20682919
20682995
20683011
20683063
20683251
20683391
20683503
20683531
20683601
20683637
20683713
20683971
20684109
20684279
20684449
20684465
20684467
20684491
20684495
20684531
20684545
20684579
20684593
20684639
20684655
20684657
20684815
20684825
20685079
20685097
20685105
20685159
20685237
20685281
20685335
20685443
20685445
20685459
20685547
20685711
20685927
20685939
20685995
20686023
20686075
20686083
20686161
20686227
20686383
20686409
20686479
20686495
20686555
20686585
20686615
20686807
20686873
20686909
20686935
20687001
20687045
20687053
20687189
20687505
20687551
20687687
20687701
20687769
20688069
20688077
20688217
20688319
20688647
20688695
20688729
20688779
20688815
20688853
20688899
20689119
20689131
20689233
20689345
20689373
20689477
20689539
20689575
20689627
20689653
20689659
20689663
20689799
20689805
20690077
20690149
20690219
20690295
20690297
20690301
20690309
20690353
20690381
20690423
20690517
20690625
20690635
20690743
20690769
20690795
20690837
20690911
20691127
20691129
20691141
20691307
20691417
20691443
20691593
20691603
20691621
20691713
20691789
20691853
20691955
20691975
20692093
20692173
20692229
20692375
20692451
20692493
20692631
20692727
20692993
20693013
20693033
20693045
20693161
20693215
20693239
20693285
20693311
20693425
20693473
20693497
20693565
20693739
20693753
20693763
20693775
20693785
20693793
20693933
20694007
20694011
20694103
20694179
20694309
20694407
20694559
20694637
20694771
20694773
20694861
20694991
20695153
20695161
20695237
20695247
20695349
20695397
20695515
20695521
20695525
20695581
20695701
20695725
20695733
20695763
20695889
20696111
20696173
20696207
20696351
20696373
20696423
20696485
20696529
20696611
20696643
20696683
20696691
20696819
20696893
20696899
20697043
20697133
20697249
20697261
20697307
20697469
20697497
20697565
20697893
20698201
20698221
20698231
20698241
20698319
20698491
20698615
20698621
20698693
20698727
20698737
20698747
20698951
20699031
20699133
20699243
20699293
20699325
20699329
20699389
20699707
20699751
20699779
20700007
20700023
20700051
20700105
20700183
20700203
20700215
20700343
20700409
20700461
20700469
20700541
20700649
20700705
20700785
20700801
20700809
20700907
20700929
20700943
20700959
20701053
20701069
20701125
20701181
20701259
20701405
20701449
20701621
20701813
20701911
20702027
20702111
20702163
20702219
20702265
20702333
20702435
20702473
20702477
20702479
20702491
20702611
20702805
20702961
20702979
20703185
20703197
20703221
20703329
20703393
20703465
20703481
20703511
20703597
20703685
20703753
20703763
20703831
20703835
20704155
20704165
20704225
20704269
20704365
20704375
20704649
20704687
20704737
20704773
20704787
20704843
20704949
20704957
20705055
20705095
20705189
20705337
20705385
20705409
20705451
20705679
20705739
20705781
20705791
20706161
20706251
20706273
20706347
20706419
20706589
20706711
20706885
20706897
20706939
20707015
20707093
20707157
20707265
20707387
20707407
20707415
20707473
20707609
20707645
20707701
20707729
20707755
20707791
20707803
20707857
20707953
20707965
20708181
20708217
20708223
20708419
20708435
20708515
20708653
20708691
20708883
20708889
20708927
20708979
20709027
20709097
20709123
20709133
20709137
20709169
20709195
20709203
20709265
20709333
20709339
20709367
20709527
20709655
20709707
20709829
20709999
20710219
20710245
20710411
20710423
20710543
20710551
20710555
20710621
20710743
20710769
20710819
20710833
20710847
20710859
20710915
20710993
20711005
20711029
20711075
20711211
20711215
20711225
20711325
20711541
20711547
20711631
20711663
20711699
20711799
20711813
20711903
20711923
20711999
20712125
20712229
20712459
20712557
20712595
20712661
20712707
20712719
20712741
20712799
20713127
20713137
20713357
20713379
20713537
20713591
20713611
20713647
20713667
20713687
20713759
20713897
20713937
20713953
20714015
20714059
20714081
20714199
20714245
20714269
20714309
20714329
20714351
20714435
20714495
20714507
20714529
20714541
20714549
20714557
20714559
20714583
20714641
20714773
20714827
20715023
20715125
20715221
20715223
20715267
20715295
20715355
20715379
20715525
20715555
20715671
20715723
20715729
20715761
20715809
20715843
20715849
20715923
20716153
20716333
20716447
20716579
20716583
20716591
20716621
20716719
20716779
20716839
20716955
20716991
20717019
20717119
20717199
20717225
20717253
20717349
20717417
20717617
20717641
20717743
20717965
20717989
20718007
20718015
20718027
20718041
20718125
20718157
20718169
20718177
20718243
20718245
20718453
20718455
20718489
20718609
20718631
20718655
20718709
20718837
20718887
20718931
20719019
20719205
20719257
20719271
20719321
20719505
20719545
20719579
20719619
20719669
20719697
20719865
20720009
20720127
20720403
20720509
20720543
20720575
20720669
20720719
20720779
20720859
20720873
20721193
20721303
20721479
20721545
20721689
20721693
20721719
20721825
20721875
20721931
20721965
20722105
20722127
20722181
20722243
20722325
20722379
20722395
20722463
20722491
20722559
20722597
20722915
20722987
20722993
20723071
20723083
20723087
20723139
20723271
20723281
20723321
20723393
20723421
20723425
20723433
20723441
20723471
20723483
20723507
20723687
20723715
20723827
20724001
20724013
20724015
20724083
20724239
20724567
20724603
20724693
20724869
20724879
20725051
20725073
20725113
20725197
20725271
20725561
20725611
20725743
20725767
20725771
20725821
20725897
20726025
20726157
20726169
20726409
20726411
20726569
20726761
20726775
20726887
20726889
20726951
20727025
20727129
20727131
20727167
20727295
20727397
20727477
20727489
20727559
20727637
20727671
20727677
20727683
20727695
20727737
20728139
20728157
20728233
20728237
20728277
20728505
20728565
20728657
20728675
20728685
20728741
20728983
20729019
20729283
20729311
20729315
20729375
20729379
20729577
20729589
20729611
20729785
20729869
20729883
20729959
20730055
20730243
20730473
20730487
20730605
20730749
20730767
20730831
20730901
20730955
20731215
20731225
20731281
20731293
20731313
20731321
20731325
20731387
20731545
20731603
20731673
20731723
20731739
20731845
20731947
20732005
20732107
20732223
20732231
20732241
20732293
20732395
20732397
20732451
20732527
20732593
20732767
20732815
20733087
20733111
20733129
20733263
20733323
20733529
20733567
20733787
20733835
20733983
20734249
20734347
20734357
20734433
20734605
20734633
20734717
20734855
20734961
20734995
20735021
20735035
20735091
20735101
20735277
20735301
20735345
20735391
20735581
20735653
20735663
20735683
20735697
20735737
20735971
20736045
20736055
20736087
20736159
20736219
20736223
20736307
20736347
20736551
20736671
20736839
20736875
20736913
20737041
20737121
20737169
20737421
20737465
20737509
20737517
20737915
20738025
20738207
20738235
20738445
20738467
20738487
20738559
20738719
20738765
20738901
20738975
20738977
20739035
20739045
20739111
20739125
20739261
20739301
20739405
20739419
20739457
20739759
20739879
20739899
20739911
20739921
20739927
20739991
20740059
20740087
20740193
20740223
20740257
20740271
20740323
20740455
20740511
20740549
20740567
20740645
20740695
20740709
20740813
20740919
20740941
20741027
20741159
20741163
20741289
20741307
20741429
20741501
20741543
20741547
20741591
20741597
20741785
20741855
20741857
20741955
20742409
20742477
20742711
20742733
20742831
20743065
20743153
20743175
20743245
20743293
20743303
20743317
20743369
20743509
20743727
20743813
20743861
20743897
20743949
20744009
20744069
20744123
20744317
20744385
20744417
20744419
20744429
20744575
20744621
20744657
20744707
20744819
20744829
20744887
20745093
20745197
20745279
20745287
20745429
20745527
20745795
20745801
20745861
20745875
20745915
20745959
20745987
20746031
20746127
20746389
20746495
20746507
20746519
20746691
20746733
20746761
20746781
20746855
20747057
20747101
20747119
20747305
20747487
20747495
20747695
20747755
20747759
20747761
20747813
20747865
20747895
20748063
20748317
20748333
20748371
20748401
20748471
20748581
20748647
20748777
20748873
20748921
20748989
20749033
20749085
20749087
20749123
20749211
20749319
20749345
20749373
20749563
20749661
20749729
20749763
20749989
20750003
20750045
20750067
20750103
20750199
20750249
20750267
20750335
20750343
20750681
20750699
20750717
20750731
20750737
20750749
20750779
20750859
20750871
20750927
20750945
20750963
20751057
20751177
20751179
20751189
20751251
20751445
20751573
20751593
20751633
20751691
20751693
20751717
20751731
20751757
20751905
20751973
20752067
20752147
20752211
20752383
20752427
20752455
20752481
20752515
20752691
20752809
20752823
20752833
20752903
20752981
20753005
20753059
20753063
20753097
20753149
20753199
20753333
20753345
20753361
20753405
20753449
20753479
20753737
20753851
20753897
20753953
20753979
20753987
20754007
20754019
20754335
20754467
20754545
20754653
20754733
20754775
20754787
20754865
20754879
20755007
20755169
20755285
20755291
20755313
20755515
20755563
20755641
20755707
20755721
20755733
20755751
20755973
20756033
20756069
20756085
20756119
20756135
20756409
20756513
20756543
20756555
20756625
20756671
20756749
20756829
20756897
20757007
20757325
20757371
20757419
20757461
20757589
20757609
20757673
20757707
20757713
20757747
20757749
20757757
20757811
20757823
20757839
20757895
20758093
20758095
20758145
20758247
20758259
20758273
20758305
20758317
20758351
20758463
20758507
20758767
20758883
20758995
20759171
20759173
20759269
20759317
20759327
20759491
20759665
20759711
20759981
20760045
20760107
20760221
20760247
20760249
20760267
20760317
20760401
20760447
20760531
20760571
20760659
20760699
20760701
20760707
20760731
20760877
20760915
20760927
20761011
20761239
20761251
20761309
20761337
20761421
20761431
20761591
20761593
20761693
20761745
20761889
20762061
20762089
20762131
20762135
20762197
20762239
20762299
20762303
20762329
20762423
20762629
20762835
20762859
20762885
20763027
20763051
20763057
20763073
20763115
20763123
20763233
20763379
20763399
20763431
20763449
20763537
20763573
20763621
20763633
20763791
20764021
20764089
20764197
20764229
20764309
20764481
20764707
20764729
20764905
20765113
20765143
20765165
20765271
20765379
20765401
20765471
20765487
20765623
20765649
20765857
20765889
20765919
20765965
20766069
20766115
20766137
20766227
20766259
20766299
20766527
20766629
20766665
20766695
20766803
20766829
20766897
20766971
20767107
20767201
20767315
20767319
20767343
20767405
20767479
20767513
20767643
20768089
20768259
20768507
20768613
20768633
20768691
20768735
20768865
20768979
20769203
20769229
20769331
20769423
20769469
20769545
20769583
20769751
20769995
20770007
20770115
20770125
20770227
20770271
20770463
20770465
20770497
20770523
20770699
20770745
20770843
20770903
20770995
20771005
20771099
20771257
20771295
20771385
20771407
20771435
20771533
20771567
20771629
20771671
20771677
20772201
20772223
20772317
20772347
20772353
20772443
20772475
20772649
20772651
20772687
20772715
20772787
20772931
20773205
20773283
20773323
20773439
20773477
20773525
20773749
20773805
20773833
20773867
20773947
20774005
20774161
20774183
20774191
20774263
20774293
20774299
20774307
20774325
20774333
20774539
20774573
20774613
20774687
20774709
20774819
20774891
20774905
20774983
20775243
20775251
20775307
20775369
20775375
20775567
20775619
20775795
20775871
20775889
20775909
20775923
20776051
20776135
20776145
20776183
20776315
20776325
20776405
20776505
20776523
20776577
20776663
20776819
20776897
20777123
20777173
20777215
20777299
20777369
20777371
20777421
20777427
20777547
20777563
20777637
20777667
20777731
20777771
20777789
20777829
20777875
20777907
20777941
20777961
20777981
20778119
20778141
20778161
20778199
20778537
20778635
20778749
20778817
20778857
20778923
20779011
20779179
20779327
20779491
20779519
20779583
20779625
20779653
20779743
20779763
20779821
20779885
20779917
20779935
20780085
20780123
20780209
20780305
20780401
20780513
20780697
20780735
20780941
20780997
20780999
20781129
20781305
20781507
20781511
20781523
20781867
20781951
20781961
20782007
20782041
20782201
20782233
20782325
20782487
20782613
20782721
20782801
20782913
20782935
20782947
20782967
20782985
20783099
20783149
20783171
20783199
20783205
20783217
20783333
20783529
20783579
20783617
20783777
20783839
20783843
20784003
20784039
20784151
20784185
20784187
20784243
20784263
20784303
20784341
20784345
20784359
20784363
20784379
20784455
20784473
20784519
20784563
20784587
20784639
20784731
20784775
20784785
20784855
20784885
20785013
20785045
20785213
20785379
20785389
20785467
20785469
20785573
20785589
20785621
20785735
20785749
20785765
20785775
20785837
20785935
20785973
20786239
20786293
20786347
20786439
20786561
20786567
20786745
20786753
20786853
20786899
20787075
20787197
20787219
20787259
20787285
20787453
20787509
20787607
20787669
20787677
20787705
20787729
20787835
20787987
20788057
20788085
20788193
20788471
20788515
20788519
20788631
20788687
20788819
20788845
20788969
20788997
20789011
20789039
20789105
20789113
20789169
20789175
20789321
20789599
20789601
20789613
20789661
20789681
20789845
20789905
20789963
20790017
20790051
20790155
20790193
20790239
20790247
20790447
20790491
20790601
20790619
20790809
20790811
20790951
20790969
20790979
20791091
20791133
20791167
20791245
20791377
20791443
20791473
20791569
20791773
20792057
20792185
20792291
20792341
20792611
20792647
20792725
20792821
20792907
20792973
20792993
20793017
20793189
20793203
20793229
20793259
20793281
20793293
20793297
20793305
20793573
20793577
20793589
20793653
20793739
20793761
20793831
20793857
20793869
20793907
20793933
20793973
20793987
20794091
20794101
20794107
20794197
20794245
20794265
20794279
20794359
20794425
20794449
20794481
20794499
20794585
20794601
20794667
20794727
20794747
20794749
20794775
20794813
20794925
20794979
20795083
20795169
20795353
20795357
20795619
20795791
20795829
20795843
20795989
20796055
20796215
20796383
20796413
20796573
20796653
20796677
20796719
20796797
20796893
20796905
20796959
20797191
20797193
20797223
20797267
20797293
20797343
20797393
20797441
20797455
20797579
20797775
20797843
20797869
20797939
20797991
20798035
20798075
20798099
20798141
20798173
20798237
20798335
20798387
20798555
20798593
20798675
20798763
20798811
20798881
20799125
20799185
20799307
20799333
20799379
20799457
20799491
20799529
20799627
20799657
20799725
20799757
20799895
20799919
20799933
20799989
20800003
20800015
20800141
20800169
20800173
20800199
20800295
20800323
20800335
20800517
20800539
20800571
20800585
20800597
20800881
20800917
20800957
20800967
20801299
20801365
20801397
20801455
20801663
20801679
20801715
20801929
20801951
20801963
20801997
20802069
20802147
20802259
20802347
20802405
20802479
20802521
20802585
20802651
20802691
20802785
20802807
20802843
20802851
20802955
20802975
20803013
20803049
20803079
20803141
20803201
20803275
20803357
20803369
20803437
20803445
20803579
20803585
20803767
20803813
20803831
20803845
20803965
20803985
20804205
20804253
20804255
20804259
20804263
20804387
20804403
20804551
20804595
20804747
20804761
20804825
20804839
20804869
20804899
20804911
20804923
20804971
20805009
20805039
20805111
20805129
20805225
20805237
20805313
20805447
20805529
20805539
20805543
20805547
20805623
20805797
20805839
20805903
20806033
20806047
20806305
20806513
20806597
20806683
20806941
20806969
20806975
20807203
20807215
20807253
20807279
20807281
20807293
20807309
20807323
20807325
20807335
20807373
20807487
20807553
20807797
20807855
20807859
20807899
20807911
20808077
20808095
20808157
20808221
20808327
20808505
20808599
20808771
20808825
20808871
20808923
20809199
20809247
20809269
20809277
20809281
20809295
20809373
20809383
20809521
20809545
20809711
20809745
20809763
20809803
20809805
20809833
20809933
20809999
20810041
20810269
20810271
20810283
20810369
20810401
20810595
20810601
20810611
20810657
20810759
20810773
20810795
20810807
20810825
20810867
20810879
20810927
20811057
20811247
20811321
20811515
20811529
20811615
20811679
20811699
20811721
20811759
20811767
20811899
20811937
20812041
20812219
20812273
20812399
20812431
20812433
20812501
20812539
20812561
20812587
20812703
20812721
20812747
20812931
20813003
20813065
20813135
20813137
20813161
20813261
20813269
20813287
20813301
20813363
20813379
20813409
20813427
20813447
20813515
20813549
20813583
20813621
20813767
20813873
20813993
20814049
20814107
20814137
20814149
20814227
20814427
20814439
20814553
20814569
20814573
20814645
20815191
20815227
20815253
20815509
20815537
20815553
20815679
20815699
20815713
20815721
20815727
20815747
20815853
20815903
20815995
20816009
20816085
20816601
20816697
20816699
20816817
20817055
20817063
20817163
20817275
20817511
20817645
20817779
20817823
20817835
20817905
20817929
20817943
20818051
20818059
20818067
20818079
20818155
20818173
20818233
20818303
20818431
20818499
20818611
20818623
20818643
20818729
20818733
20818737
20818811
20818921
20818925
20818947
20818953
20819027
20819119
20819413
20819459
20819515
20819675
20819785
20819869
20819891
20819919
20820037
20820083
20820107
20820171
20820261
20820279
20820335
20820353
20820427
20820529
20820691
20820873
20820883
20821015
20821141
20821169
20821173
20821191
20821227
20821253
20821283
20821305
20821353
20821621
20821671
20821751
20822073
20822139
20822185
20822207
20822289
20822327
20822415
20822443
20822445
20822681
20822695
20822789
20822855
20822897
20822909
20822933
20822983
20822993
20823055
20823063
20823105
20823113
20823159
20823303
20823317
20823339
20823393
20823413
20823461
20823467
20823469
20823511
20823855
20823873
20823899
20823919
20823975
20823987
20824147
20824151
20824229
20824239
20824501
20824581
20824653
20824777
20824929
20824951
20825215
20825233
20825253
20825371
20825379
20825425
20825465
20825535
20825587
20825719
20825793
20825795
20825811
20825911
20826173
20826303
20826337
20826397
20826603
20826643
20826663
20826701
20826773
20826789
20826817
20826869
20827231
20827599
20827623
20827651
20827663
20827693
20827707
20827817
20827899
20828091
20828157
20828251
20828315
20828317
20828333
20828373
20828379
20828481
20828649
20828687
20828715
20828717
20828735
20828797
20828835
20828853
20828859
20828863
20829077
20829381
20829427
20829515
20829693
20829727
20829807
20829927
20829979
20830015
20830063
20830131
20830179
20830239
20830309
20830325
20830549
20830621
20830759
20830787
20830831
20830905
20830915
20831035
20831097
20831185
20831197
20831199
20831257
20831369
20831473
20831569
20831659
20831667
20831693
20831713
20831773
20831807
20831825
20831937
20831953
20832493
20832519
20832523
20832607
20832795
20832879
20833039
20833085
20833167
20833297
20833391
20833503
20833539
20833567
20833653
20833719
20833755
20833815
20833833
20833859
20833871
20833889
20833901
20833919
20833955
20833991
20833995
20834135
20834303
20834411
20834511
20834539
20834577
20834623
20834647
20834659
20834671
20834711
20834745
20834815
20834935
20835011
20835029
20835077
20835327
20835385
20835397
20835783
20835797
20835801
20835945
20836225
20836337
20836369
20836527
20836603
20836623
20836893
20836921
20836937
20836957
20836959
20836965
20837069
20837087
20837179
20837261
20837335
20837419
20837483
20837487
20837499
20837517
20837611
20837751
20837761
20837777
20837805
20837815
20837817
20837879
20838015
20838019
20838115
20838287
20838339
20838453
20838485
20838525
20838609
20838661
20838837
20838903
20838909
20838911
20838985
20839045
20839075
20839145
20839179
20839333
20839521
20839627
20839727
20839785
20839829
20839883
20839895
20839921
20839983
20840049
20840105
20840123
20840229
20840239
20840283
20840441
20840533
20840583
20840923
20840951
20841015
20841017
20841111
20841191
20841237
20841457
20841523
20841581
20841619
20841679
20841965
20841969
20841975
20841985
20841995
20842007
20842045
20842075
20842147
20842243
20842309
20842369
20842403
20842421
20842449
20842455
20842537
20842877
20842885
20842925
20842931
20842965
20843079
20843123
20843173
20843325
20843455
20843543
20843721
20843787
20843823
20843833
20843901
20843989
20844001
20844353
20844415
20844553
20844609
20844645
20844679
20844727
20844733
20844753
20844869
20844899
20844905
20844913
20844949
20844969
20845045
20845095
20845185
20845271
20845331
20845335
20845445
20845487
20845555
20845565
20845597
20845627
20845721
20845753
20845847
20845919
20846023
20846027
20846063
20846263
20846359
20846375
20846403
20846449
20846497
20846543
20846557
20846587
20846621
20846651
20846711
20846759
20846861
20846931
20847315
20847347
20847499
20847545
20847847
20847897
20847925
20847941
20848075
20848091
20848105
20848169
20848263
20848299
20848323
20848393
20848419
20848631
20848707
20848763
20848781
20848799
20848805
20848809
20848841
20848903
20849067
20849291
20849361
20849395
20849423
20849461
20849485
20849577
20849687
20849725
20849745
20849827
20849849
20849897
20849949
20849957
20850113
20850147
20850247
20850373
20850445
20850513
20850555
20850569
20850621
20850659
20850739
20850767
20850835
20850851
20850931
20850955
20851283
20851327
20851355
20851415
20851447
20851531
20851587
20851641
20851663
20851667
20851701
20851799
20851839
20852041
20852067
20852097
20852115
20852295
20852379
20852421
20852505
20852543
20852711
20852725
20852769
20852869
20853147
20853171
20853179
20853219
20853227
20853291
20853343
20853347
20853355
20853593
20853629
20853679
20853833
20853925
20853955
20853959
20854029
20854131
20854327
20854395
20854415
20854579
20854585
20854757
20854789
20854793
20854853
20854969
20855037
20855047
20855109
20855161
20855183
20855293
20855347
20855405
20855427
20855491
20855619
20855621
20855625
20855689
20855741
20855799
20855987
20855995
20856099
20856301
20856437
20856495
20856605
20856649
20856661
20856693
20856841
20856845
20856933
20856953
20857013
20857043
20857135
20857209
20857215
20857607
20857609
20857797
20857815
20857825
20857877
20858013
20858029
20858077
20858091
20858143
20858179
20858203
20858327
20858331
20858357
20858395
20858471
20858553
20858839
20858975
20858999
20859095
20859179
20859231
20859247
20859333
20859351
20859471
20859479
20859603
20859709
20859887
20860103
20860275
20860433
20860455
20860565
20860577
20860683
20860713
20860737
20860755
20860789
20861149
20861151
20861193
20861353
20861387
20861399
20861503
20861725
20861755
20861765
20861833
20861873
20861911
20861927
20862025
20862329
20862355
20862495
20862543
20862765
20862977
20862997
20863069
20863157
20863197
20863639
20863767
20863795
20863815
20863875
20863983
20864013
20864021
20864083
20864155
20864311
20864335
20864427
20864449
20864887
20864943
20865209
20865249
20865307
20865335
20865343
20865499
20865589
20865649
20865849
20865861
20866083
20866097
20866337
20866489
20866495
20866525
20866549
20866627
20866645
20866681
20866689
20866701
20866739
20866827
20866847
20866941
20867023
20867031
20867087
20867133
20867179
20867197
20867259
20867295
20867327
20867335
20867369
20867465
20867515
20867733
20867875
20867905
20867907
20867919
20868033
20868233
20868467
20868477
20868621
20868629
20868671
20868751
20868761
20868907
20868951
20869055
20869127
20869277
20869435
20869447
20869463
20869479
20869533
20869561
20869633
20869639
20869755
20869801
20869877
20870051
20870239
20870273
20870287
20870367
20870507
20870665
20870709
20870867
20870917
20870993
20871021
20871023
20871143
20871249
20871301
20871307
20871355
20871389
20871417
20871489
20871493
20871525
20871581
20871603
20871779
20872065
20872113
20872327
20872467
20872477
20872507
20872533
20872545
20872629
20872645
20872719
20872913
20872943
20872963
20873089
20873091
20873113
20873123
20873153
20873227
20873231
20873263
20873489
20873533
20873607
20873659
20873683
20873721
20873811
20874015
20874023
20874033
20874103
20874189
20874303
20874411
20874483
20874603
20874617
20874637
20874707
20874771
20874823
20874849
20874933
20874987
20875063
20875101
20875137
20875147
20875169
20875177
20875183
20875249
20875381
20875517
20875587
20875657
20875687
20875731
20875833
20875843
20875931
20876025
20876059
20876445
20876581
20876815
20876869
20876881
20876897
20877109
20877117
20877159
20877195
20877205
20877237
20877421
20877633
20877715
20877723
20877737
20877739
20877745
20877983
20878043
20878091
20878161
20878341
20878367
20878375
20878439
20878509
20878511
20878783
20878797
20878829
20879027
20879039
20879049
20879281
20879441
20879533
20879543
20879555
20879597
20879793
20879917
20879919
20880003
20880013
20880155
20880181
20880333
20880379
20880447
20880525
20880587
20880673
20880875
20880913
20881201
20881227
20881231
20881281
20881357
20881425
20881489
20881517
20881553
20881639
20881651
20881671
20881729
20881795
20881797
20881975
20881977
20882053
20882119
20882131
20882235
20882451
20882453
20882487
20882585
20882711
20882747
20882903
20882967
20883011
20883249
20883479
20883507
20883519
20883639
20883695
20883733
20883759
20883797
20883841
20883873
20883883
20883923
20883931
20884025
20884041
20884259
20884321
20884413
20884489
20884579
20884855
20884903
20884999
20885005
20885009
20885079
20885097
20885111
20885211
20885435
20885441
20885447
20885515
20885631
20885691
20885743
20885855
20885933
20886017
20886045
20886105
20886173
20886343
20886387
20886415
20886521
20886615
20886705
20886721
20886799
20886853
20887115
20887295
20887323
20887557
20887575
20887627
20887753
20887857
20887899
20887923
20887987
20887991
20888083
20888101
20888133
20888215
20888315
20888375
20888551
20888553
20888571
20888573
20888649
20888773
20888779
20888815
20888835
20888857
20888979
20889091
20889127
20889169
20889215
20889279
20889421
20889473
20889519
20889533
20889573
20889651
20889711
20889719
20889723
20889785
20889861
20889961
20890009
20890011
20890143
20890411
20890515
20890535
20890581
20890583
20890635
20890799
20890937
20891067
20891081
20891189
20891285
20891377
20891389
20891431
20891445
20891451
20891677
20891881
20891979
20892005
20892125
20892153
20892195
20892283
20892345
20892383
20892389
20892533
20892537
20892603
20892783
20892825
20892847
20892855
20892923
20892963
20893031
20893107
20893115
20893179
20893289
20893355
20893427
20893451
20893581
20893623
20893705
20893729
20893853
20893885
20893997
20894099
20894167
20894211
20894245
20894373
20894405
20894475
20894567
20894649
20894665
20894697
20894813
20894817
20894863
20894917
20894941
20895013
20895039
20895083
20895087
20895097
20895157
20895191
20895313
20895323
20895493
20895725
20895773
20895787
20895833
20895899
20895935
20895943
20896067
20896099
20896157
20896193
20896269
20896339
20896491
20896611
20896613
20896733
20896735
20896783
20896797
20896839
20897203
20897481
20897547
20897643
20897695
20897707
20897727
20897767
20897969
20898143
20898309
20898351
20898607
20898619
20898819
20898841
20898877
20898947
20898989
20899031
20899063
20899385
20899389
20899597
20899703
20899779
20899783
20899793
20899813
20899857
20899887
20899909
20899997
20900069
20900083
20900211
20900293
20900331
20900587
20900615
20900633
20900681
20900703
20900745
20900815
20900945
20901017
20901075
20901135
20901403
20901437
20901593
20901609
20901857
20902053
20902067
20902283
20902431
20902559
20902563
20902667
20902721
20902751
20902761
20902847
20902865
20902947
20903075
20903115
20903133
20903143
20903169
20903211
20903221
20903311
20903319
20903359
20903457
20903711
20903725
20903805
20903829
20903893
20904237
20904289
20904319
20904391
20904411
20904519
20904557
20904571
20904611
20904755
20904841
20904951
20905021
20905035
20905045
20905085
20905137
20905145
20905347
20905405
20905465
20905497
20905677
20905707
20905753
20905771
20905779
20905797
20906071
20906423
20906481
20906525
20906571
20906643
20906759
20906793
20906931
20906969
20907127
20907203
20907339
20907381
20907475
20907607
20907669
20907729
20907773
20907839
20907965
20908085
20908133
20908147
20908189
20908339
20908431
20908433
20908447
20908637
20908653
20908823
20908849
20908961
20908993
20909011
20909205
20909317
20909351
20909493
20909601
20909623
20909625
20909679
20910025
20910091
20910093
20910135
20910197
20910211
20910263
20910331
20910431
20910569
20910649
20910703
20910707
20910837
20910911
20910933
20911009
20911051
20911059
20911071
20911181
20911437
20911813
20911855
20911871
20911903
20911929
20912097
20912139
20912157
20912177
20912265
20912327
20912333
20912455
20912699
20912765
20912779
20912963
20913111
20913179
20913207
20913217
20913299
20913469
20913695
20913729
20913853
20913967
20914015
20914113
20914249
20914265
20914429
20914617
20914723
20914731
20914795
20914909
20914911
20914921
20914929
20914987
20915075
20915117
20915163
20915213
20915443
20915463
20915501
20915559
20915625
20915661
20915909
20915913
20915943
20915957
20916077
20916103
20916105
20916201
20916247
20916403
20916469
20916507
20916541
20916557
20916739
20916875
20916897
20916959
20916975
20917031
20917097
20917203
20917257
20917323
20917433
20917455
20917533
20917735
20917839
20917951
20917955
20918071
20918099
20918201
20918287
20918415
20918453
20918469
20918571
20918599
20918879
20918883
20919015
20919047
20919111
20919161
20919249
20919285
20919311
20919343
20919347
20919351
20919365
20919397
20919515
20919571
20919595
20919627
20919637
20919687
20919883
20919885
20919957
20920213
20920219
20920289
20920475
20920647
20920777
20920849
20920853
20920859
20920963
20921161
20921225
20921237
20921291
20921313
20921459
20921533
20921543
20921635
20921715
20921753
20921807
20921869
20921909
20921937
20921939
20922071
20922077
20922099
20922111
20922149
20922217
20922315
20922413
20922473
20922693
20922801
20922829
20922925
20922953
20923127
20923195
20923373
20923483
20923735
20923861
20923863
20923893
20923919
20923965
20923981
20923993
20924041
20924073
20924097
20924117
20924179
20924419
20924687
20924781
20924927
20925131
20925253
20925301
20925339
20925419
20925545
20925557
20925595
20925599
20925725
20925869
20925885
20925917
20926027
20926053
20926077
20926181
20926219
20926263
20926351
20926377
20926407
20926433
20926503
20926527
20926587
20926751
20926777
20926819
20926863
20927077
20927131
20927199
20927263
20927329
20927331
20927341
20927397
20927453
20927461
20927521
20927573
20927679
20927775
20927851
20927977
20928049
20928101
20928147
20928195
20928253
20928257
20928347
20928391
20928541
20928697
20928791
20928913
20928971
20928975
20929001
20929055
20929079
20929331
20929381
20929399
20929401
20929453
20929653
20929765
20929887
20929955
20930043
20930051
20930075
20930099
20930233
20930325
20930381
20930393
20930709
20930735
20930847
20930869
20930969
20931143
20931151
20931157
20931569
20931647
20931653
20931673
20932009
20932067
20932097
20932207
20932385
20932575
20932637
20932699
20932729
20932733
20932829
20933261
20933363
20933491
20933563
20933565
20933573
20933651
20933735
20933755
20934041
20934103
20934223
20934271
20934289
20934421
20934481
20934527
20934625
20934703
20934705
20934725
20934759
20934775
20934949
20934999
20935039
20935065
20935117
20935327
20935497
20935581
20935779
20935851
20935865
20935875
20935911
20936039
20936401
20936441
20936651
20936661
20936667
20936675
20936717
20936765
20936781
20936785
20936879
20936961
20937157
20937159
20937181
20937283
20937361
20937379
20937453
20937511
20937523
20937751
20937791
20937799
20937841
20937859
20937933
20937953
20937975
20938085
20938263
20938379
20938635
20938661
20938703
20938743
20938845
20938857
20938945
20938953
20938981
20939073
20939075
20939095
20939621
20939633
20939683
20939735
20939771
20939981
20940057
20940075
20940095
20940365
20940383
20940389
20940515
20940613
20940625
20940665
20940711
20940813
20940867
20940881
20940969
20941051
20941061
20941163
20941207
20941209
20941255
20941281
20941299
20941309
20941323
20941327
20941419
20941437
20941583
20941621
20941631
20941729
20942239
20942373
20942491
20942525
20942591
20942595
20942649
20942677
20942817
20943069
20943101
20943137
20943245
20943471
20943687
20943881
20943947
20944007
20944013
20944141
20944273
20944281
20944435
20944519
20944615
20944667
20944827
20944879
20944893
20945059
20945113
20945197
20945221
20945267
20945401
20945433
20945511
20945537
20945551
20945597
20945659
20945721
20945799
20945831
20946095
20946101
20946217
20946349
20946471
20946479
20946633
20946705
20946843
20946909
20947097
20947171
20947259
20947273
20947307
20947339
20947467
20947473
20947511
20947555
20947695
20947771
20947869
20947889
20948079
20948133
20948137
20948193
20948217
20948271
20948507
20948665
20948693
20948715
20948835
20949057
20949063
20949085
20949099
20949101
20949107
20949259
20949451
20949591
20949729
20949759
20950043
20950113
20950117
20950257
20950405
20950407
20950423
20950485
20950537
20950589
20950663
20950847
20950941
20951109
20951117
20951175
20951371
20951453
20951497
20951499
20951635
20951647
20951703
20951725
20952065
20952115
20952307
20952365
20952541
20952693
20952719
20952889
20952897
20952941
20953007
20953009
20953017
20953035
20953137
20953343
20953499
20953515
20953551
20953767
20954035
20954063
20954093
20954343
20954601
20954689
20954699
20954709
20954775
20954803
20954905
20954919
20954939
20955105
20955467
20955607
20955611
20955743
20955847
20955859
20955869
20955985
20956001
20956013
20956041
20956087
20956177
20956193
20956267
20956341
20956355
20956369
20956401
20956465
20956475
20956565
20956639
20956649
20956835
20956865
20957069
20957101
20957235
20957297
20957323
20957361
20957373
20957547
20957621
20957723
20957901
20957935
20958041
20958203
20958287
20958363
20958431
20958439
20958595
20958621
20958697
20958789
20958977
20959131
20959137
20959173
20959259
20959379
20959389
20959469
20959789
20959915
20960053
20960059
20960121
20960159
20960165
20960231
20960309
20960321
20960453
20960477
20960499
20960547
20960753
20960875
20960885
20960985
20961091
20961105
20961259
20961467
20961481
20961559
20961625
20961801
20961829
20961835
20961925
20962191
20962339
20962363
20962371
20962385
20962529
20962549
20962557
20962595
20962697
20962705
20962791
20962841
20963085
20963117
20963151
20963193
20963241
20963249
20963381
20963553
20963645
20963655
20963721
20963733
20963797
20963805
20963825
20963847
20963943
20963995
20963997
20964001
20964045
20964049
20964085
20964235
20964257
20964395
20964453
20964491
20964593
20964763
20964781
20964819
20964941
20965117
20965209
20965257
20965333
20965393
20965533
20965577
20965619
20965621
20965645
20965761
20965823
20965933
20965937
20965965
20965993
20966297
20966379
20966519
20966545
20966561
20966775
20966803
20966823
20966915
20967011
20967037
20967039
20967075
20967083
20967093
20967097
20967159
20967213
20967237
20967265
20967411
20967491
20967507
20967581
20967703
20967725
20967731
20967773
20967775
20967877
20968041
20968111
20968149
20968209
20968235
20968271
20968303
20968371
20968465
20968511
20968531
20968549
20968803
20968925
20969019
20969155
20969165
20969167
20969229
20969237
20969293
20969351
20969487
20969583
20969695
20969719
20969747
20969791
20969831
20969845
20969907
20970017
20970039
20970177
20970351
20970529
20970685
20970709
20970753
20970757
20970785
20971109
20971317
20971431
20971439
20971573
20971625
20971665
20971673
20971687
20971783
20971817
20972095
20972257
20972261
20972267
20972279
20972379
20972401
20972461
20972485
20972523
20972535
20972589
20972711
20972743
20972765
20972837
20972881
20972941
20973151
20973525
20973551
20973621
20973625
20973717
20973725
20973775
20973851
20974007
20974033
20974103
20974285
20974369
20974553
20974605
20974627
20974633
20974759
20974833
20974859
20974971
20975121
20975275
20975293
20975337
20975363
20975473
20975479
20975615
20975653
20975819
20975871
20975937
20975965
20976137
20976139
20976365
20976403
20976419
20976449
20976515
20976533
20976649
20976785
20976799
20976817
20976893
20976911
20976973
20976987
20977029
20977129
20977257
20977323
20977397
20977425
20977577
20977635
20977683
20977729
20977781
20977789
20977813
20977887
20977893
20977975
20978187
20978293
20978301
20978347
20978423
20978483
20978665
20978675
20978685
20978809
20978869
20978909
20979053
20979125
20979147
20979255
20979507
20979609
20979699
20979773
20979841
20980139
20980329
20980389
20980407
20980505
20980511
20980547
20980965
20980989
20981117
20981365
20981395
20981403
20981445
20981455
20981521
20981529
20981829
20981911
20981969
20982057
20982087
20982099
20982109
20982267
20982441
20982445
20982483
20982657
20982869
20982911
20982957
20982965
20983035
20983047
20983209
20983223
20983269
20983275
20983387
20983419
20983423
20983579
20983591
20983639
20983727
20983773
20983973
20984045
20984157
20984355
20984415
20984469
20984543
20984565
20984597
20984605
20984657
20984883
20985001
20985285
20985325
20985333
20985359
20985361
20985451
20985475
20985479
20985529
20985627
20985655
20985675
20985735
20985761
20985845
20985853
20985871
20985943
20986057
20986063
20986107
20986129
20986151
20986181
20986235
20986259
20986323
20986533
20986537
20986647
20986787
20986791
20986867
20986893
20987077
20987081
20987207
20987281
20987341
20987567
20987711
20987819
20987893
20987931
20987937
20988079
20988287
20988583
20988701
20988719
20988845
20988971
20989055
20989091
20989103
20989187
20989261
20989309
20989323
20989331
20989467
20989537
20989579
20989625
20989653
20989919
20989935
20990067
20990391
20990455
20990483
20990499
20990507
20990577
20990653
20990701
20990729
20990847
20990901
20990905
20990923
20991017
20991107
20991145
20991191
20991205
20991275
20991325
20991329
20991357
20991583
20991685
20991705
20991759
20991961
20992021
20992123
20992179
20992187
20992249
20992265
20992453
20992461
20992675
20992693
20992737
20992801
20992819
20992849
20992859
20992983
20993023
20993161
20993227
20993415
20993437
20993523
20993635
20993677
20993681
20993693
20993709
20993805
20993877
20993881
20993891
20994049
20994065
20994073
20994357
20994363
20994499
20994579
20994653
20994745
20995159
20995365
20995535
20995557
20995655
20995687
20995755
20995821
20995925
20995947
20996209
20996257
20996329
20996383
20996423
20996603
20996619
20996855
20996943
20997019
20997101
20997109
20997237
20997243
20997275
20997349
20997409
20997515
20997557
20997675
20997831
20997885
20997887
20997981
20998073
20998087
20998111
20998163
20998263
20998283
20998327
20998381
20998451
20998453
20998545
20998603
20998713
20998899
20998975
20999023
20999199
20999223
20999279
20999287
20999309
20999325
20999449
20999497
20999529
20999533
20999643
20999695
20999763
20999825
20999931
20999989
