# proven primes: b with (b^16+1)/2 prime (APR-CL), block [2000000,3000000)
2000037
2000065
2000115
2000215
2000355
2000375
2000393
2000413
2000463
2000657
2000701
2000761
2000915
2001027
2001053
2001117
2001195
2001389
2001391
2001415
2001521
2001619
2001829
2001891
2001945
2002195
2002261
2002263
2002279
2002403
2002415
2002467
2002517
2002661
2002839
2002943
2003019
2003065
2003079
2003165
2003213
2003233
2003343
2003373
2003551
2003633
2003653
2003691
2003767
2003777
2003819
2003851
2003885
2003959
2004031
2004095
2004121
2004131
2004143
2004191
2004193
2004299
2004337
2004355
2004497
2004591
2004703
2004723
2004967
2005011
2005049
2005071
2005095
2005153
2005179
2005191
2005209
2005241
2005283
2005513
2005515
2005543
2005667
2005675
2005839
2005907
2005957
2005969
2006025
2006053
2006115
2006145
2006207
2006283
2006323
2006387
2006469
2006653
2006657
2006721
2006729
2006925
2007011
2007037
2007059
2007065
2007083
2007111
2007115
2007159
2007183
2007315
2007355
2007421
2007431
2007459
2007515
2007551
2007585
2007619
2007717
2007795
2008199
2008349
2008393
2008595
2008617
2008887
2008955
2009129
2009201
2009319
2009369
2009421
2009479
2009553
2009563
2009675
2009677
2009699
2009731
2009787
2009947
2009961
2010025
2010113
2010243
2010287
2010351
2010381
2010471
2010493
2010521
2010595
2010703
2010715
2010717
2010739
2010769
2010917
2010975
2011003
2011087
2011141
2011201
2011319
2011359
2011385
2011409
2011499
2011543
2011551
2011553
2011575
2011697
2011767
2011773
2011777
2011793
2011829
2011873
2011885
2011925
2011975
2012065
2012111
2012177
2012227
2012297
2012409
2012415
2012441
2012521
2012563
2012589
2012661
2012665
2012667
2012679
2012685
2012691
2012797
2012843
2012863
2012929
2012933
2013001
2013045
2013063
2013117
2013161
2013291
2013335
2013397
2013423
2013431
2013547
2013687
2013825
2013891
2013937
2014017
2014083
2014109
2014209
2014537
2014587
2014827
2014867
2014999
2015109
2015119
2015135
2015161
2015175
2015241
2015391
2015505
2015525
2015611
2015619
2015627
2015631
2015645
2015649
2015721
2015725
2015793
2015939
2016047
2016129
2016221
2016303
2016323
2016347
2016445
2016467
2016639
2016705
2016711
2016765
2016845
2017005
2017017
2017139
2017147
2017191
2017417
2017579
2017601
2017653
2017817
2017833
2017945
2018005
2018013
2018021
2018047
2018049
2018133
2018229
2018253
2018355
2018457
2018465
2018679
2018707
2018723
2018747
2018785
2018811
2018861
2018875
2018885
2018941
2018983
2019201
2019247
2019267
2019321
2019339
2019393
2019405
2019505
2019549
2019613
2019767
2019907
2020015
2020085
2020101
2020219
2020287
2020309
2020333
2020343
2020349
2020483
2020523
2020563
2020597
2020603
2020663
2020683
2020823
2020893
2021103
2021189
2021301
2021375
2021405
2021581
2021653
2021709
2021795
2021833
2021911
2021915
2022013
2022029
2022049
2022077
2022135
2022215
2022339
2022441
2022475
2022539
2022611
2022861
2022899
2023007
2023055
2023081
2023131
2023155
2023193
2023257
2023273
2023381
2023425
2023499
2023605
2023675
2023693
2023783
2023791
2023849
2023881
2023891
2023915
2024039
2024085
2024089
2024155
2024283
2024421
2024483
2024559
2024569
2024659
2024753
2024821
2024839
2024881
2024893
2024901
2025005
2025129
2025247
2025259
2025285
2025333
2025361
2025545
2025597
2025601
2025711
2025715
2025753
2025835
2025911
2026255
2026257
2026491
2026527
2026541
2026803
2026877
2026905
2026977
2026991
2027185
2027197
2027279
2027361
2027399
2027411
2027433
2027455
2027499
2027523
2027587
2027645
2027649
2027675
2027683
2027833
2027899
2027967
2028039
2028045
2028141
2028217
2028319
2028329
2028335
2028351
2028573
2028625
2028719
2028781
2028865
2028893
2028901
2028905
2028911
2028971
2029007
2029043
2029085
2029231
2029305
2029333
2029339
2029449
2029491
2029509
2029601
2029615
2029733
2029751
2029775
2029835
2029861
2029979
2030205
2030363
2030415
2030509
2030513
2030565
2030697
2030783
2030787
2030839
2030871
2030881
2030937
2030987
2031083
2031127
2031133
2031157
2031399
2031407
2031427
2031467
2031567
2031575
2031607
2031805
2031867
2031873
2031913
2031959
2031991
2032059
2032085
2032241
2032243
2032391
2032433
2032447
2032815
2032823
2032889
2032939
2032975
2033083
2033255
2033281
2033307
2033325
2033329
2033357
2033421
2033429
2033449
2033481
2033561
2033719
2033785
2033791
2033815
2033853
2034037
2034059
2034065
2034195
2034259
2034577
2034611
2034641
2034773
2034787
2034869
2034905
2035099
2035173
2035207
2035233
2035237
2035357
2035373
2035387
2035495
2035507
2035513
2035611
2035647
2035715
2035717
2035739
2035795
2035799
2035873
2035897
2035911
2035921
2036039
2036053
2036109
2036129
2036187
2036273
2036339
2036435
2036493
2036697
2036723
2036789
2037015
2037023
2037049
2037071
2037219
2037227
2037251
2037347
2037391
2037489
2037905
2038041
2038059
2038061
2038125
2038161
2038353
2038391
2038463
2038551
2038555
2038563
2038583
2038605
2038773
2038981
2039049
2039051
2039157
2039167
2039209
2039301
2039317
2039593
2039695
2039707
2039805
2039949
2040061
2040147
2040185
2040269
2040341
2040485
2040633
2040691
2040891
2040901
2041031
2041305
2041341
2041355
2041373
2041379
2041555
2041599
2041647
2041665
2041777
2041935
2041939
2041991
2042003
2042053
2042123
2042127
2042165
2042271
2042291
2042379
2042429
2042553
2042873
2043003
2043007
2043137
2043195
2043269
2043369
2043413
2043439
2043481
2043487
2043491
2043515
2043583
2043689
2043717
2043759
2043903
2043925
2043927
2044001
2044081
2044091
2044103
2044273
2044289
2044293
2044403
2044505
2044531
2044609
2044631
2044641
2044661
2044663
2044739
2044749
2044783
2044801
2044817
2044917
2044943
2045109
2045157
2045169
2045303
2045355
2045569
2045745
2045817
2045875
2045997
2046021
2046043
2046085
2046427
2046579
2046591
2046617
2046643
2046685
2046725
2046857
2046871
2047007
2047023
2047031
2047085
2047089
2047167
2047317
2047335
2047365
2047417
2047511
2047541
2047555
2047571
2047653
2047677
2047679
2047777
2047817
2047827
2047857
2047921
2047939
2047955
2047987
2048031
2048073
2048191
2048199
2048287
2048415
2048457
2048539
2048567
2048587
2048743
2048775
2048863
2048907
2048981
2048987
2048999
2049115
2049173
2049225
2049337
2049359
2049383
2049419
2049621
2049743
2049835
2049899
2049901
2049911
2049949
2049951
2049957
2049999
2050195
2050235
2050293
2050299
2050337
2050547
2050551
2050709
2050725
2050753
2050895
2050903
2050999
2051075
2051161
2051171
2051193
2051205
2051245
2051247
2051275
2051313
2051351
2051455
2051515
2051547
2051551
2051557
2051637
2051641
2051705
2051727
2051867
2051877
2051973
2051977
2052031
2052047
2052189
2052231
2052239
2052253
2052269
2052273
2052383
2052447
2052503
2052555
2052621
2052635
2052819
2052829
2052851
2053101
2053167
2053291
2053297
2053429
2053473
2053513
2053583
2053623
2053643
2053675
2053769
2053915
2054069
2054111
2054119
2054193
2054205
2054243
2054313
2054347
2054421
2054425
2054449
2054545
2054547
2054575
2054617
2054623
2054639
2054677
2054757
2054827
2055027
2055067
2055089
2055171
2055197
2055213
2055319
2055389
2055443
2055445
2055465
2055505
2055565
2055673
2055723
2055725
2055819
2055839
2055867
2055877
2056083
2056147
2056175
2056179
2056237
2056243
2056329
2056413
2056421
2056437
2056503
2056515
2056535
2056583
2056589
2056667
2056765
2056939
2056947
2056991
2057029
2057167
2057185
2057265
2057275
2057279
2057331
2057435
2057573
2057621
2057625
2057831
2057837
2058145
2058227
2058249
2058281
2058335
2058351
2058357
2058525
2058625
2058815
2058835
2058883
2059025
2059079
2059107
2059181
2059277
2059285
2059299
2059385
2059465
2059685
2059709
2059737
2059797
2059803
2060119
2060185
2060195
2060363
2060393
2060409
2060443
2060447
2060569
2060583
2060715
2060845
2060983
2060995
2061095
2061115
2061311
2061433
2061467
2061497
2061523
2061551
2061565
2061585
2061685
2061711
2061717
2061759
2061783
2061885
2061947
2062039
2062067
2062251
2062299
2062333
2062441
2062443
2062505
2062513
2062525
2062611
2062647
2062727
2062759
2062777
2062791
2062855
2062887
2062901
2062915
2063129
2063149
2063191
2063217
2063223
2063347
2063659
2063711
2063749
2063761
2063877
2063913
2063927
2063999
2064013
2064079
2064089
2064117
2064235
2064313
2064341
2064495
2064609
2064613
2064713
2064747
2064749
2064855
2064863
2064963
2064977
2065213
2065295
2065439
2065523
2065561
2065589
2065653
2065675
2065765
2065807
2065819
2065853
2065891
2065897
2065907
2066123
2066223
2066299
2066359
2066399
2066553
2066671
2066723
2066881
2066969
2066979
2066989
2067169
2067251
2067367
2067379
2067401
2067629
2067649
2067731
2067831
2067893
2067929
2068073
2068079
2068155
2068343
2068391
2068393
2068413
2068463
2068523
2068529
2068539
2068543
2068561
2068583
2068611
2068657
2068779
2068831
2068847
2068851
2068929
2068975
2068989
2069113
2069147
2069169
2069187
2069295
2069391
2069401
2069429
2069489
2069509
2069521
2069579
2069749
2069869
2069871
2069873
2069889
2069951
2069995
2070039
2070213
2070267
2070363
2070609
2070637
2070685
2070727
2070761
2070767
2070795
2070815
2070853
2070951
2070983
2070991
2071037
2071159
2071479
2071503
2071633
2071661
2071727
2071739
2071757
2071835
2071957
2072093
2072111
2072295
2072477
2072541
2072631
2072709
2072771
2072837
2072855
2072869
2072907
2072983
2073031
2073053
2073087
2073191
2073207
2073271
2073277
2073291
2073309
2073467
2073503
2073579
2073591
2073607
2073687
2073691
2073749
2073781
2073823
2073839
2074027
2074051
2074061
2074083
2074233
2074279
2074343
2074377
2074427
2074539
2074717
2074733
2074747
2074911
2075047
2075053
2075105
2075143
2075211
2075275
2075283
2075299
2075487
2075559
2075711
2075743
2075747
2075761
2075811
2075853
2075899
2075905
2076117
2076155
2076163
2076171
2076201
2076289
2076311
2076357
2076395
2076441
2076465
2076471
2076475
2076491
2076517
2076583
2076605
2076651
2076807
2076995
2077099
2077105
2077125
2077131
2077137
2077191
2077207
2077257
2077329
2077335
2077337
2077357
2077423
2077449
2077515
2077595
2077647
2077679
2077693
2077707
2077749
2077755
2077773
2077887
2077903
2077949
2077973
2078203
2078263
2078295
2078545
2078595
2078627
2078645
2078669
2078671
2078727
2078733
2078895
2078919
2078991
2079151
2079179
2079257
2079269
2079365
2079453
2079469
2079557
2079619
2079651
2079653
2079679
2079691
2079737
2079769
2080097
2080117
2080267
2080269
2080463
2080659
2080673
2080693
2080785
2080813
2080837
2080841
2080843
2080965
2080985
2081183
2081235
2081405
2081419
2081485
2081499
2081527
2081571
2081625
2081741
2081805
2081839
2081843
2081909
2082007
2082039
2082195
2082311
2082321
2082343
2082529
2082567
2082581
2082593
2082623
2082627
2082691
2082779
2082815
2082845
2082939
2082985
2083031
2083119
2083161
2083213
2083221
2083329
2083377
2083383
2083387
2083423
2083461
2083535
2083539
2083575
2083591
2083641
2083977
2084005
2084151
2084299
2084341
2084409
2084445
2084491
2084503
2084509
2084519
2084727
2084733
2084797
2084803
2084827
2084869
2084901
2084983
2085079
2085213
2085259
2085331
2085353
2085429
2085671
2085701
2085721
2085859
2085937
2085977
2086007
2086085
2086087
2086245
2086301
2086409
2086561
2086623
2086773
2086871
2086945
2086953
2086955
2086991
2087057
2087225
2087335
2087347
2087471
2087481
2087483
2087519
2087599
2087631
2087681
2087721
2087823
2087861
2087865
2087901
2088037
2088151
2088213
2088297
2088377
2088409
2088413
2088423
2088491
2088551
2088555
2088637
2088685
2088771
2088821
2088901
2089035
2089065
2089309
2089357
2089387
2089545
2089605
2089721
2089829
2089847
2089879
2090015
2090041
2090063
2090097
2090169
2090199
2090351
2090451
2090513
2090565
2090657
2090823
2090905
2090907
2090943
2091091
2091101
2091137
2091143
2091439
2091485
2091611
2091717
2091797
2091815
2092031
2092059
2092103
2092157
2092231
2092247
2092323
2092397
2092719
2092757
2092777
2092849
2092919
2092963
2092975
2093007
2093097
2093251
2093353
2093395
2093503
2093583
2093657
2093777
2093903
2093913
2093931
2093971
2094023
2094045
2094059
2094061
2094089
2094109
2094365
2094385
2094407
2094421
2094431
2094451
2094651
2094693
2094717
2094771
2094827
2094925
2094979
2095157
2095233
2095239
2095289
2095309
2095367
2095395
2095405
2095429
2095435
2095497
2095499
2095601
2095809
2095819
2096005
2096079
2096085
2096099
2096175
2096185
2096261
2096307
2096369
2096437
2096439
2096607
2096673
2096857
2097037
2097059
2097139
2097181
2097189
2097213
2097295
2097311
2097523
2097527
2097557
2097657
2097717
2097719
2097801
2097923
2097927
2097947
2097969
2097999
2098019
2098213
2098257
2098303
2098329
2098357
2098377
2098617
2098633
2098771
2098773
2098985
2099009
2099087
2099129
2099171
2099173
2099199
2099345
2099355
2099491
2099499
2099563
2099615
2099735
2099741
2099847
2099855
2099861
2100033
2100039
2100145
2100173
2100235
2100265
2100271
2100305
2100329
2100413
2100437
2100441
2100469
2100523
2100601
2100729
2100811
2101031
2101105
2101109
2101127
2101135
2101287
2101325
2101381
2101411
2101435
2101481
2101617
2101687
2101739
2101753
2101785
2101797
2101805
2101911
2101993
2102007
2102013
2102017
2102025
2102043
2102215
2102273
2102285
2102291
2102407
2102453
2102593
2102643
2102771
2102773
2103139
2103169
2103187
2103195
2103253
2103259
2103309
2103355
2103357
2103375
2103427
2103443
2103591
2103661
2103663
2103675
2103839
2103845
2103943
2103989
2104023
2104071
2104075
2104309
2104379
2104397
2104455
2104503
2104561
2104613
2104671
2104711
2104727
2104771
2104807
2104885
2104903
2104983
2104985
2105015
2105021
2105051
2105089
2105167
2105213
2105239
2105257
2105291
2105341
2105407
2105585
2105633
2105665
2105673
2105879
2105927
2106067
2106247
2106347
2106399
2106441
2106449
2106545
2106585
2106613
2106793
2106813
2106877
2106961
2107229
2107267
2107299
2107307
2107315
2107339
2107405
2107429
2107435
2107445
2107475
2107483
2107581
2107643
2107763
2107807
2107809
2107835
2107843
2107891
2107947
2108037
2108053
2108083
2108099
2108209
2108321
2108335
2108385
2108389
2108427
2108439
2108471
2108751
2108789
2108817
2108909
2108913
2108997
2109077
2109083
2109159
2109277
2109279
2109373
2109403
2109409
2109485
2109499
2109509
2109523
2109553
2109563
2109713
2109831
2109855
2109951
2109971
2109991
2110025
2110253
2110259
2110267
2110365
2110385
2110445
2110529
2110609
2110661
2110725
2110729
2110745
2111035
2111249
2111263
2111331
2111417
2111481
2111533
2111677
2111761
2111825
2111879
2112049
2112135
2112137
2112189
2112243
2112303
2112379
2112425
2112459
2112527
2112581
2112635
2112913
2112915
2112935
2112955
2113001
2113041
2113129
2113157
2113213
2113233
2113245
2113407
2113435
2113437
2113457
2113531
2113547
2113573
2113595
2113621
2113673
2113717
2113811
2113895
2113933
2113969
2114017
2114051
2114103
2114109
2114147
2114205
2114283
2114435
2114467
2114521
2114639
2114767
2114859
2114881
2114895
2114971
2114981
2115013
2115035
2115061
2115071
2115097
2115225
2115269
2115305
2115385
2115457
2115693
2115725
2115789
2115837
2115879
2116243
2116257
2116281
2116303
2116385
2116453
2116523
2116571
2116583
2116601
2116661
2116767
2116769
2116869
2116905
2116915
2116917
2117135
2117179
2117245
2117285
2117289
2117461
2117477
2117513
2117525
2117563
2117607
2117621
2117629
2117679
2117719
2117791
2117819
2117881
2117909
2118009
2118043
2118097
2118187
2118251
2118275
2118277
2118369
2118379
2118397
2118409
2118523
2118621
2118663
2118735
2118789
2118917
2118951
2119001
2119029
2119169
2119247
2119255
2119259
2119283
2119401
2119491
2119543
2119631
2119637
2119737
2119823
2119927
2120213
2120301
2120317
2120339
2120349
2120415
2120455
2120507
2120583
2120593
2120717
2120795
2120807
2120897
2120921
2120993
2121111
2121341
2121421
2121451
2121573
2121581
2121699
2121743
2121791
2121793
2121801
2121931
2121933
2122119
2122153
2122223
2122311
2122329
2122475
2122531
2122549
2122565
2122627
2122639
2122657
2122771
2122779
2122893
2122901
2122947
2123089
2123123
2123141
2123231
2123257
2123341
2123441
2123495
2123521
2123647
2123675
2123729
2123751
2123775
2123827
2123993
2124101
2124145
2124153
2124189
2124239
2124341
2124389
2124415
2124511
2124555
2124581
2124659
2124661
2124747
2124753
2124787
2124791
2124847
2124897
2125079
2125085
2125149
2125421
2125565
2125583
2125585
2125609
2125623
2125637
2125695
2125697
2125719
2125729
2125757
2125851
2125895
2125955
2126031
2126053
2126183
2126217
2126279
2126345
2126423
2126657
2126669
2126725
2126843
2126907
2126995
2127009
2127025
2127131
2127135
2127285
2127371
2127375
2127465
2127599
2127625
2127647
2127657
2127685
2127937
2128013
2128073
2128101
2128121
2128173
2128213
2128261
2128287
2128357
2128363
2128377
2128379
2128401
2128409
2128421
2128515
2128539
2128633
2128703
2128769
2128861
2128979
2128981
2129063
2129115
2129151
2129251
2129261
2129443
2129451
2129525
2129559
2129581
2129675
2129733
2129765
2129987
2130041
2130055
2130131
2130221
2130233
2130329
2130351
2130471
2130505
2130537
2130561
2130579
2130609
2130631
2130663
2130679
2130731
2130799
2130849
2130875
2130939
2130971
2130975
2130981
2130993
2131031
2131065
2131069
2131075
2131077
2131143
2131193
2131213
2131283
2131293
2131333
2131345
2131569
2131577
2131759
2131771
2131939
2132025
2132069
2132131
2132223
2132245
2132259
2132301
2132315
2132407
2132519
2132539
2132541
2132551
2132595
2132607
2132649
2132683
2132749
2132823
2132923
2132991
2133125
2133149
2133245
2133375
2133433
2133555
2133703
2133715
2133727
2133771
2133823
2133835
2133985
2134041
2134091
2134211
2134371
2134399
2134421
2134473
2134551
2134621
2134671
2134705
2134745
2134783
2134785
2134801
2134857
2134941
2134969
2135007
2135089
2135129
2135143
2135297
2135351
2135367
2135381
2135385
2135395
2135401
2135445
2135457
2135479
2135651
2135743
2135785
2135847
2135947
2136061
2136091
2136233
2136279
2136365
2136413
2136435
2136489
2136551
2136709
2136721
2136731
2136759
2136867
2136903
2136913
2136947
2136983
2137051
2137061
2137087
2137143
2137169
2137193
2137249
2137269
2137289
2137497
2137621
2137649
2137661
2137721
2137823
2137833
2137879
2138193
2138241
2138263
2138299
2138367
2138381
2138391
2138431
2138455
2138457
2138559
2138649
2138669
2138935
2138941
2139167
2139213
2139237
2139343
2139435
2139441
2139445
2139513
2139583
2139655
2139803
2140043
2140079
2140097
2140149
2140165
2140171
2140291
2140371
2140419
2140487
2140597
2140617
2140619
2140629
2140631
2140757
2140813
2140843
2140851
2140977
2140989
2141169
2141177
2141199
2141367
2141443
2141623
2141723
2141743
2141803
2141881
2141971
2142013
2142191
2142283
2142333
2142359
2142403
2142437
2142495
2142515
2142533
2142635
2142645
2142719
2142813
2142985
2143225
2143277
2143325
2143457
2143495
2143711
2143823
2144087
2144179
2144387
2144461
2144557
2144595
2144661
2144667
2144763
2144857
2144949
2144955
2144983
2145009
2145097
2145141
2145157
2145211
2145301
2145403
2145435
2145611
2145729
2145807
2145909
2145929
2146011
2146061
2146067
2146191
2146205
2146219
2146223
2146243
2146283
2146363
2146375
2146379
2146491
2146495
2146663
2146795
2146839
2147035
2147085
2147131
2147159
2147161
2147203
2147279
2147281
2147315
2147327
2147351
2147445
2147531
2147555
2147587
2147597
2147701
2147777
2147847
2147909
2147957
2148009
2148047
2148141
2148283
2148303
2148367
2148387
2148489
2148493
2148599
2148611
2148633
2148643
2148669
2148673
2148791
2148855
2148863
2148905
2148917
2148941
2148981
2149075
2149185
2149213
2149387
2149439
2149559
2149585
2149593
2149607
2149667
2149675
2149679
2149815
2149823
2149849
2149855
2149969
2150011
2150013
2150107
2150145
2150163
2150175
2150207
2150225
2150263
2150397
2150517
2150685
2150687
2150707
2150887
2150965
2150987
2150989
2151085
2151191
2151213
2151293
2151439
2151457
2151573
2151637
2151651
2151703
2151805
2151817
2151875
2151935
2152005
2152123
2152125
2152149
2152155
2152431
2152471
2152479
2152603
2152629
2153095
2153189
2153297
2153327
2153423
2153545
2153589
2153595
2153789
2153873
2153897
2153969
2153991
2154019
2154071
2154077
2154225
2154263
2154297
2154431
2154489
2154539
2154577
2154613
2154657
2154701
2154891
2154919
2154961
2154999
2155027
2155049
2155087
2155111
2155161
2155221
2155265
2155331
2155341
2155371
2155393
2155413
2155487
2155557
2155681
2155703
2155749
2155763
2155957
2156081
2156087
2156105
2156151
2156159
2156181
2156205
2156269
2156313
2156325
2156343
2156479
2156681
2156719
2156747
2156963
2156981
2157065
2157327
2157383
2157389
2157463
2157473
2157491
2157567
2157569
2157667
2157729
2157801
2157827
2157869
2157935
2157951
2158043
2158077
2158245
2158287
2158293
2158345
2158565
2158711
2158717
2158725
2158823
2158917
2159005
2159009
2159017
2159041
2159047
2159127
2159209
2159211
2159245
2159257
2159281
2159313
2159341
2159461
2159497
2159499
2159599
2159687
2159699
2159779
2159799
2159835
2159899
2159909
2159991
2160069
2160083
2160131
2160143
2160285
2160295
2160399
2160413
2160457
2160473
2160491
2160517
2160549
2160595
2160619
2160625
2160631
2160787
2160825
2160863
2160881
2160887
2160939
2161071
2161087
2161263
2161275
2161389
2161391
2161501
2161553
2161561
2161571
2161653
2161659
2161727
2161759
2161775
2161871
2161897
2161905
2161929
2161967
2162093
2162133
2162211
2162225
2162263
2162287
2162299
2162301
2162365
2162423
2162425
2162457
2162513
2162583
2162613
2162665
2162717
2162739
2162933
2162947
2163113
2163197
2163283
2163333
2163687
2163797
2163873
2163885
2163917
2163973
2163981
2164035
2164199
2164211
2164313
2164499
2164505
2164533
2164541
2164555
2164569
2164609
2164701
2164743
2164775
2164789
2164803
2164813
2164947
2165063
2165099
2165147
2165217
2165237
2165261
2165363
2165397
2165445
2165455
2165501
2165683
2165715
2165857
2165951
2166095
2166113
2166125
2166147
2166161
2166211
2166227
2166265
2166309
2166363
2166425
2166457
2166469
2166473
2166479
2166599
2166657
2166695
2166843
2166959
2167159
2167279
2167295
2167337
2167467
2167489
2167565
2167683
2167739
2167791
2167865
2167941
2167953
2167985
2168107
2168113
2168121
2168225
2168237
2168289
2168301
2168307
2168317
2168351
2168353
2168365
2168443
2168521
2168527
2168665
2168723
2168737
2168811
2168817
2168873
2168881
2168937
2168941
2168973
2169041
2169203
2169281
2169301
2169333
2169549
2169551
2169657
2169701
2169723
2169769
2169799
2169801
2169807
2169951
2170011
2170061
2170095
2170173
2170181
2170397
2170461
2170521
2170551
2170631
2170799
2170855
2170881
2170901
2170917
2171085
2171213
2171291
2171343
2171425
2171575
2171577
2171605
2171607
2171717
2171773
2171797
2171831
2171911
2171943
2172057
2172071
2172077
2172157
2172185
2172279
2172321
2172523
2172711
2172785
2172847
2172887
2172897
2172985
2173007
2173027
2173043
2173081
2173095
2173149
2173161
2173213
2173219
2173229
2173297
2173375
2173461
2173549
2173581
2173709
2173729
2173749
2173763
2173795
2173943
2174003
2174011
2174063
2174065
2174211
2174223
2174229
2174265
2174383
2174389
2174465
2174493
2174559
2174607
2174627
2174693
2174707
2174737
2174835
2174935
2174991
2175023
2175115
2175141
2175145
2175149
2175151
2175189
2175213
2175343
2175379
2175419
2175531
2175657
2175717
2175757
2175797
2175977
2175979
2176253
2176303
2176305
2176331
2176363
2176501
2176615
2176619
2176693
2176765
2176793
2176863
2176913
2176949
2176953
2176995
2177015
2177043
2177079
2177147
2177227
2177277
2177285
2177391
2177569
2177673
2177675
2177703
2177787
2177791
2177811
2177867
2177925
2177959
2178079
2178151
2178289
2178297
2178361
2178385
2178423
2178457
2178549
2178715
2178739
2178841
2178847
2178917
2178971
2179013
2179031
2179097
2179249
2179399
2179467
2179503
2179619
2179639
2179681
2179747
2179805
2179827
2179899
2179953
2179973
2179993
2180089
2180093
2180131
2180137
2180171
2180175
2180183
2180213
2180275
2180293
2180459
2180465
2180607
2180617
2180621
2180631
2180643
2180653
2180727
2180743
2180761
2180857
2180925
2180939
2181007
2181131
2181139
2181233
2181365
2181409
2181601
2181699
2181725
2181799
2181815
2181871
2181895
2182091
2182147
2182149
2182295
2182367
2182463
2182475
2182507
2182699
2182779
2182841
2182871
2182883
2182927
2183115
2183195
2183229
2183317
2183375
2183429
2183453
2183511
2183549
2183553
2183571
2183611
2183769
2183827
2183835
2183859
2184037
2184061
2184079
2184081
2184135
2184193
2184233
2184237
2184251
2184261
2184269
2184353
2184499
2184601
2184641
2184655
2184695
2184753
2184915
2184985
2185023
2185251
2185469
2185475
2185481
2185531
2185781
2186001
2186017
2186155
2186221
2186273
2186287
2186321
2186405
2186417
2186427
2186429
2186613
2186671
2186727
2186755
2186765
2186775
2186849
2186867
2187133
2187199
2187213
2187229
2187253
2187301
2187339
2187371
2187459
2187487
2187495
2187507
2187515
2187575
2187615
2187643
2187665
2187689
2187707
2187739
2187777
2187929
2188341
2188363
2188393
2188573
2188637
2188713
2188791
2188793
2188845
2188893
2188895
2188905
2189007
2189085
2189093
2189097
2189135
2189179
2189181
2189249
2189267
2189285
2189343
2189397
2189467
2189557
2189591
2189595
2189619
2189629
2189707
2189737
2189915
2190023
2190037
2190081
2190161
2190203
2190367
2190417
2190433
2190613
2190771
2190793
2190907
2190929
2190941
2191215
2191225
2191251
2191343
2191751
2191753
2191841
2191921
2191967
2192005
2192087
2192093
2192113
2192259
2192287
2192289
2192307
2192333
2192351
2192621
2192679
2192717
2192767
2192823
2192999
2193059
2193063
2193157
2193173
2193217
2193307
2193399
2193485
2193523
2193619
2193751
2193753
2193761
2193765
2193921
2193947
2194065
2194213
2194243
2194345
2194357
2194369
2194375
2194377
2194501
2194525
2194593
2194625
2194755
2194775
2194823
2194829
2194831
2195009
2195037
2195083
2195101
2195257
2195347
2195395
2195405
2195411
2195419
2195505
2195519
2195649
2195669
2195679
2195723
2195741
2195779
2195915
2195921
2195925
2196151
2196159
2196241
2196411
2196447
2196529
2196727
2196747
2196861
2196887
2196903
2197051
2197155
2197259
2197261
2197455
2197467
2197585
2197729
2197805
2197851
2197909
2197917
2198077
2198093
2198143
2198165
2198213
2198239
2198445
2198457
2198461
2198591
2198645
2198711
2198761
2198833
2198903
2198951
2198987
2198995
2199069
2199097
2199185
2199571
2199655
2199737
2199865
2199875
2199951
2199961
2199977
2199985
2200035
2200093
2200111
2200139
2200175
2200179
2200193
2200319
2200513
2200697
2200761
2200809
2200825
2200845
2201109
2201159
2201275
2201277
2201295
2201379
2201411
2201535
2201571
2201585
2201621
2201657
2201815
2201841
2201853
2202015
2202181
2202329
2202345
2202453
2202495
2202595
2202683
2202711
2202811
2202869
2202943
2203061
2203077
2203091
2203095
2203247
2203331
2203361
2203455
2203459
2203653
2203863
2203953
2204051
2204059
2204157
2204235
2204421
2204451
2204453
2204695
2204727
2204951
2204977
2204997
2205251
2205277
2205305
2205321
2205371
2205463
2205475
2205657
2205693
2205721
2205769
2205803
2205875
2205969
2206001
2206281
2206423
2206509
2206567
2206589
2206661
2206669
2206717
2207003
2207033
2207085
2207195
2207211
2207259
2207293
2207443
2207815
2207889
2207903
2207911
2207929
2208035
2208119
2208165
2208217
2208287
2208391
2208605
2208631
2208657
2208775
2208781
2208923
2209029
2209223
2209237
2209265
2209275
2209383
2209509
2209513
2209603
2209645
2209667
2209865
2209897
2209935
2210053
2210097
2210129
2210131
2210147
2210171
2210279
2210329
2210489
2210537
2210629
2210631
2210677
2210679
2210737
2210815
2210883
2210933
2210943
2210989
2211147
2211255
2211269
2211369
2211401
2211445
2211541
2211571
2211599
2211665
2211671
2211715
2211929
2211945
2212129
2212153
2212181
2212391
2212399
2212571
2212579
2212645
2212793
2212853
2212937
2213039
2213189
2213191
2213261
2213305
2213371
2213403
2213451
2213515
2213565
2213663
2213723
2213755
2213817
2213841
2213855
2213959
2213981
2214013
2214109
2214137
2214213
2214215
2214231
2214243
2214291
2214299
2214461
2214471
2214597
2214613
2214787
2214871
2214889
2214921
2214923
2214941
2214983
2214999
2215157
2215233
2215283
2215365
2215463
2215581
2215585
2215613
2215621
2215731
2215769
2215815
2216111
2216119
2216161
2216199
2216273
2216281
2216335
2216377
2216415
2216579
2216669
2216823
2216837
2216851
2217007
2217093
2217121
2217297
2217339
2217349
2217431
2217453
2217467
2217631
2217715
2217809
2217841
2217891
2218003
2218111
2218167
2218375
2218547
2218631
2218675
2218681
2218757
2218765
2218807
2218813
2218827
2218887
2218943
2218969
2219009
2219019
2219323
2219325
2219367
2219373
2219391
2219419
2219421
2219459
2219479
2219515
2219537
2219545
2219579
2219783
2219853
2219945
2220105
2220141
2220143
2220255
2220347
2220379
2220411
2220453
2220491
2220501
2220599
2220685
2220689
2220719
2220747
2221019
2221047
2221109
2221137
2221145
2221307
2221317
2221373
2221385
2221421
2221447
2221529
2221569
2221585
2221587
2221591
2221601
2221653
2221769
2221807
2221809
2222043
2222109
2222149
2222163
2222177
2222223
2222425
2222431
2222487
2222513
2222525
2222529
2222615
2222641
2222667
2222675
2222693
2222715
2222755
2222821
2222925
2222999
2223087
2223197
2223233
2223255
2223283
2223351
2223391
2223457
2223459
2223527
2223637
2223649
2223667
2223837
2223865
2224047
2224053
2224345
2224515
2224619
2224627
2224677
2224863
2224977
2225067
2225095
2225171
2225185
2225201
2225219
2225233
2225271
2225325
2225341
2225369
2225417
2225545
2225571
2225643
2225649
2225681
2225837
2225923
2225929
2225977
2226137
2226185
2226221
2226341
2226375
2226525
2226531
2226535
2226591
2226755
2226793
2226807
2226817
2226835
2226879
2226917
2226947
2227059
2227105
2227119
2227285
2227367
2227373
2227395
2227415
2227595
2227601
2227627
2227655
2227663
2227697
2227699
2227715
2227799
2227831
2227957
2228047
2228105
2228179
2228235
2228251
2228391
2228453
2228769
2228829
2228859
2228937
2228945
2228975
2229003
2229007
2229141
2229229
2229255
2229345
2229369
2229521
2229529
2229581
2229583
2229627
2229663
2229765
2229851
2229863
2229915
2229931
2229993
2230003
2230045
2230171
2230265
2230427
2230607
2230807
2230811
2230887
2231095
2231159
2231199
2231221
2231269
2231283
2231313
2231409
2231413
2231423
2231459
2231517
2231585
2231589
2231653
2231695
2232035
2232071
2232157
2232175
2232391
2232419
2232519
2232611
2232617
2232663
2232705
2232709
2232739
2232931
2232997
2233021
2233037
2233111
2233113
2233143
2233225
2233293
2233339
2233469
2233505
2233529
2233595
2233795
2233813
2233845
2233927
2234023
2234025
2234073
2234273
2234301
2234313
2234421
2234435
2234505
2234521
2234523
2234699
2234745
2234807
2234985
2235013
2235071
2235153
2235293
2235359
2235365
2235445
2235485
2235553
2235597
2235641
2235759
2235851
2235931
2235957
2235959
2236061
2236085
2236213
2236329
2236349
2236357
2236423
2236473
2236521
2236737
2236785
2236787
2236823
2236915
2236919
2236977
2236989
2237095
2237121
2237179
2237241
2237367
2237409
2237537
2237543
2237635
2237691
2237697
2237701
2237801
2237913
2237969
2237991
2238021
2238075
2238099
2238119
2238269
2238461
2238475
2238699
2238791
2238871
2238959
2239109
2239137
2239139
2239175
2239389
2239427
2239479
2239519
2239553
2239631
2239733
2239801
2239931
2240009
2240033
2240103
2240161
2240491
2240537
2240605
2240639
2240665
2240741
2240757
2240901
2241013
2241083
2241217
2241251
2241383
2241395
2241503
2241579
2241701
2241717
2241741
2241769
2241873
2241885
2241975
2241987
2242259
2242331
2242429
2242529
2242609
2242701
2242785
2242797
2242891
2242931
2243001
2243007
2243031
2243041
2243043
2243051
2243075
2243093
2243107
2243123
2243139
2243191
2243219
2243351
2243491
2243709
2243787
2243819
2243957
2243977
2243995
2244047
2244097
2244149
2244203
2244291
2244327
2244339
2244349
2244369
2244401
2244413
2244483
2244557
2244603
2244675
2244703
2244785
2244969
2245033
2245039
2245091
2245157
2245191
2245215
2245463
2245467
2245511
2245593
2245747
2245773
2245837
2245925
2246135
2246185
2246229
2246241
2246299
2246347
2246413
2246437
2246533
2246547
2246611
2246725
2246787
2246799
2246843
2246861
2246877
2246913
2246937
2247069
2247175
2247203
2247213
2247247
2247375
2247449
2247453
2247719
2247853
2247921
2247985
2248043
2248157
2248177
2248227
2248231
2248235
2248337
2248349
2248385
2248421
2248423
2248575
2248579
2248583
2248605
2249073
2249103
2249133
2249161
2249177
2249183
2249201
2249207
2249211
2249251
2249275
2249467
2249495
2249515
2249525
2249577
2249595
2249665
2249671
2249673
2249727
2249827
2249853
2249875
2249903
2249979
2250045
2250087
2250131
2250141
2250169
2250247
2250279
2250325
2250327
2250421
2250441
2250585
2250707
2250753
2250805
2250817
2250903
2251041
2251055
2251141
2251185
2251197
2251285
2251309
2251373
2251579
2251651
2251737
2251759
2251839
2251919
2252005
2252049
2252225
2252249
2252347
2252439
2252441
2252607
2252653
2253023
2253029
2253067
2253121
2253217
2253389
2253461
2253519
2253587
2253705
2253707
2253801
2253859
2253965
2254145
2254169
2254179
2254187
2254303
2254337
2254435
2254495
2254549
2254609
2254683
2254831
2255087
2255167
2255413
2255461
2255481
2255551
2255665
2255691
2255817
2255867
2255871
2255951
2255977
2256031
2256121
2256149
2256205
2256213
2256261
2256269
2256389
2256461
2256467
2256495
2256511
2256559
2256635
2256693
2256699
2256811
2256867
2256899
2256915
2256983
2257109
2257115
2257181
2257211
2257217
2257295
2257337
2257385
2257423
2257707
2257765
2257785
2257799
2257819
2257885
2257917
2258001
2258005
2258089
2258159
2258195
2258217
2258219
2258339
2258383
2258557
2258573
2258583
2258661
2258815
2258861
2258973
2258989
2259105
2259139
2259177
2259229
2259361
2259453
2259479
2259511
2259557
2259609
2259977
2260079
2260157
2260251
2260259
2260279
2260299
2260341
2260505
2260517
2260683
2260697
2260739
2260783
2260823
2260827
2260907
2260947
2261043
2261087
2261095
2261145
2261171
2261189
2261203
2261235
2261243
2261279
2261295
2261353
2261379
2261529
2261533
2261555
2261683
2261745
2261817
2261943
2261961
2262073
2262149
2262199
2262315
2262423
2262465
2262493
2262513
2262543
2262591
2262647
2262669
2262807
2262869
2262889
2263001
2263039
2263063
2263105
2263155
2263195
2263285
2263291
2263513
2263613
2263675
2263715
2263725
2263775
2263787
2263819
2264145
2264163
2264235
2264247
2264375
2264463
2264579
2264587
2264655
2264659
2264691
2264739
2264741
2264861
2264885
2265031
2265055
2265237
2265277
2265299
2265305
2265343
2265347
2265529
2265533
2265549
2265597
2265835
2265919
2265937
2266011
2266019
2266065
2266101
2266213
2266259
2266373
2266427
2266479
2266497
2266499
2266555
2266599
2266693
2266701
2266707
2266709
2266735
2266795
2266815
2266819
2266875
2267013
2267043
2267273
2267275
2267315
2267365
2267367
2267509
2267553
2267583
2267623
2267649
2267677
2267689
2267707
2267947
2267975
2267989
2268129
2268133
2268227
2268245
2268413
2268415
2268443
2268715
2268743
2268777
2268851
2268877
2268937
2268987
2269001
2269011
2269013
2269057
2269073
2269209
2269217
2269235
2269283
2269365
2269405
2269425
2269459
2269503
2269569
2269579
2269677
2269789
2269795
2269813
2270003
2270031
2270263
2270307
2270389
2270417
2270483
2270505
2270569
2270591
2270667
2270875
2271083
2271109
2271125
2271163
2271207
2271271
2271327
2271387
2271709
2271825
2271851
2271873
2271955
2271983
2272033
2272227
2272343
2272371
2272421
2272493
2272629
2272669
2272725
2272733
2272759
2272811
2272831
2272951
2272991
2272993
2272997
2273063
2273069
2273089
2273109
2273119
2273147
2273187
2273239
2273281
2273291
2273321
2273351
2273513
2273527
2273869
2273875
2273915
2274007
2274029
2274061
2274063
2274117
2274179
2274189
2274283
2274383
2274399
2274429
2274439
2274517
2274637
2274671
2274851
2274853
2274943
2275007
2275067
2275245
2275313
2275335
2275389
2275395
2275413
2275485
2275491
2275507
2275579
2275699
2275709
2275731
2275749
2275861
2275927
2276141
2276237
2276249
2276285
2276315
2276423
2276533
2276547
2276625
2276629
2276683
2276735
2276801
2276821
2277119
2277137
2277147
2277177
2277187
2277251
2277327
2277403
2277407
2277465
2277479
2277503
2277545
2277681
2277765
2277813
2277845
2277935
2277949
2277981
2278001
2278027
2278145
2278147
2278303
2278383
2278395
2278725
2278735
2278795
2278815
2278911
2278923
2278931
2278977
2279053
2279087
2279143
2279159
2279165
2279407
2279441
2279457
2279475
2279485
2279501
2279557
2279571
2279653
2279731
2279735
2279759
2279829
2279959
2280071
2280173
2280203
2280235
2280239
2280357
2280631
2280665
2280735
2280757
2280759
2280765
2280767
2280833
2280853
2280869
2280929
2280961
2280977
2280987
2281067
2281135
2281137
2281247
2281613
2281659
2281675
2281677
2281707
2281999
2282179
2282243
2282329
2282511
2282755
2282819
2282943
2283035
2283101
2283147
2283165
2283189
2283251
2283355
2283445
2283495
2283543
2283655
2283849
2284061
2284063
2284357
2284361
2284459
2284465
2284509
2284519
2284741
2284839
2284879
2284889
2284923
2285041
2285103
2285205
2285225
2285291
2285297
2285323
2285333
2285335
2285421
2285755
2285935
2285963
2285973
2286003
2286069
2286089
2286143
2286253
2286269
2286281
2286297
2286319
2286355
2286377
2286405
2286411
2286575
2286953
2287083
2287137
2287177
2287423
2287535
2287543
2287669
2287697
2287763
2287781
2287841
2287859
2287925
2287945
2288067
2288097
2288165
2288183
2288189
2288257
2288269
2288411
2288503
2288537
2288539
2288557
2288603
2288657
2288765
2288803
2288871
2288907
2289045
2289093
2289109
2289151
2289175
2289239
2289249
2289455
2289505
2289509
2289609
2289661
2289669
2289743
2289843
2289889
2289915
2289965
2290033
2290223
2290469
2290519
2290537
2290747
2290795
2290831
2290837
2290861
2291157
2291239
2291285
2291301
2291421
2291779
2291831
2291887
2291895
2291929
2291951
2292061
2292073
2292147
2292199
2292221
2292277
2292643
2292649
2292705
2292751
2292777
2292975
2293043
2293049
2293079
2293117
2293137
2293221
2293287
2293323
2293463
2293475
2293501
2293587
2293673
2293757
2293955
2293969
2294001
2294081
2294163
2294191
2294229
2294287
2294297
2294381
2294427
2294467
2294471
2294543
2294639
2294647
2294721
2294795
2294809
2294853
2294865
2295015
2295115
2295267
2295303
2295395
2295461
2295495
2295589
2295595
2295699
2295789
2295829
2295903
2295957
2295959
2296011
2296269
2296339
2296387
2296609
2296681
2296695
2296773
2296807
2296847
2296849
2296975
2297139
2297335
2297387
2297467
2297499
2297527
2297535
2297709
2297743
2297889
2297955
2298011
2298029
2298199
2298205
2298219
2298349
2298383
2298401
2298611
2298633
2298657
2298721
2298825
2298917
2298973
2299037
2299057
2299071
2299177
2299189
2299215
2299231
2299299
2299317
2299485
2299611
2299643
2299705
2299865
2299903
2299911
2300063
2300101
2300123
2300161
2300171
2300307
2300311
2300365
2300403
2300447
2300557
2300619
2300651
2300667
2300673
2300793
2300839
2300871
2300925
2300935
2300941
2300959
2301127
2301145
2301191
2301257
2301277
2301311
2301357
2301601
2301605
2301647
2301669
2301731
2301771
2301863
2301961
2302007
2302011
2302093
2302119
2302141
2302163
2302193
2302389
2302399
2302501
2302539
2302701
2302867
2302903
2302987
2303009
2303259
2303283
2303287
2303303
2303467
2303675
2303783
2303825
2303897
2303927
2303951
2303997
2304005
2304085
2304107
2304181
2304239
2304303
2304309
2304315
2304371
2304373
2304379
2304479
2304483
2304551
2304569
2304625
2304649
2304667
2304687
2304693
2304805
2304905
2305035
2305091
2305107
2305115
2305147
2305161
2305221
2305345
2305553
2305617
2305663
2305665
2305799
2305979
2306307
2306363
2306367
2306427
2306431
2306449
2306475
2306671
2306871
2307039
2307185
2307233
2307269
2307355
2307493
2307529
2307549
2307589
2307683
2307729
2307771
2307821
2307931
2307945
2308187
2308201
2308243
2308365
2308421
2308435
2308485
2308525
2308593
2308607
2308783
2308797
2308805
2309071
2309143
2309263
2309337
2309383
2309479
2309509
2309549
2309603
2309823
2309855
2309951
2309961
2309969
2309981
2309983
2310055
2310057
2310151
2310157
2310159
2310201
2310245
2310265
2310319
2310407
2310461
2310515
2310537
2310569
2310647
2310705
2310709
2310769
2310771
2310863
2310905
2310937
2310999
2311061
2311125
2311193
2311329
2311349
2311409
2311463
2311679
2311705
2311721
2311753
2311861
2311907
2311931
2311983
2312089
2312177
2312307
2312379
2312391
2312635
2312653
2312839
2312871
2312891
2312909
2313023
2313133
2313341
2313355
2313423
2313571
2313583
2313605
2313645
2313681
2313823
2313859
2313997
2314081
2314111
2314153
2314161
2314179
2314195
2314247
2314263
2314279
2314283
2314325
2314423
2314431
2314443
2314521
2314575
2314591
2314703
2314711
2314813
2314825
2314979
2315029
2315055
2315061
2315183
2315201
2315301
2315319
2315383
2315451
2315475
2315551
2315561
2315583
2315703
2315745
2315771
2315775
2315825
2316025
2316129
2316137
2316203
2316407
2316439
2316443
2316505
2316783
2316831
2316881
2317039
2317049
2317065
2317369
2317465
2317547
2317583
2317617
2317621
2317625
2317637
2317799
2317817
2318119
2318135
2318179
2318225
2318283
2318399
2318413
2318423
2318451
2318469
2318583
2318615
2318631
2318719
2318879
2319029
2319173
2319223
2319227
2319275
2319291
2319373
2319385
2319399
2319443
2319481
2319745
2319795
2319827
2319869
2319931
2319987
2320049
2320071
2320089
2320133
2320141
2320183
2320227
2320257
2320329
2320433
2320455
2320471
2320523
2320543
2320595
2320641
2320741
2320763
2320807
2320843
2320865
2320943
2320963
2321263
2321271
2321323
2321419
2321453
2321483
2321631
2321809
2321863
2322123
2322149
2322189
2322201
2322217
2322277
2322299
2322309
2322379
2322395
2322461
2322473
2322537
2322553
2322573
2322691
2322767
2322821
2322883
2322935
2322973
2323055
2323079
2323109
2323137
2323147
2323207
2323209
2323249
2323365
2323375
2323415
2323441
2323725
2323747
2323775
2323821
2323943
2323951
2324011
2324063
2324311
2324427
2324493
2324529
2324533
2324541
2324569
2324619
2324637
2324667
2324749
2324773
2324787
2325247
2325309
2325341
2325447
2325503
2325597
2325645
2325855
2325901
2325951
2326053
2326143
2326161
2326181
2326341
2326351
2326367
2326519
2326531
2326569
2326611
2326637
2326645
2326691
2326701
2326703
2326807
2326853
2326873
2326915
2326949
2327019
2327061
2327131
2327141
2327197
2327309
2327369
2327595
2327613
2327677
2327693
2327697
2327721
2327775
2327817
2327893
2327917
2327947
2327959
2327973
2328059
2328181
2328189
2328317
2328349
2328399
2328463
2328561
2328629
2328657
2328667
2328785
2328829
2328937
2328963
2328975
2328991
2328999
2329079
2329133
2329151
2329155
2329171
2329199
2329201
2329305
2329385
2329469
2329519
2329521
2329685
2329725
2329755
2329915
2329933
2329967
2329981
2330175
2330181
2330227
2330327
2330359
2330385
2330387
2330425
2330457
2330537
2330603
2330681
2330685
2330729
2330741
2330907
2331009
2331069
2331087
2331091
2331141
2331177
2331209
2331259
2331303
2331341
2331387
2331443
2331587
2331659
2331677
2331771
2331777
2331807
2331873
2332039
2332067
2332113
2332187
2332371
2332493
2332495
2332527
2332563
2332703
2332705
2332757
2332763
2332809
2332811
2332813
2332821
2332921
2332995
2332997
2333057
2333071
2333147
2333165
2333207
2333339
2333417
2333457
2333459
2333547
2333637
2333719
2333759
2333931
2333989
2334045
2334085
2334109
2334171
2334193
2334251
2334387
2334403
2334425
2334487
2334553
2334601
2334609
2334761
2334825
2334903
2334969
2335023
2335195
2335273
2335301
2335415
2335431
2335551
2335553
2335561
2335733
2335867
2335915
2335929
2336027
2336105
2336153
2336313
2336377
2336379
2336403
2336437
2336445
2336453
2336499
2336545
2336633
2336707
2336737
2336747
2336753
2336851
2336897
2336903
2336967
2337085
2337121
2337183
2337283
2337303
2337341
2337421
2337577
2337587
2337671
2337709
2337807
2338207
2338289
2338303
2338445
2338487
2338633
2338645
2338755
2338827
2338905
2338963
2339021
2339035
2339153
2339177
2339209
2339239
2339287
2339353
2339359
2339393
2339453
2339499
2339533
2339579
2339641
2339645
2339647
2339735
2339737
2339769
2339773
2339813
2339843
2339975
2339985
2340055
2340071
2340085
2340099
2340129
2340193
2340269
2340297
2340389
2340421
2340441
2340563
2340595
2340631
2340705
2340761
2340827
2340835
2340837
2340955
2341035
2341057
2341119
2341389
2341415
2341505
2341507
2341537
2341591
2341623
2341847
2341875
2341881
2342055
2342209
2342323
2342491
2342507
2342537
2342621
2342631
2342715
2342719
2342753
2342817
2342897
2342905
2342907
2342955
2342963
2342971
2342973
2342975
2342979
2343037
2343071
2343083
2343179
2343213
2343241
2343277
2343331
2343355
2343411
2343437
2343505
2343605
2343615
2343677
2343699
2343727
2343779
2343789
2343897
2343909
2343917
2343969
2343991
2344235
2344291
2344323
2344383
2344415
2344451
2344547
2344817
2344877
2344975
2345023
2345037
2345043
2345107
2345179
2345241
2345361
2345371
2345375
2345481
2345485
2345667
2345685
2345757
2345935
2345941
2346001
2346011
2346027
2346059
2346065
2346073
2346089
2346099
2346149
2346193
2346249
2346341
2346369
2346399
2346489
2346683
2346723
2346801
2346833
2347011
2347071
2347085
2347181
2347183
2347297
2347385
2347395
2347409
2347491
2347537
2347619
2347631
2347633
2347667
2347703
2347825
2347829
2347889
2347895
2347975
2348123
2348169
2348271
2348309
2348337
2348361
2348463
2348469
2348529
2348535
2348589
2348779
2348987
2349057
2349059
2349103
2349111
2349141
2349153
2349179
2349343
2349361
2349369
2349393
2349485
2349491
2349539
2349543
2349569
2349613
2349657
2349663
2349711
2349891
2349913
2349943
2349951
2349981
2350191
2350211
2350309
2350347
2350389
2350541
2350599
2350613
2350627
2350661
2350683
2350693
2350727
2350777
2350821
2351061
2351109
2351123
2351135
2351289
2351341
2351477
2351587
2351703
2351915
2352023
2352103
2352165
2352303
2352345
2352409
2352419
2352431
2352663
2352667
2352773
2352917
2352965
2353137
2353141
2353147
2353497
2353529
2353549
2353555
2353673
2353681
2353687
2353701
2353809
2353881
2353947
2354079
2354199
2354225
2354231
2354271
2354297
2354387
2354417
2354541
2354589
2354607
2354625
2354691
2354729
2354737
2354743
2354799
2354879
2354887
2354943
2355077
2355219
2355257
2355307
2355319
2355321
2355483
2355527
2355547
2355667
2355703
2355709
2355727
2355749
2355823
2355847
2355901
2355977
2356071
2356105
2356357
2356367
2356459
2356465
2356545
2356567
2356725
2356749
2356835
2356869
2356901
2356909
2356927
2357019
2357071
2357141
2357193
2357257
2357293
2357355
2357381
2357399
2357451
2357455
2357463
2357549
2357575
2357687
2357705
2357777
2357843
2357879
2357961
2358017
2358041
2358119
2358165
2358191
2358263
2358289
2358301
2358321
2358335
2358461
2358511
2358681
2358713
2358785
2358797
2358845
2358875
2359003
2359035
2359049
2359151
2359257
2359369
2359521
2359557
2359587
2359683
2359729
2359783
2359807
2359923
2360009
2360015
2360023
2360047
2360081
2360133
2360169
2360195
2360235
2360241
2360313
2360431
2360497
2360593
2360683
2360705
2360889
2360909
2360985
2360987
2361015
2361171
2361235
2361257
2361271
2361345
2361361
2361365
2361459
2361623
2361725
2361739
2361795
2361799
2361837
2361871
2361901
2361923
2361935
2362115
2362143
2362183
2362263
2362375
2362451
2362483
2362547
2362677
2362699
2362723
2362867
2362977
2362981
2363033
2363089
2363167
2363195
2363221
2363301
2363313
2363317
2363365
2363429
2363537
2363543
2363775
2363969
2363989
2364037
2364119
2364199
2364289
2364507
2364529
2364715
2364769
2364771
2364839
2364889
2364945
2365063
2365127
2365217
2365225
2365327
2365343
2365355
2365363
2365495
2365659
2365685
2365789
2365807
2365809
2365851
2365919
2365949
2365987
2366007
2366077
2366105
2366121
2366277
2366401
2366437
2366603
2366621
2366671
2366713
2366725
2366741
2366785
2366797
2366839
2366899
2366995
2367033
2367065
2367097
2367249
2367301
2367333
2367339
2367369
2367443
2367491
2367571
2367591
2367671
2367709
2367735
2367741
2367841
2367929
2367949
2367963
2367969
2368001
2368023
2368115
2368145
2368155
2368259
2368281
2368339
2368437
2368573
2368607
2368629
2368635
2368661
2368711
2368743
2368787
2368839
2368849
2368975
2369121
2369151
2369187
2369227
2369237
2369323
2369423
2369483
2369687
2369757
2369901
2369913
2369969
2370099
2370155
2370205
2370207
2370315
2370407
2370477
2370601
2370677
2370687
2370697
2370719
2370821
2370927
2370973
2371031
2371173
2371283
2371477
2371495
2371549
2371747
2371761
2371851
2371943
2372011
2372047
2372073
2372097
2372225
2372245
2372263
2372329
2372419
2372455
2372505
2372555
2372611
2372625
2372707
2372781
2372889
2372901
2372947
2372971
2373041
2373047
2373095
2373097
2373099
2373215
2373245
2373251
2373413
2373467
2373475
2373525
2373593
2373629
2373771
2373845
2373865
2374025
2374125
2374159
2374229
2374261
2374281
2374293
2374329
2374339
2374391
2374565
2374585
2374599
2374609
2374653
2374933
2374945
2374957
2375023
2375027
2375053
2375071
2375149
2375229
2375329
2375379
2375415
2375483
2375509
2375569
2375653
2375701
2375755
2375777
2375781
2375813
2375865
2376001
2376003
2376007
2376023
2376111
2376151
2376223
2376311
2376365
2376371
2376415
2376441
2376487
2376557
2376585
2376635
2376663
2376847
2376891
2376981
2377115
2377241
2377277
2377289
2377487
2377655
2377681
2377773
2377797
2377811
2377861
2377931
2378017
2378027
2378041
2378059
2378087
2378091
2378223
2378237
2378257
2378317
2378903
2378939
2378947
2379007
2379061
2379111
2379115
2379239
2379257
2379301
2379325
2379351
2379403
2379689
2379737
2379771
2379793
2379887
2380087
2380125
2380181
2380189
2380347
2380419
2380423
2380461
2380477
2380541
2380563
2380571
2380665
2380771
2380791
2381021
2381109
2381151
2381227
2381393
2381445
2381447
2381485
2381501
2381505
2381591
2381639
2381761
2382017
2382027
2382131
2382263
2382419
2382429
2382499
2382545
2382635
2382655
2382793
2382823
2382849
2382959
2383167
2383265
2383393
2383549
2383567
2383761
2383797
2383823
2383849
2383855
2383885
2384157
2384313
2384415
2384417
2384441
2384513
2384599
2384663
2384695
2384701
2384805
2384827
2384953
2385031
2385073
2385083
2385193
2385253
2385367
2385391
2385431
2385441
2385569
2385577
2385645
2385727
2385849
2385885
2385925
2385965
2385967
2386023
2386029
2386047
2386049
2386147
2386239
2386357
2386477
2386523
2386535
2386539
2386679
2386747
2386779
2386781
2386877
2387079
2387155
2387181
2387207
2387217
2387375
2387575
2387583
2387709
2387711
2387743
2387857
2387915
2387921
2387929
2387933
2387969
2388069
2388081
2388097
2388133
2388171
2388287
2388293
2388377
2388381
2388445
2388555
2388601
2388697
2388709
2389015
2389025
2389035
2389039
2389061
2389063
2389131
2389143
2389211
2389239
2389789
2389861
2389989
2390039
2390195
2390561
2390807
2390839
2390867
2391075
2391115
2391273
2391365
2391397
2391405
2391423
2391437
2391619
2391643
2391753
2391755
2391997
2392049
2392131
2392143
2392303
2392347
2392501
2392515
2392529
2392577
2392677
2392709
2392713
2392763
2392781
2392805
2392931
2392951
2392967
2393033
2393091
2393173
2393205
2393209
2393421
2393499
2393525
2393531
2393535
2393565
2393757
2393797
2393859
2394013
2394073
2394133
2394235
2394301
2394313
2394443
2394501
2394521
2394553
2394555
2394601
2394617
2394627
2394733
2394873
2394931
2394957
2395031
2395045
2395127
2395149
2395165
2395183
2395203
2395275
2395319
2395469
2395907
2396191
2396275
2396295
2396379
2396401
2396449
2396475
2396615
2396641
2396729
2396735
2396913
2396975
2397041
2397097
2397231
2397237
2397247
2397275
2397381
2397451
2397461
2397467
2397639
2397669
2397719
2397735
2397737
2397799
2398019
2398117
2398121
2398235
2398257
2398331
2398401
2398437
2398455
2398471
2398573
2398677
2398825
2399009
2399063
2399105
2399117
2399185
2399339
2399419
2399431
2399457
2399485
2399547
2399609
2399691
2399697
2399723
2399937
2399959
2399961
2399973
2400061
2400071
2400427
2400451
2400499
2400551
2400597
2400605
2400613
2400615
2400715
2400767
2400821
2400863
2400891
2400939
2401131
2401169
2401289
2401407
2401435
2401537
2401685
2401687
2401713
2401751
2401779
2401839
2401867
2401897
2402237
2402265
2402325
2402329
2402469
2402601
2402743
2402763
2402775
2402887
2403017
2403073
2403211
2403393
2403419
2403499
2403537
2403545
2403547
2403581
2403611
2403639
2403699
2403779
2404053
2404153
2404337
2404353
2404397
2404485
2404495
2404581
2404591
2404741
2404797
2404839
2404947
2405043
2405075
2405277
2405333
2405369
2405371
2405381
2405385
2405593
2405653
2405681
2405693
2405895
2405903
2405907
2405971
2406009
2406047
2406079
2406197
2406219
2406281
2406323
2406337
2406441
2406523
2406581
2406657
2406675
2406711
2406933
2406971
2406999
2407011
2407125
2407155
2407169
2407249
2407273
2407375
2407381
2407451
2407499
2407529
2407685
2407691
2407835
2407905
2408015
2408061
2408123
2408163
2408273
2408373
2408421
2408597
2408643
2408881
2409019
2409085
2409091
2409173
2409179
2409339
2409471
2409483
2409551
2409559
2409745
2409755
2409779
2409833
2409851
2409883
2410049
2410159
2410231
2410233
2410245
2410413
2410477
2410545
2410549
2410597
2410681
2410803
2410817
2411011
2411015
2411079
2411097
2411193
2411231
2411255
2411321
2411445
2411565
2411701
2411711
2411989
2411991
2412015
2412051
2412109
2412143
2412179
2412223
2412381
2412387
2412401
2412449
2412473
2412485
2412549
2412585
2412615
2412627
2412637
2412697
2413043
2413075
2413095
2413157
2413313
2413321
2413575
2413625
2413683
2413705
2413707
2413775
2413797
2413805
2413913
2413927
2413955
2413985
2413995
2414233
2414237
2414269
2414319
2414371
2414373
2414425
2414463
2414483
2414561
2414571
2414681
2414817
2414855
2415031
2415121
2415123
2415171
2415189
2415213
2415239
2415339
2415375
2415477
2415595
2415689
2415705
2415833
2415869
2415885
2415911
2415913
2416063
2416393
2416407
2416457
2416547
2416657
2416737
2416863
2416873
2416881
2416933
2417021
2417129
2417151
2417167
2417169
2417265
2417385
2417427
2417643
2417649
2417765
2417785
2417905
2417937
2418029
2418033
2418075
2418103
2418131
2418179
2418263
2418309
2418443
2418517
2418519
2418583
2418615
2418631
2418639
2418677
2418707
2418761
2418873
2419179
2419197
2419545
2419759
2419819
2419847
2419855
2420053
2420093
2420481
2420533
2420837
2420901
2420913
2420953
2421023
2421085
2421203
2421211
2421239
2421419
2421477
2421511
2421707
2421815
2421837
2421907
2421925
2422243
2422389
2422421
2422637
2422659
2422711
2422751
2422805
2422831
2422843
2422865
2423165
2423227
2423463
2423537
2423559
2423893
2424003
2424065
2424109
2424195
2424203
2424245
2424319
2424343
2424387
2424423
2424435
2424465
2424713
2424715
2424757
2424811
2424891
2425033
2425065
2425155
2425201
2425225
2425405
2425441
2425487
2425733
2425739
2425753
2425777
2425801
2425935
2425949
2426035
2426091
2426117
2426203
2426205
2426235
2426341
2426347
2426573
2426635
2426637
2426675
2426703
2426729
2426795
2426833
2426859
2426887
2427011
2427121
2427141
2427163
2427267
2427281
2427325
2427371
2427401
2427417
2427561
2427631
2427681
2427685
2427815
2427883
2428003
2428047
2428183
2428185
2428261
2428517
2428605
2428621
2428973
2429069
2429175
2429215
2429251
2429263
2429281
2429485
2429499
2429503
2429535
2429537
2429559
2429573
2429609
2429715
2429731
2429751
2429841
2429907
2429925
2429955
2430129
2430151
2430253
2430277
2430333
2430345
2430445
2430467
2430469
2430519
2430613
2430685
2430701
2430725
2430779
2430855
2430901
2430905
2430977
2430999
2431047
2431087
2431127
2431129
2431151
2431199
2431279
2431297
2431441
2431497
2431543
2431697
2431837
2432015
2432081
2432217
2432315
2432457
2432577
2432669
2432685
2432753
2432941
2432957
2432979
2432993
2433177
2433187
2433191
2433207
2433229
2433243
2433305
2433375
2433415
2433549
2433743
2433811
2433817
2433823
2433863
2433877
2433891
2433933
2433939
2433953
2434005
2434109
2434145
2434197
2434241
2434309
2434337
2434565
2434659
2434661
2434685
2434757
2434805
2434853
2434925
2434933
2434967
2434969
2434981
2435027
2435083
2435173
2435225
2435389
2435463
2435519
2435571
2435583
2435805
2435971
2436033
2436049
2436079
2436081
2436085
2436093
2436117
2436169
2436173
2436267
2436287
2436467
2436529
2436535
2436605
2436625
2436643
2436719
2436803
2436811
2436923
2436963
2436971
2436999
2437031
2437093
2437123
2437193
2437207
2437223
2437235
2437255
2437315
2437419
2437481
2437505
2437507
2437517
2437633
2437641
2437691
2437763
2437801
2437847
2438015
2438051
2438063
2438085
2438357
2438459
2438633
2438669
2438677
2438859
2438873
2438907
2438921
2438935
2438957
2439005
2439179
2439185
2439195
2439363
2439421
2439489
2439509
2439551
2439849
2439881
2439955
2439971
2440011
2440097
2440109
2440121
2440129
2440133
2440135
2440167
2440179
2440229
2440303
2440411
2440425
2440437
2440449
2440483
2440551
2440595
2440641
2440843
2440855
2440955
2441043
2441109
2441137
2441201
2441231
2441237
2441301
2441327
2441335
2441343
2441367
2441463
2441497
2441529
2441547
2441577
2441585
2441589
2441643
2441679
2442207
2442273
2442287
2442379
2442531
2442547
2442555
2442567
2442637
2442743
2442783
2442951
2443009
2443177
2443215
2443479
2443639
2443731
2443861
2443871
2443937
2443939
2444051
2444217
2444243
2444249
2444317
2444363
2444365
2444459
2444555
2444583
2444593
2444729
2444841
2445009
2445145
2445171
2445181
2445217
2445263
2445285
2445375
2445403
2445459
2445465
2445481
2445529
2445677
2445705
2445811
2445841
2445951
2445967
2446041
2446073
2446169
2446185
2446319
2446343
2446523
2446583
2447035
2447093
2447111
2447113
2447191
2447203
2447223
2447227
2447281
2447305
2447413
2447431
2447613
2447623
2447641
2447661
2447671
2447791
2447799
2447867
2447879
2447921
2447931
2447971
2447979
2448077
2448159
2448173
2448215
2448221
2448263
2448311
2448427
2448505
2448581
2448593
2448689
2448775
2448875
2449029
2449221
2449279
2449395
2449441
2449797
2449817
2449825
2449847
2449911
2449923
2449929
2449953
2450021
2450039
2450061
2450173
2450303
2450403
2450431
2450439
2450623
2450855
2450875
2450935
2451175
2451295
2451327
2451347
2451391
2451405
2451477
2451603
2451673
2451747
2451925
2451929
2452095
2452187
2452193
2452265
2452271
2452447
2452473
2452753
2452769
2452815
2452913
2452941
2453037
2453057
2453077
2453083
2453107
2453163
2453167
2453179
2453183
2453187
2453219
2453223
2453235
2453243
2453299
2453329
2453367
2453423
2453489
2453497
2453561
2453665
2453705
2453707
2453737
2453761
2453799
2453805
2453813
2454053
2454209
2454251
2454259
2454287
2454413
2454429
2454497
2454501
2454855
2454903
2454979
2455057
2455123
2455371
2455387
2455447
2455523
2455631
2455705
2455855
2455871
2455937
2455943
2455947
2456099
2456193
2456219
2456471
2456575
2456585
2456635
2456639
2456653
2456713
2456827
2456837
2456865
2456875
2456897
2457001
2457039
2457183
2457189
2457217
2457315
2457333
2457359
2457503
2457543
2457591
2457943
2458041
2458051
2458063
2458139
2458321
2458397
2458505
2458713
2458743
2458857
2458859
2459015
2459187
2459281
2459315
2459333
2459479
2459489
2459547
2459549
2459555
2459785
2459919
2459999
2460041
2460135
2460143
2460237
2460285
2460379
2460391
2460449
2460467
2460507
2460509
2460519
2460539
2460587
2460717
2460783
2460815
2460865
2460889
2460913
2460931
2460949
2461035
2461075
2461181
2461189
2461231
2461271
2461361
2461367
2461385
2461441
2461569
2461583
2461601
2461613
2461699
2461855
2461875
2461953
2461965
2462111
2462137
2462141
2462187
2462199
2462205
2462321
2462359
2462395
2462403
2462405
2462449
2462471
2462555
2462593
2462597
2462615
2462795
2462843
2462975
2462991
2463003
2463065
2463211
2463275
2463323
2463409
2463425
2463459
2463509
2463531
2463709
2463847
2463879
2463935
2463955
2464019
2464151
2464177
2464271
2464413
2464529
2464597
2464659
2464711
2464739
2464801
2464871
2464881
2464933
2465047
2465053
2465223
2465245
2465351
2465409
2465575
2465579
2465631
2465705
2465769
2465805
2465825
2465959
2465977
2466121
2466149
2466257
2466265
2466441
2466499
2466511
2466555
2466615
2466629
2466735
2466745
2466789
2466795
2466871
2466881
2466887
2466897
2466939
2466983
2467025
2467057
2467235
2467267
2467405
2467521
2467527
2467647
2467753
2467923
2467975
2468027
2468059
2468065
2468067
2468149
2468219
2468251
2468407
2468483
2468561
2468637
2468703
2468711
2468763
2468797
2468807
2468885
2468897
2468989
2468997
2469109
2469151
2469203
2469243
2469249
2469291
2469323
2469347
2469365
2469589
2469607
2469653
2469663
2469735
2469741
2469793
2469809
2469815
2469843
2469905
2469961
2470185
2470189
2470243
2470337
2470339
2470365
2470397
2470411
2470475
2470491
2470595
2470643
2470649
2470709
2470795
2470881
2470939
2471049
2471155
2471203
2471211
2471219
2471273
2471367
2471381
2471445
2471479
2471525
2471555
2471635
2471733
2471777
2471883
2471915
2471919
2471933
2471975
2472199
2472201
2472351
2472367
2472379
2472393
2472431
2472449
2472493
2472527
2472579
2472589
2472719
2472843
2472887
2472907
2472915
2472931
2472957
2473257
2473343
2473347
2473363
2473427
2473457
2473525
2473549
2473601
2473603
2473651
2473791
2473909
2473937
2473963
2474051
2474077
2474093
2474135
2474289
2474297
2474305
2474319
2474437
2474455
2474469
2474529
2474671
2474675
2474677
2474793
2474817
2474823
2474855
2474885
2474887
2474899
2475095
2475141
2475143
2475231
2475307
2475311
2475339
2475353
2475383
2475393
2475513
2475575
2475591
2475617
2475641
2475661
2475669
2475771
2475793
2475795
2475825
2475969
2475985
2476125
2476155
2476299
2476459
2476677
2476685
2476705
2476801
2476839
2476903
2477015
2477057
2477157
2477165
2477213
2477301
2477363
2477579
2477581
2477721
2477733
2477779
2477841
2477869
2477915
2477937
2477965
2477975
2478165
2478215
2478227
2478265
2478335
2478339
2478379
2478509
2478543
2478659
2478739
2478837
2478985
2479089
2479201
2479235
2479259
2479319
2479503
2479667
2479703
2479789
2479903
2479923
2479987
2480043
2480089
2480105
2480153
2480253
2480327
2480351
2480391
2480485
2480491
2480493
2480607
2480647
2480665
2480681
2480743
2480807
2480839
2480847
2480925
2480931
2481009
2481101
2481113
2481159
2481271
2481353
2481493
2481551
2481565
2481769
2481935
2482053
2482301
2482313
2482319
2482345
2482349
2482403
2482441
2482515
2482533
2482575
2482577
2482703
2482721
2482763
2482841
2482853
2482893
2482991
2483003
2483183
2483299
2483313
2483417
2483483
2483549
2483557
2483567
2483615
2483659
2483691
2483739
2483765
2483783
2483855
2483893
2483983
2484005
2484037
2484155
2484163
2484261
2484341
2484361
2484377
2484391
2484605
2484617
2484633
2484637
2484805
2484835
2484857
2484885
2485021
2485081
2485083
2485151
2485213
2485215
2485381
2485395
2485423
2485627
2485665
2485779
2485793
2486037
2486163
2486175
2486239
2486317
2486327
2486437
2486585
2486713
2486719
2486739
2486741
2486765
2486923
2486973
2487087
2487107
2487387
2487389
2487459
2487467
2487479
2487489
2487621
2487631
2487655
2487663
2487687
2487817
2487905
2488147
2488203
2488265
2488423
2488437
2488623
2488671
2488729
2488783
2488793
2488849
2488867
2488923
2488927
2489073
2489197
2489327
2489365
2489367
2489409
2489433
2489543
2489623
2489691
2489739
2489811
2489893
2489947
2490183
2490319
2490483
2490773
2490787
2491003
2491035
2491105
2491117
2491157
2491249
2491437
2491449
2491615
2491625
2491711
2491769
2492093
2492133
2492243
2492345
2492423
2492503
2492535
2492549
2492665
2492835
2492841
2492935
2492985
2492993
2493019
2493051
2493155
2493183
2493297
2493523
2493569
2493697
2493699
2493703
2493811
2493837
2493869
2494105
2494251
2494255
2494395
2494443
2494447
2494537
2494541
2494625
2494769
2494807
2494817
2494849
2494853
2494883
2494901
2494947
2495057
2495217
2495399
2495425
2495447
2495541
2495625
2495645
2495739
2495825
2495849
2495891
2495963
2496019
2496101
2496183
2496213
2496225
2496263
2496273
2496435
2496501
2496613
2496733
2496777
2496917
2496945
2496947
2497045
2497077
2497127
2497163
2497165
2497207
2497215
2497229
2497313
2497347
2497523
2497697
2497707
2497773
2497803
2497825
2497921
2497939
2497959
2497977
2498037
2498065
2498103
2498145
2498323
2498633
2498761
2498825
2498829
2498865
2498903
2498935
2499037
2499101
2499137
2499197
2499253
2499319
2499447
2499489
2499497
2499543
2499789
2499927
2499983
2500007
2500257
2500267
2500275
2500347
2500581
2500587
2500619
2500655
2500771
2500783
2501169
2501227
2501247
2501267
2501325
2501463
2501641
2501781
2501807
2501871
2501899
2501937
2501945
2502101
2502153
2502163
2502247
2502459
2502501
2502625
2502675
2502689
2502709
2502721
2502753
2502789
2502797
2502805
2502905
2502915
2503021
2503121
2503157
2503275
2503329
2503333
2503343
2503345
2503499
2503567
2503731
2503791
2503811
2503847
2503923
2503925
2504155
2504195
2504231
2504235
2504271
2504375
2504419
2504505
2504615
2504693
2504761
2505001
2505015
2505035
2505133
2505149
2505175
2505403
2505435
2505437
2505439
2505537
2505557
2505581
2505589
2505609
2505657
2505687
2505715
2505725
2505865
2505933
2505991
2506005
2506055
2506287
2506289
2506291
2506347
2506431
2506433
2506497
2506635
2506713
2507025
2507051
2507119
2507141
2507145
2507231
2507243
2507289
2507407
2507451
2507485
2507539
2507559
2507561
2507661
2507725
2507751
2507753
2507895
2507957
2508025
2508137
2508145
2508191
2508211
2508215
2508259
2508311
2508355
2508361
2508469
2508571
2508733
2508749
2508759
2508823
2508839
2508845
2508995
2509107
2509137
2509287
2509353
2509383
2509387
2509531
2509633
2509751
2509769
2509937
2509977
2510065
2510129
2510251
2510301
2510425
2510459
2510555
2510647
2510649
2510655
2510743
2510959
2511111
2511125
2511201
2511291
2511329
2511337
2511405
2511423
2511497
2511561
2511739
2511803
2511827
2511839
2511863
2512005
2512067
2512199
2512263
2512299
2512315
2512331
2512373
2512399
2512535
2512537
2512551
2512685
2512817
2512919
2512941
2512995
2513071
2513195
2513199
2513241
2513277
2513309
2513689
2513737
2513779
2513795
2513857
2513899
2513913
2513937
2514119
2514249
2514263
2514339
2514399
2514431
2514475
2514629
2514637
2514731
2514735
2514739
2514785
2514795
2514833
2514853
2514943
2515101
2515113
2515197
2515263
2515271
2515285
2515307
2515331
2515433
2515465
2515515
2515523
2515549
2515611
2515625
2515751
2515829
2515889
2515933
2515939
2516121
2516245
2516293
2516299
2516339
2516343
2516399
2516617
2516709
2516725
2516761
2516943
2516953
2516959
2516965
2517279
2517305
2517397
2517517
2517543
2517549
2517611
2517625
2517719
2517729
2517745
2517905
2517929
2517953
2517969
2517973
2517983
2518013
2518097
2518117
2518203
2518221
2518229
2518271
2518343
2518393
2518397
2518551
2518685
2518931
2518955
2519063
2519163
2519173
2519225
2519299
2519363
2519413
2519417
2519449
2519451
2519519
2519525
2519589
2519635
2519637
2519651
2520013
2520089
2520091
2520101
2520113
2520117
2520119
2520155
2520225
2520239
2520241
2520251
2520255
2520277
2520281
2520341
2520469
2520601
2520617
2520685
2520919
2520983
2520987
2520991
2521211
2521253
2521271
2521315
2521321
2521365
2521447
2521449
2521509
2521627
2521651
2521735
2521777
2521919
2521997
2522041
2522217
2522247
2522279
2522299
2522317
2522347
2522367
2522477
2522535
2522615
2522871
2522875
2523287
2523299
2523431
2523581
2523617
2523623
2523657
2523659
2523661
2523663
2523687
2523709
2523793
2523805
2523845
2523859
2523919
2523927
2523955
2523979
2524081
2524099
2524119
2524159
2524425
2524513
2524521
2524581
2524583
2524607
2524683
2524733
2524769
2524811
2524823
2524827
2524939
2524981
2525009
2525021
2525023
2525039
2525119
2525209
2525271
2525427
2525535
2525643
2525795
2525867
2525951
2526079
2526109
2526229
2526543
2526645
2526697
2526763
2526775
2526979
2527009
2527195
2527245
2527279
2527299
2527405
2527439
2527589
2527813
2527881
2527909
2527911
2527921
2527967
2528045
2528047
2528071
2528269
2528279
2528283
2528411
2528513
2528523
2528539
2528631
2528633
2528639
2528661
2528795
2528803
2528873
2528909
2528927
2528949
2528963
2529075
2529125
2529299
2529413
2529425
2529485
2529501
2529507
2529619
2529667
2529677
2529729
2529733
2529739
2529753
2529835
2529917
2530341
2530531
2530575
2530589
2530745
2530759
2530787
2530889
2530927
2530947
2531011
2531045
2531059
2531065
2531089
2531091
2531213
2531323
2531421
2531485
2531521
2531545
2531581
2531685
2531747
2531785
2531795
2531823
2531829
2531833
2531837
2531865
2531871
2531879
2531881
2532259
2532313
2532389
2532451
2532491
2532807
2532851
2532985
2533033
2533049
2533191
2533199
2533273
2533349
2533429
2533435
2533447
2533529
2533629
2533847
2533933
2533993
2534059
2534101
2534343
2534387
2534441
2534515
2534529
2534587
2534601
2534631
2534651
2534653
2534703
2534713
2534845
2534981
2534991
2535095
2535131
2535231
2535233
2535297
2535479
2535563
2535573
2535595
2535675
2535763
2535781
2535861
2535863
2535927
2536063
2536133
2536325
2536333
2536335
2536343
2536351
2536509
2536541
2536571
2536587
2536639
2536673
2536685
2536747
2536835
2536849
2536935
2536945
2536969
2536973
2536995
2537085
2537131
2537239
2537265
2537479
2537525
2537643
2537689
2537891
2537931
2537937
2537939
2538007
2538029
2538085
2538201
2538369
2538371
2538491
2538579
2538669
2538707
2538755
2538775
2538857
2538973
2539029
2539043
2539087
2539093
2539129
2539153
2539181
2539233
2539269
2539299
2539359
2539367
2539377
2539435
2539545
2539581
2539749
2539809
2539833
2539887
2540005
2540043
2540077
2540157
2540233
2540321
2540455
2540813
2540833
2540843
2540865
2540871
2540907
2540979
2541011
2541149
2541259
2541321
2541417
2541485
2541591
2541611
2541717
2541729
2541815
2541903
2541925
2541993
2542031
2542105
2542143
2542145
2542251
2542267
2542369
2542377
2542475
2542489
2542541
2542551
2542577
2542597
2542639
2542805
2542811
2542923
2542967
2542983
2542995
2543073
2543087
2543141
2543195
2543317
2543399
2543621
2543655
2543851
2543905
2544309
2544349
2544353
2544369
2544447
2544455
2544521
2544657
2544809
2544819
2544893
2544915
2545079
2545111
2545169
2545199
2545257
2545295
2545305
2545409
2545467
2545567
2545607
2545635
2545743
2545863
2545885
2545889
2545897
2545919
2545983
2546013
2546023
2546071
2546135
2546137
2546147
2546189
2546249
2546275
2546323
2546423
2546633
2546699
2546747
2546801
2546861
2546865
2546869
2546961
2546977
2547047
2547065
2547127
2547209
2547213
2547229
2547277
2547625
2547681
2547737
2547741
2548069
2548101
2548131
2548285
2548341
2548345
2548379
2548467
2548491
2548495
2548649
2548675
2548785
2548863
2548881
2549139
2549301
2549499
2549571
2549605
2549607
2549609
2549711
2549745
2549799
2549857
2549949
2549951
2549977
2550009
2550029
2550045
2550089
2550165
2550287
2550299
2550439
2550539
2550631
2550783
2550869
2550921
2550945
2550995
2551053
2551277
2551301
2551495
2551603
2551651
2551669
2551781
2551853
2552145
2552175
2552193
2552227
2552239
2552263
2552345
2552483
2552495
2552505
2552639
2552655
2552665
2552741
2552823
2552927
2552945
2552987
2553119
2553309
2553393
2553611
2553713
2553725
2553733
2553781
2553865
2553967
2554037
2554111
2554121
2554211
2554221
2554327
2554393
2554413
2554519
2554535
2554539
2554569
2554713
2554773
2554809
2554845
2554859
2555017
2555181
2555183
2555189
2555239
2555307
2555325
2555359
2555375
2555425
2555649
2555719
2555757
2555765
2555829
2556053
2556095
2556181
2556297
2556379
2556427
2556565
2556597
2556631
2556637
2556641
2556687
2556709
2556717
2556755
2557123
2557131
2557175
2557203
2557321
2557355
2557389
2557561
2557575
2557695
2557807
2557865
2557881
2557883
2558009
2558093
2558111
2558327
2558353
2558457
2558459
2558561
2558613
2558665
2558667
2558747
2558755
2558789
2558865
2558917
2558935
2559025
2559053
2559199
2559277
2559481
2559491
2559817
2559869
2559931
2560025
2560033
2560039
2560041
2560139
2560175
2560209
2560213
2560235
2560427
2560441
2560477
2560487
2560501
2560583
2560601
2560725
2560977
2560981
2561011
2561031
2561079
2561135
2561225
2561291
2561303
2561391
2561623
2561749
2561799
2561823
2561925
2561987
2562085
2562171
2562185
2562231
2562259
2562323
2562329
2562375
2562449
2562493
2562497
2562519
2562575
2562701
2562863
2562873
2562897
2562903
2562927
2563029
2563045
2563097
2563103
2563119
2563291
2563511
2563543
2563549
2563555
2563607
2563693
2563705
2563877
2563893
2563897
2563909
2564033
2564105
2564255
2564285
2564317
2564427
2564457
2564473
2564485
2564525
2564597
2564605
2564609
2564615
2564659
2564683
2564861
2564935
2564987
2565107
2565129
2565143
2565219
2565267
2565407
2565737
2565739
2565819
2565885
2565957
2566125
2566129
2566203
2566211
2566241
2566315
2566433
2566497
2566519
2566615
2566961
2567099
2567115
2567121
2567251
2567297
2567347
2567357
2567401
2567417
2567485
2567669
2567691
2567693
2567751
2567783
2567819
2567941
2568001
2568027
2568149
2568161
2568189
2568425
2568523
2568561
2568567
2568591
2568643
2568653
2568803
2568939
2569039
2569041
2569105
2569111
2569155
2569173
2569175
2569233
2569247
2569315
2569379
2569547
2569555
2569559
2569565
2569643
2569687
2569805
2569891
2570081
2570269
2570285
2570327
2570473
2570477
2570485
2570507
2570513
2570517
2570681
2570687
2570787
2570795
2570915
2570927
2571069
2571081
2571135
2571191
2571197
2571269
2571299
2571417
2571455
2571467
2571471
2571495
2571585
2571655
2571705
2571723
2571947
2571991
2572047
2572163
2572181
2572203
2572211
2572213
2572241
2572345
2572353
2572467
2572659
2572675
2572805
2572843
2572851
2572853
2572941
2573015
2573029
2573037
2573049
2573063
2573075
2573113
2573131
2573135
2573187
2573219
2573291
2573475
2573503
2573515
2573633
2573643
2573689
2573819
2573883
2573943
2573949
2573967
2574041
2574265
2574327
2574369
2574417
2574471
2574473
2574481
2574527
2574745
2574859
2574869
2574921
2574945
2574947
2575059
2575121
2575203
2575349
2575463
2575497
2575515
2575559
2575619
2575797
2575857
2575885
2575949
2575975
2575981
2576327
2576435
2576449
2576501
2576623
2576681
2576769
2576887
2576937
2577323
2577399
2577445
2577509
2577635
2577679
2577701
2577713
2577717
2577857
2577869
2577875
2577919
2577921
2578063
2578115
2578141
2578155
2578189
2578243
2578433
2578563
2578573
2578645
2578677
2578683
2578713
2578863
2578871
2578873
2579037
2579121
2579123
2579139
2579145
2579195
2579257
2579395
2579425
2579589
2579655
2579769
2579779
2579843
2579981
2580037
2580257
2580481
2580711
2580769
2580823
2580883
2580901
2581105
2581275
2581347
2581377
2581541
2581657
2581711
2581765
2581841
2581873
2581955
2581993
2582027
2582055
2582167
2582175
2582181
2582197
2582237
2582305
2582441
2582609
2582673
2582721
2582731
2582805
2582857
2582931
2582975
2582977
2583049
2583147
2583221
2583231
2583239
2583257
2583303
2583345
2583413
2583559
2583685
2583693
2583695
2583825
2583919
2584051
2584059
2584071
2584087
2584117
2584225
2584265
2584285
2584295
2584301
2584473
2584705
2584743
2584749
2584761
2584843
2584845
2584865
2584967
2585017
2585093
2585097
2585183
2585241
2585245
2585265
2585333
2585347
2585367
2585397
2585445
2585449
2585477
2585535
2585669
2585835
2585875
2586127
2586175
2586229
2586287
2586467
2586625
2586627
2586757
2586779
2586781
2586823
2586869
2586911
2586967
2586999
2587003
2587055
2587221
2587259
2587273
2587307
2587369
2587379
2587387
2587471
2587501
2587507
2587685
2587749
2587851
2587885
2588053
2588157
2588161
2588169
2588227
2588235
2588353
2588401
2588427
2588471
2588485
2588545
2588569
2588577
2588591
2588595
2588697
2588729
2588775
2588815
2588819
2588845
2589083
2589085
2589093
2589195
2589295
2589427
2589503
2589659
2589715
2589929
2589979
2590005
2590011
2590013
2590209
2590253
2590301
2590395
2590433
2590465
2590497
2590611
2590641
2590965
2590991
2591005
2591135
2591137
2591235
2591265
2591291
2591331
2591371
2591395
2591415
2591431
2591437
2591489
2591509
2591539
2591585
2591647
2591681
2591801
2591935
2591987
2591993
2591997
2592219
2592269
2592369
2592623
2592647
2592711
2592751
2592773
2592827
2592971
2593011
2593089
2593117
2593141
2593189
2593193
2593195
2593271
2593321
2593361
2593487
2593539
2593545
2593561
2593565
2593569
2593581
2593591
2593651
2593839
2593879
2593963
2594027
2594047
2594077
2594165
2594171
2594199
2594257
2594363
2594405
2594443
2594481
2594723
2594725
2594771
2594783
2595095
2595125
2595135
2595191
2595259
2595389
2595447
2595485
2595551
2595575
2595601
2595625
2595663
2595733
2595757
2595761
2595817
2595881
2595905
2595937
2595939
2596007
2596027
2596047
2596151
2596173
2596243
2596271
2596315
2596333
2596417
2596447
2596493
2596525
2596683
2596685
2596803
2597029
2597065
2597073
2597083
2597183
2597353
2597365
2597413
2597435
2597453
2597481
2597513
2597525
2597637
2597665
2597749
2597805
2597927
2598053
2598083
2598301
2598449
2598463
2598555
2598683
2598723
2598725
2598735
2598789
2598849
2598919
2599111
2599131
2599151
2599179
2599211
2599431
2599441
2599449
2599497
2599571
2599631
2599741
2599833
2599955
2599965
2599991
2600021
2600197
2600213
2600263
2600369
2600393
2600405
2600437
2600469
2600535
2600555
2600575
2600593
2600785
2600847
2600851
2600965
2601039
2601061
2601167
2601349
2601351
2601421
2601427
2601459
2601587
2601611
2601615
2601653
2601673
2601729
2601889
2602009
2602033
2602105
2602137
2602151
2602197
2602231
2602241
2602267
2602311
2602327
2602513
2602567
2602615
2602845
2603009
2603021
2603043
2603131
2603191
2603205
2603225
2603237
2603309
2603483
2603521
2603571
2603585
2603681
2603819
2603883
2603885
2603969
2603987
2604029
2604063
2604177
2604253
2604277
2604475
2604579
2604631
2604727
2604873
2604939
2604979
2605023
2605085
2605155
2605203
2605237
2605287
2605359
2605425
2605463
2605507
2605589
2605637
2605641
2605645
2605811
2605881
2605917
2606003
2606035
2606059
2606081
2606107
2606199
2606231
2606359
2606367
2606427
2606449
2606525
2606563
2606583
2606617
2606771
2606907
2606985
2607077
2607137
2607367
2607413
2607425
2607547
2607561
2607651
2607653
2607835
2607917
2607945
2607977
2608037
2608161
2608183
2608321
2608329
2608627
2608637
2608681
2608707
2608715
2608847
2608859
2608939
2609001
2609071
2609155
2609205
2609257
2609397
2609553
2609579
2609673
2609705
2609821
2609839
2609913
2609993
2610161
2610173
2610255
2610323
2610331
2610411
2610517
2610641
2610643
2610699
2610791
2610799
2610909
2610939
2610967
2611047
2611053
2611071
2611117
2611155
2611181
2611199
2611355
2611373
2611413
2611439
2611563
2611735
2611757
2611829
2611929
2612005
2612185
2612221
2612343
2612417
2612431
2612527
2612537
2613065
2613071
2613079
2613139
2613261
2613321
2613385
2613457
2613509
2613581
2613655
2613689
2613701
2613745
2613797
2614003
2614031
2614041
2614047
2614055
2614149
2614155
2614163
2614175
2614185
2614237
2614301
2614303
2614331
2614543
2614693
2614769
2614773
2614823
2614905
2615097
2615159
2615223
2615279
2615379
2615395
2615425
2615433
2615471
2615537
2615617
2615735
2615739
2615777
2615881
2615921
2615967
2616059
2616177
2616297
2616359
2616489
2616593
2616629
2616659
2616755
2616949
2616955
2616987
2617031
2617035
2617073
2617159
2617169
2617171
2617313
2617413
2617471
2617497
2617531
2617539
2617545
2617655
2617659
2617735
2617755
2617763
2617849
2617929
2618041
2618091
2618101
2618251
2618321
2618329
2618493
2618519
2618531
2618577
2618597
2618697
2618735
2618783
2618947
2618999
2619105
2619197
2619269
2619409
2619493
2619521
2619611
2619693
2619723
2619769
2619837
2619883
2619941
2619947
2619991
2620029
2620091
2620239
2620253
2620263
2620279
2620297
2620311
2620317
2620345
2620373
2620465
2620521
2620553
2620601
2620837
2620929
2621139
2621169
2621183
2621229
2621315
2621413
2621529
2621553
2621617
2621681
2621707
2621933
2621951
2622009
2622147
2622153
2622161
2622189
2622293
2622351
2622359
2622385
2622557
2622573
2622761
2622863
2622909
2622999
2623017
2623051
2623155
2623179
2623281
2623283
2623291
2623533
2623541
2623599
2623703
2623737
2623759
2623791
2623939
2623963
2623983
2623995
2624067
2624071
2624077
2624221
2624425
2624445
2624479
2624497
2624519
2624589
2624629
2624717
2624721
2624795
2624799
2624803
2624837
2624847
2624855
2625003
2625019
2625071
2625101
2625137
2625151
2625297
2625345
2625369
2625381
2625473
2625543
2625601
2625637
2625645
2625699
2625781
2625815
2625839
2625855
2625885
2625983
2625989
2625993
2626105
2626185
2626349
2626625
2626639
2626657
2626781
2626795
2626821
2626839
2626949
2627055
2627091
2627141
2627213
2627221
2627335
2627363
2627505
2627533
2627607
2627645
2627669
2627683
2627731
2627863
2627933
2627981
2628005
2628077
2628081
2628129
2628161
2628193
2628385
2628495
2628503
2628535
2628747
2628855
2628937
2629001
2629063
2629071
2629087
2629163
2629201
2629221
2629229
2629321
2629369
2629373
2629571
2629643
2629683
2629705
2629775
2629943
2629973
2630081
2630117
2630119
2630245
2630261
2630269
2630433
2630569
2630617
2630619
2630745
2630755
2630785
2630851
2630865
2630877
2630949
2630963
2630987
2631065
2631111
2631163
2631275
2631447
2631571
2631583
2631779
2631837
2631861
2631885
2631889
2631913
2632113
2632139
2632267
2632347
2632355
2632377
2632495
2632565
2632629
2632743
2632773
2632835
2632863
2632867
2632965
2633129
2633179
2633299
2633345
2633379
2633399
2633683
2633703
2633729
2633737
2634033
2634083
2634085
2634137
2634423
2634507
2634553
2634727
2634981
2634983
2635003
2635031
2635381
2635451
2635463
2635523
2635593
2635847
2635885
2635915
2636093
2636277
2636303
2636309
2636367
2636407
2636419
2636421
2636465
2636671
2636819
2636909
2636927
2636981
2637073
2637149
2637163
2637227
2637237
2637265
2637329
2637335
2637521
2637541
2637581
2637619
2637765
2637883
2637893
2638043
2638083
2638265
2638281
2638291
2638321
2638327
2638579
2638587
2638591
2638603
2638697
2638785
2638867
2638873
2638981
2639053
2639085
2639143
2639191
2639257
2639271
2639333
2639363
2639457
2639489
2639515
2639601
2639621
2639751
2639819
2639867
2639937
2639947
2639955
2639987
2640073
2640103
2640157
2640185
2640351
2640377
2640383
2640397
2640455
2640511
2640605
2640639
2640719
2640723
2640737
2640821
2640851
2640873
2640881
2640901
2640905
2640937
2640961
2641015
2641057
2641209
2641261
2641271
2641395
2641451
2641547
2641619
2641645
2641731
2641891
2641897
2641949
2641995
2642057
2642085
2642095
2642145
2642151
2642205
2642221
2642365
2642383
2642409
2642439
2642503
2642553
2642559
2642653
2642813
2642861
2643023
2643065
2643077
2643083
2643165
2643167
2643237
2643289
2643299
2643373
2643429
2643439
2643465
2643515
2643721
2643749
2643761
2643875
2643919
2644025
2644145
2644163
2644185
2644237
2644311
2644323
2644367
2644405
2644437
2644441
2644503
2644559
2644577
2644711
2644867
2644971
2645119
2645151
2645351
2645419
2645423
2645513
2645537
2645589
2645643
2645929
2645953
2645983
2646251
2646271
2646375
2646517
2646519
2646535
2646557
2646575
2646579
2646629
2646649
2646701
2646719
2646731
2646757
2646935
2646951
2646969
2646989
2647163
2647315
2647329
2647407
2647413
2647457
2647495
2647541
2647553
2647633
2647669
2647749
2647793
2647935
2648011
2648061
2648165
2648183
2648187
2648331
2648359
2648389
2648403
2648485
2648527
2648535
2648769
2648805
2648829
2648843
2648899
2649037
2649053
2649229
2649251
2649365
2649399
2649411
2649491
2649563
2649665
2649773
2649775
2649829
2649849
2649875
2649951
2649969
2650401
2650481
2650533
2650621
2650697
2650745
2650799
2650809
2650827
2650843
2650903
2651095
2651173
2651189
2651253
2651279
2651295
2651319
2651419
2651481
2651587
2651689
2651815
2651823
2651833
2651995
2651997
2652259
2652331
2652365
2652367
2652489
2652505
2652595
2652649
2652671
2652893
2652915
2652921
2652925
2653053
2653083
2653105
2653127
2653279
2653327
2653343
2653359
2653367
2653413
2653473
2653509
2653537
2653539
2653655
2653725
2653731
2653879
2653907
2653973
2653995
2654027
2654057
2654117
2654227
2654273
2654283
2654441
2654605
2654617
2654711
2654843
2655001
2655005
2655025
2655035
2655141
2655195
2655219
2655407
2655413
2655433
2655437
2655477
2655505
2655683
2655787
2655971
2656087
2656141
2656247
2656321
2656327
2656607
2656693
2656823
2656859
2656887
2656967
2656993
2656995
2657031
2657097
2657099
2657185
2657277
2657351
2657371
2657547
2657549
2657575
2657639
2657645
2657729
2657763
2657837
2657959
2657991
2658105
2658375
2658397
2658563
2658673
2658749
2658765
2658787
2658811
2658883
2658921
2658967
2659007
2659065
2659117
2659123
2659195
2659311
2659343
2659431
2659525
2659631
2659717
2659819
2659893
2659927
2659957
2660035
2660067
2660311
2660573
2660587
2660663
2660677
2660709
2660927
2660977
2661077
2661135
2661227
2661267
2661299
2661487
2661575
2661589
2661733
2661745
2661785
2661871
2661945
2661947
2661975
2662153
2662161
2662165
2662351
2662381
2662625
2662703
2662939
2663045
2663265
2663275
2663335
2663353
2663429
2663443
2663475
2663487
2663525
2663549
2663623
2663645
2663711
2663715
2663777
2663785
2663793
2663813
2663827
2663849
2663897
2663911
2664025
2664159
2664165
2664231
2664301
2664487
2664599
2664663
2664741
2664817
2664891
2664905
2664987
2665125
2665155
2665177
2665301
2665367
2665401
2665487
2665495
2665763
2665803
2665861
2665865
2665989
2666041
2666047
2666067
2666111
2666183
2666233
2666235
2666325
2666373
2666375
2666401
2666477
2666539
2666627
2666687
2666691
2666733
2666763
2666803
2666871
2666889
2666895
2666953
2667029
2667203
2667231
2667289
2667301
2667315
2667355
2667403
2667451
2667465
2667491
2667527
2667605
2667657
2667673
2667773
2667893
2667901
2667909
2667993
2668089
2668197
2668247
2668255
2668329
2668335
2668565
2668575
2668641
2668675
2668783
2668843
2668867
2668929
2669041
2669053
2669057
2669127
2669153
2669287
2669305
2669337
2669479
2669529
2669551
2669647
2669671
2669683
2669725
2669849
2669855
2669877
2669999
2670173
2670251
2670303
2670505
2670515
2670627
2670657
2670689
2670845
2671099
2671235
2671245
2671293
2671341
2671351
2671369
2671391
2671405
2671419
2671421
2671491
2671577
2671639
2671711
2671733
2671739
2671829
2671991
2672011
2672163
2672173
2672185
2672293
2672373
2672385
2672441
2672443
2672517
2672527
2672541
2672565
2672593
2672633
2672689
2672691
2672715
2672819
2672963
2673047
2673135
2673161
2673179
2673205
2673245
2673289
2673313
2673361
2673453
2673481
2673497
2673525
2673703
2673741
2673967
2674043
2674109
2674155
2674183
2674225
2674257
2674265
2674281
2674349
2674369
2674427
2674437
2674453
2674513
2674727
2674737
2674771
2674847
2674895
2675081
2675105
2675115
2675123
2675253
2675273
2675313
2675383
2675405
2675411
2675479
2675595
2675753
2675769
2675781
2675795
2675809
2675811
2675945
2676003
2676025
2676143
2676203
2676283
2676393
2676409
2676489
2676561
2676577
2676609
2676643
2676713
2676835
2676989
2676997
2677027
2677047
2677185
2677293
2677401
2677455
2677491
2677637
2677863
2678213
2678229
2678323
2678451
2678533
2678555
2678713
2678795
2679083
2679141
2679275
2679357
2679409
2679549
2679649
2679673
2679719
2679895
2679911
2679939
2680051
2680081
2680105
2680123
2680295
2680413
2680449
2680457
2680555
2680583
2680587
2680943
2681069
2681073
2681123
2681139
2681185
2681273
2681323
2681327
2681377
2681403
2681429
2681445
2681539
2681557
2681613
2681799
2681869
2681877
2681889
2681891
2681921
2681971
2682075
2682077
2682081
2682205
2682233
2682407
2682481
2682711
2682721
2682939
2683049
2683067
2683131
2683209
2683257
2683275
2683325
2683399
2683417
2683479
2683501
2683575
2683645
2683659
2683677
2683723
2683839
2683845
2683915
2683973
2683993
2684007
2684097
2684103
2684225
2684231
2684259
2684273
2684337
2684391
2684693
2684741
2684797
2684805
2684943
2684991
2685001
2685017
2685237
2685331
2685435
2685495
2685551
2685591
2685607
2685675
2685677
2685737
2685769
2685807
2685893
2685913
2685929
2685947
2686021
2686075
2686087
2686113
2686171
2686645
2686791
2686819
2686869
2686961
2686989
2687109
2687179
2687189
2687191
2687257
2687299
2687315
2687327
2687397
2687417
2687469
2687477
2687595
2687601
2687835
2687871
2687945
2688075
2688077
2688157
2688219
2688271
2688377
2688473
2688489
2688539
2688651
2688677
2688681
2688803
2688805
2689023
2689145
2689175
2689301
2689309
2689311
2689315
2689325
2689409
2689519
2689691
2689767
2689781
2689875
2689917
2690029
2690091
2690165
2690225
2690295
2690579
2690617
2690647
2690707
2690709
2690749
2690767
2690823
2690885
2690917
2690967
2691011
2691045
2691139
2691203
2691755
2691901
2691915
2691929
2691951
2691961
2692051
2692063
2692385
2692513
2692575
2692605
2692769
2692825
2692867
2692899
2692929
2693017
2693065
2693297
2693413
2693695
2693701
2693763
2693769
2693799
2693819
2693863
2693975
2693979
2694061
2694085
2694135
2694237
2694281
2694305
2694385
2694387
2694391
2694433
2694441
2694473
2694563
2694685
2694821
2694865
2694893
2694977
2695053
2695313
2695375
2695413
2695457
2695727
2695877
2696083
2696129
2696165
2696381
2696399
2696437
2696489
2696519
2696585
2696591
2696631
2696693
2696709
2696737
2696745
2696753
2696895
2696899
2696901
2696953
2696971
2697089
2697377
2697495
2697579
2697627
2697641
2697767
2697855
2697951
2697953
2697957
2698119
2698135
2698275
2698307
2698395
2698475
2698505
2698533
2698557
2698645
2698659
2698663
2698805
2698809
2698839
2698855
2698857
2698867
2699093
2699109
2699111
2699153
2699325
2699413
2699423
2699507
2699569
2699687
2699789
2699795
2699875
2699931
2699957
2699973
2699985
2699989
2700085
2700089
2700149
2700153
2700195
2700211
2700253
2700261
2700281
2700283
2700365
2700401
2700481
2700497
2700553
2700559
2700565
2700589
2700593
2700627
2700667
2700695
2700699
2700709
2700711
2700789
2700803
2700807
2700897
2700927
2701175
2701249
2701487
2701587
2701733
2701863
2701877
2701899
2701943
2702063
2702267
2702305
2702425
2702433
2702493
2702535
2702743
2702791
2702837
2702847
2702913
2702953
2703183
2703203
2703237
2703305
2703311
2703387
2703491
2703493
2703667
2703781
2703849
2703889
2704003
2704059
2704079
2704083
2704095
2704189
2704205
2704277
2704521
2704557
2704601
2704861
2704893
2705023
2705063
2705099
2705101
2705183
2705269
2705337
2705361
2705433
2705463
2705571
2705721
2705767
2705973
2706049
2706063
2706085
2706123
2706139
2706171
2706209
2706239
2706263
2706329
2706375
2706419
2706517
2706585
2706607
2706635
2706663
2706717
2706725
2706785
2706829
2706979
2707059
2707093
2707171
2707179
2707307
2707323
2707367
2707369
2707523
2707623
2707765
2707837
2707973
2708133
2708271
2708509
2708531
2708555
2708571
2708633
2709049
2709131
2709189
2709207
2709219
2709251
2709363
2709405
2709437
2709441
2709523
2709699
2709709
2709713
2709735
2709763
2709805
2709981
2710045
2710089
2710091
2710101
2710169
2710265
2710283
2710395
2710411
2710461
2710571
2710595
2710915
2710931
2710969
2710985
2710991
2711035
2711043
2711045
2711145
2711151
2711191
2711235
2711269
2711297
2711359
2711379
2711485
2711509
2711515
2711543
2711595
2711873
2711909
2711947
2712507
2712551
2712597
2712621
2712713
2712719
2712861
2712863
2712873
2713011
2713291
2713461
2713471
2713569
2713641
2713703
2713809
2713841
2713863
2713919
2713967
2713981
2714013
2714021
2714039
2714089
2714125
2714251
2714277
2714311
2714347
2714399
2714479
2714599
2714741
2714747
2714829
2714885
2714981
2715103
2715167
2715261
2715311
2715419
2715449
2715459
2715499
2715501
2715527
2715595
2715691
2715697
2715767
2715771
2715797
2715819
2715865
2715953
2715983
2716085
2716093
2716111
2716135
2716237
2716251
2716265
2716269
2716299
2716371
2716381
2716567
2716615
2716617
2716631
2716751
2716833
2716887
2716895
2716953
2717191
2717265
2717297
2717349
2717375
2717415
2717433
2717441
2717505
2717545
2717577
2717587
2717667
2717729
2717811
2717859
2718001
2718035
2718037
2718095
2718127
2718175
2718215
2718289
2718299
2718325
2718415
2718435
2718543
2718643
2718657
2718721
2718801
2718901
2718945
2719137
2719175
2719225
2719237
2719241
2719273
2719307
2719335
2719443
2719501
2719647
2719765
2719833
2719863
2720039
2720131
2720219
2720271
2720281
2720383
2720491
2720625
2720629
2720689
2720903
2721011
2721017
2721031
2721189
2721291
2721427
2721553
2721627
2721735
2721805
2721841
2721907
2721987
2722051
2722137
2722175
2722179
2722187
2722197
2722363
2722401
2722411
2722513
2722587
2722603
2722801
2722871
2722875
2722879
2722951
2723151
2723167
2723285
2723331
2723367
2723387
2723451
2723483
2723563
2723579
2723615
2723663
2723675
2723743
2723751
2723757
2723799
2723819
2723941
2723997
2724035
2724057
2724147
2724165
2724177
2724249
2724439
2724499
2724665
2724725
2724759
2725157
2725263
2725283
2725445
2725473
2725641
2725685
2725701
2725739
2725779
2725785
2725851
2725861
2726039
2726061
2726087
2726089
2726093
2726129
2726185
2726245
2726269
2726285
2726303
2726311
2726313
2726447
2726629
2726641
2726815
2726829
2726975
2727025
2727033
2727083
2727091
2727119
2727193
2727253
2727351
2727431
2727457
2727477
2727527
2727549
2727557
2727611
2727635
2727687
2727705
2727729
2727849
2727873
2727887
2727949
2728007
2728015
2728143
2728287
2728387
2728431
2728459
2728711
2728857
2728927
2728945
2729069
2729229
2729327
2729359
2729393
2729443
2729489
2729605
2729709
2729801
2729939
2729997
2730055
2730105
2730273
2730513
2730651
2731041
2731047
2731123
2731159
2731227
2731233
2731287
2731317
2731439
2731675
2731689
2731717
2731751
2731771
2731775
2731885
2731903
2731945
2732043
2732103
2732265
2732395
2732411
2732485
2732511
2732755
2732915
2732987
2733019
2733035
2733071
2733131
2733217
2733265
2733369
2733513
2733579
2733637
2733667
2733695
2733823
2733839
2733871
2733901
2733943
2733955
2733959
2734141
2734151
2734153
2734197
2734309
2734321
2734417
2734429
2734489
2734501
2734713
2734781
2734793
2734795
2734829
2734871
2735021
2735049
2735061
2735141
2735309
2735339
2735393
2735439
2735471
2735567
2735595
2735643
2735911
2735961
2735999
2736021
2736057
2736073
2736085
2736199
2736207
2736277
2736431
2736457
2736491
2736529
2736599
2736635
2736709
2736761
2736869
2736893
2736939
2737023
2737133
2737275
2737335
2737353
2737421
2737571
2737645
2737675
2737759
2737793
2737821
2737833
2737897
2737899
2737953
2738007
2738013
2738055
2738073
2738119
2738141
2738155
2738235
2738299
2738663
2738757
2738759
2738795
2739063
2739097
2739159
2739161
2739209
2739255
2739301
2739353
2739377
2739461
2739485
2739523
2739535
2739717
2739767
2739877
2739921
2739943
2739961
2739973
2739995
2739999
2740067
2740073
2740155
2740177
2740201
2740203
2740215
2740297
2740433
2740481
2740537
2740821
2740929
2741001
2741033
2741049
2741329
2741379
2741387
2741423
2741437
2741455
2741517
2741583
2741769
2741817
2741889
2742275
2742309
2742335
2742353
2742431
2742443
2742541
2742577
2742625
2742659
2742733
2742769
2742773
2742809
2742961
2742993
2743143
2743243
2743307
2743533
2743551
2743661
2743777
2743837
2743855
2743965
2744021
2744167
2744217
2744239
2744241
2744299
2744409
2744489
2744555
2744583
2744599
2744683
2744691
2744707
2744721
2744783
2744903
2744907
2744989
2744991
2745057
2745061
2745083
2745113
2745171
2745199
2745215
2745263
2745295
2745323
2745431
2745459
2745537
2745559
2745633
2745711
2745747
2745755
2745889
2745913
2745969
2745987
2746013
2746017
2746033
2746241
2746249
2746275
2746401
2746493
2746507
2746551
2746653
2746723
2746775
2746849
2746905
2746997
2747069
2747175
2747327
2747353
2747489
2747499
2747503
2747521
2747539
2747631
2747653
2747719
2747779
2748167
2748243
2748283
2748355
2748411
2748421
2748587
2748605
2748629
2748745
2748749
2748753
2748829
2748879
2748897
2748919
2749001
2749055
2749221
2749227
2749257
2749289
2749361
2749417
2749473
2749481
2749641
2749697
2749709
2749861
2749939
2750029
2750051
2750215
2750355
2750375
2750489
2750519
2750523
2750711
2750727
2750785
2750827
2751021
2751071
2751193
2751283
2751309
2751325
2751343
2751387
2751441
2751449
2751581
2751607
2751711
2751737
2751755
2751889
2751969
2752067
2752121
2752165
2752173
2752185
2752295
2752313
2752507
2752513
2752577
2752645
2752849
2753043
2753079
2753221
2753239
2753349
2753381
2753441
2753465
2753521
2753525
2753565
2753709
2753745
2753807
2753831
2753865
2754003
2754021
2754077
2754247
2754271
2754341
2754407
2754531
2754579
2754589
2754645
2754677
2754765
2754825
2754835
2754839
2754893
2754923
2754957
2755007
2755035
2755069
2755081
2755101
2755205
2755551
2755591
2755685
2755813
2755907
2755937
2755999
2756175
2756223
2756279
2756281
2756435
2756467
2756579
2756711
2756783
2756801
2756935
2756957
2757089
2757099
2757135
2757189
2757337
2757363
2757481
2757511
2757539
2757645
2757709
2757745
2757889
2758267
2758363
2758465
2758489
2758565
2758583
2758615
2758631
2758639
2758641
2758647
2758669
2758715
2758717
2758815
2758851
2758909
2758945
2759067
2759153
2759189
2759201
2759275
2759291
2759397
2759425
2759459
2759463
2759505
2759517
2759527
2759589
2759659
2759675
2759745
2759805
2759887
2759929
2759951
2759973
2760063
2760183
2760201
2760247
2760265
2760273
2760321
2760415
2760427
2760433
2760439
2760479
2760491
2760533
2760537
2760581
2760623
2760655
2760699
2760761
2760809
2760967
2760999
2761001
2761091
2761387
2761491
2761587
2761691
2761845
2761935
2761971
2761983
2761995
2762101
2762171
2762183
2762197
2762259
2762271
2762789
2762807
2762843
2762847
2762849
2762957
2762975
2763149
2763163
2763185
2763261
2763271
2763275
2763389
2763457
2763563
2763717
2763735
2763877
2763887
2764011
2764023
2764055
2764105
2764107
2764119
2764139
2764201
2764241
2764393
2764397
2764425
2764523
2764553
2764605
2764619
2764759
2764801
2764803
2764865
2764919
2765009
2765099
2765117
2765143
2765165
2765311
2765431
2765551
2765559
2765577
2765669
2765721
2765805
2766037
2766045
2766091
2766095
2766109
2766251
2766381
2766487
2766533
2766683
2766699
2766775
2766965
2766993
2767011
2767013
2767087
2767117
2767131
2767281
2767329
2767335
2767395
2767397
2767411
2767677
2767835
2767891
2767959
2768009
2768035
2768051
2768071
2768101
2768121
2768143
2768153
2768199
2768305
2768487
2768549
2768611
2768659
2768665
2768673
2768707
2769063
2769071
2769263
2769393
2769407
2769421
2769425
2769433
2769497
2769507
2769651
2769745
2769755
2769761
2770033
2770303
2770369
2770405
2770489
2770673
2770711
2770739
2770823
2770927
2771123
2771281
2771303
2771343
2771441
2771467
2771483
2771671
2771717
2771771
2771907
2771919
2772009
2772061
2772075
2772151
2772153
2772359
2772419
2772493
2772631
2772741
2773009
2773011
2773079
2773111
2773197
2773223
2773267
2773353
2773365
2773417
2773449
2773459
2773507
2773621
2773631
2773691
2773703
2773777
2773833
2773839
2773893
2773907
2773979
2773985
2774047
2774059
2774173
2774209
2774231
2774239
2774309
2774559
2774579
2774783
2774843
2774869
2774871
2774901
2774915
2774935
2774987
2774999
2775033
2775087
2775197
2775357
2775443
2775459
2775521
2775573
2775743
2775761
2775781
2775785
2775959
2776075
2776127
2776171
2776173
2776221
2776249
2776253
2776285
2776375
2776381
2776633
2776675
2776731
2776801
2776821
2776987
2777023
2777031
2777099
2777105
2777219
2777255
2777271
2777273
2777537
2777573
2777617
2777665
2777687
2777775
2777785
2777939
2778047
2778179
2778195
2778281
2778309
2778403
2778435
2778463
2778501
2778627
2778785
2778869
2778909
2778941
2779029
2779057
2779165
2779173
2779205
2779253
2779449
2779539
2779553
2779647
2779663
2779813
2779819
2780199
2780225
2780301
2780337
2780403
2780457
2780781
2780789
2780805
2780887
2780947
2781089
2781307
2781353
2781435
2781469
2781487
2781497
2781525
2781543
2781551
2781593
2781729
2781797
2781805
2781847
2781945
2781953
2782039
2782111
2782113
2782201
2782257
2782269
2782441
2782603
2782623
2782635
2782665
2782883
2782905
2782979
2783217
2783225
2783269
2783301
2783309
2783427
2783583
2783707
2783871
2783879
2784127
2784173
2784197
2784229
2784267
2784299
2784331
2784347
2784373
2784407
2784411
2784687
2784705
2784709
2784737
2784979
2785129
2785211
2785265
2785441
2785449
2785467
2785475
2785509
2785567
2785621
2785767
2785797
2785845
2785851
2785937
2786063
2786083
2786093
2786131
2786199
2786225
2786307
2786399
2786429
2786451
2786513
2786555
2786653
2786665
2786843
2786967
2786975
2786999
2787141
2787385
2787387
2787395
2787419
2787429
2787527
2787537
2787657
2787733
2787793
2787839
2787947
2788171
2788173
2788239
2788339
2788755
2788785
2788815
2788847
2788901
2788909
2788937
2788969
2788991
2789109
2789369
2789407
2789533
2789709
2789719
2789879
2790065
2790095
2790265
2790293
2790323
2790345
2790355
2790603
2790631
2790653
2790697
2790715
2790725
2790731
2790841
2790855
2790861
2790893
2790969
2790979
2791007
2791041
2791061
2791063
2791079
2791103
2791187
2791201
2791245
2791433
2791451
2791501
2791595
2791627
2791675
2791695
2791763
2791863
2791879
2791945
2791999
2792015
2792135
2792361
2792399
2792489
2792507
2792741
2792819
2792923
2792961
2792991
2793025
2793033
2793043
2793151
2793171
2793203
2793243
2793309
2793323
2793391
2793409
2793437
2793577
2793631
2793687
2793797
2793841
2793853
2794091
2794111
2794143
2794181
2794243
2794275
2794333
2794397
2794463
2794657
2794721
2794859
2794915
2794981
2795051
2795059
2795255
2795265
2795331
2795369
2795395
2795511
2795527
2795553
2795605
2795633
2795675
2795705
2795719
2795845
2795887
2795899
2795943
2795953
2796097
2796169
2796299
2796301
2796321
2796323
2796333
2796347
2796409
2796483
2796557
2796589
2796625
2796699
2796731
2796833
2796959
2797043
2797057
2797093
2797099
2797129
2797175
2797253
2797401
2797439
2797465
2797495
2797501
2797517
2797587
2797723
2797739
2797753
2797771
2797921
2797967
2797983
2798071
2798077
2798145
2798149
2798229
2798259
2798277
2798385
2798561
2798661
2798667
2798671
2798725
2798737
2798803
2798911
2798929
2798979
2799075
2799105
2799215
2799379
2799419
2799453
2799485
2799523
2799605
2799655
2799703
2799769
2799851
2799927
2799961
2800001
2800007
2800011
2800103
2800137
2800173
2800201
2800301
2800307
2800331
2800347
2800405
2800479
2800569
2800621
2800737
2800861
2800969
2800993
2801037
2801055
2801067
2801071
2801095
2801227
2801231
2801245
2801263
2801337
2801357
2801417
2801569
2801647
2801653
2801675
2801691
2801723
2801745
2801881
2801927
2801979
2802017
2802077
2802109
2802177
2802237
2802249
2802297
2802309
2802317
2802341
2802347
2802425
2802459
2802471
2802489
2802495
2802709
2802739
2802829
2802839
2802877
2802935
2802965
2803027
2803115
2803215
2803267
2803313
2803343
2803599
2803603
2803861
2803997
2804045
2804081
2804141
2804303
2804309
2804567
2804615
2804673
2804679
2804707
2804951
2804955
2804981
2805013
2805049
2805119
2805179
2805265
2805287
2805349
2805351
2805373
2805457
2805541
2805545
2805591
2805611
2805693
2805827
2805879
2805975
2806091
2806105
2806201
2806345
2806393
2806397
2806445
2806447
2806505
2806509
2806513
2806525
2806627
2806771
2806777
2806795
2806799
2806819
2806863
2806905
2806983
2807011
2807019
2807045
2807081
2807185
2807259
2807265
2807289
2807591
2807617
2807709
2807767
2808003
2808077
2808085
2808113
2808193
2808243
2808245
2808309
2808317
2808373
2808427
2808533
2808637
2808741
2808785
2808923
2808943
2808955
2808967
2808985
2809049
2809063
2809135
2809185
2809255
2809305
2809321
2809385
2809397
2809551
2809641
2809767
2809861
2809907
2809943
2810041
2810161
2810271
2810379
2810387
2810413
2810479
2810493
2810511
2810571
2810725
2810733
2810841
2810959
2810979
2811001
2811025
2811055
2811089
2811113
2811141
2811143
2811145
2811283
2811313
2811319
2811367
2811505
2811545
2811621
2811637
2811679
2811699
2811813
2811821
2811847
2811873
2811893
2811969
2811989
2812119
2812197
2812209
2812521
2812563
2812573
2812669
2812723
2812829
2812871
2812887
2812921
2813013
2813023
2813029
2813073
2813201
2813269
2813329
2813377
2813449
2813491
2813517
2813591
2813597
2813691
2813867
2813913
2813921
2813933
2813997
2814043
2814093
2814173
2814265
2814319
2814327
2814423
2814539
2814595
2814631
2814651
2814699
2814767
2814799
2814817
2814839
2814935
2814983
2815021
2815037
2815039
2815097
2815151
2815229
2815231
2815243
2815271
2815519
2815531
2815667
2815679
2815711
2815777
2815835
2815851
2815877
2815925
2815947
2816161
2816163
2816237
2816357
2816381
2816413
2816439
2816445
2816495
2816557
2816971
2817015
2817057
2817157
2817321
2817325
2817349
2817421
2817557
2817569
2817645
2817647
2817667
2817689
2817769
2817803
2817821
2817857
2817877
2818135
2818299
2818379
2818585
2818611
2818657
2818701
2818713
2818819
2818823
2818845
2818971
2819021
2819029
2819053
2819089
2819097
2819119
2819183
2819327
2819337
2819365
2819377
2819425
2819475
2819855
2819979
2819985
2819999
2820025
2820187
2820251
2820337
2820367
2820443
2820471
2820473
2820637
2820763
2820863
2820967
2820989
2820995
2821015
2821049
2821229
2821339
2821401
2821413
2821479
2821631
2821687
2821719
2821999
2822085
2822089
2822103
2822265
2822343
2822401
2822555
2822845
2822865
2822985
2823187
2823201
2823221
2823311
2823479
2823605
2823667
2823743
2823967
2824023
2824071
2824115
2824173
2824335
2824375
2824409
2824469
2824635
2824803
2824833
2824907
2825039
2825043
2825187
2825215
2825305
2825357
2825381
2825469
2825599
2825601
2825663
2825691
2825719
2825725
2825743
2825801
2825827
2825909
2825923
2826191
2826229
2826235
2826307
2826381
2826403
2826553
2826589
2826681
2826903
2827009
2827063
2827083
2827253
2827541
2827573
2827593
2827665
2827671
2827773
2827841
2827909
2827915
2828033
2828097
2828219
2828265
2828325
2828383
2828413
2828493
2828713
2828749
2828771
2828835
2828855
2828895
2828913
2828961
2829045
2829059
2829077
2829137
2829235
2829337
2829425
2829569
2829603
2829613
2829687
2829969
2830213
2830349
2830363
2830419
2830465
2830555
2830559
2830597
2830621
2830627
2830633
2830685
2830703
2830715
2830759
2830849
2830933
2830957
2831043
2831089
2831091
2831121
2831123
2831183
2831187
2831273
2831371
2831455
2831603
2831621
2831737
2831771
2831787
2831955
2832011
2832135
2832171
2832189
2832205
2832219
2832339
2832361
2832415
2832435
2832475
2832587
2832631
2832641
2832655
2832667
2832741
2832757
2832799
2832885
2832957
2832977
2833137
2833139
2833161
2833275
2833369
2833387
2833427
2833471
2833517
2833523
2833527
2833575
2833623
2833643
2833671
2833687
2833729
2833779
2833957
2834217
2834413
2834511
2834769
2834945
2835125
2835137
2835151
2835227
2835263
2835295
2835409
2835465
2835495
2835575
2835855
2836089
2836151
2836173
2836253
2836277
2836437
2836443
2836505
2836555
2836579
2836583
2836663
2836841
2836981
2837009
2837029
2837085
2837193
2837271
2837383
2837411
2837429
2837485
2837497
2837529
2837533
2837577
2837591
2837685
2837793
2837823
2837937
2837947
2838011
2838517
2838639
2838643
2838843
2838947
2838981
2838987
2839023
2839153
2839187
2839205
2839299
2839303
2839367
2839475
2839547
2839561
2839689
2839723
2839813
2839857
2839863
2839925
2839927
2839965
2839967
2839975
2840147
2840191
2840273
2840465
2840483
2840489
2840635
2840653
2840779
2840795
2840975
2841055
2841071
2841103
2841159
2841265
2841541
2841659
2841689
2841703
2841737
2841745
2841827
2841871
2841999
2842015
2842075
2842115
2842189
2842455
2842501
2842587
2842653
2842665
2842671
2842681
2842755
2842779
2842835
2843211
2843233
2843321
2843361
2843429
2843437
2843481
2843505
2843573
2843591
2843635
2843803
2843849
2843895
2843899
2844031
2844043
2844081
2844209
2844245
2844271
2844299
2844319
2844389
2844397
2844705
2844707
2844715
2844919
2844945
2845051
2845069
2845129
2845287
2845421
2845429
2845513
2845557
2845599
2845633
2845671
2845775
2845895
2845949
2846113
2846149
2846239
2846263
2846283
2846307
2846523
2846619
2846675
2846707
2846797
2846831
2846875
2846949
2847111
2847135
2847139
2847175
2847217
2847367
2847373
2847395
2847403
2847501
2847541
2847573
2847593
2847605
2847883
2847887
2847893
2847979
2848005
2848053
2848163
2848189
2848343
2848469
2848481
2848513
2848681
2848731
2848757
2848779
2848851
2848885
2848985
2848989
2849143
2849155
2849173
2849205
2849271
2849307
2849377
2849443
2849467
2849473
2849501
2849643
2849681
2849683
2849715
2849719
2849869
2849921
2849925
2850047
2850065
2850087
2850285
2850301
2850307
2850355
2850419
2850525
2850529
2850583
2850593
2850609
2850611
2850637
2850641
2850669
2850709
2850735
2850739
2850743
2850771
2850799
2850951
2850953
2850971
2850995
2851055
2851161
2851255
2851333
2851443
2851767
2851779
2851875
2852043
2852117
2852127
2852155
2852157
2852179
2852317
2852349
2852351
2852431
2852443
2852543
2852641
2852657
2852659
2852749
2852787
2852849
2853085
2853219
2853341
2853453
2853553
2853775
2853781
2853881
2854021
2854055
2854097
2854135
2854231
2854333
2854407
2854487
2854597
2854613
2854617
2854675
2854807
2855033
2855197
2855271
2855295
2855349
2855365
2855429
2855463
2855535
2855575
2855675
2855817
2855831
2855849
2856027
2856139
2856147
2856153
2856187
2856491
2856559
2856651
2856683
2856769
2856879
2856881
2856883
2856915
2856991
2857007
2857131
2857173
2857207
2857211
2857479
2857511
2857521
2857663
2857691
2857813
2857843
2857927
2857971
2857995
2858087
2858111
2858171
2858255
2858267
2858275
2858309
2858311
2858317
2858361
2858403
2858745
2858759
2858859
2858877
2859027
2859049
2859107
2859131
2859137
2859149
2859427
2859545
2859569
2859711
2859745
2859761
2859765
2859959
2859985
2860027
2860061
2860099
2860137
2860145
2860151
2860181
2860263
2860301
2860313
2860373
2860415
2860441
2860513
2860533
2860539
2860761
2860913
2860967
2861115
2861219
2861221
2861257
2861265
2861269
2861309
2861323
2861331
2861341
2861355
2861509
2861531
2861547
2861561
2861889
2861927
2861931
2862087
2862119
2862153
2862285
2862355
2862389
2862395
2862413
2862443
2862485
2862563
2862579
2862639
2862737
2862821
2862953
2863043
2863073
2863175
2863259
2863277
2863339
2863383
2863431
2863453
2863471
2863515
2863575
2863661
2863675
2863739
2863753
2863795
2864005
2864047
2864071
2864095
2864131
2864167
2864169
2864219
2864291
2864339
2864351
2864375
2864377
2864435
2864515
2864557
2864563
2864593
2864695
2864773
2864785
2864787
2864837
2865017
2865031
2865111
2865149
2865279
2865315
2865401
2865403
2865409
2865525
2865541
2865551
2865605
2865627
2865889
2865949
2866009
2866021
2866215
2866333
2866407
2866483
2866531
2866539
2866551
2866583
2866629
2866639
2866659
2866725
2866823
2866833
2866897
2866905
2866981
2867119
2867239
2867263
2867271
2867283
2867351
2867431
2867505
2867587
2867605
2867677
2867695
2867737
2867749
2867869
2867941
2867989
2868007
2868171
2868325
2868373
2868441
2868665
2868669
2868677
2868769
2868807
2868815
2868899
2868901
2869019
2869023
2869041
2869061
2869073
2869127
2869393
2869467
2869503
2869763
2869853
2869925
2870013
2870057
2870075
2870085
2870177
2870199
2870203
2870215
2870251
2870265
2870375
2870415
2870461
2870579
2870601
2870605
2870641
2870699
2870775
2870791
2870935
2870969
2870985
2871023
2871273
2871299
2871359
2871383
2871493
2871507
2871559
2871629
2871691
2871693
2871721
2871725
2871753
2871785
2871799
2871803
2871819
2872081
2872133
2872305
2872307
2872361
2872475
2872719
2872811
2872953
2873045
2873107
2873127
2873181
2873219
2873285
2873325
2873377
2873409
2873455
2873531
2873809
2873833
2874075
2874175
2874195
2874251
2874319
2874345
2874407
2874415
2874439
2874445
2874493
2874643
2874661
2874753
2874797
2874971
2875007
2875015
2875187
2875189
2875237
2875359
2875385
2875395
2875407
2875601
2875627
2875647
2875691
2875705
2875791
2875877
2875889
2875893
2876013
2876043
2876203
2876205
2876273
2876341
2876353
2876439
2876467
2876503
2876531
2876605
2876655
2876681
2876729
2876773
2876859
2876923
2876945
2877069
2877091
2877107
2877109
2877115
2877273
2877287
2877307
2877369
2877399
2877407
2877437
2877473
2877497
2877523
2877579
2877633
2877701
2877721
2877933
2877983
2878077
2878191
2878209
2878219
2878367
2878387
2878405
2878443
2878515
2878543
2878663
2878809
2878919
2879057
2879181
2879287
2879299
2879371
2879377
2879433
2879521
2879547
2879575
2879657
2879663
2879713
2879779
2880039
2880041
2880123
2880135
2880377
2880447
2880459
2880571
2880615
2880799
2880933
2880981
2881137
2881181
2881235
2881301
2881303
2881309
2881319
2881397
2881497
2881507
2881595
2881687
2881757
2881777
2881849
2881927
2882073
2882197
2882201
2882269
2882353
2882361
2882399
2882465
2882543
2882597
2882647
2882667
2882719
2882787
2882841
2882923
2883175
2883181
2883231
2883271
2883329
2883395
2883409
2883595
2883623
2883645
2883659
2883689
2883703
2883725
2883735
2883769
2883787
2883853
2883971
2884011
2884035
2884101
2884195
2884445
2884471
2884513
2884561
2884679
2884751
2884801
2884921
2885009
2885071
2885073
2885273
2885323
2885599
2885809
2885833
2885919
2885935
2885979
2886019
2886085
2886139
2886161
2886167
2886211
2886261
2886311
2886405
2886513
2886515
2886625
2886663
2886719
2886877
2886885
2886919
2886927
2886999
2887253
2887271
2887375
2887395
2887511
2887513
2887525
2887587
2887649
2887651
2887697
2887809
2887859
2887945
2888039
2888163
2888307
2888385
2888425
2888527
2888537
2888547
2888633
2888635
2888653
2888745
2888819
2888897
2888919
2888933
2888973
2888999
2889069
2889091
2889263
2889347
2889415
2889451
2889541
2889627
2889629
2889631
2889635
2889749
2889787
2889933
2889979
2890003
2890039
2890043
2890137
2890225
2890243
2890255
2890269
2890385
2890397
2890481
2890729
2890745
2890801
2890811
2890827
2890841
2890855
2890895
2890927
2890929
2890949
2890981
2891031
2891035
2891047
2891093
2891095
2891109
2891175
2891193
2891335
2891351
2891381
2891385
2891455
2891467
2891489
2891553
2891651
2891751
2891823
2892093
2892161
2892375
2892439
2892587
2892627
2892723
2892881
2892895
2892933
2892939
2892965
2893063
2893303
2893327
2893331
2893357
2893399
2893471
2893553
2893581
2893639
2893741
2893747
2893883
2893905
2893919
2893935
2893959
2893987
2894261
2894343
2894347
2894433
2894539
2894657
2894745
2894759
2894807
2894987
2895015
2895095
2895195
2895221
2895249
2895315
2895411
2895509
2895521
2895569
2895685
2895753
2895781
2895833
2895855
2895873
2895899
2895993
2896165
2896247
2896251
2896265
2896267
2896333
2896499
2896525
2896535
2896597
2896635
2896661
2896673
2896697
2896835
2896869
2896955
2896981
2897013
2897035
2897037
2897059
2897063
2897157
2897225
2897227
2897243
2897245
2897303
2897363
2897413
2897447
2897505
2897589
2897597
2897601
2897739
2897867
2898051
2898095
2898109
2898119
2898153
2898175
2898371
2898441
2898471
2898483
2898529
2898689
2898727
2898751
2898781
2898861
2898867
2898951
2899043
2899049
2899121
2899137
2899141
2899197
2899363
2899389
2899471
2899669
2899735
2899915
2899919
2899961
2899993
2900017
2900095
2900121
2900127
2900259
2900303
2900327
2900379
2900399
2900401
2900407
2900421
2900553
2900613
2900641
2900661
2900841
2900851
2900885
2901235
2901375
2901423
2901443
2901447
2901645
2901787
2901813
2902071
2902279
2902355
2902505
2902515
2902539
2902545
2902563
2902623
2902659
2902703
2902723
2902733
2902835
2902853
2902855
2902857
2903045
2903101
2903111
2903127
2903163
2903185
2903221
2903243
2903259
2903537
2903615
2903749
2903769
2903801
2903961
2903969
2903987
2904017
2904091
2904169
2904229
2904309
2904341
2904365
2904377
2904611
2904793
2904797
2904897
2904957
2904999
2905161
2905181
2905259
2905429
2905517
2905527
2905587
2905693
2905701
2905803
2905845
2905851
2905853
2905943
2905965
2906077
2906115
2906129
2906137
2906219
2906273
2906397
2906435
2906437
2906659
2906675
2906693
2906793
2906837
2906861
2906875
2906927
2906977
2906979
2907093
2907105
2907129
2907185
2907245
2907257
2907269
2907295
2907323
2907387
2907441
2907623
2907675
2907801
2907829
2908001
2908051
2908173
2908285
2908327
2908563
2908593
2908655
2908673
2908753
2908771
2908799
2908893
2908907
2908937
2909045
2909073
2909189
2909247
2909313
2909317
2909391
2909417
2909511
2909625
2909695
2909719
2909765
2909799
2909929
2909967
2910001
2910059
2910095
2910101
2910113
2910119
2910181
2910209
2910265
2910279
2910403
2910425
2910481
2910579
2910683
2910751
2910899
2910929
2911019
2911049
2911155
2911163
2911225
2911345
2911353
2911367
2911411
2911527
2911557
2911647
2911735
2911763
2911821
2911831
2911939
2911945
2911949
2912049
2912055
2912119
2912279
2912429
2912667
2912725
2912879
2912953
2913115
2913121
2913153
2913179
2913251
2913295
2913383
2913577
2913599
2913637
2913757
2913809
2913863
2913867
2914155
2914161
2914193
2914229
2914279
2914405
2914453
2914465
2914475
2914547
2914567
2914639
2914747
2914749
2914777
2914801
2914983
2914987
2915105
2915281
2915419
2915439
2915535
2915555
2915561
2915611
2915633
2915655
2915767
2915805
2915843
2915921
2915957
2915985
2916103
2916159
2916279
2916281
2916343
2916439
2916487
2916569
2916631
2916677
2916689
2916777
2916825
2916827
2916877
2917005
2917067
2917077
2917377
2917397
2917419
2917745
2917775
2917801
2917851
2917867
2917871
2918045
2918067
2918195
2918207
2918315
2918327
2918421
2918451
2918547
2918577
2918657
2918693
2918727
2918845
2918941
2919015
2919019
2919033
2919075
2919153
2919221
2919333
2919347
2919425
2919489
2919507
2919509
2919567
2919601
2919779
2919867
2919907
2919951
2920105
2920127
2920149
2920267
2920515
2920571
2920665
2920841
2920899
2920959
2921087
2921217
2921237
2921485
2921527
2921639
2921643
2921725
2921831
2921845
2921859
2922045
2922049
2922099
2922151
2922183
2922431
2922523
2922567
2922683
2922745
2922755
2922857
2922875
2922887
2922939
2923019
2923033
2923157
2923161
2923289
2923301
2923407
2923419
2923477
2923557
2923675
2923703
2923877
2923879
2923941
2923947
2923955
2923971
2923991
2924055
2924133
2924175
2924249
2924443
2924519
2924561
2924695
2924739
2924959
2925155
2925203
2925313
2925399
2925405
2925665
2925681
2925715
2925797
2925849
2925873
2925929
2925973
2926037
2926125
2926221
2926271
2926499
2926505
2926539
2926609
2926637
2926643
2926649
2926673
2926775
2926967
2926993
2927049
2927089
2927179
2927267
2927387
2927395
2927503
2927621
2927651
2927679
2927791
2927795
2927957
2928033
2928065
2928071
2928083
2928085
2928135
2928143
2928183
2928209
2928211
2928213
2928417
2928433
2928487
2928531
2928563
2928681
2928697
2928825
2928861
2928897
2928965
2929113
2929123
2929163
2929193
2929243
2929311
2929313
2929361
2929433
2929495
2929499
2929521
2929599
2929691
2929693
2929695
2929727
2929789
2929835
2929871
2929875
2929987
2930017
2930035
2930079
2930321
2930347
2930373
2930379
2930453
2930483
2930517
2930643
2930651
2930717
2930741
2930847
2930879
2930905
2930929
2931157
2931183
2931231
2931233
2931239
2931387
2931441
2931459
2931497
2931517
2931605
2931619
2931625
2931631
2931743
2931847
2932101
2932103
2932239
2932277
2932305
2932335
2932489
2932517
2932711
2932787
2932835
2932879
2932885
2932981
2933097
2933219
2933251
2933387
2933401
2933477
2933695
2933771
2933825
2933849
2933961
2934007
2934057
2934151
2934167
2934217
2934283
2934285
2934307
2934309
2934369
2934465
2934487
2934639
2934703
2934859
2934867
2934907
2934987
2935009
2935055
2935467
2935533
2935549
2935571
2935587
2935629
2935631
2935697
2935963
2936107
2936111
2936119
2936167
2936177
2936289
2936291
2936375
2936427
2936477
2936491
2936553
2936615
2936731
2936741
2936787
2936815
2936819
2936855
2936945
2936969
2937095
2937103
2937119
2937257
2937349
2937357
2937365
2937449
2937465
2937575
2937657
2937683
2937727
2937729
2937861
2937927
2937993
2937995
2938297
2938339
2938359
2938361
2938385
2938389
2938415
2938419
2938421
2938533
2938543
2938621
2938747
2938753
2938879
2938891
2938963
2938985
2939025
2939089
2939103
2939115
2939153
2939319
2939471
2939473
2939497
2939523
2939621
2939667
2939679
2939681
2939729
2939765
2939917
2939947
2939971
2940085
2940155
2940199
2940225
2940351
2940447
2940565
2940815
2940925
2941023
2941031
2941043
2941057
2941133
2941143
2941155
2941197
2941211
2941273
2941357
2941439
2941493
2941591
2941649
2941717
2941869
2941873
2941917
2941931
2941993
2942047
2942051
2942181
2942279
2942305
2942317
2942369
2942377
2942521
2942567
2942577
2942581
2942641
2942645
2942749
2942897
2942901
2943009
2943079
2943091
2943135
2943139
2943239
2943309
2943357
2943375
2943563
2943667
2943697
2943755
2943781
2943785
2944051
2944105
2944119
2944153
2944159
2944251
2944295
2944345
2944365
2944499
2944539
2944639
2944757
2944797
2944885
2944925
2944937
2945107
2945117
2945139
2945309
2945427
2945541
2945625
2945681
2945807
2945869
2945913
2945919
2945927
2946045
2946149
2946189
2946251
2946291
2946331
2946467
2946493
2946567
2946609
2946669
2946719
2946755
2946775
2946865
2946891
2946965
2946979
2947005
2947029
2947125
2947241
2947549
2947605
2947619
2947661
2947781
2947793
2947819
2947827
2947835
2947845
2947901
2947933
2948127
2948283
2948327
2948331
2948339
2948403
2948445
2948497
2948513
2948947
2949025
2949095
2949097
2949149
2949205
2949229
2949311
2949367
2949373
2949389
2949463
2949473
2949501
2949539
2949581
2949777
2949811
2949845
2949905
2949977
2950059
2950071
2950093
2950211
2950263
2950355
2950391
2950435
2950503
2950637
2950691
2950697
2950771
2950825
2950827
2950925
2950937
2950977
2951015
2951081
2951141
2951221
2951225
2951237
2951281
2951307
2951357
2951417
2951433
2951475
2951545
2951677
2951699
2951715
2951749
2951783
2951791
2951873
2951903
2952005
2952163
2952187
2952221
2952271
2952381
2952383
2952415
2952587
2952675
2952679
2952681
2952765
2952787
2953019
2953133
2953167
2953285
2953305
2953433
2953443
2953575
2953579
2953611
2953699
2953773
2953853
2953867
2953871
2953877
2953891
2953901
2954203
2954285
2954439
2954625
2954635
2954647
2954735
2954757
2954765
2954811
2954887
2954937
2954965
2955079
2955093
2955181
2955225
2955227
2955289
2955399
2955421
2955467
2955507
2955525
2955531
2955581
2955595
2955605
2955619
2955751
2955763
2955795
2955813
2955855
2956061
2956147
2956255
2956337
2956357
2956361
2956447
2956467
2956475
2956487
2956499
2956507
2956631
2956759
2956791
2956875
2956959
2956983
2957007
2957035
2957043
2957051
2957067
2957115
2957225
2957245
2957283
2957365
2957415
2957437
2957529
2957533
2957583
2957629
2957671
2957697
2957763
2957771
2957833
2957901
2957983
2957991
2958007
2958021
2958203
2958217
2958253
2958265
2958275
2958343
2958381
2958441
2958549
2958609
2958697
2958719
2958725
2958727
2958941
2958981
2958993
2959049
2959123
2959125
2959153
2959167
2959249
2959281
2959297
2959391
2959413
2959435
2959639
2959695
2959773
2959875
2959901
2959959
2960161
2960271
2960331
2960481
2960673
2960695
2960839
2960849
2961015
2961025
2961123
2961203
2961249
2961315
2961321
2961339
2961345
2961405
2961451
2961499
2961575
2961617
2961643
2961691
2961717
2961787
2961835
2961851
2961855
2961877
2962159
2962173
2962195
2962227
2962235
2962261
2962341
2962355
2962377
2962413
2962453
2962493
2962535
2962605
2962709
2962877
2963103
2963173
2963393
2963423
2963513
2963663
2963673
2963773
2963873
2963939
2963941
2963979
2963981
2963985
2964073
2964097
2964133
2964149
2964235
2964319
2964321
2964491
2964599
2964651
2964655
2964813
2964861
2964891
2965053
2965175
2965177
2965247
2965435
2965461
2965589
2965621
2965639
2965711
2965835
2965859
2965985
2966005
2966063
2966247
2966261
2966317
2966321
2966325
2966471
2966539
2966547
2966591
2966747
2966755
2966815
2966903
2966923
2966979
2966983
2967001
2967007
2967023
2967171
2967235
2967403
2967413
2967433
2967445
2967727
2967755
2967765
2967771
2967869
2967877
2967883
2967975
2968015
2968151
2968187
2968207
2968223
2968249
2968285
2968309
2968403
2968405
2968469
2968563
2968609
2968683
2968783
2968955
2968981
2969197
2969229
2969273
2969289
2969315
2969343
2969391
2969449
2969497
2969523
2969579
2969583
2969599
2969647
2969673
2969859
2970017
2970079
2970099
2970169
2970275
2970717
2970801
2970817
2970923
2970925
2970943
2970965
2971061
2971073
2971101
2971183
2971185
2971273
2971289
2971291
2971407
2971463
2971469
2971539
2971695
2971715
2971779
2971815
2971847
2971875
2971967
2972101
2972323
2972353
2972419
2972431
2972481
2972511
2972515
2972559
2972813
2972835
2972915
2972921
2972979
2973011
2973077
2973109
2973145
2973169
2973217
2973367
2973373
2973451
2973557
2973621
2973633
2973743
2973769
2973821
2973827
2973831
2973909
2973915
2973983
2974059
2974183
2974255
2974313
2974569
2974609
2974661
2974673
2974691
2974981
2975149
2975181
2975217
2975285
2975379
2975411
2975415
2975475
2975537
2975579
2975597
2975619
2975681
2976047
2976177
2976183
2976413
2976477
2976551
2976573
2976657
2976683
2976687
2976689
2976751
2976807
2976869
2976929
2976937
2976961
2976963
2977005
2977159
2977197
2977235
2977289
2977507
2977665
2977713
2977861
2977883
2977961
2977985
2977987
2977997
2978003
2978007
2978079
2978167
2978199
2978223
2978257
2978329
2978359
2978395
2978483
2978511
2978595
2978635
2978703
2978719
2978833
2979051
2979101
2979117
2979169
2979185
2979233
2979291
2979337
2979345
2979417
2979463
2979539
2979585
2979695
2979743
2979825
2979871
2979955
2980007
2980217
2980423
2980461
2980509
2980511
2980525
2980731
2980745
2980751
2980911
2980915
2980919
2980939
2980961
2981031
2981061
2981125
2981127
2981159
2981333
2981425
2981429
2981513
2981547
2981647
2981743
2981751
2981829
2981855
2981881
2981885
2982023
2982059
2982129
2982269
2982279
2982393
2982395
2982397
2982467
2982513
2982649
2982669
2982671
2982693
2982703
2982737
2982771
2982777
2983051
2983085
2983089
2983121
2983163
2983173
2983235
2983319
2983337
2983375
2983411
2983441
2983487
2983531
2983551
2983561
2983599
2983697
2983745
2983749
2983813
2983831
2984179
2984261
2984313
2984333
2984387
2984519
2984537
2984599
2984667
2984791
2984797
2984835
2984931
2985111
2985119
2985131
2985179
2985283
2985307
2985385
2985405
2985467
2985487
2985495
2985651
2985655
2985665
2985703
2985847
2985851
2985865
2985867
2985915
2985929
2986039
2986167
2986207
2986353
2986393
2986457
2986473
2986583
2986663
2986783
2986933
2987029
2987067
2987189
2987213
2987371
2987403
2987431
2987479
2987539
2987589
2987719
2987797
2987817
2987917
2987941
2987985
2987991
2987995
2988047
2988107
2988539
2988575
2988627
2988653
2988663
2988689
2988707
2988739
2988989
2988997
2989011
2989113
2989119
2989131
2989135
2989175
2989239
2989329
2989431
2989517
2989527
2989661
2989725
2989745
2990153
2990195
2990243
2990287
2990363
2990457
2990611
2990667
2990747
2990805
2990871
2990889
2991069
2991081
2991089
2991149
2991177
2991421
2991443
2991449
2991485
2991545
2991589
2992175
2992215
2992261
2992359
2992411
2992437
2992515
2992535
2992573
2992601
2992685
2992719
2992723
2992863
2993105
2993411
2993431
2993527
2993579
2993617
2993689
2993777
2993911
2993955
2994019
2994037
2994219
2994389
2994431
2994439
2994473
2994481
2994501
2994671
2994735
2994741
2995009
2995019
2995069
2995205
2995227
2995231
2995295
2995527
2995549
2995633
2995721
2995731
2995733
2995859
2995959
2995965
2996097
2996101
2996119
2996327
2996369
2996377
2996443
2996507
2996599
2996779
2996821
2996901
2997009
2997113
2997131
2997133
2997145
2997155
2997165
2997189
2997205
2997219
2997335
2997339
2997381
2997391
2997407
2997453
2997501
2997579
2997599
2997613
2997615
2997645
2997647
2997771
2997775
2997787
2997835
2997957
2998047
2998071
2998167
2998185
2998273
2998309
2998393
2998443
2998489
2998505
2998637
2998673
2998747
2998905
2998965
2999167
2999237
2999313
2999329
2999343
2999345
2999393
2999517
2999579
2999737
2999839
2999883
2999887
2999915
2999955
2999981
