# proven primes: b with (b^16+1)/2 prime (APR-CL), block [3000000,4000000)
3000055
3000069
3000183
3000195
3000281
3000329
3000429
3000561
3000711
3000783
3000849
3000891
3000913
3000983
3001013
3001073
3001253
3001255
3001313
3001331
3001373
3001407
3001409
3001475
3001477
3001511
3001525
3001547
3001663
3001675
3001677
3001877
3001885
3001981
3002017
3002027
3002127
3002179
3002183
3002211
3002443
3002495
3002619
3002711
3002837
3002949
3002953
3003035
3003037
3003047
3003107
3003145
3003151
3003191
3003213
3003335
3003373
3003409
3003433
3003455
3003493
3003501
3003565
3003605
3003623
3003629
3003637
3003775
3003911
3003925
3003945
3004191
3004259
3004267
3004343
3004375
3004481
3004513
3004689
3004705
3004939
3004953
3004961
3005031
3005047
3005085
3005173
3005353
3005357
3005361
3005423
3005445
3005519
3005571
3005583
3005657
3005673
3005737
3005761
3005823
3005865
3005911
3005935
3005977
3005995
3005997
3006005
3006059
3006091
3006233
3006273
3006343
3006381
3006477
3006493
3006529
3006537
3006653
3006671
3006775
3006835
3006879
3007017
3007065
3007079
3007179
3007267
3007327
3007411
3007467
3007507
3007595
3007629
3007635
3007675
3007715
3007801
3007803
3007819
3007823
3007855
3007883
3007941
3008035
3008063
3008105
3008107
3008175
3008179
3008197
3008221
3008297
3008323
3008329
3008401
3008437
3008509
3008623
3008763
3008785
3008799
3008807
3008881
3008911
3008943
3009013
3009027
3009047
3009103
3009129
3009165
3009181
3009303
3009321
3009337
3009357
3009509
3009539
3009557
3009627
3009631
3009675
3009703
3009731
3009789
3009995
3010089
3010227
3010295
3010333
3010433
3010487
3010563
3010715
3010857
3011077
3011139
3011155
3011189
3011195
3011207
3011295
3011311
3011369
3011493
3011623
3011759
3011791
3011871
3012035
3012135
3012197
3012259
3012343
3012345
3012485
3012617
3012631
3012855
3012991
3013039
3013057
3013063
3013169
3013179
3013475
3013491
3013539
3013543
3013553
3013563
3013573
3013635
3013715
3014131
3014183
3014191
3014199
3014221
3014393
3014537
3014551
3014579
3014587
3014597
3014639
3014661
3014703
3014737
3014849
3014923
3014969
3015073
3015145
3015175
3015219
3015355
3015389
3015425
3015443
3015445
3015457
3015475
3015527
3015541
3015761
3015773
3015829
3015845
3015863
3015937
3015951
3016021
3016045
3016047
3016081
3016117
3016409
3016485
3016715
3016723
3016725
3016753
3016757
3016789
3016859
3016955
3016979
3016997
3017111
3017117
3017159
3017357
3017365
3017387
3017415
3017519
3017561
3017575
3017611
3017653
3017879
3017945
3017997
3018005
3018137
3018373
3018565
3018667
3019045
3019065
3019263
3019327
3019367
3019387
3019525
3019531
3019567
3019781
3019793
3019813
3019907
3019933
3019965
3020071
3020109
3020139
3020171
3020225
3020253
3020325
3020339
3020351
3020485
3020565
3020665
3020865
3021059
3021067
3021081
3021083
3021113
3021179
3021255
3021295
3021313
3021319
3021453
3021477
3021491
3021553
3021573
3021615
3021645
3021691
3021721
3021751
3021845
3021853
3021901
3021937
3021979
3022107
3022109
3022119
3022125
3022215
3022253
3022267
3022297
3022399
3022409
3022417
3022467
3022491
3022625
3022673
3022719
3022965
3023073
3023093
3023115
3023203
3023285
3023379
3023395
3023581
3023677
3023727
3023817
3023925
3023953
3023963
3024087
3024095
3024105
3024147
3024171
3024227
3024281
3024363
3024411
3024413
3024421
3024433
3024467
3024477
3024639
3024671
3024775
3024783
3024787
3024821
3025055
3025199
3025201
3025225
3025285
3025315
3025323
3025397
3025409
3025417
3025519
3025713
3025719
3025791
3025825
3025985
3026175
3026181
3026189
3026199
3026255
3026351
3026421
3026523
3026609
3026625
3026633
3026787
3026793
3026803
3026995
3027061
3027075
3027139
3027177
3027305
3027411
3027533
3027815
3027859
3027921
3028055
3028225
3028227
3028327
3028461
3028559
3028569
3028653
3028765
3028785
3028819
3028831
3029085
3029141
3029213
3029231
3029237
3029249
3029343
3029349
3029371
3029375
3029383
3029461
3029589
3029649
3029681
3029843
3030095
3030113
3030135
3030207
3030295
3030305
3030483
3030491
3030497
3030583
3030885
3030905
3030945
3030991
3030999
3031027
3031055
3031169
3031185
3031253
3031259
3031267
3031335
3031373
3031415
3031445
3031595
3031627
3031703
3031789
3031929
3031997
3032147
3032213
3032241
3032321
3032473
3032515
3032521
3032579
3032597
3032813
3033179
3033203
3033361
3033369
3033409
3033445
3033479
3033535
3033553
3033681
3033745
3033779
3033865
3034015
3034063
3034203
3034235
3034319
3034357
3034437
3034475
3034509
3034561
3034613
3034651
3034661
3034667
3034733
3034831
3034855
3034905
3035091
3035151
3035311
3035321
3035489
3035677
3035685
3035735
3035755
3035841
3035899
3035947
3036015
3036027
3036173
3036185
3036271
3036331
3036409
3036429
3036475
3036521
3036571
3036601
3036677
3036789
3036811
3036855
3036893
3036951
3036957
3037005
3037021
3037031
3037049
3037059
3037101
3037123
3037175
3037469
3037621
3037625
3037673
3037681
3037705
3037917
3038141
3038353
3038395
3038537
3038575
3038693
3038815
3038833
3038895
3038919
3039021
3039049
3039063
3039283
3039371
3039513
3039583
3039691
3039703
3039821
3039889
3039895
3039971
3040011
3040027
3040117
3040135
3040183
3040207
3040231
3040247
3040303
3040373
3040475
3040659
3040781
3040821
3040901
3040927
3040951
3040957
3041033
3041113
3041181
3041187
3041191
3041289
3041369
3041379
3041403
3041413
3041429
3041431
3041547
3041563
3041603
3041673
3041751
3041845
3042005
3042233
3042261
3042285
3042293
3042295
3042313
3042339
3042409
3042753
3042785
3042809
3042901
3043027
3043213
3043263
3043305
3043397
3043467
3043477
3043553
3043571
3043593
3043859
3043951
3044031
3044053
3044085
3044087
3044223
3044259
3044275
3044305
3044431
3044499
3044587
3044857
3044981
3045117
3045175
3045215
3045307
3045469
3045487
3045509
3045549
3045623
3045823
3045837
3045901
3045923
3045941
3045997
3046015
3046277
3046283
3046349
3046365
3046591
3046607
3046611
3046699
3046711
3046859
3046891
3046967
3046969
3047021
3047065
3047083
3047165
3047249
3047321
3047409
3047427
3047549
3047647
3047813
3047819
3048017
3048021
3048023
3048111
3048221
3048321
3048425
3048445
3048573
3048677
3048905
3048907
3049001
3049119
3049139
3049163
3049201
3049595
3049639
3049843
3049871
3049923
3049949
3049967
3049985
3050187
3050259
3050271
3050353
3050443
3050505
3050571
3050651
3050673
3050699
3050715
3050773
3050807
3050837
3051009
3051031
3051035
3051053
3051167
3051173
3051175
3051247
3051259
3051355
3051373
3051523
3051721
3051757
3051813
3051899
3052061
3052065
3052111
3052193
3052273
3052293
3052411
3052481
3052491
3052575
3052815
3052823
3052831
3052849
3052939
3052957
3053031
3053167
3053197
3053215
3053285
3053351
3053403
3053415
3053529
3053631
3053745
3053759
3053801
3053841
3053861
3053913
3054027
3054039
3054041
3054125
3054175
3054321
3054323
3054433
3054617
3054659
3054697
3054741
3054887
3055023
3055071
3055077
3055129
3055159
3055349
3055441
3055463
3055473
3055515
3055585
3055587
3055597
3055683
3055723
3055735
3055791
3055859
3055863
3056003
3056059
3056069
3056073
3056139
3056273
3056397
3056421
3056477
3056487
3056491
3056497
3056563
3056599
3056699
3056883
3056899
3056901
3056959
3057031
3057213
3057217
3057239
3057295
3057359
3057417
3057481
3057667
3057699
3057949
3058075
3058115
3058119
3058287
3058297
3058373
3058579
3058589
3058709
3058999
3059017
3059089
3059185
3059223
3059225
3059245
3059247
3059487
3059513
3059537
3059543
3059563
3059597
3059599
3059603
3059675
3059693
3059919
3060091
3060157
3060171
3060205
3060239
3060313
3060317
3060325
3060433
3060449
3060487
3060651
3060699
3060727
3060767
3060797
3060817
3060845
3060847
3060907
3060959
3060985
3061031
3061179
3061291
3061393
3061703
3061713
3061773
3061805
3061807
3061811
3061827
3061841
3061961
3061997
3062171
3062231
3062237
3062249
3062287
3062443
3062467
3062483
3062603
3062617
3062647
3062813
3062959
3063005
3063037
3063053
3063107
3063139
3063151
3063163
3063345
3063427
3063449
3063547
3063555
3063591
3063595
3063633
3063763
3063829
3064019
3064127
3064171
3064183
3064429
3064581
3064709
3064717
3064799
3064959
3065007
3065215
3065271
3065323
3065435
3065441
3065499
3065523
3065579
3065809
3065905
3065971
3065977
3066029
3066279
3066291
3066391
3066511
3066643
3066653
3066655
3066669
3066717
3066735
3066783
3066875
3066941
3066943
3066985
3066995
3067065
3067107
3067171
3067177
3067317
3067429
3067479
3067489
3067507
3067571
3067589
3067649
3067737
3067739
3067937
3067953
3068005
3068063
3068069
3068219
3068281
3068299
3068311
3068341
3068425
3068469
3068585
3068605
3068655
3068691
3068791
3068837
3068855
3068883
3068977
3069007
3069107
3069163
3069173
3069183
3069187
3069193
3069333
3069387
3069459
3069527
3069615
3069653
3069697
3069715
3069733
3069765
3070179
3070209
3070233
3070277
3070281
3070337
3070353
3070487
3070551
3070605
3070627
3070659
3070661
3070663
3070703
3070743
3070797
3070995
3071043
3071055
3071127
3071157
3071215
3071303
3071359
3071361
3071383
3071411
3071435
3071541
3071825
3071895
3072257
3072355
3072437
3072625
3072763
3072927
3073007
3073079
3073235
3073249
3073373
3073503
3073525
3073529
3073557
3073627
3073643
3073653
3073693
3073979
3073989
3074001
3074009
3074013
3074053
3074063
3074067
3074159
3074195
3074199
3074301
3074453
3074633
3074777
3074805
3074825
3074841
3074949
3074999
3075011
3075023
3075103
3075129
3075213
3075381
3075499
3075505
3075513
3075589
3075595
3075669
3075685
3075687
3075709
3075805
3075923
3075989
3076007
3076029
3076047
3076097
3076145
3076245
3076265
3076315
3076337
3076455
3076673
3076805
3076843
3076937
3077009
3077191
3077257
3077321
3077325
3077341
3077379
3077543
3077639
3077803
3077823
3077853
3077863
3077871
3077911
3077929
3077971
3078145
3078211
3078233
3078287
3078457
3078473
3078683
3078721
3078817
3078947
3078987
3079061
3079199
3079205
3079217
3079241
3079313
3079361
3079533
3079587
3079745
3079821
3079895
3079911
3079937
3080161
3080187
3080275
3080327
3080371
3080453
3080585
3080715
3080773
3080855
3080871
3080889
3080915
3080943
3081059
3081093
3081097
3081109
3081245
3081249
3081289
3081401
3081459
3081471
3081489
3081555
3081625
3081707
3081763
3081797
3081805
3081835
3081843
3081855
3081923
3081931
3081949
3081997
3081999
3082189
3082245
3082289
3082307
3082357
3082359
3082515
3082563
3082671
3082795
3082869
3082945
3083047
3083057
3083075
3083149
3083257
3083375
3083389
3083543
3083549
3083551
3083637
3083689
3083807
3083837
3083881
3083897
3083911
3083975
3084025
3084139
3084419
3084505
3084591
3084671
3084747
3084915
3084917
3084945
3084985
3085121
3085155
3085167
3085183
3085199
3085221
3085283
3085305
3085339
3085369
3085375
3085407
3085451
3085575
3085585
3085601
3085631
3085691
3085715
3085797
3085821
3085843
3085931
3085943
3086065
3086121
3086151
3086201
3086217
3086231
3086339
3086357
3086375
3086487
3086501
3086557
3086599
3086615
3086669
3086731
3086739
3086749
3086765
3086813
3086981
3087025
3087039
3087061
3087063
3087089
3087105
3087203
3087207
3087215
3087219
3087263
3087323
3087363
3087469
3087507
3087563
3087599
3087777
3087855
3087959
3088019
3088083
3088089
3088107
3088109
3088115
3088215
3088377
3088383
3088405
3088521
3088545
3088615
3088727
3088761
3088765
3088777
3088827
3088833
3089151
3089169
3089207
3089213
3089239
3089353
3089413
3089503
3089633
3089651
3089709
3089749
3089763
3089865
3089949
3090035
3090105
3090135
3090217
3090261
3090301
3090321
3090371
3090407
3090571
3090583
3090609
3090641
3090703
3090751
3090773
3090811
3090923
3090931
3090941
3090985
3091185
3091381
3091401
3091481
3091575
3091637
3091819
3091885
3092021
3092047
3092155
3092171
3092319
3092355
3092409
3092433
3092635
3092641
3092669
3092733
3092915
3093035
3093119
3093231
3093247
3093251
3093303
3093413
3093493
3093613
3093715
3093797
3093811
3093827
3093853
3093865
3094017
3094225
3094279
3094349
3094461
3094471
3094485
3094501
3094519
3094521
3094591
3094651
3094749
3094801
3094917
3094953
3095067
3095115
3095179
3095221
3095405
3095415
3095615
3095695
3095715
3095761
3095819
3095835
3095849
3095873
3095935
3095965
3095987
3096015
3096021
3096231
3096235
3096237
3096239
3096267
3096395
3096477
3096491
3096493
3096557
3096701
3096773
3096783
3096813
3096853
3096923
3096983
3097005
3097007
3097055
3097105
3097403
3097437
3097477
3097495
3097537
3097645
3097709
3097781
3097823
3097911
3097927
3097955
3098089
3098159
3098167
3098177
3098229
3098261
3098285
3098367
3098391
3098395
3098423
3098561
3098563
3098577
3098585
3098863
3098915
3098917
3098983
3099029
3099039
3099173
3099309
3099339
3099377
3099383
3099499
3099503
3099621
3099671
3099673
3099743
3099775
3099887
3099961
3100013
3100265
3100343
3100539
3100607
3100641
3100687
3100901
3100943
3101019
3101025
3101129
3101169
3101263
3101285
3101445
3101569
3101649
3101675
3102003
3102043
3102083
3102139
3102149
3102165
3102233
3102263
3102283
3102543
3102621
3102755
3102959
3103377
3103403
3103405
3103409
3103435
3103453
3103523
3103551
3103651
3103683
3103703
3103791
3103797
3103841
3103989
3104003
3104099
3104109
3104171
3104199
3104251
3104425
3104453
3104459
3104487
3104507
3104565
3104617
3104631
3104679
3104803
3104859
3104927
3104967
3105003
3105013
3105045
3105127
3105207
3105261
3105317
3105415
3105423
3105469
3105531
3105583
3105657
3105699
3105855
3105891
3105899
3105967
3105975
3106015
3106131
3106139
3106161
3106229
3106517
3106519
3106521
3106561
3106667
3106883
3106967
3107069
3107077
3107081
3107175
3107237
3107265
3107283
3107461
3107493
3107591
3107649
3107683
3107685
3107725
3107769
3107783
3107941
3107963
3107977
3108017
3108085
3108211
3108225
3108285
3108339
3108351
3108413
3108419
3108455
3108493
3108553
3108685
3108735
3108745
3108837
3108903
3108939
3109009
3109015
3109081
3109117
3109133
3109309
3109353
3109411
3109419
3109507
3109697
3109741
3109761
3109783
3109787
3109791
3109845
3109917
3110039
3110097
3110303
3110349
3110495
3110639
3110649
3110685
3110747
3110811
3110851
3110899
3110911
3111037
3111117
3111135
3111191
3111195
3111279
3111337
3111405
3111411
3111421
3111483
3111485
3111537
3111583
3111757
3111817
3111875
3111883
3111987
3112039
3112061
3112105
3112311
3112329
3112355
3112437
3112483
3112523
3112651
3112657
3112757
3112947
3112961
3113013
3113037
3113095
3113143
3113155
3113209
3113255
3113303
3113319
3113431
3113463
3113489
3113503
3113699
3113783
3113887
3113903
3113973
3114223
3114255
3114307
3114347
3114371
3114377
3114387
3114415
3114441
3114453
3114731
3114749
3114761
3114775
3114829
3114849
3114921
3114935
3114985
3115095
3115111
3115153
3115167
3115169
3115239
3115249
3115359
3115433
3115443
3115447
3115467
3115533
3115615
3115649
3115935
3115985
3116059
3116129
3116179
3116191
3116255
3116259
3116269
3116355
3116403
3116445
3116581
3116703
3116731
3116755
3116805
3116857
3116885
3116977
3116999
3117013
3117109
3117195
3117257
3117347
3117421
3117597
3117669
3117677
3117695
3117715
3117725
3117771
3117967
3117969
3118049
3118091
3118103
3118115
3118125
3118253
3118257
3118261
3118281
3118341
3118381
3118399
3118557
3118637
3118867
3118899
3118909
3118913
3118927
3118933
3119029
3119039
3119231
3119247
3119283
3119287
3119293
3119301
3119319
3119343
3119413
3119419
3119461
3119825
3119847
3119871
3119895
3119939
3119947
3120043
3120053
3120075
3120115
3120127
3120293
3120339
3120443
3120503
3120565
3120591
3120699
3120821
3120845
3120927
3120937
3120963
3120969
3120985
3121015
3121047
3121077
3121113
3121151
3121193
3121257
3121277
3121447
3121451
3121467
3121531
3121595
3121639
3121641
3121679
3121855
3122001
3122135
3122267
3122495
3122525
3122625
3122663
3122723
3122737
3122791
3122857
3122907
3122995
3123013
3123069
3123165
3123217
3123231
3123233
3123303
3123359
3123373
3123461
3123497
3123619
3123787
3123823
3123837
3123897
3124013
3124047
3124169
3124203
3124219
3124349
3124407
3124451
3124525
3124635
3124785
3124963
3124993
3125187
3125205
3125503
3125543
3125545
3125559
3125749
3126003
3126117
3126141
3126223
3126403
3126419
3126467
3126633
3126641
3126687
3126895
3126973
3126995
3127037
3127143
3127189
3127281
3127377
3127581
3127665
3127877
3127971
3128021
3128043
3128091
3128233
3128251
3128303
3128451
3128467
3128643
3128779
3128807
3128843
3128897
3128911
3128955
3129001
3129013
3129079
3129137
3129187
3129227
3129295
3129313
3129495
3129515
3129611
3129833
3130079
3130179
3130231
3130247
3130323
3130375
3130377
3130427
3130445
3130491
3130561
3130567
3130621
3130659
3130719
3130793
3130813
3130821
3130961
3131039
3131131
3131267
3131465
3131517
3131525
3131571
3131711
3131729
3131773
3131777
3131821
3131905
3131913
3131925
3131957
3131961
3131995
3132023
3132141
3132223
3132241
3132259
3132397
3132521
3132523
3132599
3132637
3132647
3132725
3132741
3132745
3132841
3132903
3132935
3132943
3132963
3132989
3133003
3133159
3133203
3133209
3133219
3133253
3133271
3133277
3133333
3133335
3133441
3133537
3133683
3133695
3133713
3133719
3133723
3133731
3133889
3133903
3133971
3133973
3133989
3134021
3134079
3134127
3134203
3134273
3134361
3134373
3134399
3134501
3134631
3134669
3134693
3134805
3134859
3134863
3134905
3134945
3134969
3135051
3135181
3135197
3135267
3135449
3135561
3135585
3135609
3135639
3135643
3135877
3135975
3136093
3136203
3136235
3136237
3136257
3136499
3136507
3136583
3136597
3136677
3136713
3136755
3136809
3136907
3136923
3136937
3136947
3137041
3137171
3137211
3137221
3137303
3137315
3137469
3137545
3137551
3137575
3137749
3137785
3137997
3138073
3138117
3138135
3138327
3138437
3138725
3138737
3138829
3138873
3138895
3138953
3139001
3139005
3139011
3139071
3139081
3139097
3139311
3139533
3139567
3139583
3139665
3139667
3139689
3139707
3139737
3139877
3140027
3140055
3140091
3140283
3140307
3140365
3140399
3140435
3140437
3140581
3140623
3140741
3140785
3140871
3140913
3141047
3141049
3141145
3141275
3141333
3141347
3141383
3141483
3141603
3141629
3141685
3141773
3141787
3141853
3141891
3141997
3142029
3142095
3142249
3142433
3142485
3142549
3142575
3142777
3142805
3142811
3142915
3143005
3143027
3143083
3143091
3143097
3143225
3143263
3143457
3143523
3143545
3143549
3143617
3143655
3143699
3143739
3143741
3143755
3143773
3143777
3143787
3143875
3143893
3143935
3143967
3143977
3143999
3144085
3144087
3144133
3144183
3144343
3144553
3144605
3144769
3144839
3144899
3145067
3145097
3145135
3145299
3145359
3145409
3145417
3145565
3145621
3145947
3145979
3145985
3146063
3146089
3146189
3146199
3146221
3146233
3146249
3146313
3146527
3146529
3146535
3146567
3146579
3146647
3146689
3146703
3146737
3146759
3146785
3146853
3146933
3147103
3147111
3147163
3147271
3147277
3147381
3147465
3147527
3147549
3147591
3147655
3147671
3147687
3147731
3147783
3147891
3147893
3147931
3147965
3148189
3148293
3148427
3148523
3148571
3148611
3148685
3148727
3148731
3148933
3149023
3149145
3149171
3149275
3149277
3149313
3149405
3149439
3149477
3149499
3149649
3149907
3149999
3150039
3150081
3150141
3150177
3150247
3150269
3150401
3150439
3150461
3150679
3150697
3150845
3150859
3150913
3150939
3151129
3151195
3151233
3151271
3151295
3151329
3151345
3151379
3151481
3151565
3151601
3151653
3151677
3151697
3151941
3152113
3152159
3152289
3152303
3152333
3152401
3152405
3152605
3152609
3152635
3152789
3152935
3153079
3153105
3153117
3153121
3153173
3153183
3153191
3153219
3153233
3153249
3153293
3153351
3153379
3153477
3153541
3153583
3153623
3153659
3153675
3153757
3153759
3153865
3153899
3153957
3153963
3154055
3154117
3154399
3154447
3154451
3154493
3154501
3154533
3154595
3154613
3154725
3154829
3154869
3154935
3155119
3155313
3155335
3155403
3155409
3155439
3155495
3155661
3155917
3155931
3155951
3155971
3155995
3156033
3156039
3156145
3156257
3156283
3156297
3156331
3156363
3156373
3156379
3156393
3156395
3156547
3156635
3156649
3156739
3156743
3156821
3156843
3156901
3156933
3156999
3157041
3157227
3157315
3157633
3157749
3157829
3157831
3157893
3157965
3158129
3158315
3158411
3158429
3158483
3158535
3158731
3158871
3158929
3158985
3159109
3159131
3159237
3159435
3159453
3159461
3159491
3159721
3159761
3159777
3159783
3159787
3159797
3159839
3159857
3159911
3159921
3160001
3160007
3160073
3160131
3160147
3160163
3160167
3160177
3160199
3160201
3160229
3160239
3160355
3160375
3160401
3160653
3160793
3160831
3160921
3160925
3160989
3161003
3161151
3161207
3161329
3161473
3161489
3161607
3161609
3161639
3161661
3161705
3161725
3161839
3161921
3161941
3162195
3162287
3162359
3162371
3162559
3162579
3162707
3162949
3163033
3163109
3163123
3163217
3163253
3163261
3163373
3163417
3163531
3163669
3163671
3163785
3163885
3164153
3164157
3164171
3164215
3164247
3164481
3164505
3164515
3164541
3164587
3164641
3164647
3164649
3164721
3164723
3164729
3164749
3164831
3164859
3164905
3164913
3164949
3164969
3164975
3165013
3165209
3165217
3165313
3165391
3165451
3165501
3165745
3165749
3165767
3165773
3166045
3166071
3166109
3166145
3166165
3166203
3166295
3166323
3166333
3166411
3166473
3166621
3166645
3166959
3167075
3167103
3167169
3167205
3167213
3167255
3167319
3167343
3167473
3167477
3167529
3167537
3167639
3167743
3167865
3167885
3167891
3167905
3167977
3168011
3168295
3168333
3168337
3168373
3168435
3168579
3168691
3168781
3168813
3168817
3168949
3168979
3168985
3169005
3169055
3169081
3169161
3169291
3169417
3169421
3169563
3169589
3169613
3169637
3169707
3169727
3169903
3170169
3170189
3170409
3170427
3170493
3170501
3170521
3170525
3170551
3170589
3170635
3170683
3170715
3170807
3170817
3170829
3170945
3171067
3171155
3171181
3171195
3171217
3171291
3171367
3171403
3171469
3171479
3171537
3171623
3171743
3171809
3171901
3171993
3172001
3172045
3172073
3172085
3172143
3172199
3172255
3172275
3172329
3172397
3172489
3172563
3172595
3172651
3172667
3172749
3172783
3172789
3172953
3172977
3172985
3173023
3173055
3173097
3173103
3173135
3173159
3173201
3173205
3173297
3173473
3173531
3173559
3173565
3173611
3173647
3173703
3173847
3173889
3173911
3173913
3173969
3174029
3174189
3174221
3174335
3174425
3174463
3174567
3174677
3174715
3174833
3174913
3174939
3174979
3175021
3175133
3175173
3175185
3175279
3175281
3175339
3175367
3175391
3175525
3175557
3175569
3175625
3175659
3175701
3175793
3175845
3175969
3176063
3176067
3176083
3176097
3176107
3176135
3176471
3176477
3176531
3176533
3176543
3176605
3176733
3176775
3176909
3176917
3177033
3177219
3177303
3177379
3177397
3177415
3177467
3177491
3177513
3177527
3177537
3177625
3177697
3177711
3177727
3177795
3177919
3177929
3177997
3178009
3178029
3178157
3178249
3178253
3178605
3178663
3178667
3178719
3178805
3178809
3178847
3178949
3179063
3179167
3179197
3179337
3179439
3179513
3179557
3179665
3179907
3179919
3180193
3180243
3180265
3180353
3180485
3180535
3180557
3180619
3180749
3180909
3180971
3180991
3181005
3181065
3181075
3181247
3181299
3181311
3181573
3181679
3181721
3181751
3181833
3181879
3181957
3181963
3182011
3182083
3182121
3182179
3182203
3182271
3182279
3182447
3182529
3182535
3182545
3182579
3182627
3182689
3182729
3182829
3182919
3182961
3182981
3182985
3182997
3183061
3183119
3183149
3183223
3183249
3183359
3183431
3183555
3183563
3183725
3183775
3183791
3183805
3183941
3184123
3184133
3184143
3184145
3184295
3184381
3184503
3184527
3184549
3184603
3184731
3184869
3184873
3184891
3184993
3185017
3185039
3185181
3185301
3185365
3185369
3185409
3185419
3185433
3185443
3185519
3185585
3185691
3185733
3185903
3185925
3185973
3186091
3186101
3186163
3186241
3186367
3186487
3186507
3186561
3186673
3186705
3186725
3186737
3186741
3186827
3186971
3186991
3187043
3187065
3187257
3187267
3187337
3187359
3187395
3187413
3187427
3187509
3187529
3187561
3187577
3187721
3187791
3187825
3187909
3187971
3188001
3188083
3188147
3188183
3188189
3188249
3188261
3188267
3188271
3188329
3188349
3188553
3188697
3188703
3188707
3188737
3188775
3188795
3188987
3189059
3189127
3189161
3189177
3189329
3189403
3189575
3189581
3189653
3189745
3189755
3189789
3189831
3189859
3190103
3190145
3190165
3190173
3190179
3190307
3190395
3190403
3190451
3190533
3190559
3190851
3190871
3190913
3190971
3191003
3191093
3191143
3191195
3191287
3191293
3191437
3191455
3191639
3191697
3191851
3191873
3191875
3191907
3191917
3191941
3191987
3192053
3192147
3192209
3192223
3192229
3192303
3192349
3192357
3192377
3192429
3192601
3192627
3192659
3192705
3192753
3192773
3192805
3193007
3193063
3193069
3193133
3193289
3193419
3193505
3193517
3193567
3193571
3193719
3193729
3193739
3193743
3193757
3193805
3193879
3193917
3193927
3193993
3194021
3194097
3194151
3194195
3194269
3194363
3194437
3194461
3194745
3194749
3194775
3194881
3194915
3194963
3194977
3195023
3195047
3195065
3195089
3195205
3195227
3195261
3195287
3195373
3195435
3195439
3195591
3195649
3195773
3195777
3195847
3195849
3195903
3195943
3195985
3196015
3196123
3196225
3196485
3196513
3196525
3196641
3196811
3196851
3196951
3196997
3197025
3197049
3197081
3197113
3197249
3197265
3197335
3197387
3197447
3197493
3197521
3197597
3197615
3197719
3197725
3197785
3197835
3197839
3197867
3197927
3198009
3198053
3198163
3198183
3198209
3198431
3198589
3198669
3198675
3198813
3198919
3198927
3198955
3198959
3199055
3199125
3199213
3199215
3199231
3199265
3199463
3199695
3199793
3199835
3199857
3200111
3200159
3200195
3200277
3200323
3200513
3200529
3200551
3200595
3200637
3200843
3200865
3200983
3200989
3201001
3201041
3201123
3201145
3201199
3201235
3201269
3201279
3201309
3201339
3201383
3201567
3201623
3201639
3201675
3201773
3201857
3201883
3201909
3201945
3202041
3202125
3202165
3202213
3202275
3202335
3202359
3202369
3202519
3202529
3202807
3202903
3202913
3203037
3203077
3203205
3203221
3203279
3203317
3203319
3203457
3203501
3203575
3203627
3203707
3203789
3203799
3204045
3204057
3204073
3204315
3204409
3204459
3204515
3204739
3204771
3204799
3204847
3204865
3204977
3205123
3205189
3205225
3205251
3205285
3205329
3205343
3205555
3205687
3205737
3205769
3205827
3205867
3205903
3205983
3206069
3206167
3206173
3206221
3206389
3206507
3206599
3206651
3206667
3206817
3206915
3206943
3207037
3207085
3207097
3207125
3207301
3207313
3207353
3207387
3207419
3207463
3207511
3207571
3207595
3207767
3207779
3207899
3207975
3208119
3208181
3208243
3208325
3208369
3208397
3208535
3208551
3208563
3208719
3208731
3208747
3208759
3208803
3208825
3208869
3208957
3208967
3208975
3209027
3209357
3209461
3209471
3209503
3209595
3209609
3209619
3209645
3209713
3209743
3209871
3209955
3209981
3210121
3210151
3210407
3210457
3210537
3210553
3210585
3210635
3210673
3210695
3210859
3211125
3211307
3211309
3211429
3211575
3211581
3211679
3211765
3211807
3211847
3211859
3211903
3211911
3211913
3212011
3212015
3212167
3212301
3212331
3212389
3212403
3212469
3212579
3212599
3212681
3212713
3212991
3213063
3213071
3213077
3213157
3213287
3213295
3213315
3213401
3213441
3213463
3213489
3213637
3213659
3213775
3213801
3213839
3213861
3213913
3213969
3214045
3214077
3214177
3214195
3214203
3214253
3214271
3214303
3214417
3214461
3214559
3214567
3214617
3214681
3214763
3214859
3214961
3214981
3215067
3215103
3215137
3215175
3215309
3215383
3215427
3215461
3215647
3215653
3215695
3215713
3215791
3215841
3215843
3216041
3216109
3216279
3216487
3216541
3216599
3216623
3216633
3216675
3216869
3216925
3216935
3216941
3217041
3217191
3217257
3217289
3217481
3217571
3217583
3217587
3217671
3217757
3217793
3217893
3217921
3217943
3218073
3218143
3218163
3218185
3218201
3218239
3218339
3218357
3218579
3218593
3218749
3218799
3218869
3218919
3218947
3218961
3219027
3219029
3219121
3219143
3219147
3219247
3219261
3219271
3219283
3219387
3219407
3219537
3219553
3219565
3219595
3219599
3219813
3219829
3219883
3219981
3220027
3220199
3220221
3220253
3220325
3220341
3220377
3220515
3220561
3220581
3220749
3220755
3220759
3220773
3220957
3220981
3221079
3221183
3221205
3221209
3221271
3221373
3221407
3221441
3221511
3221551
3221629
3221709
3221749
3221779
3221811
3221815
3221953
3221973
3222059
3222071
3222137
3222327
3222355
3222423
3222443
3222491
3222499
3222741
3222815
3222933
3223011
3223063
3223093
3223113
3223145
3223211
3223235
3223261
3223281
3223303
3223421
3223577
3223617
3223633
3223711
3223741
3223821
3223857
3223931
3223949
3224069
3224091
3224145
3224237
3224251
3224503
3224507
3224527
3224579
3224611
3224627
3224753
3224927
3224933
3224937
3224959
3224977
3225035
3225141
3225193
3225217
3225249
3225293
3225329
3225343
3225409
3225427
3225429
3225503
3225523
3225549
3225599
3225725
3225751
3225821
3225829
3225913
3225973
3226011
3226013
3226059
3226113
3226229
3226243
3226273
3226311
3226513
3226537
3226621
3226687
3226841
3226959
3227105
3227117
3227203
3227341
3227345
3227351
3227395
3227513
3227579
3227617
3227657
3227767
3227829
3227863
3227931
3228155
3228311
3228339
3228491
3228505
3228693
3228777
3228799
3228835
3228863
3229017
3229071
3229131
3229167
3229271
3229297
3229327
3229351
3229405
3229417
3229505
3229565
3229611
3229623
3229707
3229719
3229809
3230001
3230035
3230073
3230093
3230095
3230133
3230307
3230567
3230607
3230625
3230685
3230761
3230803
3230909
3231093
3231215
3231305
3231445
3231447
3231625
3231789
3231899
3231981
3231991
3232011
3232035
3232121
3232343
3232381
3232429
3232437
3232441
3232457
3232519
3232589
3232703
3232801
3232891
3232999
3233017
3233049
3233115
3233161
3233173
3233175
3233285
3233333
3233355
3233365
3233367
3233513
3233631
3233687
3233829
3233845
3233881
3233953
3233991
3234021
3234151
3234203
3234263
3234325
3234441
3234483
3234491
3234593
3234757
3234787
3234835
3235007
3235031
3235045
3235049
3235057
3235159
3235167
3235169
3235333
3235369
3235419
3235489
3235503
3235557
3235683
3235691
3235855
3235871
3236119
3236123
3236137
3236373
3236429
3236475
3236503
3236513
3236561
3236583
3236607
3236797
3236805
3237055
3237171
3237221
3237267
3237269
3237385
3237411
3237461
3237559
3237635
3237675
3237705
3237825
3237831
3237847
3238025
3238127
3238137
3238231
3238349
3238359
3238439
3238447
3238541
3238579
3238605
3238639
3238717
3238787
3238809
3238845
3238933
3238965
3239025
3239033
3239125
3239171
3239217
3239299
3239325
3239535
3239649
3239655
3239741
3239795
3239839
3239875
3239909
3239951
3239983
3240001
3240091
3240229
3240475
3240565
3240583
3240611
3240615
3240733
3240741
3240771
3240881
3240961
3240963
3241047
3241065
3241119
3241133
3241171
3241247
3241261
3241295
3241417
3241441
3241471
3241577
3241675
3241733
3241741
3241789
3241799
3241875
3241895
3241925
3241951
3241969
3242007
3242111
3242117
3242121
3242233
3242421
3242529
3242547
3242581
3242703
3242713
3242807
3242833
3242881
3242929
3243039
3243041
3243057
3243087
3243201
3243317
3243319
3243387
3243413
3243601
3243683
3243687
3243715
3243719
3243791
3243851
3243857
3243931
3244259
3244315
3244363
3244427
3244461
3244613
3244689
3244791
3244811
3244883
3244955
3245055
3245097
3245127
3245265
3245321
3245353
3245401
3245405
3245461
3245563
3245587
3245643
3245655
3245749
3245977
3246041
3246173
3246347
3246363
3246373
3246475
3246479
3246485
3246493
3246541
3246567
3246643
3246649
3246731
3246789
3246903
3247197
3247219
3247251
3247355
3247359
3247365
3247367
3247445
3247461
3247537
3247551
3247557
3247575
3247693
3247889
3247933
3247935
3247953
3247997
3248001
3248037
3248055
3248101
3248177
3248221
3248321
3248323
3248389
3248627
3248631
3248701
3248847
3248909
3248965
3248991
3249037
3249105
3249119
3249129
3249139
3249153
3249199
3249249
3249301
3249339
3249421
3249585
3249689
3249715
3249767
3249877
3249983
3250161
3250243
3250285
3250463
3250557
3250581
3250611
3250729
3250735
3250765
3250815
3250885
3250943
3250979
3251073
3251131
3251173
3251175
3251207
3251237
3251333
3251551
3251555
3251599
3251623
3251659
3251805
3251923
3251961
3251991
3252019
3252021
3252123
3252177
3252263
3252281
3252399
3252423
3252489
3252567
3252707
3252847
3252893
3252907
3252927
3252993
3253003
3253115
3253199
3253261
3253395
3253413
3253513
3253769
3253771
3253815
3253867
3254193
3254209
3254303
3254471
3254561
3254587
3254603
3254689
3254749
3254879
3255085
3255089
3255137
3255143
3255293
3255313
3255319
3255343
3255521
3255529
3255531
3255551
3255601
3255607
3256007
3256059
3256073
3256133
3256137
3256155
3256211
3256261
3256339
3256355
3256527
3256691
3256943
3256957
3256981
3257007
3257289
3257293
3257357
3257449
3257609
3257687
3257705
3257789
3257841
3257963
3258013
3258031
3258119
3258273
3258305
3258337
3258519
3258547
3258583
3258587
3258605
3258615
3258737
3258893
3258973
3259005
3259151
3259157
3259209
3259237
3259373
3259429
3259579
3259753
3259769
3259807
3259809
3259893
3259929
3260013
3260037
3260117
3260155
3260203
3260229
3260253
3260299
3260305
3260327
3260413
3260447
3260459
3260515
3260545
3260553
3260739
3260769
3260785
3260871
3260911
3260981
3261375
3261445
3261457
3261481
3261501
3261525
3261601
3261699
3261751
3261941
3262023
3262085
3262103
3262245
3262251
3262407
3262441
3262635
3262725
3262771
3262971
3263285
3263615
3263663
3263715
3263813
3263879
3263927
3263935
3263989
3264023
3264249
3264479
3264513
3264519
3264607
3264717
3264741
3264743
3264789
3264809
3264825
3264885
3265019
3265025
3265043
3265093
3265123
3265209
3265297
3265319
3265403
3265465
3265505
3265601
3265623
3265651
3265673
3265731
3265807
3265809
3265933
3265967
3265995
3266069
3266191
3266307
3266421
3266457
3266491
3266529
3266601
3266831
3266855
3266945
3266955
3266985
3267049
3267227
3267229
3267247
3267389
3267633
3267657
3267705
3267779
3267783
3267795
3267871
3267877
3267887
3267897
3268103
3268107
3268131
3268323
3268341
3268375
3268505
3268507
3268537
3268577
3268641
3268669
3268681
3268727
3268791
3268887
3268933
3268995
3269095
3269129
3269259
3269303
3269387
3269399
3269503
3269547
3269665
3269701
3269713
3269715
3269755
3269857
3269905
3269961
3270101
3270281
3270363
3270367
3270373
3270611
3270653
3270667
3270731
3270745
3270751
3270799
3270815
3270819
3270827
3270855
3270893
3270915
3270921
3271001
3271083
3271099
3271137
3271175
3271365
3271393
3271599
3271621
3271647
3271655
3271675
3271687
3271773
3271793
3271823
3271859
3271875
3271923
3272119
3272127
3272157
3272187
3272223
3272255
3272393
3272413
3272463
3272585
3272595
3272607
3272675
3272875
3272877
3272909
3272951
3273005
3273061
3273373
3273383
3273409
3273419
3273423
3273455
3273517
3273627
3273693
3273717
3273757
3273785
3273905
3273907
3273921
3273923
3273927
3273941
3273945
3273965
3274039
3274167
3274243
3274245
3274273
3274285
3274311
3274347
3274447
3274543
3274561
3274591
3274609
3274629
3274727
3274749
3274759
3274795
3274881
3274901
3274931
3274995
3275207
3275221
3275253
3275301
3275305
3275367
3275407
3275575
3275669
3275873
3275965
3276065
3276111
3276149
3276181
3276237
3276295
3276393
3276427
3276457
3276491
3276595
3276693
3276795
3276839
3277105
3277181
3277199
3277301
3277365
3277527
3277643
3277719
3277759
3277811
3277865
3277881
3277969
3277989
3278013
3278027
3278185
3278219
3278287
3278371
3278423
3278559
3278565
3278587
3278637
3278649
3278715
3278763
3278867
3278907
3278977
3278985
3278993
3279035
3279075
3279091
3279145
3279403
3279409
3279467
3279521
3279555
3279609
3279791
3279811
3279915
3279925
3279959
3279965
3279969
3280005
3280037
3280139
3280199
3280253
3280299
3280345
3280459
3280519
3280543
3280553
3280573
3280599
3280627
3280631
3280693
3280961
3280975
3281033
3281047
3281049
3281139
3281299
3281353
3281475
3281591
3281611
3281643
3281785
3281909
3282099
3282203
3282333
3282345
3282437
3282459
3282465
3282479
3282555
3282839
3282899
3282977
3282981
3283101
3283251
3283371
3283391
3283427
3283555
3283583
3283591
3283605
3283801
3283865
3283877
3283897
3284123
3284203
3284265
3284335
3284393
3284429
3284501
3284593
3284631
3284641
3284801
3284949
3284955
3284977
3284999
3285049
3285271
3285307
3285309
3285333
3285443
3285531
3285559
3285579
3285589
3285619
3285631
3285707
3285725
3285821
3285973
3286095
3286107
3286135
3286267
3286269
3286303
3286451
3286463
3286475
3286575
3286695
3286839
3286847
3286919
3287029
3287111
3287269
3287395
3287459
3287477
3287607
3287691
3287745
3287807
3287833
3287889
3288027
3288141
3288181
3288199
3288209
3288353
3288469
3288537
3288553
3288655
3288825
3288853
3288963
3288977
3289049
3289079
3289133
3289169
3289237
3289335
3289383
3289429
3289611
3289619
3289629
3289675
3289755
3289787
3289815
3289843
3289865
3289911
3290043
3290071
3290151
3290215
3290327
3290375
3290563
3290579
3290605
3290633
3290663
3290687
3290723
3290741
3290761
3290813
3290839
3290861
3291099
3291123
3291323
3291381
3291413
3291435
3291437
3291457
3291461
3291505
3291577
3291689
3291763
3291799
3291807
3291873
3291925
3292051
3292109
3292241
3292273
3292279
3292435
3292503
3292543
3292665
3292681
3292769
3292789
3292793
3292801
3292803
3292811
3292861
3292909
3292997
3293041
3293159
3293255
3293561
3293599
3293649
3293709
3293775
3293873
3293921
3293967
3293997
3294083
3294111
3294117
3294199
3294223
3294283
3294289
3294351
3294537
3294641
3294645
3294699
3294701
3294791
3294793
3294815
3294943
3294975
3295029
3295053
3295139
3295165
3295241
3295243
3295311
3295405
3295539
3295623
3295831
3295867
3295877
3295897
3295919
3295947
3296017
3296147
3296343
3296357
3296481
3296617
3296649
3296761
3296821
3296829
3296869
3296983
3296989
3296991
3297313
3297395
3297433
3297439
3297493
3297525
3297559
3297599
3297685
3297699
3297757
3297819
3297845
3297899
3297905
3298011
3298027
3298035
3298057
3298093
3298253
3298403
3298417
3298461
3298697
3298887
3298917
3299045
3299105
3299171
3299185
3299309
3299931
3299975
3299989
3300011
3300049
3300059
3300063
3300117
3300119
3300123
3300217
3300291
3300401
3300433
3300447
3300679
3300695
3300699
3300775
3300789
3300817
3300831
3300863
3300879
3300931
3300943
3301129
3301245
3301413
3301601
3301633
3301697
3301849
3302083
3302087
3302181
3302203
3302247
3302303
3302339
3302355
3302375
3302483
3302553
3302581
3302627
3302847
3302887
3302961
3303021
3303051
3303061
3303211
3303311
3303415
3303527
3303547
3303759
3303777
3303845
3303873
3303907
3303915
3303917
3303985
3304061
3304101
3304161
3304241
3304269
3304409
3304417
3304433
3304483
3304583
3304689
3304717
3304769
3304795
3304957
3304997
3305181
3305283
3305315
3305339
3305403
3305491
3305545
3305589
3305639
3305661
3305763
3305833
3305879
3305913
3306043
3306045
3306101
3306127
3306161
3306277
3306369
3306477
3306575
3306659
3306691
3306777
3306831
3306843
3307007
3307025
3307057
3307217
3307221
3307227
3307239
3307253
3307661
3307789
3307821
3307889
3307937
3308067
3308173
3308275
3308313
3308381
3308403
3308427
3308433
3308463
3308467
3308657
3308665
3308731
3308749
3308889
3308903
3308959
3309101
3309107
3309139
3309275
3309341
3309349
3309507
3309605
3309647
3309699
3309811
3309831
3309899
3309905
3309923
3309969
3310041
3310121
3310341
3310437
3310459
3310481
3310615
3310697
3310721
3310783
3310815
3310839
3310847
3310941
3311045
3311105
3311117
3311183
3311215
3311233
3311301
3311347
3311531
3311553
3311569
3311611
3311633
3311653
3311703
3311821
3311875
3311911
3311933
3311955
3311971
3312003
3312075
3312135
3312149
3312175
3312187
3312255
3312281
3312315
3312535
3312577
3312579
3312669
3312683
3312757
3312783
3312801
3312847
3312907
3313143
3313369
3313437
3313541
3313555
3313557
3313815
3313881
3314067
3314069
3314137
3314155
3314175
3314217
3314275
3314361
3314477
3314487
3314507
3314511
3314539
3314585
3314637
3314655
3314671
3314695
3314743
3314755
3314779
3314857
3314919
3315051
3315295
3315399
3315413
3315503
3315509
3315639
3315649
3315773
3315787
3315813
3315845
3315881
3315929
3315977
3315995
3316115
3316125
3316197
3316243
3316339
3316483
3316677
3316769
3316809
3316833
3316953
3316985
3317017
3317197
3317211
3317417
3317481
3317497
3317577
3317771
3317799
3317813
3317815
3317829
3317867
3317955
3317961
3317993
3317995
3318021
3318035
3318047
3318117
3318127
3318173
3318215
3318317
3318323
3318377
3318387
3318595
3318625
3318663
3318795
3318833
3318859
3318877
3318879
3318985
3319039
3319109
3319143
3319235
3319337
3319353
3319413
3319425
3319459
3319461
3319541
3319547
3319567
3319587
3319593
3319625
3319653
3319695
3319763
3319799
3319821
3319921
3319965
3320219
3320275
3320313
3320331
3320335
3320529
3320603
3320623
3320671
3320699
3320711
3320779
3320807
3321139
3321147
3321489
3321501
3321527
3321673
3321685
3321705
3321729
3321783
3321921
3322033
3322099
3322163
3322213
3322215
3322225
3322275
3322345
3322353
3322391
3322451
3322459
3322611
3322637
3322691
3322733
3322861
3322977
3323037
3323137
3323247
3323313
3323329
3323353
3323415
3323429
3323493
3323533
3323605
3323621
3323635
3323707
3323805
3323895
3323935
3324079
3324151
3324225
3324397
3324591
3324601
3324615
3324627
3324637
3324665
3324677
3324683
3324821
3324879
3324909
3324925
3324965
3324983
3325171
3325207
3325345
3325505
3325527
3325543
3325629
3325937
3326167
3326217
3326221
3326297
3326409
3326439
3326469
3326477
3326553
3326557
3326633
3326711
3326761
3326833
3327087
3327091
3327117
3327183
3327237
3327269
3327303
3327315
3327327
3327383
3327571
3327685
3327693
3327703
3327715
3327723
3327893
3327989
3328035
3328061
3328067
3328085
3328225
3328253
3328355
3328405
3328417
3328491
3328531
3328549
3328579
3328677
3328699
3328789
3328917
3328919
3328937
3328941
3329045
3329051
3329073
3329101
3329611
3329651
3329683
3329695
3329697
3329721
3329907
3329927
3329957
3329995
3330119
3330145
3330157
3330183
3330241
3330325
3330471
3330503
3330557
3330569
3330595
3330633
3330677
3330777
3330845
3330847
3330869
3330941
3330953
3331061
3331131
3331135
3331139
3331179
3331183
3331411
3331447
3331449
3331483
3331505
3331519
3331539
3331643
3331669
3331723
3331729
3331803
3332015
3332069
3332085
3332091
3332145
3332147
3332173
3332181
3332185
3332233
3332237
3332263
3332321
3332331
3332339
3332359
3332367
3332529
3332615
3332769
3332981
3333057
3333299
3333355
3333469
3333535
3333705
3333955
3333977
3333999
3334063
3334131
3334205
3334249
3334307
3334311
3334321
3334375
3334435
3334501
3334669
3334671
3334693
3334725
3334799
3334819
3334981
3334997
3335033
3335053
3335069
3335141
3335155
3335243
3335309
3335321
3335395
3335463
3335501
3335575
3335629
3335755
3335919
3335929
3335931
3335949
3335975
3336009
3336027
3336053
3336071
3336085
3336133
3336159
3336203
3336229
3336241
3336317
3336465
3336499
3336521
3336545
3336709
3336717
3336757
3336881
3336913
3336941
3337029
3337113
3337135
3337147
3337151
3337223
3337261
3337285
3337295
3337303
3337413
3337473
3337481
3337497
3337501
3337529
3337581
3337735
3337793
3337843
3337889
3338001
3338099
3338109
3338149
3338193
3338201
3338217
3338317
3338343
3338367
3338423
3338473
3338511
3338651
3338675
3338701
3338723
3338787
3338913
3338947
3338963
3339071
3339201
3339247
3339273
3339333
3339417
3339445
3339457
3339731
3339843
3339941
3339961
3340057
3340061
3340107
3340221
3340317
3340329
3340367
3340399
3340427
3340485
3340539
3340633
3340885
3341029
3341055
3341157
3341183
3341323
3341363
3341555
3341589
3341591
3341607
3341633
3341649
3341813
3341829
3341981
3342053
3342235
3342285
3342297
3342333
3342571
3342613
3342635
3342711
3342715
3342721
3342733
3342991
3343001
3343003
3343051
3343087
3343153
3343251
3343309
3343393
3343423
3343511
3343605
3343625
3343801
3343827
3343981
3343991
3343993
3344201
3344343
3344387
3344405
3344451
3344465
3344533
3344535
3344565
3344619
3344745
3344827
3344843
3344861
3344983
3345023
3345085
3345181
3345235
3345263
3345287
3345295
3345379
3345419
3345423
3345625
3345653
3345693
3345707
3345761
3345789
3345795
3345811
3346023
3346037
3346135
3346139
3346461
3346467
3346615
3346623
3346785
3346859
3346883
3346977
3346991
3347007
3347051
3347081
3347089
3347269
3347431
3347447
3347517
3347573
3347615
3347681
3347689
3347701
3347723
3347763
3347765
3347951
3347967
3347987
3348045
3348069
3348101
3348125
3348135
3348139
3348153
3348277
3348279
3348299
3348331
3348357
3348449
3348453
3348595
3348629
3348649
3348715
3348733
3348749
3348793
3348843
3348861
3348915
3348931
3348951
3348987
3349011
3349049
3349211
3349265
3349337
3349597
3349633
3349647
3349669
3349945
3349971
3350003
3350049
3350077
3350155
3350207
3350363
3350385
3350409
3350589
3350613
3350647
3350709
3350721
3350849
3350873
3350927
3350975
3350995
3351119
3351149
3351167
3351179
3351243
3351271
3351277
3351307
3351353
3351371
3351385
3351631
3351691
3351835
3351843
3351935
3351939
3352087
3352137
3352199
3352211
3352303
3352401
3352427
3352449
3352461
3352499
3352503
3352691
3352697
3352803
3352899
3352941
3353119
3353219
3353289
3353337
3353377
3353513
3353605
3353619
3353717
3353825
3353925
3354057
3354063
3354163
3354201
3354221
3354263
3354297
3354535
3354545
3354559
3354563
3354601
3354663
3354671
3354697
3354709
3354809
3354867
3354889
3354903
3355009
3355051
3355199
3355289
3355295
3355441
3355609
3355621
3355671
3355741
3355807
3356023
3356059
3356105
3356161
3356165
3356235
3356261
3356271
3356323
3356417
3356575
3356601
3356619
3356649
3356691
3356753
3356959
3357009
3357365
3357395
3357423
3357531
3357561
3357619
3357649
3357681
3357713
3357777
3357781
3357793
3357853
3357933
3357981
3358035
3358065
3358125
3358227
3358261
3358295
3358311
3358577
3358661
3358833
3358857
3358889
3359063
3359083
3359183
3359409
3359599
3359621
3359661
3359741
3359751
3359825
3359875
3359971
3359987
3360045
3360091
3360187
3360409
3360453
3360509
3360543
3360571
3360609
3360633
3360665
3360843
3360865
3360943
3361003
3361037
3361055
3361067
3361131
3361237
3361297
3361421
3361459
3361511
3361549
3361633
3361649
3361659
3361735
3361805
3361809
3361917
3362029
3362061
3362095
3362257
3362309
3362317
3362349
3362367
3362393
3362505
3362705
3362717
3362769
3362781
3362843
3362941
3362977
3363029
3363043
3363071
3363157
3363197
3363213
3363363
3363413
3363629
3363683
3363769
3363825
3363919
3363959
3364033
3364061
3364065
3364117
3364171
3364185
3364261
3364343
3364349
3364477
3364517
3364579
3364633
3364699
3364741
3364749
3364889
3364971
3365025
3365197
3365287
3365315
3365407
3365469
3365497
3365583
3365623
3365671
3365679
3365739
3365903
3365931
3366101
3366147
3366165
3366209
3366241
3366347
3366397
3366487
3366521
3366637
3366677
3366785
3366817
3366829
3366983
3367241
3367251
3367253
3367349
3367379
3367445
3367517
3367551
3367559
3367807
3367833
3367981
3368021
3368033
3368083
3368145
3368155
3368205
3368341
3368365
3368449
3368507
3368575
3368589
3368623
3368797
3368871
3368911
3369021
3369117
3369191
3369361
3369511
3369583
3369677
3369683
3369765
3369793
3369809
3369813
3369833
3369877
3369991
3370003
3370013
3370023
3370119
3370341
3370369
3370459
3370631
3370643
3370715
3370717
3370723
3370741
3370825
3371077
3371247
3371345
3371443
3371477
3371487
3371505
3371517
3371753
3371759
3371819
3371925
3371935
3371979
3372009
3372051
3372061
3372075
3372091
3372107
3372139
3372191
3372207
3372325
3372409
3372497
3372571
3372685
3372721
3372743
3372749
3372803
3372889
3372931
3373071
3373073
3373157
3373251
3373265
3373377
3373449
3373657
3373853
3374005
3374031
3374061
3374157
3374255
3374387
3374411
3374477
3374501
3374589
3374603
3374645
3374791
3374873
3374881
3374885
3375059
3375225
3375291
3375359
3375381
3375467
3375471
3375517
3375561
3375595
3375617
3375629
3375809
3376047
3376177
3376207
3376377
3376487
3376517
3376583
3376641
3376643
3376803
3377063
3377069
3377087
3377167
3377243
3377429
3377545
3377577
3377587
3377613
3377625
3377839
3377927
3377931
3378097
3378131
3378175
3378437
3378585
3378691
3378805
3378873
3378891
3378905
3378955
3379005
3379061
3379099
3379123
3379167
3379185
3379187
3379199
3379295
3379315
3379381
3379385
3379397
3379459
3379469
3379545
3379553
3379649
3379709
3379769
3379853
3379895
3379911
3379957
3380155
3380239
3380247
3380285
3380357
3380475
3380607
3380653
3380673
3380685
3380763
3380779
3380837
3380845
3380945
3380985
3381007
3381117
3381127
3381173
3381177
3381193
3381367
3381373
3381629
3381657
3381839
3381881
3381975
3382121
3382193
3382225
3382269
3382353
3382427
3382447
3382511
3382523
3382571
3382623
3382685
3382689
3382843
3382891
3382919
3382933
3383197
3383227
3383303
3383339
3383513
3383549
3383551
3383707
3383731
3383807
3383905
3383989
3384099
3384139
3384189
3384251
3384273
3384309
3384325
3384465
3384533
3384549
3384595
3384709
3384817
3384831
3384833
3384877
3384925
3384935
3385027
3385093
3385207
3385375
3385395
3385483
3385531
3385533
3385677
3385697
3385881
3385883
3385895
3386019
3386087
3386165
3386239
3386341
3386379
3386525
3386575
3386667
3386887
3387049
3387151
3387155
3387161
3387361
3387409
3387419
3387505
3387535
3387591
3387769
3387851
3387861
3387887
3388117
3388127
3388189
3388237
3388243
3388251
3388293
3388361
3388513
3388523
3388587
3388599
3388601
3388823
3388871
3388951
3388965
3389021
3389101
3389123
3389131
3389361
3389585
3389591
3389621
3389697
3389741
3389809
3390063
3390167
3390203
3390249
3390415
3390437
3390517
3390673
3390689
3390725
3390755
3390761
3390955
3390963
3391067
3391125
3391177
3391223
3391341
3391415
3391503
3391589
3391623
3391709
3391731
3391739
3391857
3391891
3391917
3392063
3392089
3392169
3392343
3392419
3392465
3392507
3392669
3392769
3392813
3392867
3392895
3392925
3392989
3393045
3393055
3393143
3393217
3393253
3393277
3393485
3393487
3393521
3393595
3393607
3393721
3393811
3393815
3393873
3393907
3393917
3394035
3394051
3394059
3394127
3394215
3394217
3394227
3394247
3394403
3394433
3394499
3394573
3394587
3394601
3394641
3394705
3394767
3394913
3394975
3395181
3395191
3395205
3395327
3395335
3395345
3395411
3395489
3395493
3395555
3395583
3395617
3395631
3395739
3395911
3395973
3395975
3395995
3396027
3396063
3396091
3396143
3396177
3396343
3396357
3396415
3396469
3396521
3396525
3396591
3396611
3396911
3396957
3396999
3397047
3397099
3397129
3397137
3397231
3397257
3397295
3397535
3397551
3397691
3397701
3397733
3397743
3397747
3397835
3397849
3398047
3398169
3398187
3398205
3398209
3398273
3398297
3398313
3398401
3398433
3398445
3398549
3398573
3398681
3398721
3398775
3398839
3398933
3398999
3399039
3399149
3399157
3399177
3399321
3399375
3399419
3399543
3399619
3399629
3399639
3399643
3399693
3399699
3399735
3399759
3399777
3399803
3399885
3399935
3399997
3400087
3400201
3400325
3400531
3400533
3400535
3400863
3400879
3400901
3401075
3401245
3401411
3401437
3401623
3401717
3401743
3401803
3401985
3402037
3402067
3402107
3402253
3402381
3402747
3402751
3402765
3402809
3402943
3402965
3403139
3403159
3403205
3403239
3403311
3403329
3403443
3403447
3403449
3403523
3403589
3403673
3403757
3403867
3403877
3403911
3404079
3404149
3404395
3404467
3404495
3404501
3404643
3404669
3404703
3404723
3404841
3404855
3404863
3404877
3404989
3405131
3405149
3405249
3405257
3405309
3405353
3405393
3405405
3405463
3405555
3405595
3405635
3405693
3405851
3405867
3405875
3405897
3405963
3405979
3406017
3406023
3406035
3406037
3406047
3406111
3406199
3406245
3406253
3406423
3406439
3406511
3406529
3406545
3406649
3406839
3406849
3406873
3406935
3406953
3406999
3407051
3407183
3407301
3407317
3407405
3407489
3407693
3407711
3407969
3408181
3408191
3408281
3408325
3408451
3408489
3408491
3408563
3408609
3408623
3408767
3408925
3408947
3409153
3409313
3409349
3409393
3409509
3409571
3409685
3409705
3409757
3409777
3409925
3409929
3409935
3410043
3410155
3410291
3410305
3410315
3410415
3410421
3410425
3410567
3410607
3410609
3410655
3410779
3410851
3410891
3410957
3411117
3411135
3411313
3411357
3411409
3411425
3411495
3411519
3411597
3411611
3411631
3411697
3411699
3411777
3411861
3411985
3412019
3412051
3412099
3412103
3412109
3412125
3412209
3412227
3412255
3412367
3412401
3412417
3412487
3412543
3412545
3412575
3412663
3412707
3412773
3412835
3412841
3412971
3412993
3413025
3413049
3413131
3413215
3413437
3413621
3413657
3413777
3413809
3413855
3413889
3413899
3413901
3413907
3413979
3414041
3414111
3414159
3414171
3414183
3414195
3414301
3414341
3414367
3414457
3414475
3414505
3414515
3414535
3414601
3414681
3414885
3414899
3414907
3415029
3415155
3415309
3415385
3415417
3415605
3415723
3415799
3415891
3416115
3416121
3416143
3416173
3416239
3416325
3416567
3416639
3416701
3416741
3416801
3416813
3416837
3416893
3416921
3416997
3417009
3417149
3417413
3417421
3417463
3417513
3417543
3417547
3417551
3417615
3417657
3417685
3417691
3417727
3417745
3417855
3418045
3418059
3418127
3418329
3418441
3418461
3418609
3418791
3418879
3418919
3418921
3418937
3418963
3419013
3419045
3419049
3419085
3419089
3419171
3419277
3419279
3419291
3419321
3419345
3419433
3419437
3419497
3419853
3419935
3419991
3420013
3420041
3420181
3420229
3420301
3420371
3420419
3420435
3420499
3420535
3420585
3420689
3420743
3420815
3420861
3420999
3421101
3421151
3421203
3421213
3421225
3421313
3421375
3421399
3421431
3421467
3421603
3421605
3421667
3421743
3421853
3421941
3422089
3422099
3422117
3422161
3422241
3422261
3422271
3422283
3422463
3422573
3422657
3422905
3422907
3422929
3423141
3423203
3423371
3423389
3423407
3423439
3423487
3423621
3423701
3423871
3423893
3424003
3424341
3424351
3424473
3424475
3424623
3424683
3424699
3424709
3424763
3424815
3424861
3425075
3425237
3425365
3425499
3425541
3425643
3425695
3425717
3425725
3425763
3425775
3425821
3425869
3425927
3425987
3426013
3426035
3426137
3426153
3426219
3426345
3426487
3426517
3426525
3426529
3426537
3426601
3426629
3426755
3426899
3426997
3427007
3427013
3427033
3427053
3427105
3427111
3427131
3427181
3427183
3427219
3427237
3427265
3427325
3427397
3427509
3427681
3427691
3427775
3427785
3427861
3427873
3427879
3427889
3428027
3428085
3428143
3428175
3428205
3428239
3428275
3428287
3428345
3428375
3428401
3428447
3428529
3428597
3428651
3428731
3428831
3428837
3428915
3429009
3429123
3429203
3429209
3429255
3429299
3429311
3429491
3429575
3429593
3429623
3429673
3429923
3430031
3430085
3430113
3430225
3430237
3430271
3430297
3430381
3430477
3430519
3430543
3430549
3430595
3430601
3430639
3430685
3430689
3430711
3430861
3431081
3431179
3431191
3431293
3431373
3431379
3431397
3431627
3431645
3431689
3431703
3431825
3431965
3432053
3432307
3432349
3432411
3432727
3432731
3432823
3432985
3433145
3433207
3433225
3433329
3433371
3433385
3433433
3433567
3433633
3433645
3433793
3433799
3433813
3433905
3433909
3433999
3434055
3434099
3434193
3434195
3434345
3434361
3434381
3434441
3434497
3434523
3434597
3434609
3434641
3434671
3434677
3434939
3434951
3435043
3435163
3435189
3435313
3435413
3435503
3435543
3435549
3435587
3435645
3435705
3435745
3435787
3435845
3435991
3436027
3436177
3436249
3436281
3436327
3436359
3436469
3436475
3436569
3436603
3436613
3436637
3436705
3436913
3436939
3436987
3437199
3437207
3437313
3437333
3437393
3437403
3437421
3437469
3437587
3437695
3437737
3437763
3437827
3437831
3437889
3437909
3438097
3438377
3438409
3438447
3438593
3438687
3438691
3438739
3438751
3438917
3439009
3439111
3439121
3439153
3439231
3439235
3439249
3439313
3439339
3439353
3439607
3439701
3439871
3439873
3439895
3439949
3440169
3440191
3440235
3440259
3440263
3440287
3440307
3440375
3440427
3440515
3440591
3440969
3440979
3441001
3441173
3441319
3441601
3441619
3441785
3441815
3441891
3442039
3442149
3442175
3442215
3442223
3442249
3442301
3442363
3442429
3442547
3442567
3442603
3442619
3442649
3442739
3442781
3442939
3443005
3443203
3443309
3443363
3443471
3443497
3443535
3443553
3443667
3443681
3443705
3443755
3443829
3443853
3443883
3443919
3444049
3444065
3444079
3444081
3444235
3444273
3444517
3444559
3444569
3444603
3444677
3444751
3444755
3444825
3444847
3444875
3444887
3444907
3444911
3444993
3444999
3445037
3445133
3445141
3445207
3445259
3445329
3445493
3445541
3445547
3445553
3445561
3445699
3445733
3445781
3445797
3445825
3445827
3445843
3445857
3445861
3445863
3445929
3445933
3445957
3446009
3446095
3446243
3446247
3446337
3446489
3446513
3446781
3446903
3446933
3446961
3446969
3446971
3447113
3447157
3447185
3447211
3447233
3447293
3447341
3447347
3447393
3447485
3447489
3447525
3447557
3447597
3447599
3447669
3447679
3447957
3447963
3448057
3448061
3448091
3448127
3448391
3448431
3448515
3448549
3448617
3448659
3448705
3448849
3448927
3448975
3449019
3449249
3449281
3449291
3449367
3449427
3449443
3449537
3449593
3449599
3449633
3449757
3449815
3450039
3450145
3450181
3450267
3450365
3450393
3450401
3450531
3450545
3450629
3450635
3450715
3450743
3450837
3450943
3451017
3451055
3451081
3451107
3451139
3451173
3451243
3451345
3451439
3451449
3451477
3451607
3451809
3451811
3451989
3452013
3452107
3452141
3452197
3452231
3452243
3452267
3452283
3452289
3452411
3452467
3452471
3452495
3452731
3452823
3452859
3452957
3452995
3453017
3453065
3453185
3453209
3453229
3453299
3453319
3453355
3453411
3453437
3453661
3453773
3453865
3453965
3454007
3454013
3454197
3454281
3454315
3454349
3454597
3454657
3454853
3454903
3454915
3455055
3455165
3455167
3455211
3455317
3455345
3455359
3455363
3455429
3455531
3455665
3455691
3455715
3455829
3455883
3455951
3455953
3455965
3455995
3456061
3456145
3456171
3456199
3456291
3456317
3456319
3456347
3456397
3456471
3456541
3456557
3456597
3456709
3456715
3456731
3456779
3456807
3456897
3457041
3457057
3457097
3457187
3457227
3457249
3457415
3457601
3457655
3457677
3457685
3457747
3457791
3457955
3457985
3458059
3458183
3458217
3458229
3458401
3458463
3458611
3458631
3458643
3458883
3458955
3458991
3459143
3459165
3459217
3459257
3459381
3459699
3459737
3459843
3459975
3459993
3460087
3460131
3460461
3460497
3460563
3460663
3460875
3461007
3461129
3461147
3461263
3461265
3461457
3461493
3461539
3461565
3461683
3461705
3461757
3461793
3461897
3461909
3462059
3462109
3462197
3462317
3462375
3462379
3462413
3462447
3462475
3462495
3462523
3462539
3462853
3462859
3462929
3462935
3463101
3463203
3463235
3463321
3463665
3463673
3463719
3463805
3463879
3463943
3464015
3464067
3464151
3464153
3464211
3464237
3464265
3464301
3464447
3464465
3464531
3464751
3464867
3464951
3464975
3464987
3464993
3465037
3465065
3465129
3465171
3465363
3465409
3465505
3465517
3465621
3465641
3465655
3465691
3465751
3465837
3465909
3465923
3466043
3466053
3466283
3466313
3466317
3466351
3466571
3466645
3466699
3466721
3466747
3466861
3467071
3467115
3467183
3467205
3467251
3467347
3467503
3467853
3467863
3467919
3468067
3468103
3468105
3468109
3468257
3468341
3468373
3468393
3468415
3468435
3468439
3468499
3468597
3468685
3468719
3468743
3468879
3468939
3468995
3469169
3469173
3469205
3469215
3469261
3469313
3469383
3469425
3469459
3469461
3469499
3469509
3469527
3469589
3469775
3469809
3469873
3470131
3470177
3470249
3470267
3470493
3470541
3470611
3470639
3470683
3470741
3470861
3470871
3470879
3470913
3470919
3471127
3471157
3471159
3471211
3471233
3471255
3471271
3471307
3471315
3471323
3471361
3471383
3471437
3471543
3471581
3471609
3471719
3471763
3471793
3471797
3471839
3471899
3471945
3472051
3472183
3472211
3472235
3472285
3472377
3472403
3472417
3472751
3472777
3472803
3472953
3473001
3473015
3473213
3473215
3473345
3473381
3473455
3473485
3473511
3473649
3473691
3473847
3473917
3474017
3474239
3474281
3474361
3474369
3474433
3474509
3474707
3474723
3474775
3474855
3475085
3475113
3475121
3475193
3475251
3475333
3475349
3475403
3475549
3475623
3475711
3475715
3475875
3475899
3475979
3476055
3476185
3476221
3476253
3476265
3476297
3476357
3476359
3476471
3476613
3476663
3476671
3476699
3476733
3476925
3476977
3477039
3477053
3477067
3477173
3477219
3477283
3477303
3477391
3477463
3477487
3477565
3477627
3477649
3477671
3477789
3477831
3477863
3477945
3477973
3478027
3478033
3478047
3478085
3478197
3478229
3478257
3478451
3478519
3478577
3478713
3478719
3478777
3478843
3478917
3478963
3478987
3479167
3479201
3479289
3479307
3479363
3479369
3479401
3479495
3479499
3479509
3479563
3479571
3479695
3479753
3479827
3479947
3479961
3480045
3480081
3480281
3480401
3480435
3480463
3480615
3480663
3480725
3480833
3481043
3481045
3481131
3481209
3481235
3481237
3481295
3481303
3481361
3481487
3481643
3481693
3481747
3481751
3481757
3481917
3481947
3482111
3482121
3482135
3482191
3482207
3482263
3482331
3482395
3482507
3482647
3482913
3482955
3482993
3482997
3483099
3483149
3483309
3483313
3483329
3483343
3483549
3483565
3483615
3483681
3483707
3483779
3483815
3483975
3484127
3484143
3484223
3484385
3484387
3484439
3484455
3484463
3484517
3484721
3484909
3484925
3484985
3485003
3485031
3485137
3485145
3485301
3485357
3485405
3485439
3485445
3485483
3485541
3485563
3485591
3485645
3485743
3485791
3485853
3485863
3485947
3486213
3486253
3486333
3486399
3486415
3486565
3486593
3486629
3486709
3486883
3486957
3487163
3487235
3487305
3487427
3487431
3487467
3487495
3487509
3487535
3487637
3487657
3487793
3487847
3488079
3488235
3488315
3488495
3488525
3488537
3488551
3488569
3488595
3488617
3488665
3488711
3488799
3488821
3488919
3488929
3489065
3489069
3489149
3489161
3489171
3489381
3489495
3489777
3489787
3489851
3489891
3490125
3490195
3490421
3490451
3490473
3490491
3490699
3490703
3490877
3491149
3491183
3491255
3491401
3491441
3491499
3491573
3491607
3491613
3491661
3491691
3491821
3491903
3492011
3492035
3492059
3492121
3492153
3492163
3492225
3492291
3492373
3492539
3492541
3492561
3492565
3492823
3492881
3492971
3493013
3493297
3493343
3493499
3493611
3493623
3493667
3493725
3493743
3493769
3493781
3493979
3494055
3494191
3494199
3494219
3494243
3494393
3494411
3494421
3494425
3494447
3494517
3494543
3494551
3494553
3494571
3494679
3494933
3494999
3495205
3495233
3495271
3495285
3495341
3495373
3495449
3495503
3495535
3495571
3495651
3495725
3495743
3495747
3495921
3496003
3496015
3496061
3496073
3496101
3496159
3496161
3496189
3496239
3496241
3496329
3496379
3496429
3496597
3496771
3496847
3496871
3496889
3497097
3497115
3497143
3497213
3497287
3497325
3497337
3497357
3497439
3497475
3497529
3497539
3497653
3497673
3497707
3497719
3497737
3497795
3497799
3497893
3497911
3497915
3498035
3498067
3498085
3498177
3498307
3498309
3498389
3498407
3498419
3498555
3498617
3498789
3498831
3498959
3498991
3499005
3499011
3499463
3499531
3499659
3499703
3499777
3499831
3499851
3499879
3499897
3499921
3500037
3500099
3500105
3500109
3500137
3500197
3500239
3500257
3500457
3500515
3500575
3500683
3500795
3500889
3500933
3500937
3501025
3501289
3501307
3501313
3501319
3501333
3501345
3501393
3501477
3501531
3501579
3501687
3501925
3501935
3501987
3502067
3502093
3502149
3502167
3502233
3502303
3502319
3502335
3502507
3502569
3502835
3502861
3502957
3503123
3503147
3503153
3503327
3503337
3503433
3503469
3503575
3503643
3503693
3503737
3503799
3503995
3504143
3504215
3504297
3504391
3504417
3504439
3504613
3504715
3504761
3504833
3504955
3504995
3505063
3505069
3505089
3505127
3505131
3505203
3505339
3505499
3505579
3505613
3505709
3505883
3506047
3506077
3506253
3506449
3506503
3506623
3506669
3506737
3506775
3506783
3506823
3506909
3506953
3506965
3506977
3507019
3507021
3507123
3507125
3507213
3507235
3507273
3507323
3507329
3507335
3507387
3507419
3507459
3507719
3507729
3507745
3507835
3507961
3508113
3508275
3508395
3508481
3508543
3508745
3508817
3508841
3508885
3508911
3509045
3509071
3509191
3509213
3509289
3509611
3509657
3509675
3509743
3509755
3509767
3509891
3509895
3509897
3509939
3509947
3509949
3510137
3510289
3510461
3510745
3510951
3511071
3511109
3511111
3511169
3511197
3511417
3511479
3511487
3511497
3511529
3511795
3511811
3511819
3512061
3512105
3512135
3512403
3512515
3512687
3512843
3512909
3512913
3512995
3513247
3513269
3513283
3513293
3513335
3513429
3513463
3513495
3513531
3513575
3513617
3513647
3513699
3513765
3513935
3513949
3514155
3514177
3514205
3514285
3514297
3514337
3514385
3514399
3514483
3514713
3514757
3514803
3515191
3515195
3515321
3515523
3515573
3515661
3515751
3515765
3515853
3515955
3516069
3516087
3516139
3516235
3516237
3516403
3516475
3516573
3516649
3516797
3516807
3516939
3516983
3517033
3517187
3517237
3517241
3517361
3517373
3517387
3517453
3517583
3517597
3517669
3517785
3517957
3517973
3517987
3518019
3518165
3518203
3518297
3518349
3518431
3518471
3518587
3518639
3518797
3518879
3518907
3518959
3518973
3518991
3519031
3519145
3519199
3519279
3519333
3519345
3519365
3519489
3519575
3519631
3519729
3519767
3519845
3519853
3520083
3520137
3520147
3520191
3520275
3520291
3520331
3520383
3520417
3520445
3520447
3520529
3520561
3520705
3520725
3520893
3520977
3521035
3521105
3521111
3521215
3521235
3521505
3521519
3521567
3521597
3521667
3521671
3521683
3521697
3521783
3521801
3521863
3521949
3521981
3522093
3522131
3522179
3522233
3522237
3522255
3522661
3522773
3522831
3522875
3523011
3523069
3523113
3523233
3523265
3523367
3523575
3523715
3523769
3523831
3523837
3523841
3523873
3524239
3524403
3524463
3524555
3524581
3524587
3524645
3524691
3524707
3524713
3524787
3524809
3524821
3524979
3525063
3525087
3525091
3525147
3525189
3525321
3525359
3525575
3525619
3525635
3525669
3525717
3525809
3525839
3526049
3526119
3526241
3526253
3526387
3526495
3526631
3526689
3526723
3526733
3526899
3526907
3526923
3526979
3526985
3527009
3527113
3527215
3527273
3527275
3527279
3527281
3527395
3527409
3527505
3527525
3527551
3527655
3527667
3527777
3527817
3527837
3527853
3527999
3528003
3528169
3528231
3528237
3528255
3528263
3528301
3528321
3528457
3528459
3528579
3528667
3528859
3528867
3528913
3528969
3529125
3529137
3529155
3529167
3529173
3529225
3529231
3529295
3529471
3529615
3529635
3529645
3529693
3529789
3529799
3529837
3530111
3530143
3530201
3530215
3530217
3530307
3530315
3530377
3530413
3530441
3530493
3530577
3530881
3530999
3531135
3531173
3531183
3531193
3531215
3531293
3531361
3531389
3531435
3531515
3531559
3531569
3531575
3531783
3531801
3531819
3531845
3531995
3532005
3532007
3532057
3532083
3532093
3532121
3532149
3532207
3532395
3532587
3532627
3532665
3532747
3532783
3532881
3533141
3533193
3533337
3533621
3533687
3533739
3533775
3533817
3533869
3533957
3534007
3534081
3534097
3534187
3534267
3534301
3534323
3534389
3534437
3534465
3534509
3534527
3534621
3534897
3534957
3535033
3535127
3535153
3535187
3535241
3535347
3535461
3535487
3535535
3535541
3535661
3535919
3535957
3536061
3536147
3536227
3536249
3536257
3536345
3536405
3536415
3536427
3536663
3536699
3536809
3536855
3536907
3537143
3537175
3537195
3537217
3537239
3537313
3537347
3537399
3537429
3537445
3537553
3537577
3537585
3537731
3537735
3537781
3537815
3537917
3537979
3538091
3538137
3538175
3538181
3538195
3538231
3538301
3538343
3538397
3538419
3538487
3538517
3538597
3538651
3538695
3538713
3538733
3538759
3538813
3538829
3538865
3538899
3538941
3538963
3538987
3539061
3539143
3539147
3539277
3539309
3539321
3539327
3539517
3539621
3539651
3539733
3539785
3539813
3539869
3539923
3539999
3540091
3540187
3540201
3540305
3540317
3540327
3540341
3540365
3540411
3540429
3540527
3540541
3540623
3540695
3540697
3540731
3540795
3540797
3540831
3540895
3540901
3541069
3541093
3541121
3541147
3541223
3541301
3541305
3541317
3541627
3541699
3541721
3541833
3541981
3542215
3542229
3542235
3542267
3542353
3542423
3542867
3542999
3543007
3543155
3543159
3543239
3543317
3543371
3543383
3543419
3543447
3543453
3543517
3543565
3543627
3543767
3543863
3543871
3543993
3544193
3544215
3544277
3544389
3544409
3544415
3544499
3544513
3544543
3544557
3544683
3544775
3544799
3544815
3544863
3544959
3545015
3545021
3545059
3545147
3545153
3545229
3545291
3545355
3545461
3545483
3545521
3545593
3545601
3545679
3545697
3545745
3545973
3546011
3546055
3546211
3546217
3546259
3546435
3546491
3546509
3546587
3546609
3546621
3546665
3546831
3546881
3547047
3547079
3547305
3547603
3547631
3547705
3547791
3547819
3547937
3547951
3548007
3548107
3548167
3548199
3548201
3548235
3548325
3548371
3548379
3548393
3548449
3548527
3548697
3548805
3548997
3549039
3549045
3549059
3549097
3549107
3549145
3549265
3549401
3549621
3549629
3549697
3549837
3549861
3549887
3549927
3550007
3550033
3550035
3550071
3550113
3550237
3550279
3550403
3550555
3550761
3550873
3550955
3551095
3551181
3551255
3551377
3551391
3551451
3551455
3551521
3551547
3551585
3551633
3551741
3551839
3551863
3551975
3552003
3552043
3552143
3552213
3552303
3552319
3552423
3552435
3552505
3552521
3552569
3552643
3552689
3552739
3552855
3552925
3553013
3553029
3553079
3553135
3553151
3553185
3553233
3553437
3553525
3553581
3553591
3553691
3553715
3553753
3553807
3553915
3553989
3554097
3554127
3554297
3554321
3554359
3554365
3554377
3554509
3554525
3554589
3554629
3554653
3554685
3554753
3554771
3554813
3554903
3554965
3555027
3555041
3555099
3555153
3555165
3555233
3555237
3555273
3555417
3555433
3555473
3555477
3555583
3555827
3555887
3556005
3556093
3556101
3556119
3556161
3556173
3556377
3556445
3556541
3556623
3556699
3556709
3556713
3556801
3556917
3556931
3556961
3556983
3556993
3557131
3557189
3557219
3557223
3557319
3557361
3557459
3557501
3557547
3557549
3557597
3557759
3557851
3557889
3557899
3557973
3557989
3558111
3558185
3558207
3558287
3558337
3558361
3558369
3558429
3558433
3558533
3558563
3558643
3558689
3558757
3558779
3558783
3558823
3558927
3558941
3559021
3559031
3559075
3559111
3559209
3559231
3559315
3559359
3559479
3559481
3559509
3559591
3559785
3559973
3559985
3560045
3560087
3560095
3560185
3560231
3560235
3560245
3560287
3560477
3560479
3560507
3560529
3560539
3560611
3560723
3560833
3560835
3560841
3560887
3560893
3560895
3560999
3561099
3561137
3561153
3561197
3561237
3561275
3561285
3561295
3561377
3561449
3561465
3561613
3561775
3561817
3561835
3561881
3562025
3562163
3562181
3562231
3562357
3562373
3562399
3562449
3562451
3562625
3562675
3562677
3562767
3562869
3562951
3562961
3563001
3563029
3563145
3563151
3563177
3563201
3563281
3563301
3563407
3563465
3563511
3563521
3563665
3563671
3563685
3563741
3563921
3563945
3563959
3563965
3563997
3563999
3564017
3564021
3564033
3564039
3564077
3564109
3564129
3564195
3564225
3564313
3564329
3564373
3564513
3564585
3564657
3564663
3564701
3564721
3564803
3564849
3565017
3565031
3565111
3565141
3565161
3565511
3565537
3565617
3565677
3565721
3565731
3565767
3565867
3565957
3565985
3565993
3566009
3566015
3566083
3566197
3566201
3566211
3566293
3566297
3566361
3566389
3566459
3566511
3566517
3566545
3566647
3566667
3566749
3566861
3566913
3567041
3567045
3567057
3567115
3567265
3567279
3567465
3567467
3567473
3567509
3567579
3567587
3567599
3567673
3567699
3567739
3567789
3567851
3567869
3568019
3568039
3568071
3568177
3568237
3568275
3568291
3568315
3568433
3568463
3568465
3568557
3568617
3568647
3568657
3568669
3568715
3568733
3568807
3568813
3568855
3568861
3569049
3569053
3569155
3569243
3569323
3569429
3569459
3569517
3569561
3569815
3569881
3569951
3569955
3569961
3569999
3570059
3570157
3570177
3570361
3570461
3570587
3570681
3570839
3570925
3571047
3571109
3571181
3571281
3571539
3571547
3571561
3571631
3571641
3571703
3571735
3571747
3571917
3571943
3571967
3572091
3572151
3572257
3572269
3572333
3572351
3572373
3572589
3572613
3572645
3572825
3572859
3572873
3572899
3572939
3572963
3573163
3573201
3573251
3573283
3573339
3573383
3573453
3573621
3573695
3573697
3573755
3573807
3573915
3574121
3574197
3574245
3574253
3574343
3574413
3574551
3574603
3574607
3574613
3574751
3574755
3574791
3574805
3574843
3574871
3574967
3574971
3575003
3575477
3575653
3575661
3575695
3575723
3575755
3575759
3575867
3575879
3576117
3576147
3576205
3576219
3576333
3576363
3576375
3576637
3576679
3576767
3576773
3576777
3576857
3576879
3576951
3576981
3576985
3577007
3577053
3577133
3577167
3577387
3577399
3577453
3577521
3577571
3577717
3577805
3577827
3577927
3577989
3578167
3578175
3578193
3578207
3578221
3578225
3578409
3578475
3578527
3578531
3578611
3578723
3578729
3578819
3578873
3578939
3578943
3579025
3579089
3579097
3579213
3579397
3579489
3579507
3579583
3579591
3579615
3579725
3579791
3579829
3579845
3579859
3579861
3579919
3579967
3580109
3580123
3580149
3580283
3580299
3580303
3580439
3580669
3580707
3580935
3580971
3581033
3581117
3581209
3581215
3581313
3581347
3581391
3581425
3581473
3581547
3581603
3581653
3581719
3581747
3581781
3581823
3581833
3581871
3581931
3581991
3582015
3582025
3582069
3582099
3582135
3582245
3582413
3582433
3582439
3582451
3582611
3582795
3582839
3582851
3583089
3583133
3583193
3583253
3583275
3583327
3583369
3583511
3583615
3583667
3583689
3583753
3583765
3583961
3584021
3584235
3584305
3584375
3584381
3584445
3584455
3584525
3584591
3584627
3584649
3584707
3584735
3584797
3584843
3584893
3584897
3585019
3585151
3585159
3585231
3585257
3585309
3585325
3585331
3585343
3585533
3585607
3585645
3585727
3585805
3585905
3585933
3585993
3586017
3586053
3586059
3586081
3586083
3586123
3586187
3586243
3586301
3586435
3586549
3586623
3586661
3586687
3586701
3586763
3587055
3587065
3587087
3587159
3587207
3587307
3587521
3587563
3587581
3587639
3587651
3587765
3587809
3587843
3587859
3587977
3588005
3588059
3588115
3588133
3588141
3588171
3588203
3588225
3588477
3588529
3588651
3588669
3588769
3588829
3588965
3589111
3589189
3589253
3589287
3589421
3589471
3589499
3589585
3589691
3589741
3589825
3589881
3589961
3590185
3590223
3590261
3590379
3590431
3590447
3590553
3590671
3590717
3590909
3590983
3591093
3591145
3591191
3591207
3591221
3591271
3591313
3591325
3591433
3591437
3591569
3591675
3591677
3591749
3591775
3591813
3591889
3591905
3591971
3591981
3591997
3592057
3592075
3592137
3592165
3592175
3592213
3592227
3592337
3592341
3592389
3592417
3592453
3592493
3592553
3592585
3592621
3592689
3592691
3592983
3593117
3593149
3593179
3593267
3593269
3593329
3593361
3593485
3593567
3593623
3593655
3593705
3593709
3593745
3593987
3594243
3594285
3594287
3594291
3594327
3594343
3594353
3594565
3594603
3594687
3594723
3594829
3594863
3594911
3594921
3595031
3595057
3595103
3595279
3595343
3595385
3595407
3595463
3595491
3595495
3595609
3595643
3595765
3595803
3595821
3595871
3595911
3595987
3596033
3596135
3596209
3596249
3596279
3596301
3596347
3596351
3596355
3596395
3596407
3596451
3596527
3596555
3596581
3596677
3596833
3596857
3596967
3597099
3597139
3597163
3597237
3597271
3597331
3597359
3597573
3597673
3597681
3597821
3597845
3597885
3597919
3597949
3597981
3598035
3598043
3598179
3598211
3598253
3598341
3598353
3598399
3598491
3598495
3598521
3598533
3598653
3598705
3598721
3598781
3598783
3598819
3598869
3598987
3599015
3599093
3599145
3599207
3599309
3599461
3599493
3599523
3599569
3599695
3599785
3599837
3599849
3600079
3600119
3600169
3600173
3600281
3600371
3600385
3600471
3600617
3600727
3600763
3600863
3600945
3600955
3601249
3601359
3601367
3601413
3601433
3601567
3601633
3601641
3601767
3601937
3602025
3602033
3602161
3602195
3602217
3602253
3602285
3602401
3602425
3602497
3602501
3602543
3602551
3602759
3602767
3602807
3602907
3602981
3603001
3603017
3603191
3603223
3603297
3603309
3603373
3603387
3603399
3603405
3603429
3603441
3603455
3603539
3603541
3603565
3603581
3603583
3603621
3603633
3603687
3603709
3603803
3603841
3603949
3603951
3604155
3604165
3604175
3604191
3604253
3604315
3604479
3604579
3604595
3604615
3604677
3604725
3604741
3604809
3604823
3604913
3605101
3605151
3605261
3605271
3605289
3605299
3605319
3605399
3605499
3605527
3605637
3605711
3606067
3606099
3606137
3606153
3606187
3606231
3606295
3606339
3606433
3606445
3606569
3606619
3606655
3606657
3606671
3606727
3606729
3606739
3606879
3606937
3606967
3607039
3607071
3607083
3607121
3607127
3607257
3607271
3607273
3607295
3607525
3607595
3607611
3607651
3607699
3607709
3607739
3607823
3607911
3607953
3607975
3607985
3608059
3608069
3608147
3608201
3608247
3608255
3608315
3608365
3608369
3608403
3608457
3608551
3608579
3608699
3608745
3608761
3608801
3608909
3608987
3609089
3609143
3609175
3609223
3609235
3609273
3609289
3609355
3609387
3609399
3609443
3609473
3609483
3609537
3609597
3609659
3609731
3609759
3609765
3609853
3609953
3609969
3610105
3610135
3610161
3610487
3610505
3610719
3610787
3610801
3610895
3610907
3610923
3611001
3611015
3611221
3611359
3611375
3611397
3611405
3611461
3611565
3611599
3611625
3611665
3611671
3611727
3611731
3611821
3611867
3611989
3612181
3612231
3612281
3612323
3612471
3612509
3612567
3612575
3612721
3612755
3612821
3612981
3613009
3613017
3613021
3613057
3613077
3613179
3613185
3613289
3613345
3613355
3613401
3613423
3613427
3613459
3613483
3613493
3613535
3613653
3613699
3613747
3613785
3613915
3613921
3613945
3613961
3614167
3614381
3614451
3614503
3614561
3614611
3614635
3614693
3614697
3614715
3614781
3614785
3614997
3615129
3615141
3615255
3615361
3615423
3615431
3615499
3615535
3615545
3615555
3615657
3615713
3615805
3615857
3615961
3616189
3616235
3616325
3616407
3616525
3616709
3616927
3617023
3617031
3617049
3617051
3617091
3617211
3617237
3617259
3617263
3617319
3617507
3617641
3617647
3617717
3617805
3617879
3617959
3617995
3618011
3618069
3618085
3618125
3618203
3618219
3618325
3618417
3618463
3618475
3618511
3618611
3618849
3618893
3618923
3618947
3619009
3619079
3619129
3619167
3619189
3619235
3619241
3619249
3619345
3619359
3619385
3619417
3619457
3619569
3619593
3619621
3619627
3619651
3619659
3619705
3619993
3620043
3620101
3620129
3620195
3620229
3620287
3620413
3620425
3620433
3620443
3620549
3620625
3620635
3621035
3621049
3621085
3621095
3621097
3621151
3621225
3621381
3621393
3621543
3621583
3621615
3621677
3621695
3621707
3621789
3621987
3621995
3621997
3622059
3622079
3622095
3622101
3622209
3622217
3622253
3622321
3622335
3622531
3622537
3622609
3622647
3622713
3622785
3622835
3622939
3623011
3623143
3623205
3623235
3623437
3623673
3623809
3623829
3623863
3623911
3623935
3624023
3624057
3624193
3624249
3624277
3624329
3624577
3624605
3624843
3624907
3624943
3624965
3624969
3625055
3625159
3625167
3625171
3625473
3625585
3625625
3625719
3625863
3625925
3625961
3625967
3626053
3626211
3626277
3626305
3626405
3626427
3626431
3626523
3626603
3626605
3626719
3626733
3626941
3626945
3627195
3627303
3627381
3627385
3627391
3627403
3627549
3627557
3627725
3627739
3627879
3627885
3627937
3627963
3628089
3628091
3628167
3628321
3628361
3628371
3628397
3628399
3628535
3628609
3628761
3628865
3628905
3628963
3629047
3629263
3629343
3629353
3629509
3629533
3629573
3629621
3629675
3629697
3629801
3629933
3629939
3629947
3629999
3630093
3630211
3630223
3630227
3630301
3630337
3630355
3630407
3630737
3630999
3631109
3631121
3631157
3631299
3631353
3631379
3631473
3631559
3631589
3631647
3631669
3631739
3631761
3631783
3631795
3631865
3631947
3632273
3632277
3632341
3632359
3632383
3632385
3632413
3632465
3632487
3632521
3632585
3632651
3632673
3632675
3632857
3632981
3633039
3633317
3633367
3633383
3633455
3633457
3633527
3633545
3633611
3633621
3633631
3633705
3633713
3633879
3633987
3634045
3634205
3634239
3634263
3634301
3634343
3634353
3634419
3634431
3634461
3634563
3634595
3634601
3634685
3634827
3634849
3634863
3634889
3634917
3634925
3634961
3635139
3635157
3635173
3635183
3635293
3635339
3635551
3635887
3636033
3636035
3636055
3636089
3636133
3636139
3636179
3636231
3636319
3636425
3636577
3636603
3636659
3636803
3636815
3636833
3636941
3636947
3637149
3637217
3637225
3637289
3637377
3637397
3637419
3637427
3637439
3637493
3637499
3637509
3637531
3637565
3637619
3637673
3637705
3637743
3637751
3637755
3637777
3637789
3637817
3637829
3637845
3637855
3637931
3638047
3638167
3638177
3638217
3638273
3638351
3638499
3638523
3638773
3639053
3639133
3639153
3639197
3639221
3639469
3639499
3639537
3639591
3639647
3639729
3639731
3639799
3639997
3640083
3640189
3640213
3640217
3640305
3640449
3640459
3640511
3640519
3640621
3640695
3640759
3640811
3640815
3640845
3640847
3640863
3640957
3640971
3641015
3641103
3641173
3641251
3641257
3641281
3641369
3641375
3641381
3641413
3641575
3641601
3641623
3641633
3641653
3641655
3641657
3641697
3641839
3642053
3642181
3642191
3642619
3642641
3642655
3642721
3642729
3642891
3643029
3643123
3643127
3643131
3643155
3643185
3643227
3643287
3643377
3643409
3643501
3643545
3643637
3643643
3643703
3643711
3643929
3643981
3644015
3644059
3644209
3644301
3644385
3644389
3644393
3644479
3644537
3644549
3644563
3644905
3645041
3645057
3645155
3645275
3645299
3645333
3645427
3645433
3645483
3645489
3645539
3645611
3645751
3645821
3645829
3645933
3645975
3646009
3646205
3646313
3646323
3646375
3646415
3646527
3646561
3646615
3646747
3646887
3647011
3647077
3647341
3647399
3647429
3647447
3647595
3647701
3647729
3647785
3647789
3647871
3647877
3647949
3647981
3648035
3648067
3648211
3648231
3648273
3648371
3648535
3648671
3648695
3648715
3648743
3648853
3648961
3648977
3649003
3649061
3649587
3649619
3649641
3649727
3649749
3649759
3649945
3650009
3650017
3650063
3650089
3650221
3650255
3650287
3650295
3650315
3650345
3650487
3650627
3650725
3650839
3650865
3651071
3651075
3651103
3651109
3651113
3651155
3651189
3651273
3651277
3651403
3651469
3651505
3651573
3651621
3651647
3651797
3651827
3651903
3651927
3652083
3652111
3652207
3652245
3652255
3652273
3652429
3652633
3652721
3652799
3652849
3652865
3652949
3652955
3652997
3653021
3653079
3653103
3653117
3653153
3653261
3653403
3653457
3653515
3653541
3653781
3653785
3653895
3653915
3654003
3654065
3654265
3654271
3654361
3654373
3654481
3654567
3654601
3654645
3654723
3654887
3655117
3655127
3655141
3655249
3655267
3655275
3655339
3655413
3655451
3655495
3655501
3655505
3655591
3655923
3655929
3656017
3656119
3656235
3656265
3656383
3656535
3656593
3656597
3656625
3656711
3656959
3657035
3657055
3657101
3657103
3657107
3657249
3657263
3657457
3657481
3657581
3657663
3657749
3657767
3657795
3657843
3658137
3658417
3658419
3658511
3658567
3658571
3658581
3658613
3658655
3658689
3658769
3658805
3658973
3658985
3659009
3659011
3659021
3659051
3659077
3659343
3659351
3659357
3659383
3659407
3659451
3659669
3659677
3659703
3659725
3659769
3659773
3659793
3660299
3660475
3660807
3660809
3660821
3660901
3660939
3660967
3661111
3661137
3661145
3661171
3661347
3661373
3661377
3661531
3661567
3661771
3661773
3661953
3661987
3662031
3662153
3662203
3662331
3662379
3662393
3662527
3662623
3662639
3662673
3662921
3663093
3663105
3663121
3663137
3663453
3663513
3663567
3663577
3663643
3663717
3663859
3663861
3663941
3664265
3664319
3664455
3664545
3664559
3664689
3664697
3664755
3664845
3664857
3664995
3665033
3665037
3665063
3665095
3665167
3665379
3665393
3665401
3665423
3665573
3665751
3665811
3665839
3665859
3665903
3666033
3666051
3666147
3666169
3666227
3666261
3666277
3666311
3666335
3666357
3666391
3666409
3666439
3666607
3666643
3666689
3666693
3666737
3666745
3666785
3666789
3666791
3666853
3666887
3667015
3667049
3667143
3667183
3667191
3667267
3667353
3667401
3667467
3667671
3667699
3667717
3667741
3667791
3667843
3667885
3667899
3667911
3667971
3667975
3667997
3668055
3668117
3668155
3668273
3668299
3668371
3668467
3668505
3668561
3668799
3668841
3668853
3668919
3668931
3669041
3669079
3669133
3669135
3669349
3669369
3669409
3669415
3669569
3669605
3669621
3669697
3669813
3669913
3669991
3670001
3670053
3670119
3670301
3670387
3670423
3670439
3670453
3670513
3670775
3670787
3670819
3670921
3670969
3670989
3670991
3671047
3671147
3671157
3671499
3671523
3671551
3671611
3671669
3671749
3671759
3671773
3671855
3671917
3672227
3672255
3672325
3672405
3672607
3672673
3672771
3672777
3672945
3672985
3673083
3673197
3673239
3673307
3673315
3673423
3673425
3673485
3673547
3673607
3673611
3673621
3673637
3673745
3673751
3673765
3673791
3673891
3673913
3673993
3674051
3674151
3674163
3674219
3674281
3674459
3674495
3674705
3674725
3674733
3674739
3674821
3674835
3674859
3674941
3674949
3675109
3675133
3675157
3675197
3675217
3675287
3675337
3675411
3675465
3675521
3675741
3675747
3675765
3675923
3676023
3676059
3676107
3676375
3676397
3676469
3676687
3676891
3676905
3676931
3676957
3676983
3677005
3677015
3677093
3677119
3677181
3677231
3677263
3677335
3677441
3677469
3677637
3677757
3677891
3677947
3677999
3678133
3678141
3678147
3678275
3678553
3678581
3678601
3678605
3678823
3678993
3679051
3679101
3679187
3679211
3679243
3679253
3679367
3679663
3679751
3679887
3679947
3679957
3680079
3680327
3680585
3680595
3680657
3680705
3680765
3680869
3680907
3680933
3681027
3681141
3681159
3681193
3681303
3681315
3681393
3681535
3681587
3681717
3681887
3681953
3682105
3682129
3682193
3682209
3682253
3682275
3682305
3682307
3682327
3682329
3682389
3682465
3682501
3682505
3682567
3682693
3682695
3682701
3682737
3682745
3682789
3682865
3682873
3682909
3683029
3683231
3683393
3683491
3683517
3683559
3683599
3683607
3683679
3683755
3683897
3683907
3683941
3683989
3684003
3684059
3684133
3684247
3684327
3684357
3684433
3684501
3684533
3684667
3684695
3684731
3684795
3684809
3684845
3684893
3684911
3684923
3684969
3685007
3685117
3685125
3685141
3685297
3685357
3685375
3685451
3685515
3685645
3685711
3685823
3685881
3685965
3686049
3686141
3686201
3686229
3686283
3686301
3686341
3686499
3686603
3686643
3686655
3686677
3686697
3686703
3686711
3686759
3686769
3686823
3686969
3687009
3687019
3687117
3687123
3687165
3687175
3687185
3687195
3687439
3687463
3687469
3687563
3687631
3687651
3687789
3687805
3687845
3687847
3687909
3687937
3687977
3688027
3688123
3688225
3688287
3688349
3688417
3688715
3688739
3688797
3688809
3688821
3688941
3688967
3688983
3688985
3689183
3689217
3689257
3689277
3689323
3689385
3689463
3689669
3689799
3689849
3689881
3689917
3689969
3690051
3690225
3690239
3690275
3690545
3690547
3690557
3690567
3690571
3690597
3690679
3690703
3690727
3690821
3690857
3690951
3690953
3691041
3691189
3691441
3691445
3691453
3691617
3691657
3691731
3691915
3691975
3692201
3692209
3692301
3692509
3692535
3692567
3692581
3692625
3692667
3692707
3692717
3692747
3692759
3692775
3692813
3692875
3692895
3692937
3693007
3693021
3693155
3693167
3693283
3693359
3693393
3693413
3693443
3693493
3693539
3693551
3693679
3693731
3693781
3693873
3693915
3694029
3694047
3694145
3694177
3694195
3694295
3694329
3694369
3694371
3694415
3694441
3694487
3694497
3694567
3694657
3694697
3694809
3694885
3695037
3695039
3695077
3695123
3695135
3695183
3695291
3695351
3695641
3695659
3695891
3695915
3695921
3695937
3696013
3696029
3696179
3696207
3696233
3696241
3696249
3696441
3696447
3696451
3696631
3696781
3696793
3697055
3697157
3697167
3697171
3697241
3697341
3697351
3697393
3697407
3697481
3697619
3697657
3697787
3697801
3697803
3697863
3697899
3697987
3698027
3698217
3698239
3698389
3698563
3698619
3698637
3698713
3698757
3698909
3699059
3699101
3699305
3699343
3699445
3699487
3699559
3699567
3699685
3699737
3699791
3699795
3700033
3700121
3700135
3700343
3700363
3700523
3700549
3700721
3700771
3700907
3700909
3700971
3701013
3701031
3701043
3701157
3701171
3701189
3701225
3701237
3701353
3701401
3701525
3701535
3701665
3701751
3701789
3701825
3701897
3701951
3702003
3702143
3702167
3702215
3702299
3702303
3702329
3702375
3702395
3702405
3702415
3702481
3702505
3702537
3702727
3702745
3702779
3702853
3702877
3703001
3703081
3703129
3703205
3703231
3703419
3703545
3703551
3703569
3703607
3703649
3703749
3703801
3703933
3704069
3704139
3704279
3704289
3704537
3704633
3704697
3704989
3705017
3705051
3705087
3705123
3705159
3705179
3705297
3705347
3705417
3705513
3705589
3705695
3705741
3705945
3705973
3706073
3706149
3706247
3706261
3706387
3706411
3706427
3706581
3706655
3706669
3706711
3706855
3706877
3707005
3707037
3707051
3707125
3707129
3707177
3707279
3707305
3707317
3707319
3707423
3707451
3707501
3707535
3707617
3707623
3707685
3707735
3707817
3707949
3707953
3708001
3708015
3708029
3708107
3708131
3708277
3708429
3708447
3708593
3708667
3708799
3708871
3708875
3708891
3709249
3709267
3709363
3709377
3709387
3709447
3709459
3709489
3709585
3709641
3709703
3709787
3709831
3709877
3709919
3709941
3710055
3710207
3710221
3710309
3710311
3710321
3710335
3710407
3710435
3710443
3710453
3710503
3710515
3710555
3710643
3710653
3710747
3710751
3710911
3710941
3711167
3711425
3711497
3711717
3711727
3711797
3711831
3711837
3711877
3711903
3711947
3711973
3712043
3712057
3712213
3712223
3712393
3712401
3712585
3712737
3712747
3712871
3712995
3713067
3713143
3713355
3713437
3713629
3713651
3713655
3713719
3713817
3713915
3713921
3713933
3713961
3713989
3714071
3714091
3714097
3714103
3714123
3714223
3714297
3714399
3714407
3714565
3714611
3714675
3714723
3714737
3714773
3714849
3714943
3715123
3715137
3715149
3715201
3715321
3715621
3715647
3715669
3715767
3715877
3715935
3715947
3715949
3715981
3716033
3716081
3716085
3716181
3716321
3716411
3716563
3716569
3716629
3716645
3716847
3716927
3717047
3717053
3717063
3717327
3717333
3717341
3717347
3717367
3717411
3717517
3717531
3717537
3717655
3717715
3717721
3717799
3717857
3717869
3717895
3717939
3717949
3717977
3718051
3718093
3718117
3718381
3718577
3718665
3718761
3718867
3718923
3718947
3719059
3719085
3719171
3719253
3719277
3719315
3719363
3719369
3719371
3719459
3719593
3719657
3719691
3719707
3719709
3719759
3719831
3719851
3719861
3719909
3719925
3719961
3720029
3720043
3720131
3720177
3720191
3720411
3720495
3720505
3720547
3720643
3720743
3720763
3720769
3720849
3720881
3721049
3721147
3721215
3721339
3721413
3721423
3721489
3721593
3721869
3721877
3721905
3721979
3722043
3722171
3722193
3722225
3722281
3722327
3722451
3722457
3722475
3722631
3722667
3722795
3722799
3722803
3722811
3722893
3722973
3723111
3723133
3723151
3723191
3723215
3723305
3723407
3723637
3723653
3723983
3723989
3724181
3724187
3724229
3724259
3724315
3724321
3724341
3724355
3724373
3724375
3724415
3724417
3724485
3724501
3724517
3724549
3724765
3724767
3724801
3724807
3724811
3724827
3725035
3725037
3725067
3725099
3725163
3725191
3725301
3725325
3725345
3725371
3725373
3725381
3725383
3725497
3725527
3725549
3725615
3725635
3725671
3725769
3725867
3725891
3725993
3726045
3726061
3726101
3726169
3726269
3726305
3726385
3726445
3726551
3726569
3726577
3726725
3726731
3726767
3726819
3727007
3727045
3727123
3727153
3727347
3727361
3727459
3727515
3727601
3727711
3727741
3727769
3727847
3727917
3727941
3727977
3727985
3728045
3728067
3728203
3728331
3728401
3728405
3728597
3728669
3728781
3728821
3728883
3728901
3728915
3728921
3728997
3729143
3729177
3729201
3729253
3729271
3729359
3729639
3729647
3729655
3729877
3729979
3729999
3730033
3730035
3730053
3730067
3730085
3730205
3730209
3730231
3730433
3730451
3730461
3730517
3730653
3730711
3730775
3730781
3730855
3731259
3731299
3731407
3731449
3731493
3731495
3731705
3731731
3731789
3731817
3731869
3731883
3732011
3732025
3732039
3732089
3732151
3732313
3732415
3732529
3732549
3732571
3732601
3732785
3732793
3732839
3733145
3733217
3733287
3733417
3733483
3733489
3733493
3733521
3733587
3733615
3733725
3733837
3733921
3733959
3734001
3734047
3734069
3734119
3734215
3734235
3734291
3734427
3734447
3734523
3734601
3734645
3734679
3734895
3734905
3734941
3734963
3734977
3735067
3735095
3735135
3735167
3735243
3735251
3735275
3735293
3735341
3735431
3735433
3735455
3735677
3735763
3735783
3735851
3735939
3735965
3735971
3736011
3736013
3736041
3736063
3736073
3736083
3736127
3736335
3736405
3736423
3736467
3736481
3736577
3736593
3736691
3736771
3736801
3736845
3736973
3737013
3737143
3737151
3737179
3737209
3737231
3737243
3737281
3737339
3737519
3737525
3737787
3737885
3737889
3737899
3738009
3738097
3738239
3738283
3738301
3738385
3738461
3738567
3738673
3738689
3739141
3739257
3739275
3739377
3739393
3739409
3739469
3739485
3739535
3739541
3739551
3739571
3739579
3739709
3739777
3739969
3740031
3740033
3740137
3740157
3740187
3740313
3740353
3740501
3740507
3740549
3740673
3740685
3740797
3740931
3740951
3741017
3741031
3741085
3741125
3741205
3741249
3741251
3741273
3741349
3741397
3741751
3741829
3741835
3741855
3741983
3742177
3742367
3742481
3742733
3742859
3742907
3742915
3742917
3742957
3743035
3743051
3743117
3743139
3743141
3743159
3743489
3743515
3743591
3743727
3743809
3743827
3743835
3743933
3743947
3744045
3744107
3744285
3744477
3744535
3744577
3744591
3744669
3744673
3744711
3744783
3744889
3744891
3744937
3745089
3745165
3745171
3745177
3745213
3745251
3745283
3745303
3745461
3745473
3745541
3745545
3745553
3745607
3745637
3745661
3745681
3745749
3745761
3745781
3745839
3745873
3745975
3746031
3746041
3746211
3746219
3746481
3746623
3746795
3746873
3746953
3746965
3746973
3747097
3747185
3747217
3747307
3747331
3747407
3747491
3747513
3747521
3747661
3747709
3747749
3747903
3747913
3747969
3747997
3748001
3748009
3748111
3748191
3748279
3748321
3748363
3748509
3748665
3748673
3748767
3748865
3748913
3749003
3749081
3749093
3749111
3749317
3749477
3749531
3749551
3749557
3749643
3749905
3749911
3749983
3749999
3750015
3750043
3750123
3750249
3750381
3750421
3750513
3750827
3750869
3750943
3750967
3751003
3751017
3751113
3751137
3751183
3751185
3751249
3751415
3751563
3751577
3751661
3751867
3751895
3751935
3751947
3752039
3752111
3752123
3752141
3752167
3752227
3752235
3752299
3752431
3752481
3752495
3752565
3752569
3752617
3752689
3752711
3752725
3752757
3752785
3752881
3752951
3752969
3753003
3753111
3753127
3753281
3753289
3753335
3753485
3753497
3753601
3753647
3753689
3753691
3753841
3753867
3753923
3754003
3754083
3754095
3754185
3754207
3754229
3754247
3754309
3754345
3754491
3754629
3754667
3754681
3754735
3754873
3754951
3754971
3754973
3755167
3755169
3755227
3755231
3755283
3755403
3755409
3755445
3755469
3755475
3755505
3755707
3755731
3756071
3756109
3756121
3756141
3756219
3756255
3756419
3756669
3756715
3756851
3756853
3757043
3757095
3757197
3757237
3757279
3757313
3757319
3757321
3757371
3757481
3757485
3757511
3757543
3757667
3757701
3757719
3757785
3757963
3758177
3758183
3758399
3758471
3758509
3758529
3758539
3758541
3758691
3758721
3758743
3758767
3758791
3758945
3759181
3759301
3759385
3759567
3759715
3759763
3759921
3759967
3759999
3760121
3760143
3760203
3760265
3760285
3760333
3760421
3760701
3760721
3760739
3760755
3760823
3761077
3761143
3761159
3761307
3761417
3761443
3761457
3761491
3761493
3761585
3761587
3761607
3761661
3761761
3761793
3761797
3761833
3761973
3762079
3762109
3762239
3762379
3762507
3762517
3762683
3762809
3762845
3762877
3762947
3763057
3763139
3763163
3763199
3763463
3763643
3763681
3763699
3763769
3763815
3763907
3763987
3763997
3764267
3764297
3764359
3764567
3764661
3764699
3764731
3764925
3764957
3764987
3765043
3765117
3765181
3765225
3765255
3765265
3765285
3765329
3765451
3765619
3765659
3765727
3765729
3765857
3765913
3765951
3766021
3766109
3766117
3766183
3766201
3766307
3766315
3766355
3766375
3766391
3766489
3766511
3766547
3766551
3766571
3766597
3766601
3766803
3767061
3767067
3767129
3767179
3767197
3767207
3767315
3767369
3767507
3767555
3767699
3767825
3767831
3767835
3767839
3767871
3767889
3767917
3768031
3768111
3768217
3768223
3768257
3768299
3768343
3768369
3768389
3768423
3768473
3768533
3768655
3768853
3768859
3768943
3768959
3769067
3769113
3769189
3769201
3769251
3769307
3769403
3769425
3769541
3769557
3769571
3769611
3769637
3769641
3769709
3769723
3769833
3770023
3770027
3770051
3770067
3770073
3770091
3770113
3770139
3770171
3770219
3770223
3770235
3770239
3770257
3770293
3770349
3770393
3770443
3770493
3770503
3770537
3770543
3770581
3770585
3770611
3770637
3770763
3770861
3770897
3771005
3771149
3771245
3771281
3771319
3771361
3771495
3771603
3771709
3771753
3771985
3772035
3772045
3772119
3772169
3772323
3772331
3772351
3772477
3772527
3772675
3772693
3772877
3772891
3772899
3772903
3772919
3773019
3773035
3773123
3773203
3773405
3773527
3773533
3773663
3773677
3773683
3773869
3774017
3774049
3774093
3774099
3774111
3774227
3774349
3774391
3774569
3774661
3774687
3774777
3774899
3775019
3775051
3775069
3775075
3775199
3775213
3775223
3775277
3775293
3775483
3775541
3775571
3775607
3775809
3775843
3775913
3775945
3776005
3776011
3776203
3776275
3776303
3776371
3776441
3776597
3776713
3776765
3776781
3776911
3776933
3776947
3776979
3776989
3777035
3777145
3777255
3777287
3777303
3777337
3777375
3777475
3777493
3777571
3777745
3777775
3777815
3777819
3777827
3778113
3778221
3778257
3778317
3778331
3778427
3778511
3778539
3778549
3778555
3778567
3778711
3778831
3778901
3778905
3778939
3779199
3779229
3779283
3779397
3779537
3779593
3779599
3779619
3779629
3779641
3779673
3779687
3779699
3779737
3779739
3779907
3779961
3779995
3780017
3780069
3780113
3780209
3780223
3780439
3780527
3780531
3780709
3780751
3780783
3781149
3781165
3781193
3781253
3781291
3781387
3781405
3781411
3781475
3781557
3781599
3781637
3781733
3782131
3782181
3782183
3782185
3782257
3782425
3782441
3782515
3782577
3782639
3782673
3782717
3782775
3782859
3782907
3782909
3782959
3783013
3783169
3783171
3783203
3783211
3783215
3783243
3783345
3783413
3783419
3783609
3783623
3783761
3783767
3783823
3783869
3783967
3784147
3784245
3784325
3784479
3784521
3784665
3784699
3784819
3784843
3785099
3785103
3785147
3785157
3785215
3785327
3785331
3785343
3785427
3785429
3785461
3785583
3785717
3785723
3785727
3785789
3785983
3786117
3786151
3786195
3786333
3786385
3786403
3786505
3786583
3786697
3786833
3786863
3786923
3786971
3786975
3787063
3787079
3787257
3787489
3787563
3787581
3787585
3787615
3787765
3787771
3787825
3787879
3787903
3787961
3788093
3788123
3788255
3788349
3788621
3788795
3788899
3788927
3788949
3788957
3788975
3788977
3788991
3789099
3789235
3789319
3789321
3789369
3789501
3789603
3789643
3789683
3789733
3789893
3790037
3790103
3790147
3790149
3790183
3790211
3790259
3790577
3790667
3790685
3790813
3790981
3791201
3791345
3791479
3791541
3791545
3791633
3791727
3791729
3791887
3791965
3792053
3792093
3792149
3792179
3792297
3792407
3792459
3792695
3792709
3792795
3792891
3792929
3793083
3793195
3793365
3793629
3793861
3793891
3793893
3793939
3793947
3794029
3794067
3794139
3794251
3794287
3794335
3794353
3794399
3794429
3794445
3794457
3794543
3794555
3794629
3794633
3794719
3794759
3794793
3794799
3794811
3794873
3794875
3794919
3794941
3795061
3795067
3795101
3795275
3795415
3795421
3795567
3795851
3795877
3795879
3795925
3795995
3796037
3796039
3796107
3796111
3796171
3796233
3796265
3796271
3796293
3796307
3796447
3796477
3796567
3796805
3796821
3797003
3797009
3797063
3797165
3797179
3797363
3797427
3797527
3797587
3797673
3797715
3797735
3797841
3797897
3797971
3798047
3798127
3798129
3798243
3798253
3798329
3798349
3798455
3798487
3798529
3798549
3798629
3798675
3798709
3798955
3798987
3799021
3799105
3799139
3799275
3799407
3799481
3799493
3799499
3799507
3799593
3799623
3799643
3799645
3799697
3799743
3799857
3799867
3799871
3799887
3799893
3799899
3800025
3800137
3800269
3800283
3800375
3800443
3800691
3800753
3800787
3800815
3800819
3800937
3800947
3800951
3801221
3801297
3801369
3801405
3801413
3801437
3801531
3801571
3801655
3801671
3801731
3801855
3802015
3802023
3802049
3802113
3802393
3802399
3802495
3802507
3802537
3802541
3802565
3802579
3802673
3802767
3802869
3803061
3803091
3803255
3803349
3803503
3803527
3803529
3803537
3803597
3803659
3803663
3803675
3803683
3803705
3803771
3803787
3803871
3803911
3803957
3804187
3804203
3804323
3804327
3804503
3804669
3804723
3804917
3805029
3805043
3805085
3805089
3805139
3805305
3805337
3805409
3805451
3805455
3805463
3805543
3805615
3805797
3805835
3805869
3805923
3806011
3806209
3806241
3806287
3806483
3806491
3806571
3806691
3806695
3806705
3806741
3806865
3806953
3806973
3806981
3807063
3807103
3807113
3807161
3807167
3807203
3807227
3807237
3807273
3807283
3807443
3807477
3807567
3807597
3807607
3807615
3807635
3807911
3807951
3808109
3808129
3808145
3808189
3808227
3808267
3808495
3808549
3808635
3808711
3808737
3808745
3808935
3809037
3809087
3809105
3809273
3809293
3809359
3809383
3809397
3809413
3809433
3809499
3809741
3809773
3809865
3810113
3810149
3810187
3810311
3810325
3810367
3810483
3810499
3810559
3810591
3810815
3810837
3810849
3810883
3811029
3811043
3811069
3811105
3811127
3811135
3811225
3811259
3811267
3811301
3811307
3811383
3811639
3811653
3811679
3811787
3811797
3811907
3811977
3812083
3812197
3812213
3812223
3812235
3812267
3812279
3812447
3812473
3812491
3812577
3812585
3812721
3812755
3812937
3812959
3812985
3813037
3813103
3813301
3813303
3813337
3813471
3813571
3813627
3813631
3813757
3813885
3813969
3813991
3814007
3814013
3814047
3814071
3814211
3814225
3814323
3814327
3814367
3814399
3814401
3814419
3814487
3814627
3814663
3814783
3814791
3814845
3814847
3814917
3814971
3815069
3815109
3815265
3815295
3815305
3815413
3815519
3815521
3815561
3815579
3815613
3815625
3815653
3815785
3815867
3815985
3816307
3816325
3816347
3816351
3816379
3816479
3816497
3816505
3816525
3816531
3816555
3816659
3816739
3816783
3816785
3816797
3816829
3816861
3816941
3816951
3816989
3817113
3817157
3817377
3817435
3817483
3817519
3817557
3817625
3817631
3817703
3817791
3817925
3817929
3817959
3817979
3818019
3818021
3818291
3818303
3818365
3818503
3818509
3818607
3818663
3818669
3818673
3818691
3818881
3818923
3818947
3818999
3819083
3819085
3819191
3819275
3819287
3819657
3819697
3819737
3819753
3819759
3819795
3819863
3819963
3819973
3820139
3820161
3820263
3820319
3820383
3820389
3820409
3820419
3820537
3820649
3820673
3820677
3820963
3820975
3821085
3821105
3821171
3821207
3821255
3821291
3821447
3821451
3821493
3821593
3821631
3821765
3821861
3821963
3822009
3822135
3822177
3822285
3822303
3822339
3822571
3822575
3822583
3822623
3822697
3822871
3823273
3823319
3823341
3823563
3823571
3823603
3823893
3823927
3823995
3824019
3824121
3824185
3824213
3824239
3824263
3824487
3824575
3824581
3824601
3824645
3824651
3824719
3824791
3824831
3824845
3824937
3824939
3825055
3825119
3825189
3825269
3825509
3825539
3825575
3825595
3825739
3825765
3825861
3825865
3825921
3825961
3825985
3826029
3826035
3826043
3826053
3826189
3826341
3826361
3826425
3826459
3826471
3826481
3826661
3826759
3826763
3826857
3826901
3827045
3827135
3827201
3827243
3827249
3827339
3827361
3827373
3827431
3827463
3827583
3827605
3827627
3827729
3827819
3827889
3827935
3827943
3827993
3828001
3828009
3828155
3828203
3828213
3828353
3828483
3828515
3828567
3828619
3828651
3828699
3828731
3828753
3828783
3828799
3828849
3828865
3828925
3828943
3829113
3829175
3829185
3829195
3829205
3829269
3829397
3829449
3829551
3829559
3829655
3829697
3829763
3829849
3829939
3829943
3830081
3830083
3830323
3830379
3830469
3830545
3830553
3830561
3830579
3830601
3830621
3830639
3830771
3830869
3830885
3831101
3831127
3831263
3831533
3831589
3831601
3831691
3831765
3831789
3831999
3832091
3832129
3832131
3832239
3832243
3832361
3832363
3832405
3832427
3832447
3832455
3832493
3832545
3832641
3832655
3832747
3832751
3833157
3833273
3833361
3833381
3833391
3833483
3833519
3833537
3833577
3833627
3833747
3833763
3833799
3833815
3833837
3833855
3834163
3834223
3834299
3834351
3834409
3834495
3834567
3834627
3834651
3834799
3834803
3834809
3834827
3835063
3835067
3835291
3835411
3835491
3835871
3835877
3835897
3835913
3835915
3835923
3835973
3835979
3836047
3836199
3836245
3836379
3836437
3836483
3836557
3836673
3836677
3836703
3836735
3836765
3836861
3837073
3837137
3837205
3837319
3837393
3837415
3837431
3837527
3837769
3837845
3837881
3837951
3838017
3838085
3838099
3838153
3838181
3838259
3838305
3838411
3838475
3838495
3838641
3838675
3838791
3838829
3838831
3838841
3838845
3838875
3838913
3839019
3839103
3839115
3839165
3839441
3839507
3839549
3839605
3839835
3839869
3839953
3839963
3840051
3840183
3840237
3840313
3840375
3840439
3840441
3840481
3840509
3840517
3840577
3840617
3840779
3840865
3840919
3840969
3840977
3840993
3841013
3841119
3841127
3841143
3841159
3841201
3841239
3841289
3841389
3841477
3841555
3841603
3841697
3841745
3841815
3841897
3841959
3841983
3842049
3842069
3842131
3842203
3842241
3842327
3842351
3842421
3842471
3842477
3842553
3842631
3842667
3842835
3842841
3842857
3842909
3842923
3842943
3842987
3843051
3843081
3843145
3843339
3843559
3843577
3843639
3843649
3843669
3843781
3843835
3843843
3843891
3843969
3844003
3844011
3844089
3844125
3844139
3844267
3844337
3844393
3844411
3844521
3844571
3844643
3844717
3844741
3844771
3844779
3844785
3844993
3845027
3845041
3845117
3845165
3845169
3845331
3845345
3845639
3845661
3845773
3845821
3845831
3845891
3846051
3846129
3846259
3846293
3846331
3846377
3846435
3846543
3846617
3846667
3846689
3846717
3846733
3846735
3846797
3846831
3846885
3846967
3846993
3847059
3847191
3847449
3847465
3847493
3847531
3847587
3847643
3847835
3847869
3847893
3848015
3848071
3848079
3848211
3848365
3848385
3848395
3848411
3848421
3848437
3848525
3848531
3848593
3848647
3848681
3848771
3848795
3848803
3848907
3849139
3849245
3849389
3849451
3849493
3849549
3849643
3849687
3849695
3849815
3849887
3849901
3850129
3850287
3850295
3850325
3850425
3850433
3850573
3850631
3850715
3850755
3850821
3850839
3850853
3850891
3850935
3851019
3851047
3851087
3851127
3851187
3851277
3851435
3851443
3851453
3851515
3851587
3851619
3851623
3851647
3851767
3851859
3851935
3852007
3852323
3852425
3852475
3852631
3852659
3852681
3852687
3852897
3852953
3853077
3853117
3853301
3853391
3853409
3853457
3853517
3853567
3853575
3853601
3853619
3853651
3853663
3853731
3853771
3853875
3853905
3853925
3853979
3853981
3853997
3854165
3854209
3854293
3854357
3854371
3854433
3854585
3854597
3854601
3854613
3854645
3854737
3854751
3854877
3854941
3854989
3855013
3855411
3855427
3855469
3855559
3855561
3855589
3855793
3855803
3855909
3855915
3855949
3855951
3855975
3856095
3856175
3856283
3856327
3856373
3856467
3856487
3856547
3856617
3856759
3856953
3857025
3857093
3857161
3857167
3857303
3857375
3857389
3857421
3857641
3857729
3857737
3857899
3857937
3857945
3858121
3858127
3858215
3858367
3858439
3858457
3858493
3858497
3858527
3858569
3858573
3858595
3858717
3858745
3858779
3858867
3858973
3859005
3859123
3859229
3859289
3859321
3859395
3859555
3859577
3859659
3859663
3859791
3859855
3859985
3860015
3860027
3860033
3860093
3860225
3860321
3860365
3860399
3860405
3860441
3860479
3860539
3860589
3860613
3860615
3860673
3860693
3860713
3860721
3860811
3860833
3860865
3860915
3860985
3860993
3861003
3861011
3861139
3861145
3861287
3861329
3861387
3861437
3861441
3861463
3861601
3861675
3861717
3861727
3861735
3861791
3861915
3861931
3861943
3861965
3861967
3862117
3862119
3862129
3862139
3862155
3862159
3862191
3862245
3862377
3862451
3862625
3862685
3862707
3862765
3862839
3862951
3863039
3863085
3863117
3863145
3863161
3863277
3863325
3863327
3863351
3863471
3863545
3863609
3863687
3863839
3863869
3863877
3863999
3864013
3864145
3864239
3864333
3864387
3864445
3864561
3864639
3864677
3864807
3864907
3865099
3865101
3865147
3865289
3865345
3865359
3865367
3865485
3865515
3865587
3865653
3865677
3865679
3865747
3865753
3865829
3865891
3865971
3866023
3866071
3866135
3866189
3866195
3866213
3866227
3866247
3866299
3866309
3866333
3866341
3866387
3866507
3866511
3866523
3866667
3866813
3866835
3866841
3866917
3866953
3866969
3867023
3867031
3867167
3867179
3867225
3867285
3867427
3867487
3867497
3867561
3867609
3867915
3867961
3867967
3867973
3868005
3868051
3868055
3868223
3868271
3868279
3868355
3868375
3868387
3868399
3868403
3868435
3868465
3868581
3868763
3868797
3868883
3868889
3869001
3869013
3869151
3869175
3869427
3869453
3869635
3869659
3869691
3869731
3869751
3869791
3870003
3870145
3870199
3870207
3870219
3870251
3870341
3870361
3870471
3870581
3870585
3870603
3870675
3870735
3870783
3870941
3870985
3871029
3871047
3871061
3871141
3871149
3871165
3871175
3871275
3871293
3871451
3871479
3871547
3871563
3871719
3871961
3872155
3872359
3872387
3872399
3872575
3872675
3872677
3872709
3872817
3872847
3872919
3872995
3873059
3873185
3873283
3873413
3873495
3873561
3873699
3874121
3874375
3874557
3874571
3874583
3874675
3874747
3874899
3874995
3875189
3875215
3875257
3875419
3875457
3875635
3875703
3875719
3875729
3875731
3875737
3875827
3875917
3875955
3876001
3876125
3876199
3876265
3876293
3876417
3876423
3876455
3876519
3876589
3876745
3876781
3876909
3876983
3877057
3877321
3877337
3877483
3877485
3877579
3877619
3877665
3877855
3877901
3877927
3878049
3878093
3878131
3878265
3878365
3878399
3878479
3878529
3878795
3878895
3879227
3879325
3879359
3879393
3879613
3879659
3879733
3879747
3879795
3879821
3879891
3879917
3879919
3880053
3880145
3880163
3880401
3880553
3880593
3880607
3880695
3880719
3880763
3880861
3880871
3880917
3880967
3880975
3881141
3881171
3881221
3881223
3881257
3881269
3881389
3881395
3881499
3881523
3881525
3881565
3881633
3881673
3881729
3881773
3881883
3881915
3882043
3882095
3882107
3882111
3882263
3882285
3882325
3882335
3882425
3882549
3882597
3882643
3882693
3882803
3882871
3882909
3882969
3883117
3883207
3883217
3883249
3883293
3883649
3883671
3883707
3883711
3883739
3883771
3884063
3884157
3884241
3884305
3884369
3884429
3884455
3884551
3884609
3884613
3884657
3884673
3884747
3884867
3884877
3885203
3885233
3885245
3885431
3885433
3885471
3885561
3885593
3885707
3885731
3885907
3885987
3886019
3886099
3886103
3886119
3886151
3886201
3886269
3886309
3886451
3886511
3886579
3886603
3886609
3886687
3886763
3886821
3887093
3887161
3887235
3887277
3887387
3887395
3887561
3887735
3887771
3887785
3887795
3887951
3887997
3888047
3888133
3888141
3888147
3888181
3888451
3888471
3888627
3888693
3888695
3888729
3888849
3888949
3888965
3888985
3889005
3889179
3889279
3889325
3889407
3889433
3889531
3889541
3889609
3889927
3889941
3889975
3889981
3890051
3890077
3890173
3890313
3890363
3890489
3890491
3890503
3890541
3890605
3890647
3890805
3890959
3891017
3891095
3891159
3891163
3891261
3891295
3891341
3891441
3891489
3891519
3891607
3891623
3891647
3891655
3891679
3891915
3891927
3891933
3892115
3892139
3892161
3892169
3892367
3892389
3892417
3892443
3892463
3892499
3892501
3892515
3892523
3892615
3892623
3892667
3892969
3892981
3893085
3893095
3893121
3893153
3893179
3893325
3893357
3893547
3893611
3893619
3893633
3893903
3894007
3894295
3894307
3894309
3894435
3894465
3894509
3894579
3894653
3894663
3894669
3894703
3894839
3894917
3894979
3895043
3895051
3895073
3895105
3895133
3895153
3895163
3895235
3895241
3895309
3895369
3895375
3895401
3895481
3895495
3895629
3895735
3895749
3895755
3895763
3895817
3895819
3895925
3895979
3896089
3896117
3896173
3896195
3896327
3896349
3896417
3896623
3897015
3897089
3897097
3897111
3897121
3897175
3897299
3897395
3897399
3897417
3897421
3897427
3897471
3897573
3897661
3897695
3897713
3897737
3897939
3898047
3898107
3898235
3898257
3898265
3898271
3898435
3898477
3898519
3898595
3898597
3898609
3898611
3898715
3898747
3898829
3898833
3898889
3898933
3898941
3898959
3898973
3899097
3899281
3899343
3899371
3899487
3899489
3899497
3899505
3899621
3899757
3899779
3899817
3899853
3899985
3900047
3900255
3900281
3900451
3900499
3900531
3900573
3900611
3900721
3900723
3900797
3900799
3900855
3900925
3900959
3901001
3901005
3901051
3901065
3901205
3901305
3901317
3901405
3901413
3901469
3901565
3901605
3901629
3901631
3901671
3901679
3901739
3901751
3901931
3902027
3902029
3902077
3902113
3902227
3902257
3902285
3902413
3902417
3902475
3902489
3902491
3902601
3902659
3902671
3902849
3902855
3902859
3902971
3903183
3903253
3903305
3903329
3903369
3903379
3903565
3903567
3903625
3903655
3903863
3903921
3903957
3903995
3904201
3904263
3904355
3904439
3904445
3904461
3904477
3904487
3904767
3904859
3904861
3904885
3904911
3905115
3905127
3905211
3905279
3905293
3905329
3905619
3905715
3905761
3905913
3906287
3906381
3906547
3906587
3906743
3906805
3906807
3907015
3907057
3907061
3907349
3907365
3907397
3907515
3907623
3907701
3907737
3907785
3907801
3907817
3907825
3907945
3907967
3907983
3907995
3908031
3908091
3908215
3908237
3908297
3908333
3908445
3908561
3908599
3908611
3908625
3908641
3908753
3908755
3908831
3908857
3908877
3908899
3908909
3908923
3908965
3908981
3909027
3909265
3909317
3909391
3909423
3909445
3909585
3909645
3909907
3909923
3909959
3909969
3910033
3910073
3910077
3910087
3910101
3910181
3910275
3910461
3910479
3910539
3910551
3910815
3910849
3910943
3911035
3911079
3911155
3911175
3911267
3911339
3911371
3911437
3911451
3911457
3911633
3911649
3911813
3911841
3911937
3911987
3912097
3912125
3912211
3912411
3912435
3912439
3912463
3912469
3912471
3912633
3912663
3912775
3912781
3912785
3912873
3912981
3913131
3913171
3913255
3913265
3913269
3913275
3913303
3913319
3913339
3913345
3913461
3913491
3913527
3913601
3913907
3914037
3914079
3914227
3914229
3914301
3914315
3914425
3914431
3914437
3914701
3914757
3914765
3914779
3914825
3914877
3914897
3914957
3915251
3915261
3915351
3915411
3915465
3915617
3915687
3915781
3915787
3915833
3915899
3916035
3916109
3916113
3916231
3916239
3916265
3916411
3916445
3916511
3917191
3917207
3917275
3917319
3917343
3917549
3917777
3917855
3917871
3917917
3918017
3918035
3918119
3918171
3918197
3918277
3918371
3918385
3918569
3918689
3918777
3918835
3918893
3918921
3919015
3919029
3919087
3919153
3919339
3919351
3919469
3919601
3919755
3919759
3919809
3919889
3919903
3919907
3919949
3920021
3920029
3920069
3920191
3920243
3920335
3920373
3920387
3920437
3920499
3920559
3920575
3920687
3920977
3921021
3921087
3921241
3921315
3921361
3921381
3921401
3921703
3921713
3921739
3921741
3921799
3921811
3921987
3922011
3922389
3922587
3922705
3922765
3922791
3922861
3922885
3923033
3923091
3923099
3923157
3923227
3923251
3923253
3923357
3923397
3923429
3923503
3923753
3924271
3924333
3924555
3924695
3924703
3924705
3924723
3924807
3924819
3924885
3925099
3925109
3925173
3925239
3925263
3925393
3925449
3925639
3925665
3925691
3925747
3925755
3925841
3925857
3925989
3926147
3926161
3926173
3926177
3926243
3926603
3926613
3926647
3926649
3926667
3926675
3926743
3926849
3926883
3926969
3927039
3927045
3927151
3927167
3927195
3927207
3927255
3927311
3927319
3927383
3927497
3927629
3927653
3927741
3927795
3927877
3927895
3927929
3928037
3928051
3928135
3928207
3928467
3928541
3928553
3928607
3928695
3928717
3928727
3928785
3928799
3928805
3929169
3929399
3929417
3929443
3929453
3929527
3929673
3929759
3929871
3930063
3930143
3930167
3930269
3930299
3930333
3930449
3930531
3930537
3930619
3930631
3930691
3930737
3930795
3931083
3931245
3931329
3931369
3931447
3931453
3931513
3931629
3931661
3931697
3931705
3931761
3931769
3931837
3931933
3931951
3932033
3932065
3932075
3932163
3932309
3932395
3932581
3932587
3932675
3932715
3932947
3932971
3933045
3933109
3933213
3933459
3933497
3933593
3933745
3933853
3933919
3933975
3934007
3934037
3934067
3934151
3934369
3934513
3934579
3934693
3934793
3934837
3934891
3935009
3935057
3935073
3935133
3935207
3935301
3935329
3935363
3935511
3935523
3935527
3935557
3935567
3935593
3935645
3935661
3935671
3935727
3935793
3935969
3936425
3936427
3936429
3936483
3936535
3936577
3936727
3936835
3937247
3937327
3937359
3937365
3937395
3937457
3937553
3937799
3937869
3937911
3937917
3938085
3938143
3938167
3938199
3938367
3938493
3938603
3938617
3938627
3938697
3938933
3938959
3938977
3938981
3939077
3939109
3939181
3939263
3939327
3939391
3939465
3939469
3939483
3939521
3939597
3939643
3939777
3939817
3939841
3939867
3939977
3939993
3940065
3940075
3940235
3940255
3940317
3940373
3940377
3940443
3940463
3940481
3940525
3940661
3940663
3940683
3940705
3940731
3940763
3940827
3940867
3940949
3941081
3941131
3941157
3941275
3941341
3941407
3941419
3941475
3941511
3941775
3941827
3941947
3941989
3942103
3942335
3942427
3942431
3942445
3942455
3942511
3942527
3942539
3942625
3942633
3942723
3942959
3943109
3943125
3943131
3943249
3943303
3943359
3943447
3943621
3943797
3943805
3943837
3943985
3944117
3944225
3944377
3944397
3944403
3944441
3944461
3944565
3944597
3944707
3945017
3945081
3945119
3945163
3945199
3945219
3945245
3945259
3945277
3945297
3945325
3945361
3945555
3945593
3945643
3945667
3945787
3945895
3945947
3945951
3946049
3946235
3946253
3946255
3946407
3946469
3946703
3947003
3947039
3947065
3947083
3947345
3947367
3947409
3947507
3947601
3947719
3947771
3947781
3947949
3947993
3948005
3948169
3948191
3948253
3948331
3948353
3948399
3948457
3948653
3948683
3948715
3948719
3948755
3949025
3949073
3949123
3949201
3949241
3949331
3949495
3949603
3949607
3949629
3949637
3949641
3949645
3949659
3949783
3949845
3949861
3949881
3949941
3949949
3950071
3950253
3950281
3950325
3950455
3950581
3950655
3950859
3950951
3951009
3951141
3951185
3951199
3951205
3951269
3951467
3951479
3951643
3951691
3951723
3951741
3951875
3951899
3951931
3952055
3952109
3952115
3952171
3952175
3952189
3952201
3952259
3952265
3952357
3952371
3952491
3952497
3952581
3952621
3952641
3952653
3952657
3952691
3952719
3952729
3952745
3952863
3953097
3953103
3953139
3953523
3953687
3953717
3954017
3954111
3954179
3954193
3954199
3954329
3954405
3954479
3954481
3954625
3954661
3954673
3954703
3954707
3954743
3954849
3954901
3954907
3954915
3954969
3954989
3954997
3955121
3955165
3955185
3955255
3955277
3955311
3955331
3955333
3955337
3955379
3955387
3955425
3955489
3955553
3955571
3955573
3955673
3955699
3955805
3955839
3956071
3956171
3956231
3956339
3956341
3956375
3956387
3956619
3956665
3956711
3956831
3956855
3957003
3957017
3957083
3957105
3957109
3957183
3957195
3957325
3957381
3957391
3957455
3957481
3957543
3957629
3957631
3957695
3957715
3957721
3957723
3957909
3957915
3958143
3958153
3958277
3958381
3958417
3958469
3958545
3958771
3958821
3958861
3958877
3958929
3958983
3959131
3959185
3959309
3959459
3959807
3959837
3959943
3960015
3960085
3960183
3960227
3960323
3960485
3960741
3960903
3960911
3960985
3960995
3960999
3961099
3961117
3961215
3961233
3961591
3961609
3961643
3961701
3961731
3961747
3961795
3961905
3962037
3962093
3962291
3962315
3962365
3962389
3962467
3962483
3962537
3962603
3962685
3962701
3962729
3962815
3962849
3962891
3963057
3963173
3963197
3963255
3963321
3963337
3963349
3963371
3963431
3963597
3963601
3963707
3963733
3963751
3963819
3963917
3964325
3964395
3964403
3964621
3964707
3964851
3964861
3964957
3965031
3965085
3965175
3965265
3965273
3965279
3965367
3965455
3965483
3965517
3965619
3965657
3965783
3965939
3965953
3965955
3966051
3966075
3966109
3966175
3966501
3966739
3966833
3966873
3966911
3966927
3966959
3967001
3967149
3967177
3967203
3967273
3967291
3967353
3967385
3967511
3967623
3967677
3967809
3967829
3967851
3968123
3968155
3968267
3968497
3968559
3968561
3968657
3968659
3968749
3968765
3968809
3969049
3969137
3969337
3969421
3969441
3969659
3969741
3969765
3969785
3969835
3969863
3969919
3970031
3970095
3970315
3970395
3970401
3970483
3970505
3970557
3970583
3970615
3970621
3970761
3970767
3970801
3970803
3970915
3970969
3971009
3971025
3971033
3971045
3971079
3971107
3971121
3971141
3971175
3971185
3971195
3971217
3971221
3971239
3971411
3971511
3971521
3971569
3971791
3971801
3971803
3971827
3971885
3971931
3972037
3972045
3972059
3972065
3972121
3972155
3972159
3972179
3972343
3972373
3972375
3972455
3972465
3972485
3972659
3972737
3972749
3972815
3973015
3973035
3973103
3973475
3973487
3973497
3973619
3973643
3973697
3973813
3973935
3974009
3974273
3974313
3974453
3974517
3974705
3974825
3974855
3974915
3974947
3974967
3974999
3975047
3975067
3975075
3975121
3975147
3975201
3975233
3975365
3975449
3975453
3975475
3975531
3975543
3975683
3975735
3975821
3975843
3975931
3975971
3976021
3976027
3976043
3976215
3976247
3976333
3976379
3976413
3976609
3976659
3976669
3976685
3976707
3976709
3976845
3976915
3976961
3976967
3977023
3977073
3977087
3977189
3977229
3977237
3977267
3977279
3977293
3977377
3977387
3977547
3977595
3977817
3977905
3977943
3977953
3977971
3978197
3978371
3978515
3978523
3978539
3978617
3978675
3978795
3978805
3978837
3978839
3978963
3978981
3979121
3979257
3979285
3979313
3979421
3979441
3979461
3979469
3979511
3979513
3979737
3979819
3979889
3979893
3979935
3979971
3980005
3980075
3980121
3980201
3980209
3980297
3980341
3980571
3980591
3980629
3980665
3980711
3980837
3980855
3980953
3981059
3981095
3981225
3981269
3981283
3981329
3981339
3981341
3981729
3981745
3981801
3981813
3981835
3981845
3981931
3982083
3982085
3982115
3982189
3982223
3982271
3982361
3982399
3982465
3982591
3982611
3982691
3982705
3982943
3982999
3983037
3983079
3983301
3983309
3983317
3983327
3983413
3983439
3983597
3983613
3983687
3983693
3983701
3983803
3983829
3983903
3983919
3984161
3984177
3984393
3984419
3984421
3984433
3984451
3984535
3984591
3984687
3984767
3984809
3985065
3985181
3985183
3985389
3985431
3985447
3985529
3985543
3985673
3985863
3986149
3986203
3986271
3986345
3986405
3986473
3986511
3986517
3986545
3986547
3986615
3986673
3986701
3986801
3986803
3986897
3986905
3987137
3987175
3987253
3987305
3987397
3987483
3987523
3987525
3987577
3987709
3987723
3987757
3987807
3987817
3987865
3987977
3988037
3988079
3988089
3988155
3988203
3988215
3988229
3988251
3988333
3988355
3988409
3988587
3988637
3988671
3988725
3988895
3988915
3988979
3989027
3989059
3989121
3989129
3989161
3989165
3989239
3989281
3989405
3989561
3989585
3989649
3989671
3989721
3989793
3989811
3989933
3990381
3990457
3990505
3990595
3990627
3990673
3990735
3990883
3990947
3990969
3990999
3991203
3991221
3991235
3991267
3991273
3991295
3991297
3991327
3991357
3991387
3991551
3991577
3991661
3991669
3991905
3991937
3991953
3992045
3992339
3992387
3992411
3992559
3992581
3992649
3992653
3992731
3992819
3992823
3992859
3992865
3992907
3993093
3993123
3993137
3993183
3993263
3993393
3993447
3993449
3993527
3993631
3993635
3993645
3993663
3993675
3994109
3994115
3994223
3994265
3994347
3994357
3994433
3994549
3994679
3994703
3994727
3994765
3994815
3994817
3994857
3994877
3994947
3994955
3995001
3995047
3995073
3995091
3995107
3995207
3995231
3995257
3995271
3995297
3995377
3995395
3995453
3995593
3995649
3995667
3995707
3995793
3995807
3996013
3996053
3996109
3996113
3996179
3996239
3996357
3996371
3996401
3996433
3996505
3996551
3996561
3996567
3996597
3996655
3996785
3996805
3996987
3997031
3997079
3997145
3997159
3997309
3997337
3997359
3997463
3997521
3997541
3997677
3997701
3997767
3998001
3998045
3998051
3998161
3998279
3998337
3998387
3998429
3998637
3998675
3998745
3998751
3998771
3998829
3998847
3998899
3998901
3998923
3999105
3999157
3999227
3999275
3999337
3999357
3999433
3999447
3999597
3999625
3999645
3999779
3999803
3999861
3999879
3999899
3999909
