# proven primes: b with (b^16+1)/2 prime (APR-CL), block [4000000,5000000)
4000029
4000173
4000209
4000249
4000277
4000291
4000327
4000459
4000587
4000733
4000777
4000809
4000829
4000853
4000893
4000923
4001015
4001019
4001025
4001047
4001145
4001175
4001191
4001303
4001395
4001467
4001645
4001661
4001673
4001743
4001793
4001871
4001931
4001995
4002061
4002181
4002183
4002269
4002357
4002427
4002437
4002461
4002631
4002683
4002731
4002775
4002779
4002817
4002947
4002957
4002987
4003009
4003033
4003075
4003155
4003203
4003247
4003249
4003285
4003331
4003543
4003585
4003691
4003787
4003937
4003991
4003997
4003999
4004003
4004013
4004053
4004063
4004135
4004275
4004293
4004321
4004329
4004353
4004367
4004419
4004475
4004577
4004639
4004719
4004889
4004959
4005051
4005123
4005189
4005231
4005253
4005309
4005313
4005331
4005461
4005583
4005897
4005907
4005999
4006209
4006333
4006459
4006485
4006513
4006639
4006679
4006725
4006983
4007011
4007031
4007033
4007045
4007085
4007163
4007177
4007277
4007293
4007387
4007567
4007591
4007595
4007705
4007713
4007727
4007755
4007763
4007803
4007853
4007917
4007937
4007943
4007967
4008115
4008175
4008227
4008339
4008381
4008449
4008467
4008563
4008581
4008687
4008741
4008785
4008911
4008971
4009221
4009305
4009439
4009521
4009535
4009967
4010099
4010165
4010167
4010175
4010261
4010279
4010287
4010463
4010541
4010645
4010659
4010671
4010781
4010885
4010919
4011043
4011083
4011109
4011151
4011295
4011429
4011527
4011561
4011623
4011643
4011645
4011673
4011733
4011823
4012121
4012157
4012171
4012321
4012329
4012551
4012589
4012647
4012653
4012693
4012719
4012795
4012807
4013045
4013067
4013075
4013131
4013163
4013183
4013273
4013463
4013467
4013519
4013571
4013619
4013681
4013751
4014129
4014175
4014255
4014297
4014305
4014441
4014449
4014481
4014495
4014507
4014553
4014595
4014609
4014709
4014725
4014787
4014829
4014877
4014891
4015019
4015111
4015181
4015201
4015207
4015441
4015453
4015469
4015515
4015547
4015549
4015563
4015603
4015671
4015903
4016029
4016115
4016149
4016189
4016287
4016359
4016387
4016523
4016567
4016611
4016617
4016651
4016767
4016775
4016831
4016915
4016995
4017059
4017063
4017077
4017111
4017161
4017351
4017399
4017471
4017543
4017581
4017701
4017827
4017835
4017893
4017945
4018055
4018231
4018279
4018339
4018547
4018605
4018627
4018673
4018749
4018759
4018811
4018821
4018869
4018921
4019105
4019131
4019169
4019307
4019373
4019393
4019515
4019519
4019585
4019785
4019843
4020083
4020091
4020097
4020139
4020159
4020161
4020245
4020383
4020421
4020535
4020541
4020601
4020649
4020655
4020659
4020845
4020855
4020915
4020967
4021049
4021081
4021111
4021139
4021183
4021409
4021539
4021663
4021897
4022009
4022113
4022197
4022267
4022291
4022395
4022479
4022617
4022621
4022769
4022773
4022779
4022831
4022899
4022921
4023229
4023309
4023375
4023391
4023527
4023867
4023971
4024081
4024323
4024343
4024425
4024495
4024537
4024667
4024691
4024813
4024861
4025063
4025115
4025235
4025267
4025273
4025293
4025349
4025355
4025391
4025499
4025501
4025581
4025645
4025699
4025841
4025945
4025999
4026001
4026029
4026033
4026139
4026169
4026305
4026369
4026599
4026605
4026615
4026637
4026679
4026711
4026725
4026751
4026857
4026885
4026895
4026929
4026945
4027011
4027057
4027163
4027181
4027187
4027193
4027219
4027257
4027263
4027319
4027351
4027375
4027533
4027613
4027651
4027695
4027757
4027889
4027899
4027925
4028129
4028131
4028167
4028251
4028303
4028313
4028385
4028533
4028589
4028663
4028891
4028957
4029087
4029211
4029225
4029259
4029297
4029337
4029401
4029609
4029667
4029799
4029925
4029935
4029947
4029995
4030155
4030227
4030315
4030327
4030335
4030355
4030371
4030373
4030485
4030509
4030601
4030653
4030821
4030911
4030941
4031103
4031133
4031273
4031277
4031283
4031291
4031295
4031391
4031411
4031429
4031489
4031501
4031575
4031665
4031683
4031713
4031767
4032393
4032397
4032409
4032497
4032505
4032531
4032645
4032651
4032757
4032825
4032957
4032985
4032993
4033025
4033037
4033173
4033185
4033335
4033351
4033457
4033477
4033485
4033577
4033635
4033783
4033853
4033865
4033867
4033927
4034045
4034047
4034089
4034133
4034203
4034261
4034295
4034317
4034359
4034375
4034415
4034461
4034467
4034489
4034719
4034825
4034851
4034905
4034909
4034933
4034993
4035007
4035077
4035239
4035261
4035285
4035405
4035453
4035465
4035689
4035721
4035741
4035769
4035789
4035803
4035817
4035825
4035857
4035871
4036063
4036243
4036447
4036589
4036653
4036875
4037011
4037021
4037031
4037069
4037097
4037143
4037201
4037275
4037313
4037339
4037571
4037615
4037717
4037937
4037947
4037951
4038071
4038093
4038137
4038167
4038267
4038311
4038317
4038425
4038451
4038471
4038523
4038569
4038715
4038723
4038833
4038909
4038917
4039069
4039071
4039111
4039179
4039287
4039307
4039379
4039431
4039455
4039579
4039587
4039685
4039693
4039887
4039893
4039909
4039927
4039959
4039963
4040009
4040085
4040151
4040235
4040355
4040359
4040397
4040415
4040459
4040545
4040547
4040599
4040621
4040659
4040927
4040977
4041003
4041021
4041029
4041113
4041129
4041139
4041143
4041289
4041293
4041371
4041511
4041585
4041717
4041723
4041753
4041797
4041801
4041911
4041937
4041965
4041995
4042201
4042207
4042279
4042281
4042355
4042479
4042539
4042573
4042611
4042805
4042827
4042855
4042907
4043009
4043175
4043183
4043381
4043447
4043563
4043575
4043607
4043635
4043657
4043679
4043711
4043977
4044089
4044247
4044265
4044279
4044305
4044335
4044513
4044549
4044583
4044591
4044697
4044843
4044999
4045151
4045185
4045199
4045251
4045265
4045275
4045345
4045379
4045475
4045523
4045887
4045905
4045943
4045999
4046039
4046211
4046301
4046311
4046387
4046437
4046443
4046599
4046605
4046615
4046647
4046711
4046779
4046831
4047029
4047051
4047067
4047157
4047175
4047193
4047335
4047365
4047375
4047405
4047583
4047787
4047875
4047903
4047943
4048013
4048025
4048045
4048109
4048123
4048223
4048339
4048389
4048617
4048757
4048853
4048935
4049045
4049053
4049185
4049217
4049267
4049315
4049321
4049367
4049531
4049533
4049615
4049671
4049713
4049719
4049811
4049839
4049879
4049887
4049967
4049997
4050031
4050041
4050099
4050101
4050161
4050209
4050217
4050283
4050311
4050375
4050393
4050403
4050511
4050785
4050979
4051009
4051065
4051075
4051097
4051105
4051131
4051205
4051279
4051395
4051467
4051777
4051827
4052079
4052083
4052115
4052395
4052503
4052523
4052635
4052661
4052859
4052865
4052891
4052941
4053075
4053141
4053161
4053195
4053323
4053341
4053745
4053803
4053813
4053849
4053853
4053889
4054113
4054185
4054203
4054459
4054575
4054657
4054783
4054949
4055093
4055177
4055203
4055261
4055275
4055369
4055407
4055499
4055599
4055601
4055691
4055703
4055727
4055763
4055765
4055953
4056001
4056181
4056303
4056421
4056455
4056481
4056549
4056853
4056921
4056941
4056945
4056967
4057233
4057237
4057305
4057341
4057401
4057427
4057467
4057473
4057559
4057691
4057865
4057901
4058063
4058075
4058193
4058281
4058345
4058361
4058415
4058553
4058691
4058705
4058765
4058777
4058815
4058951
4059051
4059127
4059239
4059273
4059287
4059295
4059299
4059321
4059379
4059473
4059551
4059647
4059677
4059701
4059817
4060029
4060061
4060075
4060125
4060137
4060209
4060263
4060315
4060415
4060457
4060693
4060779
4060791
4060839
4060995
4060999
4061063
4061067
4061115
4061149
4061277
4061485
4061665
4061695
4061739
4061771
4061939
4062183
4062227
4062277
4062337
4062349
4062505
4062543
4062613
4062691
4062713
4062723
4062739
4062775
4062791
4062869
4062989
4063109
4063247
4063287
4063325
4063333
4063369
4063387
4063401
4063619
4063707
4063895
4064017
4064229
4064239
4064307
4064385
4064391
4064659
4064675
4064713
4064769
4064793
4065001
4065065
4065085
4065205
4065273
4065319
4065361
4065389
4065427
4065535
4065609
4065611
4065657
4065675
4065731
4065831
4065837
4065881
4065933
4065981
4066279
4066321
4066327
4066411
4066425
4066635
4066703
4066713
4066933
4067051
4067101
4067115
4067189
4067225
4067247
4067317
4067465
4067575
4067801
4067849
4067927
4068007
4068017
4068033
4068093
4068177
4068229
4068259
4068313
4068351
4068495
4068525
4068713
4068731
4068821
4068833
4068869
4069335
4069405
4069431
4069473
4069709
4069891
4069931
4070025
4070059
4070099
4070107
4070215
4070221
4070343
4070429
4070495
4070645
4070707
4070755
4070787
4070875
4070969
4071009
4071019
4071053
4071193
4071259
4071285
4071325
4071341
4071417
4071511
4071695
4071725
4071781
4071905
4071965
4072085
4072165
4072253
4072411
4072425
4072459
4072561
4072583
4072589
4072599
4072689
4072707
4072765
4072885
4073035
4073061
4073067
4073121
4073127
4073135
4073245
4073255
4073325
4073353
4073419
4073605
4073635
4073695
4073759
4073877
4073921
4074027
4074173
4074185
4074243
4074301
4074411
4074469
4074655
4074657
4074671
4074693
4075089
4075131
4075161
4075175
4075259
4075293
4075381
4075769
4075789
4075887
4075891
4075931
4075935
4075965
4075987
4075997
4076027
4076047
4076061
4076073
4076177
4076245
4076285
4076301
4076407
4076419
4076489
4076507
4076623
4076739
4076777
4076853
4076887
4076899
4076915
4076935
4076939
4076943
4076959
4077081
4077165
4077257
4077289
4077321
4077377
4077381
4077393
4077431
4077449
4077599
4077653
4077661
4077671
4077843
4078049
4078123
4078127
4078235
4078383
4078421
4078439
4078449
4078505
4078537
4078553
4078615
4078639
4078649
4078659
4078681
4078837
4078923
4078947
4079101
4079177
4079277
4079325
4079337
4079411
4079521
4079725
4079729
4079735
4079877
4080049
4080093
4080099
4080151
4080185
4080195
4080215
4080235
4080415
4080489
4080667
4080763
4080875
4080899
4080957
4080987
4081207
4081457
4081517
4081565
4081615
4081793
4081817
4081843
4081873
4082015
4082063
4082089
4082219
4082257
4082307
4082413
4082429
4082437
4082511
4082615
4082633
4082673
4082681
4082721
4082723
4082737
4082741
4082757
4082829
4082833
4083007
4083113
4083171
4083191
4083193
4083207
4083217
4083279
4083295
4083475
4083537
4083625
4083639
4083647
4083731
4083787
4084063
4084075
4084209
4084235
4084265
4084307
4084353
4084385
4084411
4084429
4084499
4084519
4084565
4084623
4084649
4084671
4084683
4084697
4084751
4084935
4085059
4085079
4085137
4085139
4085169
4085211
4085241
4085267
4085295
4085399
4085415
4085425
4085471
4085651
4085883
4085925
4086305
4086329
4086343
4086357
4086469
4086481
4086525
4086567
4086579
4086599
4086615
4086681
4086701
4086711
4086725
4086939
4087077
4087359
4087411
4087425
4087467
4087473
4087549
4087585
4087791
4087997
4088055
4088127
4088185
4088189
4088249
4088299
4088395
4088399
4088479
4088563
4088769
4088783
4088791
4088843
4088873
4088937
4089011
4089101
4089279
4089283
4089427
4089461
4089551
4089683
4089705
4089859
4089879
4089923
4089941
4090055
4090103
4090163
4090281
4090289
4090379
4090393
4090453
4090589
4090613
4090687
4090693
4090755
4090791
4090987
4091105
4091181
4091209
4091223
4091307
4091339
4091491
4091495
4091777
4092045
4092057
4092383
4092405
4092413
4092537
4092559
4092601
4092641
4092707
4092745
4092753
4092875
4092913
4092941
4092969
4093263
4093347
4093373
4093421
4093625
4093637
4093665
4093767
4093929
4094043
4094073
4094075
4094083
4094163
4094185
4094201
4094259
4094267
4094285
4094719
4094789
4094951
4094955
4094959
4094981
4095061
4095117
4095241
4095343
4095619
4095655
4095757
4095889
4095931
4095959
4095971
4096127
4096137
4096139
4096181
4096239
4096267
4096295
4096381
4096457
4096579
4096591
4096709
4096801
4096833
4096903
4096923
4096995
4097085
4097129
4097157
4097509
4097531
4097595
4097739
4097769
4098203
4098239
4098279
4098333
4098419
4098485
4098661
4098687
4098739
4099005
4099065
4099163
4099183
4099221
4099225
4099231
4099267
4099301
4099305
4099413
4099447
4099603
4099621
4099625
4099673
4099701
4099705
4099779
4099793
4099851
4099881
4099895
4099939
4100081
4100189
4100301
4100443
4100485
4100539
4100593
4100687
4100749
4100779
4100805
4100851
4100891
4101047
4101123
4101133
4101137
4101159
4101167
4101199
4101235
4101289
4101297
4101393
4101505
4101577
4101587
4101621
4101707
4101839
4101851
4101855
4101899
4101903
4101907
4101949
4102093
4102103
4102153
4102161
4102211
4102243
4102277
4102331
4102439
4102811
4102857
4102883
4102901
4102931
4102993
4102997
4103013
4103101
4103117
4103261
4103325
4103585
4103597
4103729
4103893
4103967
4104011
4104029
4104157
4104251
4104255
4104303
4104425
4104429
4104497
4104533
4104593
4104735
4104755
4104799
4104921
4105033
4105075
4105209
4105237
4105307
4105419
4105575
4105579
4105587
4105621
4105721
4105829
4105915
4105971
4106013
4106045
4106139
4106145
4106171
4106203
4106399
4106409
4106429
4106431
4106621
4106705
4106783
4106867
4106895
4107125
4107375
4107463
4107537
4107713
4107897
4107939
4107943
4108007
4108127
4108191
4108201
4108229
4108241
4108343
4108361
4108429
4108565
4108677
4108831
4108953
4109009
4109111
4109215
4109281
4109343
4109345
4109365
4109367
4109399
4109403
4109431
4109499
4109605
4109639
4109853
4110009
4110091
4110119
4110299
4110327
4110331
4110359
4110401
4110425
4110463
4110587
4110707
4110709
4110713
4110813
4110933
4110943
4111007
4111039
4111065
4111081
4111149
4111261
4111335
4111351
4111425
4111535
4111627
4111651
4111673
4111927
4111981
4112089
4112255
4112271
4112299
4112389
4112485
4112525
4112535
4112591
4112605
4112687
4112689
4112847
4112947
4112973
4113025
4113027
4113029
4113101
4113103
4113115
4113209
4113289
4113371
4113397
4113551
4113587
4113721
4113907
4113911
4113949
4113961
4114115
4114145
4114215
4114257
4114259
4114261
4114293
4114423
4114439
4114457
4114463
4114487
4114499
4114507
4114513
4114533
4114593
4114603
4114653
4114665
4114699
4114715
4114835
4114869
4114873
4114885
4115053
4115151
4115153
4115167
4115171
4115319
4115395
4115415
4115455
4115517
4115769
4115807
4116015
4116203
4116345
4116395
4116469
4116503
4116509
4116543
4116655
4116881
4116905
4116921
4116981
4116985
4116995
4117021
4117061
4117171
4117213
4117225
4117247
4117275
4117435
4117611
4117619
4117683
4117737
4117845
4117855
4117879
4117919
4117925
4117965
4118001
4118011
4118063
4118125
4118149
4118223
4118233
4118285
4118315
4118377
4118505
4118519
4118615
4118709
4118775
4118813
4118903
4118979
4118985
4118993
4119067
4119145
4119495
4119595
4119743
4119749
4119841
4119913
4119971
4119973
4120005
4120065
4120071
4120077
4120081
4120119
4120139
4120143
4120175
4120211
4120279
4120291
4120335
4120577
4120789
4120835
4120949
4121019
4121035
4121125
4121217
4121229
4121251
4121319
4121353
4121379
4121419
4121433
4121503
4121671
4121809
4121847
4121861
4121951
4122065
4122119
4122165
4122253
4122299
4122525
4122531
4122557
4122635
4122667
4122853
4122961
4123059
4123121
4123173
4123195
4123223
4123283
4123285
4123333
4123447
4123527
4123689
4123821
4123829
4123885
4123951
4124073
4124081
4124135
4124243
4124399
4124649
4124683
4124709
4124741
4124749
4124823
4124859
4124907
4124943
4125179
4125189
4125193
4125253
4125371
4125377
4125507
4125573
4125679
4125687
4125691
4125707
4125791
4125815
4125847
4125971
4126003
4126073
4126091
4126099
4126157
4126163
4126235
4126337
4126369
4126499
4126569
4126613
4126639
4126681
4126743
4126759
4126853
4126855
4126901
4126973
4126995
4127015
4127073
4127113
4127261
4127303
4127317
4127407
4127441
4127503
4127531
4127561
4127641
4127787
4127905
4127921
4127925
4128155
4128219
4128309
4128313
4128717
4128731
4128801
4128819
4128901
4128907
4128929
4128997
4129021
4129107
4129167
4129201
4129237
4129281
4129305
4129511
4129583
4129685
4129739
4129829
4129855
4129977
4130051
4130091
4130309
4130353
4130359
4130441
4130501
4130577
4130695
4130759
4130763
4130857
4131027
4131133
4131325
4131349
4131363
4131389
4131423
4131431
4131525
4131545
4131561
4131585
4131631
4131667
4131689
4131725
4131733
4131815
4131829
4131837
4131935
4131977
4132161
4132401
4132419
4132427
4132455
4132473
4132487
4132505
4132629
4132663
4132803
4132831
4132843
4132887
4132903
4132933
4132959
4133017
4133111
4133169
4133199
4133207
4133275
4133293
4133369
4133485
4133549
4133601
4133655
4133727
4133851
4133863
4133867
4133871
4133889
4134253
4134273
4134407
4134499
4134533
4134539
4134569
4134745
4134771
4134837
4134965
4135141
4135293
4135333
4135391
4135413
4135475
4135489
4135497
4135531
4135541
4135569
4135585
4135593
4135631
4135715
4135803
4135829
4135857
4135895
4135915
4135929
4135975
4136001
4136027
4136053
4136133
4136139
4136195
4136285
4136331
4136393
4136403
4136439
4136455
4136467
4136481
4136567
4136653
4136851
4136891
4136939
4136977
4137137
4137195
4137239
4137251
4137357
4137425
4137435
4137541
4137679
4137691
4137731
4137879
4138037
4138057
4138101
4138141
4138263
4138309
4138377
4138447
4138497
4138527
4138549
4138575
4138581
4138595
4138597
4138781
4138869
4138993
4139007
4139029
4139113
4139137
4139167
4139175
4139187
4139197
4139213
4139391
4139417
4139513
4139549
4139717
4139805
4139865
4139871
4139875
4140007
4140009
4140055
4140125
4140143
4140273
4140315
4140549
4140583
4140947
4140977
4141009
4141139
4141141
4141245
4141271
4141359
4141453
4141499
4141625
4141645
4141683
4141723
4141727
4141737
4141851
4141893
4142061
4142091
4142101
4142119
4142147
4142209
4142285
4142293
4142531
4142541
4142667
4142681
4142685
4142777
4142791
4142963
4142973
4143079
4143103
4143175
4143295
4143299
4143341
4143367
4143647
4143649
4143699
4143759
4144009
4144133
4144207
4144241
4144389
4144443
4144577
4144863
4144917
4144923
4144931
4144945
4144957
4144969
4144977
4145009
4145021
4145099
4145233
4145259
4145299
4145413
4145429
4145445
4145561
4145589
4145677
4145693
4145741
4145811
4145813
4145821
4146023
4146083
4146129
4146207
4146253
4146259
4146329
4146393
4146441
4146457
4146535
4146547
4146583
4146637
4146713
4146863
4146879
4146905
4146909
4146915
4146991
4147045
4147169
4147343
4147375
4147453
4147473
4147561
4147715
4147827
4147905
4147917
4147949
4147967
4148009
4148051
4148061
4148079
4148243
4148473
4148561
4148567
4148585
4148589
4148723
4148867
4148869
4148995
4149089
4149201
4149225
4149247
4149269
4149313
4149375
4149393
4149405
4149503
4149563
4149573
4149603
4149631
4149903
4149939
4150025
4150169
4150255
4150269
4150325
4150331
4150419
4150521
4150555
4150767
4150909
4150961
4150965
4151023
4151131
4151183
4151199
4151227
4151295
4151429
4151491
4151503
4151691
4151723
4151809
4151831
4151945
4151951
4151973
4151987
4152019
4152167
4152207
4152221
4152543
4152545
4152599
4152635
4152797
4152935
4153113
4153147
4153173
4153233
4153267
4153345
4153361
4153393
4153435
4153449
4153501
4153527
4153623
4153643
4153675
4153711
4153719
4153765
4153817
4153829
4153911
4153935
4153985
4154001
4154009
4154093
4154119
4154125
4154179
4154203
4154289
4154303
4154391
4154423
4154475
4154505
4154519
4154559
4154689
4154693
4154795
4154827
4154845
4154909
4154921
4154925
4154945
4155005
4155021
4155045
4155067
4155087
4155229
4155265
4155307
4155375
4155503
4155651
4155735
4155829
4155835
4155867
4155933
4155957
4156021
4156045
4156063
4156069
4156079
4156109
4156185
4156259
4156277
4156285
4156439
4156547
4156813
4156897
4157049
4157169
4157199
4157219
4157379
4157383
4157637
4157733
4157751
4157779
4157843
4158159
4158285
4158361
4158405
4158423
4158497
4158523
4158659
4158735
4158751
4158763
4158835
4158851
4158941
4158993
4159013
4159019
4159071
4159169
4159175
4159203
4159205
4159255
4159321
4159371
4159373
4159675
4159723
4159733
4159813
4159911
4159969
4159977
4160031
4160055
4160125
4160183
4160229
4160371
4160489
4160529
4160685
4160687
4160743
4160745
4161001
4161095
4161119
4161133
4161143
4161145
4161251
4161263
4161271
4161279
4161295
4161307
4161387
4161415
4161421
4161423
4161467
4161505
4161543
4161547
4161591
4161601
4161629
4161727
4161821
4161849
4161879
4161915
4162075
4162089
4162123
4162447
4162471
4162609
4162627
4162653
4162699
4162717
4162879
4162933
4162955
4163063
4163107
4163167
4163225
4163333
4163335
4163381
4163531
4163591
4163739
4163799
4163871
4163913
4164039
4164069
4164107
4164123
4164139
4164161
4164189
4164401
4164555
4164629
4164685
4164695
4164783
4164799
4164841
4164907
4165003
4165107
4165237
4165261
4165283
4165385
4165411
4165449
4165525
4165551
4165553
4165621
4165749
4165811
4165875
4165895
4166041
4166187
4166223
4166279
4166319
4166335
4166365
4166379
4166515
4166531
4166595
4166597
4166613
4166617
4166645
4166647
4166659
4166679
4166723
4166789
4166791
4166825
4166833
4166923
4166943
4166947
4166961
4166965
4167017
4167115
4167125
4167157
4167163
4167177
4167181
4167227
4167319
4167415
4167427
4167741
4167787
4167967
4167995
4168093
4168151
4168189
4168211
4168241
4168405
4168657
4168715
4168755
4168775
4168785
4168913
4168941
4168945
4168953
4169023
4169133
4169171
4169245
4169269
4169333
4169377
4169411
4169443
4169507
4169589
4169619
4169681
4169721
4170083
4170125
4170201
4170239
4170323
4170387
4170415
4170539
4170619
4170653
4170821
4171007
4171223
4171259
4171297
4171315
4171375
4171811
4171885
4172061
4172069
4172071
4172201
4172239
4172445
4172555
4172651
4172721
4172731
4172735
4172787
4172909
4172941
4173061
4173121
4173123
4173161
4173235
4173243
4173279
4173299
4173325
4173619
4173729
4173953
4173989
4174093
4174153
4174187
4174191
4174297
4174419
4174493
4174577
4174649
4174687
4174739
4174765
4174841
4174851
4174933
4174971
4175221
4175263
4175307
4175309
4175501
4175545
4175667
4175673
4175695
4175717
4175769
4175801
4175859
4175861
4176097
4176181
4176325
4176329
4176407
4176423
4176529
4176561
4176635
4176733
4176771
4176809
4177079
4177103
4177167
4177195
4177203
4177255
4177307
4177313
4177329
4177337
4177375
4177403
4177487
4177547
4177563
4177579
4177785
4177813
4177961
4177993
4178071
4178099
4178237
4178261
4178339
4178347
4178395
4178401
4178463
4178565
4178587
4178661
4178733
4178763
4178785
4178795
4178943
4178979
4179069
4179251
4179309
4179381
4179747
4179877
4179893
4179913
4179919
4179945
4180057
4180065
4180113
4180127
4180263
4180323
4180373
4180415
4180445
4180613
4180619
4180695
4180713
4180803
4181229
4181249
4181319
4181367
4181447
4181497
4181509
4181529
4181563
4181597
4181875
4181937
4181945
4181979
4181983
4182079
4182095
4182099
4182107
4182153
4182187
4182363
4182399
4182453
4182473
4182583
4182697
4182747
4182781
4182851
4182863
4182967
4183021
4183025
4183077
4183093
4183125
4183133
4183147
4183189
4183211
4183333
4183359
4183373
4183375
4183437
4183563
4183575
4183617
4183659
4183777
4183791
4183939
4183971
4184001
4184009
4184083
4184135
4184205
4184245
4184301
4184313
4184397
4184483
4184651
4184673
4184675
4184687
4184789
4184853
4184865
4184873
4184983
4185053
4185145
4185323
4185333
4185383
4185447
4185463
4185653
4185739
4185743
4185751
4185765
4185845
4185859
4185885
4185891
4185907
4185995
4185997
4186023
4186053
4186079
4186133
4186197
4186295
4186483
4186491
4186499
4186553
4186607
4186675
4186807
4186957
4186997
4187005
4187031
4187087
4187117
4187151
4187235
4187295
4187319
4187415
4187443
4187503
4187537
4187611
4187653
4187681
4187789
4187805
4187863
4187873
4187919
4187997
4188007
4188085
4188095
4188347
4188349
4188357
4188387
4188429
4188475
4188575
4188697
4188719
4188821
4188879
4189091
4189209
4189301
4189319
4189343
4189351
4189373
4189393
4189415
4189429
4189439
4189467
4189525
4189581
4189699
4189725
4189777
4189831
4189839
4189917
4190021
4190055
4190319
4190479
4190571
4190579
4190703
4190709
4190765
4190793
4190995
4191145
4191185
4191225
4191259
4191279
4191283
4191299
4191387
4191459
4191479
4191493
4191559
4191565
4191579
4191709
4191711
4191731
4191773
4192051
4192099
4192149
4192187
4192203
4192205
4192253
4192309
4192313
4192367
4192481
4192491
4192539
4192633
4192643
4192653
4192739
4192749
4192803
4192851
4192981
4193069
4193119
4193131
4193159
4193163
4193257
4193279
4193299
4193305
4193351
4193395
4193405
4193525
4193541
4193723
4193831
4193907
4194089
4194111
4194139
4194277
4194363
4194399
4194415
4194475
4194491
4194535
4194577
4194579
4194629
4194647
4194677
4194763
4194971
4194995
4195081
4195325
4195331
4195351
4195423
4195515
4195537
4195543
4195653
4195659
4195723
4195969
4195997
4196019
4196025
4196061
4196149
4196173
4196189
4196225
4196249
4196353
4196373
4196379
4196403
4196435
4196549
4196759
4196763
4196765
4196829
4196831
4196881
4196901
4196903
4197019
4197077
4197199
4197227
4197413
4197583
4197605
4197729
4197847
4197863
4197907
4197955
4198005
4198031
4198135
4198161
4198221
4198327
4198341
4198391
4198439
4198519
4198547
4198583
4198689
4198699
4198731
4198743
4198893
4198927
4199017
4199081
4199287
4199329
4199423
4199427
4199477
4199531
4199589
4199655
4199659
4199701
4199719
4199739
4199787
4199825
4199891
4200021
4200085
4200087
4200149
4200221
4200343
4200439
4200617
4200705
4200929
4201009
4201077
4201171
4201215
4201257
4201397
4201443
4201553
4201603
4201785
4201873
4201879
4201885
4201921
4202007
4202049
4202081
4202121
4202127
4202207
4202245
4202305
4202323
4202339
4202367
4202423
4202431
4202437
4202439
4202461
4202609
4202665
4202733
4202787
4202859
4202887
4202913
4202945
4203015
4203071
4203095
4203147
4203369
4203495
4203505
4203619
4203627
4203635
4203641
4203649
4203683
4203769
4203791
4203957
4203969
4203971
4204001
4204073
4204083
4204235
4204253
4204273
4204283
4204287
4204307
4204341
4204355
4204523
4204587
4204627
4204637
4204645
4204815
4204841
4204843
4204925
4204991
4205035
4205161
4205181
4205229
4205453
4205495
4205499
4205567
4205749
4205759
4205825
4205919
4206015
4206027
4206113
4206161
4206193
4206465
4206517
4206519
4206607
4206635
4206643
4206693
4206757
4206943
4206949
4206977
4206979
4207057
4207179
4207281
4207359
4207367
4207465
4207479
4207577
4207595
4207687
4207813
4207837
4207857
4208137
4208163
4208205
4208343
4208411
4208479
4208481
4208589
4208599
4208663
4208669
4208839
4208965
4208983
4208995
4209017
4209023
4209083
4209111
4209137
4209219
4209311
4209315
4209351
4209405
4209425
4209507
4209691
4209695
4209721
4209771
4209815
4209853
4209899
4210051
4210101
4210431
4210453
4210581
4210613
4210629
4210801
4210811
4210813
4210873
4210883
4210905
4211035
4211067
4211119
4211143
4211247
4211251
4211265
4211343
4211499
4211657
4211675
4211773
4211961
4212105
4212125
4212169
4212199
4212285
4212319
4212325
4212369
4212481
4212507
4212661
4212681
4212705
4212799
4212987
4213009
4213071
4213081
4213101
4213205
4213235
4213245
4213281
4213333
4213477
4213561
4213565
4213579
4213619
4213685
4213853
4213863
4213873
4213965
4214007
4214071
4214101
4214205
4214263
4214315
4214463
4214541
4214551
4214615
4214747
4214751
4214759
4214901
4214917
4214973
4215079
4215119
4215123
4215131
4215141
4215263
4215351
4215443
4215515
4215629
4215797
4215827
4215857
4215871
4215905
4215973
4215977
4215997
4216001
4216029
4216041
4216129
4216201
4216353
4216421
4216427
4216547
4216563
4216583
4216621
4216669
4216685
4216703
4216791
4216957
4217001
4217063
4217087
4217113
4217123
4217155
4217175
4217207
4217211
4217221
4217331
4217641
4217649
4217697
4217761
4217883
4217913
4218217
4218241
4218309
4218327
4218341
4218351
4218397
4218641
4218659
4218665
4218785
4218813
4218819
4218865
4218871
4219019
4219055
4219073
4219207
4219331
4219387
4219391
4219405
4219499
4219509
4219571
4219673
4219765
4219809
4219813
4219831
4219849
4219911
4220029
4220047
4220089
4220251
4220463
4220483
4220639
4220667
4220729
4220757
4220761
4220775
4220851
4220917
4220941
4221091
4221161
4221217
4221235
4221245
4221379
4221411
4221415
4221463
4222021
4222033
4222063
4222121
4222567
4222711
4222803
4222977
4222997
4223023
4223071
4223089
4223179
4223211
4223227
4223259
4223473
4223495
4223569
4223573
4223583
4223591
4223603
4223623
4223657
4223737
4223811
4223841
4223853
4223867
4223923
4223959
4224003
4224063
4224123
4224203
4224321
4224403
4224435
4224609
4224673
4224713
4224777
4224879
4225123
4225169
4225441
4225503
4225535
4225699
4225719
4225761
4225893
4225903
4226081
4226185
4226207
4226219
4226231
4226237
4226587
4226629
4226693
4226777
4226911
4226969
4226977
4227269
4227283
4227307
4227335
4227339
4227421
4227479
4227507
4227511
4227569
4227697
4227719
4227769
4227817
4227947
4227983
4228063
4228089
4228189
4228295
4228521
4228545
4228585
4228601
4228619
4228623
4228665
4228671
4228689
4228691
4228701
4228705
4228859
4228899
4228973
4229117
4229125
4229323
4229341
4229407
4229541
4229551
4229613
4229755
4229771
4229821
4229947
4229979
4230017
4230133
4230153
4230283
4230339
4230467
4230535
4230555
4230655
4230673
4230693
4230747
4230817
4230843
4230859
4230943
4230947
4230981
4231167
4231193
4231225
4231227
4231299
4231319
4231373
4231413
4231419
4231505
4231545
4231571
4231607
4231615
4231629
4231721
4231995
4231997
4232073
4232121
4232201
4232295
4232299
4232315
4232505
4232541
4232581
4232631
4232639
4232757
4232767
4232811
4232847
4232865
4232885
4233007
4233009
4233275
4233311
4233315
4233381
4233429
4233439
4233693
4233727
4233921
4233931
4234029
4234079
4234191
4234325
4234373
4234523
4234539
4234549
4234713
4234795
4234811
4234921
4234973
4234999
4235059
4235121
4235167
4235229
4235251
4235299
4235355
4235383
4235613
4235633
4235693
4235717
4235831
4235861
4235885
4235957
4235981
4236025
4236463
4236469
4236533
4236741
4236855
4236907
4236927
4237057
4237153
4237229
4237299
4237319
4237477
4237551
4237621
4237633
4237705
4237711
4237779
4237953
4238011
4238065
4238205
4238215
4238235
4238277
4238293
4238325
4238359
4238409
4238587
4238603
4238613
4238627
4238649
4238717
4238721
4238759
4238797
4238807
4238949
4238965
4239013
4239033
4239097
4239285
4239311
4239439
4239495
4239513
4239663
4239697
4239729
4239769
4239773
4239787
4239813
4239827
4239857
4239875
4239909
4239979
4240097
4240149
4240159
4240199
4240263
4240299
4240381
4240565
4240751
4240851
4240889
4240921
4241037
4241057
4241059
4241163
4241201
4241269
4241293
4241327
4241399
4241411
4241415
4241531
4241615
4241645
4241659
4241737
4241767
4241775
4241781
4241859
4241951
4241963
4242035
4242045
4242125
4242145
4242165
4242183
4242255
4242285
4242349
4242363
4242463
4242581
4242627
4242903
4242977
4243027
4243241
4243319
4243517
4243553
4243555
4243735
4243757
4243791
4243847
4243887
4243921
4243937
4244015
4244037
4244107
4244159
4244363
4244381
4244403
4244427
4244439
4244515
4244613
4244881
4244927
4244939
4244941
4245003
4245025
4245029
4245055
4245179
4245215
4245243
4245259
4245275
4245341
4245405
4245457
4245481
4245491
4245539
4245571
4245631
4245673
4245755
4245841
4245887
4245981
4245995
4246063
4246103
4246173
4246233
4246277
4246383
4246435
4246539
4246551
4246567
4246577
4246739
4246763
4246771
4246843
4246853
4247033
4247039
4247059
4247071
4247083
4247123
4247127
4247153
4247169
4247253
4247275
4247335
4247603
4247645
4247741
4247797
4247853
4247933
4247939
4247961
4248053
4248121
4248205
4248223
4248229
4248245
4248369
4248377
4248389
4248439
4248441
4248465
4248507
4248567
4248597
4248685
4248713
4248723
4248733
4248737
4248753
4248841
4248895
4248963
4249009
4249045
4249211
4249283
4249287
4249297
4249365
4249383
4249469
4249475
4249495
4249517
4249523
4249527
4249533
4249591
4249629
4249753
4249803
4249811
4249823
4249971
4249995
4250001
4250225
4250349
4250641
4250721
4250755
4250793
4250823
4250855
4250929
4250931
4250945
4251051
4251107
4251221
4251345
4251419
4251475
4251677
4251801
4251811
4252013
4252019
4252051
4252089
4252127
4252237
4252287
4252309
4252445
4252637
4252755
4252795
4252811
4252825
4252845
4252871
4252873
4252927
4252939
4252983
4253225
4253281
4253285
4253341
4253409
4253411
4253441
4253447
4253491
4253537
4253681
4253715
4253733
4253803
4253837
4253903
4253923
4253989
4254025
4254027
4254057
4254085
4254133
4254225
4254233
4254325
4254453
4254501
4254507
4254617
4254723
4254797
4254857
4254897
4255067
4255083
4255099
4255137
4255295
4255299
4255305
4255461
4255549
4255561
4255683
4255713
4255739
4255741
4255757
4255773
4255795
4255887
4255933
4255957
4256055
4256203
4256269
4256333
4256371
4256375
4256377
4256569
4256659
4256735
4256745
4256777
4256881
4256995
4257083
4257195
4257237
4257353
4257559
4257563
4257585
4257625
4257643
4257805
4257811
4257883
4258013
4258015
4258053
4258069
4258085
4258101
4258121
4258273
4258299
4258349
4258397
4258401
4258411
4258467
4258543
4258631
4258677
4258963
4258981
4259005
4259029
4259059
4259067
4259171
4259189
4259221
4259229
4259267
4259363
4259373
4259567
4259575
4259609
4259643
4259731
4259743
4259751
4259769
4259803
4259917
4260041
4260087
4260119
4260129
4260139
4260335
4260341
4260345
4260477
4260589
4260605
4260677
4261007
4261087
4261115
4261171
4261187
4261293
4261345
4261497
4261527
4261581
4261637
4261677
4261817
4261867
4261911
4262047
4262201
4262219
4262295
4262343
4262389
4262401
4262433
4262535
4262547
4262681
4262687
4262735
4262773
4262785
4262935
4263047
4263165
4263167
4263211
4263315
4263329
4263333
4263375
4263391
4263455
4263545
4263625
4263741
4263833
4263839
4263887
4263933
4263983
4264005
4264045
4264083
4264093
4264123
4264357
4264513
4264517
4264561
4264685
4264751
4264759
4264801
4264803
4264935
4265037
4265137
4265205
4265363
4265365
4265387
4265425
4265571
4265579
4265589
4265629
4265673
4265675
4265729
4265773
4265867
4266037
4266061
4266097
4266213
4266225
4266245
4266333
4266387
4266433
4266583
4266607
4266647
4266679
4266811
4266813
4266839
4266933
4266935
4266993
4267035
4267105
4267305
4267307
4267357
4267359
4267405
4267435
4267441
4267493
4267497
4267501
4267507
4267595
4267601
4267613
4267659
4267661
4267717
4267733
4267771
4267797
4267865
4267867
4268057
4268093
4268323
4268345
4268397
4268629
4268657
4268739
4269105
4269131
4269139
4269179
4269243
4269297
4269375
4269499
4269557
4269577
4269681
4269749
4269789
4269825
4269905
4270027
4270043
4270051
4270157
4270195
4270257
4270291
4270415
4270479
4270529
4270581
4270835
4270867
4271005
4271019
4271185
4271303
4271319
4271411
4271469
4271589
4271675
4271777
4271937
4272001
4272241
4272327
4272367
4272439
4272577
4272651
4272681
4272875
4272955
4272971
4273201
4273209
4273253
4273277
4273595
4273625
4273635
4273647
4273655
4273785
4273901
4273965
4274001
4274007
4274045
4274063
4274097
4274103
4274113
4274121
4274167
4274195
4274293
4274295
4274297
4274309
4274473
4274531
4274599
4274627
4274639
4274719
4274761
4274993
4274999
4275025
4275095
4275131
4275219
4275235
4275349
4275375
4275463
4275549
4275647
4275671
4275707
4275773
4275857
4275941
4275985
4276133
4276181
4276201
4276269
4276367
4276421
4276551
4276595
4276657
4276681
4276705
4276789
4276791
4276809
4276821
4276845
4276915
4277037
4277043
4277161
4277213
4277241
4277259
4277415
4277425
4277489
4277503
4277509
4277527
4277627
4277717
4277823
4277829
4277841
4277879
4277923
4277955
4277975
4277999
4278023
4278065
4278079
4278161
4278197
4278209
4278311
4278387
4278505
4278693
4278727
4278805
4278943
4278949
4279009
4279023
4279061
4279095
4279107
4279145
4279301
4279311
4279457
4279539
4279555
4279575
4279643
4279693
4279743
4279777
4279937
4280031
4280065
4280077
4280121
4280373
4280391
4280497
4280529
4280583
4280761
4281001
4281027
4281169
4281215
4281351
4281381
4281403
4281475
4281589
4281611
4281699
4281737
4281773
4281783
4281807
4282041
4282109
4282171
4282201
4282223
4282329
4282513
4282643
4282653
4282669
4282683
4282691
4282717
4282745
4282747
4282867
4282873
4282911
4282929
4282949
4283039
4283057
4283157
4283161
4283237
4283251
4283279
4283425
4283427
4283503
4283507
4283517
4283709
4283741
4283803
4283855
4283921
4283999
4284087
4284215
4284217
4284271
4284309
4284317
4284525
4284543
4284561
4284697
4284699
4284727
4284743
4284855
4284871
4284875
4284953
4284975
4285059
4285063
4285125
4285147
4285179
4285243
4285379
4285423
4285495
4285513
4285533
4285569
4285675
4285729
4285753
4285759
4285765
4285981
4285999
4286021
4286043
4286135
4286259
4286395
4286439
4286509
4286659
4286729
4286793
4286819
4286829
4286929
4286973
4287053
4287071
4287177
4287239
4287361
4287407
4287483
4287533
4287553
4287685
4287691
4287745
4287819
4287859
4287887
4287935
4288211
4288399
4288417
4288517
4288565
4288575
4288577
4288701
4288789
4288917
4289045
4289071
4289113
4289121
4289149
4289205
4289233
4289237
4289269
4289325
4289413
4289539
4289691
4289837
4289865
4289881
4289909
4289915
4289957
4290005
4290035
4290111
4290137
4290141
4290275
4290301
4290331
4290347
4290439
4290519
4290535
4290681
4290695
4290697
4290783
4290867
4290953
4290997
4291003
4291005
4291037
4291049
4291167
4291193
4291277
4291307
4291441
4291461
4291539
4291689
4291859
4292019
4292027
4292043
4292139
4292147
4292165
4292203
4292209
4292303
4292353
4292419
4292497
4292533
4292557
4292565
4292595
4292743
4292749
4292779
4293285
4293373
4293375
4293389
4293449
4293503
4293527
4293561
4293567
4293573
4293643
4293691
4293827
4293837
4293839
4294021
4294023
4294037
4294057
4294089
4294157
4294177
4294373
4294495
4294729
4294831
4294881
4295075
4295085
4295099
4295103
4295125
4295161
4295183
4295195
4295359
4295369
4295389
4295459
4295541
4295557
4296073
4296135
4296137
4296293
4296481
4296513
4296515
4296533
4296571
4296575
4296639
4296673
4296721
4296727
4296747
4296807
4296847
4296923
4296935
4297003
4297051
4297097
4297191
4297323
4297435
4297511
4297519
4297535
4297651
4297665
4297717
4297735
4297779
4297817
4297907
4297935
4297967
4298013
4298161
4298173
4298181
4298215
4298263
4298419
4298553
4298603
4298621
4298807
4298927
4299029
4299249
4299263
4299353
4299367
4299385
4299425
4299449
4299527
4299535
4299557
4299563
4299565
4299645
4299727
4299755
4299781
4299825
4299913
4299939
4299985
4300027
4300071
4300277
4300297
4300391
4300431
4300433
4300549
4300639
4300675
4300747
4300811
4301095
4301139
4301211
4301227
4301259
4301605
4301663
4301867
4301919
4302061
4302101
4302105
4302215
4302265
4302307
4302493
4302533
4302543
4302689
4302787
4302825
4302827
4302951
4303067
4303145
4303205
4303357
4303365
4303389
4303409
4303411
4303607
4303625
4303777
4303815
4304031
4304127
4304229
4304365
4304413
4304607
4304703
4304799
4304835
4304837
4304959
4305049
4305061
4305173
4305225
4305329
4305425
4305469
4305477
4305575
4305631
4305667
4305675
4305719
4305723
4305735
4305743
4305803
4305869
4305895
4305925
4305929
4305937
4305949
4305993
4306019
4306279
4306297
4306301
4306311
4306327
4306341
4306491
4306497
4306591
4306757
4306825
4306895
4306913
4306923
4306969
4307031
4307087
4307107
4307115
4307127
4307201
4307301
4307317
4307369
4307379
4307381
4307417
4307455
4307515
4307565
4307571
4307633
4307717
4307813
4308069
4308129
4308141
4308231
4308251
4308337
4308357
4308487
4308587
4308723
4308751
4308757
4308811
4308829
4308907
4308927
4308949
4308957
4308961
4308969
4308973
4309107
4309209
4309291
4309401
4309477
4309529
4309559
4309591
4309605
4309649
4309673
4309957
4309995
4310015
4310051
4310081
4310173
4310259
4310329
4310379
4310403
4310503
4310509
4310539
4310551
4310581
4310645
4310713
4310723
4310741
4310923
4311105
4311163
4311259
4311279
4311327
4311349
4311383
4311461
4311495
4311543
4311591
4311611
4311707
4311755
4311865
4311909
4311953
4312055
4312085
4312171
4312209
4312211
4312273
4312331
4312351
4312413
4312419
4312441
4312453
4312579
4312641
4312645
4312669
4312679
4312749
4312779
4312843
4312851
4313005
4313167
4313241
4313273
4313373
4313379
4313407
4313519
4313569
4313589
4313595
4313627
4313633
4313651
4313673
4313703
4313859
4313963
4313989
4314015
4314027
4314093
4314155
4314167
4314183
4314275
4314287
4314371
4314563
4314571
4314625
4314659
4314711
4314797
4314835
4314851
4314855
4314991
4315083
4315109
4315221
4315235
4315247
4315287
4315389
4315437
4315449
4315481
4315537
4315555
4315591
4315725
4315881
4315983
4316047
4316065
4316301
4316311
4316363
4316457
4316479
4316591
4316629
4316711
4316743
4316891
4316945
4317109
4317115
4317273
4317299
4317315
4317395
4317421
4317439
4317551
4317565
4317643
4317663
4317761
4317793
4317857
4318009
4318025
4318093
4318185
4318187
4318211
4318275
4318277
4318325
4318329
4318343
4318423
4318673
4318691
4318731
4318827
4318835
4318841
4318853
4318913
4318943
4319051
4319121
4319201
4319205
4319237
4319269
4319361
4319371
4319517
4319545
4319565
4319609
4319665
4319683
4319715
4319725
4319759
4319771
4319823
4319897
4319979
4320085
4320159
4320161
4320183
4320189
4320219
4320227
4320247
4320337
4320439
4320453
4320479
4320525
4320571
4320687
4320695
4320859
4320891
4320965
4320999
4321011
4321023
4321103
4321145
4321165
4321261
4321333
4321345
4321371
4321503
4321513
4321579
4321771
4321797
4321859
4321867
4321927
4322041
4322055
4322205
4322321
4322393
4322411
4322505
4322537
4322541
4322611
4322815
4322819
4322893
4322903
4323003
4323069
4323075
4323121
4323123
4323155
4323161
4323347
4323381
4323405
4323475
4323479
4323487
4323513
4323525
4323585
4323773
4323777
4323893
4324017
4324049
4324053
4324359
4324363
4324405
4324433
4324477
4324625
4324627
4324645
4324749
4324857
4324879
4324925
4324939
4325001
4325133
4325247
4325273
4325359
4325363
4325565
4325607
4325707
4325739
4325843
4325865
4325877
4325893
4325897
4325907
4326365
4326425
4326441
4326477
4326577
4326595
4326613
4326627
4326709
4326749
4326755
4326817
4326821
4326857
4327073
4327097
4327117
4327167
4327193
4327199
4327251
4327333
4327471
4327485
4327505
4327557
4327607
4327655
4327693
4327831
4328021
4328061
4328093
4328193
4328227
4328361
4328433
4328485
4328593
4328635
4328879
4328939
4329113
4329209
4329217
4329287
4329319
4329333
4329391
4329401
4329417
4329463
4329469
4329529
4329603
4329675
4329791
4329879
4329897
4330161
4330191
4330221
4330311
4330361
4330363
4330375
4330387
4330491
4330501
4330687
4330817
4330839
4330953
4331015
4331043
4331081
4331111
4331345
4331403
4331445
4331471
4331639
4331723
4331827
4331967
4331991
4331995
4332025
4332115
4332287
4332507
4332705
4332755
4332761
4332771
4332799
4332947
4332953
4333149
4333295
4333331
4333363
4333419
4333449
4333451
4333515
4333523
4333585
4333827
4333845
4333879
4333901
4333903
4333929
4334009
4334021
4334035
4334125
4334147
4334239
4334241
4334333
4334349
4334625
4334909
4334919
4334963
4335043
4335075
4335113
4335141
4335247
4335327
4335333
4335663
4335669
4335713
4335747
4335797
4335805
4335821
4335847
4335859
4335929
4336179
4336281
4336449
4336747
4336771
4336887
4336923
4336971
4336999
4337135
4337159
4337279
4337347
4337351
4337379
4337489
4337611
4337621
4337653
4337659
4337719
4337813
4338029
4338059
4338091
4338093
4338117
4338179
4338253
4338393
4338407
4338577
4338593
4338605
4338637
4338653
4338757
4338853
4338963
4338977
4339033
4339125
4339191
4339277
4339295
4339307
4339339
4339375
4339429
4339441
4339487
4339491
4339665
4339845
4340077
4340179
4340267
4340327
4340329
4340345
4340395
4340399
4340433
4340563
4340577
4340587
4340663
4340741
4340869
4340915
4340941
4340951
4340975
4341005
4341009
4341037
4341041
4341095
4341241
4341251
4341461
4341597
4341649
4341689
4341809
4341819
4341843
4342023
4342029
4342071
4342317
4342341
4342367
4342459
4342533
4342553
4342625
4342633
4342681
4342703
4343005
4343189
4343293
4343321
4343357
4343429
4343515
4343549
4343575
4343619
4343643
4343687
4343789
4343955
4343987
4344221
4344325
4344679
4344725
4344743
4344801
4344863
4344873
4344981
4345137
4345309
4345389
4345397
4345415
4345439
4345491
4345539
4345629
4345697
4345915
4345959
4345979
4346009
4346017
4346133
4346199
4346269
4346287
4346305
4346413
4346527
4346583
4346599
4346663
4346693
4346727
4346751
4347047
4347113
4347169
4347241
4347537
4347557
4347575
4347693
4347709
4347773
4347955
4347977
4347987
4347999
4348087
4348129
4348229
4348341
4348429
4348503
4348537
4348571
4348615
4348729
4348803
4348825
4348945
4348983
4348987
4348997
4349021
4349043
4349191
4349221
4349313
4349325
4349401
4349465
4349567
4349671
4349699
4349771
4349843
4349863
4350213
4350257
4350407
4350413
4350465
4350541
4350655
4350753
4350763
4350767
4350837
4350943
4351091
4351765
4351785
4351797
4351899
4351903
4352009
4352269
4352311
4352379
4352621
4352641
4352659
4352707
4352925
4353201
4353277
4353303
4353439
4353455
4353465
4353467
4353471
4353497
4353533
4353585
4353651
4353711
4353713
4353723
4353853
4353935
4354021
4354047
4354123
4354145
4354175
4354207
4354233
4354335
4354367
4354371
4354409
4354445
4354527
4354555
4354573
4354603
4354621
4354627
4354695
4354707
4354715
4354903
4355263
4355285
4355371
4355489
4355491
4355569
4355635
4355891
4356005
4356015
4356049
4356247
4356299
4356307
4356353
4356391
4356393
4356449
4356455
4356459
4356671
4357055
4357075
4357081
4357137
4357199
4357219
4357247
4357323
4357361
4357581
4357589
4357635
4357651
4357669
4357743
4357831
4358045
4358051
4358101
4358107
4358161
4358193
4358201
4358313
4358329
4358339
4358367
4358391
4358399
4358427
4358635
4358647
4358677
4358721
4358767
4358799
4358809
4358831
4358871
4358939
4358965
4359009
4359083
4359189
4359197
4359321
4359403
4359411
4359465
4359467
4359493
4359655
4359737
4359789
4359805
4359811
4359859
4359881
4359883
4359891
4359931
4359951
4360003
4360139
4360175
4360265
4360287
4360291
4360309
4360321
4360337
4360347
4360353
4360385
4360409
4360417
4360437
4360513
4360523
4360543
4360585
4360691
4360705
4360737
4361011
4361047
4361055
4361111
4361341
4361357
4361455
4361555
4361687
4361709
4361717
4361781
4361871
4361901
4361917
4361945
4362033
4362075
4362143
4362175
4362193
4362243
4362285
4362291
4362341
4362531
4362539
4362633
4362663
4362765
4362809
4362897
4362903
4363001
4363085
4363093
4363121
4363183
4363201
4363219
4363279
4363335
4363407
4363457
4363459
4363463
4363497
4363613
4363737
4363803
4363895
4363993
4364095
4364159
4364215
4364455
4364493
4364609
4364625
4364763
4364811
4364849
4364893
4364939
4364995
4365087
4365173
4365255
4365289
4365397
4365473
4365567
4365631
4365733
4365751
4365793
4365807
4365825
4365873
4365889
4365969
4366055
4366059
4366171
4366257
4366327
4366349
4366411
4366461
4366479
4366549
4366625
4366655
4366739
4366743
4366775
4366855
4367091
4367187
4367275
4367279
4367289
4367315
4367317
4367365
4367423
4367501
4367529
4367635
4367689
4367819
4367895
4367937
4368025
4368055
4368197
4368287
4368347
4368433
4368491
4368535
4368605
4368703
4368941
4368973
4368977
4369115
4369175
4369215
4369293
4369639
4369657
4369673
4369715
4369751
4369849
4369865
4370001
4370131
4370229
4370271
4370295
4370389
4370415
4370463
4370535
4370715
4370719
4370749
4370991
4371013
4371113
4371181
4371197
4371297
4371389
4371477
4371525
4371531
4371557
4371599
4371637
4371783
4371951
4371985
4372057
4372059
4372081
4372231
4372267
4372275
4372287
4372361
4372385
4372479
4372549
4372571
4372579
4372619
4372881
4372921
4372947
4373013
4373029
4373037
4373155
4373239
4373333
4373343
4373367
4373371
4373601
4373649
4373655
4373817
4373843
4373871
4373885
4373963
4374091
4374269
4374371
4374423
4374441
4374519
4374615
4374647
4374675
4374861
4374867
4374885
4374891
4374905
4374983
4375005
4375053
4375203
4375221
4375257
4375279
4375281
4375367
4375501
4375617
4375661
4375675
4375693
4375745
4375799
4375877
4375965
4375983
4376025
4376073
4376133
4376167
4376219
4376265
4376375
4376433
4376529
4376567
4376599
4376671
4376701
4376715
4376817
4376871
4376925
4376949
4376971
4377057
4377135
4377195
4377305
4377315
4377423
4377439
4377513
4377575
4377581
4377621
4377681
4377689
4377781
4378009
4378023
4378051
4378107
4378159
4378161
4378199
4378287
4378333
4378399
4378415
4378757
4378961
4379021
4379115
4379165
4379201
4379227
4379285
4379399
4379485
4379511
4379577
4379585
4379761
4379771
4379781
4379823
4379829
4379859
4379879
4379895
4379913
4379967
4379979
4380025
4380179
4380221
4380319
4380341
4380365
4380515
4380547
4380621
4380673
4380687
4380721
4380753
4380757
4380763
4380815
4380861
4380925
4380929
4381069
4381097
4381105
4381183
4381223
4381237
4381329
4381367
4381397
4381449
4381467
4381485
4381491
4381515
4381543
4381657
4381737
4381825
4381957
4382097
4382217
4382233
4382301
4382307
4382323
4382341
4382455
4382457
4382563
4382623
4382685
4382853
4382933
4382943
4383009
4383017
4383045
4383103
4383127
4383197
4383229
4383447
4383549
4383607
4383737
4383819
4383903
4383965
4383989
4384065
4384091
4384401
4384545
4384559
4384779
4384877
4385063
4385127
4385143
4385179
4385267
4385273
4385343
4385365
4385523
4385567
4385667
4385687
4385719
4385741
4385831
4385865
4385867
4385869
4385879
4385895
4386063
4386073
4386143
4386349
4386487
4386567
4386607
4386717
4386755
4386771
4386917
4386923
4386925
4387009
4387087
4387117
4387139
4387163
4387199
4387325
4387413
4387479
4387503
4387579
4387609
4387715
4387745
4387801
4387833
4387845
4387851
4388083
4388125
4388181
4388221
4388237
4388355
4388381
4388445
4388575
4388583
4388675
4388711
4388761
4388885
4389019
4389081
4389083
4389129
4389215
4389239
4389323
4389419
4389493
4389519
4389673
4389987
4390065
4390237
4390285
4390293
4390357
4390375
4390419
4390501
4390529
4390567
4390591
4390679
4390741
4390765
4390775
4390795
4390829
4390889
4390969
4391103
4391199
4391227
4391355
4391425
4391433
4391619
4391697
4391803
4391807
4391833
4391895
4391963
4391981
4391989
4392047
4392283
4392293
4392367
4392375
4392413
4392425
4392441
4392649
4392903
4392927
4392941
4392967
4393163
4393169
4393213
4393263
4393271
4393361
4393413
4393423
4393507
4393533
4393759
4393761
4393811
4393813
4393875
4393885
4393965
4393993
4393999
4394143
4394187
4394351
4394523
4394707
4394739
4394793
4394833
4394851
4394865
4394905
4394933
4394955
4395067
4395123
4395171
4395211
4395215
4395385
4395429
4395453
4395493
4395511
4395605
4395651
4395689
4395771
4395823
4395839
4395967
4396061
4396233
4396425
4396507
4396651
4396733
4396801
4396807
4396897
4396931
4397017
4397041
4397107
4397205
4397209
4397279
4397359
4397373
4397403
4397457
4397773
4397843
4397869
4397923
4398001
4398089
4398117
4398137
4398149
4398377
4398385
4398399
4398473
4398509
4398563
4398603
4398643
4398717
4398749
4398815
4398959
4399133
4399147
4399167
4399229
4399239
4399387
4399419
4399453
4399501
4399713
4399737
4399751
4399757
4399927
4400057
4400117
4400119
4400145
4400161
4400273
4400309
4400523
4400575
4400591
4400647
4400703
4400739
4400761
4400791
4400817
4400881
4401025
4401077
4401115
4401125
4401217
4401591
4401641
4401655
4401785
4401853
4401887
4401909
4401933
4401955
4402027
4402255
4402265
4402279
4402297
4402417
4402671
4402765
4402839
4402891
4402925
4402995
4403047
4403057
4403305
4403439
4403469
4403503
4403643
4403677
4403735
4403765
4403787
4403797
4403899
4403921
4404027
4404093
4404297
4404377
4404409
4404431
4404463
4404523
4404607
4404651
4404729
4404819
4404869
4404889
4404929
4405005
4405131
4405263
4405369
4405423
4405445
4405525
4405723
4405733
4405755
4405761
4405877
4406105
4406175
4406207
4406239
4406335
4406479
4406511
4406529
4406651
4406685
4406723
4406831
4406977
4407119
4407121
4407145
4407213
4407305
4407495
4407577
4407585
4407599
4407627
4407643
4407753
4407827
4407959
4408027
4408029
4408035
4408363
4408367
4408455
4408541
4408545
4408551
4408555
4408609
4408637
4408647
4408659
4408683
4408759
4408815
4408841
4409027
4409033
4409103
4409223
4409335
4409341
4409461
4409779
4409889
4409909
4409971
4410047
4410145
4410153
4410181
4410213
4410215
4410293
4410303
4410307
4410339
4410471
4410563
4410583
4410675
4410691
4410769
4410953
4410957
4410977
4410989
4411017
4411019
4411125
4411143
4411167
4411177
4411247
4411255
4411259
4411261
4411317
4411357
4411573
4411613
4411705
4411725
4411741
4411921
4411981
4411997
4412035
4412063
4412177
4412251
4412341
4412449
4412473
4412531
4412539
4412543
4412635
4412713
4412753
4412757
4412789
4412831
4412877
4413001
4413065
4413077
4413249
4413285
4413311
4413313
4413327
4413419
4413561
4413603
4413637
4413647
4413669
4413803
4413993
4414071
4414099
4414193
4414479
4414637
4414857
4414875
4414959
4414971
4415003
4415083
4415101
4415213
4415251
4415263
4415369
4415407
4415451
4415469
4415569
4415647
4415693
4415699
4415755
4415795
4415851
4415919
4416245
4416251
4416307
4416315
4416331
4416339
4416353
4416379
4416457
4416469
4416547
4416565
4416597
4416611
4416619
4416627
4416643
4416691
4416855
4416935
4417027
4417125
4417143
4417223
4417277
4417319
4417359
4417377
4417597
4417617
4417719
4417875
4417877
4417887
4417959
4417969
4418097
4418109
4418149
4418243
4418411
4418433
4418531
4418627
4418715
4418745
4418803
4418839
4419053
4419119
4419191
4419289
4419327
4419399
4419431
4419441
4419455
4419487
4419551
4419755
4419761
4419959
4420105
4420117
4420285
4420559
4420595
4420621
4420863
4420869
4420971
4421019
4421079
4421179
4421355
4421369
4421433
4421529
4421755
4421789
4421961
4421995
4422035
4422065
4422069
4422143
4422151
4422261
4422365
4422385
4422399
4422465
4422483
4422515
4422625
4422671
4422837
4422877
4422921
4423003
4423009
4423085
4423087
4423117
4423125
4423369
4423393
4423513
4423553
4423611
4423703
4423721
4423873
4423883
4423917
4423999
4424023
4424057
4424123
4424175
4424241
4424293
4424325
4424341
4424411
4424681
4424743
4424881
4424993
4425031
4425049
4425157
4425175
4425393
4425425
4425527
4425867
4425915
4426451
4426487
4426569
4426635
4426645
4426675
4426807
4426813
4426889
4427087
4427093
4427153
4427159
4427173
4427387
4427447
4427521
4427563
4427629
4427633
4427753
4427845
4427893
4427909
4427969
4428047
4428185
4428195
4428339
4428355
4428381
4428413
4428439
4428545
4428595
4428625
4428629
4428723
4428741
4428787
4428989
4429029
4429223
4429351
4429393
4429413
4429443
4429449
4429509
4429517
4429775
4429795
4429855
4429897
4429959
4429979
4430161
4430255
4430361
4430403
4430499
4430673
4430679
4430737
4430739
4430771
4430839
4430889
4430927
4430959
4430973
4430985
4431107
4431277
4431343
4431427
4431557
4431589
4431707
4431749
4431769
4432077
4432213
4432301
4432325
4432367
4432383
4432693
4432709
4432733
4432759
4432811
4432901
4432949
4433013
4433065
4433093
4433125
4433247
4433275
4433353
4433391
4433555
4433563
4433577
4433725
4433951
4434007
4434177
4434241
4434349
4434395
4434465
4434493
4434619
4434741
4434803
4434827
4434997
4435007
4435063
4435105
4435107
4435133
4435199
4435211
4435363
4435373
4435471
4435475
4435567
4435783
4435801
4435853
4435881
4435885
4435901
4435955
4436003
4436077
4436123
4436151
4436331
4436361
4436375
4436377
4436439
4436569
4436603
4436611
4436613
4436681
4436683
4436695
4436721
4436927
4436943
4436979
4437023
4437055
4437443
4437461
4437467
4437693
4437809
4437823
4437847
4437851
4437949
4437967
4438005
4438051
4438123
4438131
4438191
4438227
4438331
4438381
4438469
4438513
4438621
4438659
4438709
4438713
4438745
4438757
4438813
4438907
4438937
4438955
4439019
4439065
4439129
4439197
4439333
4439351
4439397
4439437
4439543
4439629
4439689
4439725
4439891
4440103
4440119
4440191
4440245
4440259
4440297
4440315
4440379
4440467
4440481
4440531
4440551
4440647
4440691
4440741
4440783
4440849
4440911
4440915
4440941
4440961
4440963
4441105
4441123
4441181
4441253
4441273
4441347
4441349
4441465
4441559
4441599
4441659
4441687
4441717
4441743
4441751
4441841
4441865
4442101
4442139
4442203
4442301
4442367
4442439
4442465
4442573
4442783
4442821
4442823
4442939
4443225
4443283
4443287
4443399
4443411
4443435
4443471
4443523
4443549
4443593
4443597
4443649
4443711
4443715
4443737
4443759
4443859
4443905
4443957
4443993
4444099
4444137
4444189
4444377
4444389
4444393
4444469
4444547
4444597
4444707
4444745
4444867
4444881
4444887
4444889
4444939
4444965
4444985
4445049
4445069
4445075
4445083
4445121
4445125
4445205
4445257
4445281
4445315
4445343
4445469
4445533
4445547
4445553
4445681
4445751
4445753
4445817
4446057
4446129
4446179
4446245
4446507
4446527
4446589
4446639
4446677
4446707
4446785
4446943
4447047
4447053
4447055
4447091
4447221
4447263
4447273
4447329
4447623
4447717
4447799
4447845
4447847
4447881
4447913
4447979
4448041
4448055
4448069
4448239
4448297
4448615
4448695
4448735
4448743
4448873
4448929
4448981
4449011
4449031
4449227
4449379
4449469
4449495
4449705
4449809
4449907
4449919
4450047
4450223
4450257
4450317
4450433
4450489
4450549
4450581
4450597
4450635
4450705
4450827
4450839
4450941
4450975
4451089
4451195
4451211
4451243
4451269
4451291
4451305
4451317
4451333
4451357
4451359
4451483
4451519
4451525
4451621
4451725
4451797
4451815
4452515
4452617
4452629
4452647
4452821
4452875
4452923
4452969
4452995
4453029
4453155
4453171
4453231
4453307
4453331
4453407
4453459
4453767
4453831
4453917
4453961
4454015
4454039
4454047
4454191
4454243
4454269
4454321
4454375
4454643
4454685
4454689
4454727
4454799
4454807
4454937
4455009
4455113
4455361
4455415
4455421
4455427
4455457
4455461
4455479
4455487
4455577
4455641
4455761
4455887
4455895
4455907
4455959
4456021
4456083
4456101
4456131
4456167
4456245
4456261
4456357
4456461
4456471
4456691
4456701
4456721
4456885
4456903
4456997
4457077
4457097
4457123
4457179
4457189
4457221
4457223
4457231
4457249
4457259
4457269
4457335
4457369
4457439
4457645
4457675
4457815
4457827
4457973
4458011
4458085
4458105
4458155
4458207
4458255
4458293
4458503
4458519
4458603
4458675
4458831
4458975
4458985
4459069
4459269
4459309
4459333
4459465
4459471
4459499
4459737
4459761
4459773
4459807
4459945
4460075
4460143
4460159
4460169
4460263
4460313
4460459
4460803
4460813
4460847
4460865
4460995
4461003
4461013
4461051
4461057
4461189
4461247
4461257
4461325
4461425
4461507
4461597
4461699
4461773
4461823
4461879
4461909
4461985
4462003
4462025
4462043
4462101
4462299
4462493
4462507
4462749
4462759
4462769
4462809
4462829
4462971
4463299
4463305
4463311
4463323
4463417
4463461
4463513
4463599
4463613
4463651
4463839
4463919
4463993
4464033
4464063
4464111
4464155
4464161
4464177
4464219
4464245
4464257
4464421
4464515
4464539
4464553
4464581
4464623
4464675
4464713
4464743
4464787
4464863
4464927
4464933
4465195
4465233
4465387
4465531
4465585
4465601
4465751
4465831
4465895
4465965
4466003
4466639
4466655
4466673
4466691
4466749
4467239
4467335
4467341
4467407
4467435
4467543
4467547
4467755
4467783
4467787
4467817
4467823
4467837
4467853
4467907
4468003
4468107
4468229
4468319
4468409
4468671
4468711
4468737
4468889
4469049
4469273
4469403
4469493
4469551
4469625
4469661
4469771
4469791
4469845
4469955
4469965
4469977
4469995
4470027
4470041
4470057
4470095
4470267
4470293
4470383
4470487
4470659
4470733
4470881
4470897
4470903
4470947
4471095
4471101
4471103
4471113
4471383
4471399
4471417
4471559
4471565
4471607
4471615
4471845
4471889
4471943
4472049
4472103
4472135
4472295
4472339
4472367
4472371
4472447
4472465
4472563
4472579
4472667
4472711
4472769
4472879
4473027
4473043
4473061
4473195
4473249
4473261
4473299
4473507
4473567
4473581
4473601
4473653
4473677
4473697
4473851
4473937
4474003
4474019
4474055
4474077
4474297
4474329
4474331
4474357
4474429
4474469
4474587
4474705
4474707
4474731
4474761
4474801
4474809
4474835
4474879
4474941
4474969
4475057
4475113
4475131
4475187
4475219
4475225
4475229
4475235
4475325
4475461
4475483
4475571
4475665
4475691
4475727
4475761
4475865
4475867
4475965
4476029
4476057
4476163
4476175
4476271
4476319
4476449
4476467
4476551
4476651
4476669
4476711
4476891
4476901
4476939
4476943
4476965
4477009
4477025
4477189
4477359
4477441
4477529
4477549
4477557
4477627
4477633
4477701
4477757
4478043
4478183
4478231
4478299
4478327
4478339
4478555
4478577
4478695
4478767
4478779
4478867
4478989
4479105
4479161
4479273
4479299
4479307
4479485
4479509
4479593
4479643
4479703
4479819
4479879
4479941
4480055
4480081
4480165
4480195
4480215
4480273
4480351
4480629
4480703
4480707
4480721
4480731
4480791
4480801
4480817
4480827
4480841
4480849
4480853
4480919
4480971
4481043
4481125
4481165
4481231
4481321
4481395
4481553
4481573
4481635
4481811
4482011
4482061
4482105
4482225
4482537
4482541
4482613
4482637
4482643
4482659
4482833
4482939
4482959
4482991
4483265
4483281
4483307
4483527
4483581
4483745
4483761
4483863
4483931
4483971
4483975
4484057
4484069
4484123
4484209
4484545
4484569
4484593
4484603
4484789
4484807
4484903
4484905
4484973
4484987
4484997
4485053
4485093
4485377
4485379
4485511
4485539
4485545
4485611
4485655
4485733
4485747
4485837
4485911
4485961
4486143
4486151
4486291
4486339
4486417
4486433
4486437
4486465
4486559
4486615
4486633
4486635
4486645
4486741
4486855
4486869
4487177
4487189
4487229
4487387
4487463
4487517
4487621
4487623
4487709
4487849
4487851
4487889
4487917
4487989
4488003
4488011
4488013
4488357
4488359
4488397
4488443
4488455
4488459
4488557
4488583
4488651
4488799
4488867
4488873
4488895
4489013
4489061
4489069
4489073
4489081
4489131
4489183
4489245
4489307
4489583
4489585
4489619
4489833
4489849
4489855
4489925
4489937
4489953
4490065
4490135
4490147
4490223
4490277
4490281
4490303
4490397
4490399
4490641
4490699
4490981
4491013
4491485
4491561
4491655
4491793
4491797
4491823
4491897
4491917
4491959
4492081
4492135
4492167
4492431
4492435
4492445
4492451
4492465
4492507
4492661
4492809
4492935
4493031
4493045
4493049
4493083
4493087
4493129
4493147
4493151
4493333
4493379
4493387
4493593
4493609
4493773
4493779
4493807
4493949
4494139
4494171
4494209
4494231
4494245
4494277
4494291
4494299
4494385
4494423
4494545
4494633
4494635
4494955
4495027
4495061
4495143
4495365
4495509
4495599
4495653
4495669
4496121
4496141
4496217
4496259
4496347
4496359
4496381
4496439
4496479
4496515
4496523
4496547
4496631
4496709
4496773
4496815
4496937
4496953
4497053
4497087
4497197
4497331
4497507
4497625
4497647
4497661
4497719
4497749
4497769
4497917
4497971
4498051
4498089
4498107
4498295
4498489
4498617
4498681
4498795
4499069
4499075
4499143
4499155
4499157
4499241
4499347
4499403
4499421
4499429
4499639
4499695
4499791
4499821
4499945
4500027
4500081
4500117
4500577
4500579
4500589
4500611
4500637
4500761
4500787
4500793
4500833
4501059
4501129
4501141
4501177
4501179
4501279
4501309
4501375
4501567
4501589
4501617
4501671
4501795
4501855
4501907
4502055
4502117
4502157
4502269
4502273
4502381
4502405
4502431
4502557
4502705
4502753
4502787
4502839
4502847
4502993
4503019
4503049
4503095
4503237
4503429
4503435
4503475
4503481
4503551
4503627
4503701
4503747
4503751
4503803
4503831
4503901
4504005
4504099
4504111
4504135
4504217
4504255
4504313
4504341
4504515
4504677
4504683
4504709
4504803
4504843
4504869
4504889
4504911
4505081
4505143
4505165
4505171
4505197
4505257
4505297
4505303
4505473
4505499
4505569
4505729
4505745
4505771
4505803
4505813
4505835
4506167
4506171
4506185
4506311
4506491
4506677
4506777
4506787
4506893
4506925
4507007
4507155
4507203
4507213
4507307
4507339
4507505
4507511
4507549
4507581
4507675
4507697
4507827
4507841
4507931
4507935
4507965
4508063
4508201
4508203
4508409
4508455
4508533
4508577
4508599
4508609
4508633
4508679
4508689
4508789
4508853
4508971
4508983
4509103
4509117
4509119
4509217
4509257
4509449
4509493
4509501
4509713
4509725
4509805
4509909
4509941
4509953
4510277
4510295
4510305
4510313
4510337
4510509
4510537
4510559
4510583
4510841
4510845
4510937
4511023
4511057
4511269
4511385
4511473
4511697
4511739
4511847
4511953
4512019
4512025
4512305
4512327
4512357
4512475
4512523
4512537
4512555
4512593
4512639
4512673
4512767
4512789
4512821
4512865
4512893
4512981
4512983
4513145
4513205
4513323
4513369
4513423
4513481
4513533
4513573
4513601
4513603
4513629
4513633
4513635
4513639
4513969
4513975
4514045
4514269
4514409
4514441
4514461
4514501
4514521
4514547
4514761
4514801
4514879
4514887
4514925
4515075
4515083
4515323
4515375
4515503
4515551
4515601
4515649
4515753
4515847
4516027
4516113
4516151
4516217
4516315
4516355
4516403
4516427
4516509
4516667
4516713
4516717
4516773
4516783
4516989
4517085
4517097
4517107
4517171
4517243
4517251
4517263
4517327
4517343
4517567
4517591
4517679
4517691
4517703
4517775
4517823
4517969
4518035
4518039
4518081
4518093
4518221
4518303
4518367
4518477
4518529
4518573
4518617
4518645
4518753
4518767
4518825
4518927
4519033
4519051
4519115
4519139
4519181
4519253
4519255
4519499
4519509
4519527
4519537
4519657
4519677
4519693
4519947
4519999
4520201
4520273
4520371
4520587
4520635
4520679
4520757
4520839
4521019
4521121
4521169
4521329
4521389
4521509
4521545
4521875
4522101
4522151
4522193
4522211
4522247
4522295
4522333
4522383
4522409
4522425
4522665
4522697
4522731
4522917
4522957
4523035
4523061
4523113
4523139
4523209
4523233
4523243
4523303
4523357
4523385
4523463
4523687
4523909
4523917
4523925
4523971
4523999
4524009
4524113
4524119
4524163
4524215
4524269
4524347
4524409
4524517
4524547
4524589
4524637
4524667
4524683
4524709
4524737
4524775
4524847
4524885
4525045
4525183
4525209
4525251
4525283
4525325
4525345
4525349
4525379
4525431
4525469
4525509
4525711
4525733
4525745
4525883
4526025
4526093
4526135
4526143
4526185
4526205
4526229
4526237
4526245
4526315
4526325
4526487
4526595
4526793
4526843
4526875
4527023
4527161
4527173
4527213
4527241
4527249
4527317
4527411
4527653
4527683
4527851
4527869
4527875
4528055
4528067
4528089
4528107
4528197
4528339
4528413
4528447
4528623
4528725
4528727
4528807
4528845
4528977
4528995
4529011
4529071
4529149
4529157
4529195
4529207
4529521
4529587
4529921
4530005
4530067
4530093
4530141
4530231
4530273
4530279
4530327
4530329
4530511
4530519
4530555
4530735
4530779
4531091
4531177
4531211
4531275
4531331
4531373
4531387
4531447
4531587
4531593
4531611
4531623
4531643
4531737
4531787
4531919
4531995
4532013
4532041
4532045
4532171
4532185
4532189
4532327
4532361
4532391
4532425
4532449
4532651
4532659
4532789
4532795
4533021
4533025
4533065
4533199
4533201
4533237
4533297
4533415
4533485
4533539
4533549
4533571
4533595
4533609
4533613
4533765
4533893
4533985
4534039
4534103
4534109
4534373
4534419
4534449
4534457
4534513
4534585
4534669
4534719
4534789
4534923
4534953
4534977
4535003
4535053
4535191
4535225
4535251
4535385
4535391
4535489
4535563
4535611
4535711
4535721
4535743
4535745
4535779
4535825
4535943
4535979
4536059
4536091
4536115
4536285
4536303
4536363
4536405
4536461
4536523
4536531
4536641
4536771
4536909
4536911
4537241
4537299
4537321
4537431
4537465
4537487
4537519
4537539
4537675
4537683
4537757
4537863
4537919
4538009
4538069
4538073
4538131
4538159
4538199
4538209
4538313
4538315
4538383
4538461
4538485
4538581
4538587
4538745
4538759
4538923
4539099
4539147
4539183
4539187
4539235
4539273
4539347
4539377
4539571
4539637
4539653
4539683
4539695
4539929
4539957
4540221
4540223
4540263
4540319
4540371
4540393
4540477
4540537
4540549
4540607
4540773
4540779
4540803
4540823
4540851
4540901
4541257
4541261
4541315
4541393
4541517
4541535
4541539
4541547
4541573
4541599
4541605
4541611
4541627
4541655
4541813
4541839
4541975
4542013
4542063
4542313
4542343
4542421
4542435
4542623
4542639
4542647
4542679
4542711
4542813
4542867
4542907
4542925
4543091
4543175
4543343
4543397
4543415
4543449
4543613
4543633
4543635
4543665
4543789
4543827
4543865
4543879
4543895
4543965
4544073
4544083
4544123
4544145
4544255
4544329
4544619
4544895
4544939
4544957
4544993
4545177
4545215
4545243
4545247
4545325
4545333
4545359
4545511
4545673
4545807
4545955
4545971
4546017
4546033
4546041
4546113
4546191
4546221
4546295
4546417
4546431
4546443
4546465
4546575
4546645
4546679
4546713
4546749
4546769
4546771
4546775
4546779
4546877
4546933
4546963
4547095
4547153
4547319
4547325
4547355
4547403
4547473
4547519
4547603
4547627
4547845
4548157
4548183
4548193
4548259
4548409
4548421
4548489
4548537
4548627
4548659
4548713
4548749
4548913
4548927
4548959
4549003
4549019
4549207
4549317
4549341
4549347
4549415
4549503
4549509
4549521
4549559
4549573
4549605
4549617
4549725
4549747
4549801
4549839
4550081
4550087
4550231
4550283
4550501
4550507
4550599
4550667
4550737
4550757
4550863
4550867
4551149
4551293
4551369
4551377
4551431
4551593
4551597
4551635
4551715
4551717
4551775
4551887
4552129
4552227
4552537
4552607
4552677
4552763
4552819
4552975
4552983
4553035
4553121
4553177
4553185
4553255
4553333
4553495
4553569
4553621
4553729
4553751
4553897
4554015
4554071
4554101
4554121
4554163
4554251
4554271
4554329
4554351
4554373
4554423
4554441
4554527
4554581
4554723
4554729
4554883
4554929
4554953
4554973
4555111
4555313
4555339
4555345
4555349
4555373
4555437
4555473
4555485
4555593
4555605
4555615
4555709
4555767
4555927
4555931
4555983
4556051
4556055
4556133
4556435
4556463
4556567
4556697
4556781
4556787
4556823
4556955
4556961
4556963
4557027
4557035
4557067
4557085
4557153
4557195
4557211
4557249
4557329
4557349
4557375
4557417
4557425
4557447
4557461
4557491
4557509
4557521
4557641
4557677
4557917
4557935
4557941
4557987
4558029
4558061
4558065
4558131
4558189
4558237
4558467
4558493
4558521
4558531
4558565
4558599
4558615
4558645
4558711
4558717
4558759
4558871
4558907
4558943
4558947
4558971
4559129
4559193
4559223
4559241
4559391
4559483
4559551
4559565
4559597
4559759
4559819
4559931
4559967
4560023
4560029
4560081
4560245
4560251
4560261
4560279
4560423
4560517
4560637
4560665
4560793
4560805
4560845
4560853
4560927
4560957
4561049
4561171
4561187
4561215
4561235
4561311
4561315
4561469
4561497
4561507
4561557
4561721
4561851
4561893
4562043
4562079
4562195
4562241
4562337
4562373
4562469
4562471
4562485
4562545
4562597
4562695
4562747
4562977
4563083
4563157
4563235
4563355
4563431
4563485
4563511
4563523
4563631
4563639
4563665
4563671
4563699
4563705
4563753
4563811
4563835
4563897
4563965
4563985
4564005
4564019
4564073
4564101
4564145
4564217
4564691
4564733
4564873
4564917
4565007
4565039
4565075
4565105
4565149
4565385
4565411
4565607
4565623
4565625
4565765
4565783
4565791
4565799
4565851
4565905
4565911
4565919
4565959
4565987
4566075
4566117
4566171
4566213
4566383
4566561
4566575
4566631
4566653
4566737
4566859
4566895
4566937
4566989
4566993
4567163
4567197
4567229
4567465
4567493
4567559
4567891
4567997
4568015
4568043
4568061
4568079
4568191
4568283
4568337
4568359
4568373
4568547
4568671
4568699
4568701
4568753
4568793
4568857
4568867
4568967
4569035
4569221
4569259
4569287
4569709
4569829
4569859
4569911
4570037
4570043
4570105
4570131
4570151
4570235
4570337
4570403
4570451
4570479
4570533
4570539
4570623
4570753
4570755
4570837
4570971
4571113
4571239
4571307
4571455
4571457
4571459
4571463
4571491
4571495
4571607
4571711
4571723
4571879
4571957
4572059
4572085
4572187
4572197
4572443
4572445
4572567
4572577
4572595
4572663
4572727
4572747
4572879
4572885
4572895
4572897
4572927
4573251
4573295
4573309
4573347
4573391
4573405
4573457
4573537
4573551
4573579
4573773
4573845
4573901
4574125
4574147
4574165
4574171
4574205
4574213
4574261
4574265
4574305
4574461
4574547
4574567
4574613
4574673
4574685
4574739
4574909
4574997
4575247
4575263
4575479
4575515
4575637
4575649
4575663
4575677
4575783
4575799
4576061
4576165
4576273
4576345
4576373
4576473
4576559
4576701
4576775
4576873
4576901
4576957
4577039
4577047
4577091
4577249
4577323
4577365
4577441
4577467
4577469
4577595
4577651
4577789
4577801
4577803
4577823
4577829
4577859
4577947
4577969
4578053
4578105
4578109
4578117
4578147
4578221
4578239
4578359
4578601
4578795
4579013
4579065
4579067
4579155
4579271
4579291
4579377
4579419
4579557
4579559
4579771
4579843
4579943
4580141
4580163
4580241
4580283
4580405
4580447
4580699
4580711
4580793
4580899
4580901
4580915
4580921
4580937
4581035
4581089
4581213
4581281
4581317
4581321
4581363
4581405
4581407
4581455
4581527
4581537
4581553
4581623
4581691
4581725
4581733
4581799
4581859
4582073
4582081
4582205
4582243
4582469
4582559
4582603
4582645
4582821
4582853
4582935
4582997
4583035
4583087
4583103
4583117
4583299
4583427
4583439
4583451
4583577
4583637
4583659
4583719
4583759
4583761
4583779
4583987
4584133
4584443
4584523
4584565
4584575
4584693
4584781
4584845
4584965
4584971
4584999
4585097
4585281
4585341
4585393
4585399
4585485
4585539
4585589
4585649
4585785
4585857
4585907
4585981
4586063
4586087
4586095
4586149
4586239
4586311
4586371
4586457
4586531
4586581
4586627
4586641
4586657
4586737
4586757
4586767
4586789
4586843
4586883
4586893
4587011
4587037
4587107
4587239
4587281
4587321
4587357
4587381
4587427
4587483
4587597
4587681
4587785
4587831
4587841
4587859
4587991
4588021
4588091
4588279
4588487
4588489
4588531
4588545
4588687
4588723
4588797
4588829
4588849
4588911
4588917
4588995
4589119
4589157
4589199
4589233
4589257
4589299
4589373
4589377
4589447
4589465
4589483
4589561
4589649
4589789
4589879
4590031
4590081
4590159
4590225
4590623
4590649
4590729
4590805
4590903
4590951
4591039
4591075
4591121
4591171
4591199
4591229
4591231
4591241
4591505
4591553
4591567
4591569
4591625
4591653
4591791
4591895
4591915
4591957
4591985
4592039
4592055
4592177
4592215
4592339
4592415
4592433
4592497
4592503
4592627
4592673
4592731
4592805
4592919
4593053
4593059
4593159
4593161
4593257
4593291
4593363
4593387
4593427
4593441
4593473
4593919
4594155
4594199
4594333
4594345
4594397
4594403
4594415
4594465
4594501
4594507
4594599
4594609
4594681
4594815
4594849
4594893
4594923
4594989
4595213
4595335
4595359
4595385
4595439
4595519
4595569
4595645
4595655
4595661
4595699
4595975
4596113
4596163
4596183
4596249
4596273
4596443
4596459
4596587
4596631
4596729
4596737
4596745
4596751
4596765
4596797
4596843
4596921
4596975
4596983
4597213
4597249
4597265
4597309
4597339
4597347
4597407
4597589
4597641
4597843
4597873
4597899
4597937
4598059
4598225
4598373
4598461
4598565
4598659
4598685
4598745
4598749
4598761
4598863
4598885
4598903
4598949
4598993
4599035
4599137
4599291
4599315
4599323
4599449
4599471
4599517
4599549
4599595
4599703
4599735
4599765
4599831
4599855
4599955
4599963
4599991
4600055
4600087
4600101
4600121
4600247
4600291
4600349
4600495
4600615
4600635
4600753
4600769
4600897
4600985
4601081
4601115
4601169
4601235
4601263
4601309
4601521
4601539
4601557
4601609
4601633
4601639
4601695
4601737
4601753
4601839
4601949
4602027
4602033
4602041
4602075
4602143
4602163
4602251
4602451
4602509
4602577
4602671
4602755
4602771
4602829
4602989
4602995
4603153
4603175
4603207
4603255
4603265
4603297
4603311
4603317
4603335
4603465
4603491
4603667
4603721
4603809
4603897
4604005
4604097
4604099
4604105
4604137
4604227
4604235
4604295
4604481
4604509
4604519
4604683
4604687
4604755
4604837
4604887
4604973
4605065
4605093
4605135
4605261
4605295
4605379
4605473
4605625
4605707
4605711
4605837
4605919
4605935
4606049
4606165
4606185
4606247
4606319
4606409
4606427
4606473
4606491
4606555
4606573
4606649
4606663
4606817
4606831
4606853
4606925
4606955
4606975
4607007
4607129
4607327
4607371
4607377
4607441
4607461
4607499
4607515
4607701
4607733
4607741
4607975
4608009
4608047
4608171
4608181
4608259
4608323
4608367
4608429
4608487
4608497
4608499
4608501
4608797
4608875
4608879
4608881
4608931
4608959
4609029
4609059
4609117
4609241
4609369
4609599
4609605
4609621
4609639
4609707
4609747
4609785
4609911
4609925
4609991
4610029
4610093
4610363
4610373
4610385
4610423
4610435
4610483
4610615
4610719
4610763
4610859
4611045
4611067
4611097
4611107
4611143
4611315
4611337
4611463
4611465
4611485
4611569
4611583
4611615
4611821
4611959
4611975
4611989
4612019
4612053
4612077
4612095
4612119
4612235
4612241
4612293
4612341
4612429
4612431
4612459
4612463
4612529
4612557
4612609
4612625
4612749
4612803
4612929
4613021
4613073
4613093
4613099
4613149
4613279
4613299
4613331
4613345
4613353
4613435
4613567
4613671
4613695
4613729
4613807
4613821
4613823
4614095
4614101
4614199
4614201
4614241
4614293
4614295
4614337
4614463
4614511
4614585
4614681
4614687
4614883
4614909
4615005
4615019
4615097
4615157
4615219
4615239
4615291
4615309
4615353
4615359
4615459
4615479
4615527
4615567
4615639
4615647
4615755
4615801
4615809
4616061
4616149
4616207
4616269
4616273
4616383
4616411
4616441
4616539
4616657
4616693
4616847
4616953
4616995
4616999
4617003
4617213
4617217
4617239
4617385
4617407
4617535
4617581
4617625
4617751
4617819
4617871
4618023
4618129
4618161
4618179
4618259
4618263
4618359
4618445
4618519
4618531
4618533
4618537
4618545
4618595
4618677
4618749
4618767
4618777
4618825
4618931
4618963
4619099
4619109
4619135
4619491
4619561
4619601
4619801
4619837
4619891
4620013
4620019
4620099
4620163
4620291
4620325
4620345
4620415
4620481
4620503
4620597
4620757
4620855
4620897
4621021
4621073
4621165
4621217
4621471
4621517
4621621
4621629
4621761
4621857
4621861
4621885
4621915
4621939
4621943
4622039
4622061
4622079
4622093
4622131
4622231
4622301
4622363
4622421
4622481
4622491
4622497
4622607
4622655
4622847
4622907
4623029
4623213
4623223
4623237
4623383
4623497
4623517
4623633
4623813
4624083
4624085
4624091
4624135
4624295
4624425
4624501
4624519
4624531
4624549
4624605
4624769
4624839
4624929
4624935
4624951
4624967
4625035
4625089
4625115
4625153
4625155
4625255
4625347
4625387
4625401
4625421
4625711
4625731
4625789
4625921
4625929
4625971
4625973
4626013
4626063
4626119
4626131
4626181
4626205
4626313
4626399
4626453
4626471
4626679
4626793
4626825
4626931
4626995
4627561
4627647
4627651
4627659
4627683
4627735
4627817
4627953
4628123
4628227
4628251
4628333
4628377
4628505
4628539
4628545
4628563
4628635
4628753
4628829
4628877
4629051
4629167
4629195
4629399
4629641
4629715
4629763
4629843
4629905
4629987
4629995
4629997
4630069
4630083
4630223
4630375
4630381
4630419
4630421
4630467
4630545
4630623
4630783
4630803
4630899
4631053
4631097
4631147
4631287
4631577
4631583
4631621
4631655
4631711
4631749
4631761
4631863
4631895
4631935
4631951
4631981
4632001
4632025
4632111
4632237
4632389
4632491
4632609
4632691
4632733
4632913
4633023
4633109
4633141
4633197
4633237
4633315
4633443
4633467
4633489
4633585
4633603
4633653
4633675
4633749
4633755
4633771
4633881
4633885
4633927
4633975
4633987
4633991
4634111
4634153
4634237
4634283
4634477
4634491
4634559
4634575
4634691
4634795
4634841
4635153
4635343
4635351
4635397
4635467
4635473
4635647
4635679
4635713
4635851
4635865
4635931
4635975
4636097
4636133
4636225
4636277
4636311
4636479
4636491
4636547
4636553
4636615
4636855
4636875
4636901
4636923
4636963
4637037
4637061
4637147
4637217
4637257
4637383
4637391
4637479
4637491
4637517
4637559
4637575
4637641
4637755
4637759
4637779
4638029
4638185
4638201
4638339
4638373
4638375
4638433
4638509
4638551
4638675
4638749
4638759
4638795
4638839
4638915
4638943
4638999
4639111
4639221
4639231
4639251
4639309
4639387
4639457
4639487
4639511
4639515
4639563
4639683
4639687
4639795
4639823
4639885
4640005
4640157
4640183
4640215
4640335
4640379
4640485
4640637
4640715
4640735
4640789
4640833
4640843
4640851
4640965
4641001
4641227
4641351
4641361
4641375
4641419
4641457
4641497
4641611
4641681
4641743
4641839
4642137
4642151
4642191
4642195
4642217
4642231
4642263
4642285
4642455
4642495
4642549
4642557
4642703
4642781
4642835
4642843
4642857
4642891
4643029
4643055
4643101
4643121
4643149
4643245
4643311
4643393
4643713
4643735
4643761
4643795
4643799
4643803
4644003
4644083
4644157
4644225
4644337
4644515
4644665
4644709
4644801
4644819
4644893
4644985
4645041
4645049
4645087
4645161
4645163
4645189
4645313
4645327
4645367
4645429
4645431
4645597
4645615
4645685
4645707
4645733
4645803
4645851
4645871
4645911
4645991
4646003
4646023
4646111
4646165
4646247
4646381
4646401
4646405
4646469
4646481
4646501
4646553
4646591
4646629
4646665
4646719
4646777
4646841
4646879
4646883
4646887
4646925
4646955
4646967
4646997
4647071
4647253
4647303
4647329
4647357
4647495
4647635
4647707
4647737
4647779
4647813
4647935
4647963
4647985
4648137
4648207
4648217
4648231
4648243
4648275
4648509
4648623
4648675
4648711
4648735
4648751
4648835
4648963
4649049
4649055
4649179
4649207
4649253
4649269
4649317
4649343
4649427
4649485
4649511
4649557
4649581
4649591
4649595
4649679
4649695
4649701
4649793
4649795
4649827
4649965
4650045
4650217
4650351
4650379
4650397
4650455
4650467
4650575
4650629
4650671
4650739
4650919
4650945
4651057
4651273
4651283
4651317
4651401
4651457
4651549
4651667
4651703
4651785
4651877
4651997
4652129
4652201
4652299
4652367
4652423
4652461
4652679
4652783
4652803
4652847
4652857
4652861
4653067
4653199
4653205
4653223
4653247
4653251
4653323
4653443
4653483
4653525
4653571
4653613
4653651
4653665
4653671
4653699
4653725
4653897
4653915
4654175
4654333
4654355
4654387
4654419
4654435
4654547
4654683
4654749
4654779
4654889
4654931
4654949
4655199
4655299
4655381
4655393
4655457
4655533
4655555
4655609
4655669
4655773
4655813
4655905
4655915
4656013
4656071
4656155
4656159
4656237
4656243
4656269
4656293
4656381
4656419
4656495
4656509
4656573
4656581
4656739
4656763
4656777
4656799
4656803
4656859
4656881
4656985
4656991
4657013
4657069
4657077
4657177
4657187
4657243
4657361
4657385
4657443
4657639
4657779
4657783
4657869
4657897
4657899
4657905
4657915
4657917
4658073
4658213
4658241
4658281
4658339
4658381
4658633
4658941
4659039
4659099
4659225
4659271
4659341
4659451
4659639
4659757
4659793
4659827
4659895
4660047
4660099
4660177
4660309
4660339
4660397
4660447
4660489
4660491
4660537
4660591
4660617
4660779
4661061
4661083
4661085
4661093
4661097
4661173
4661223
4661311
4661357
4661415
4661535
4661565
4661613
4661631
4661705
4661741
4661747
4661795
4661799
4661809
4661817
4661847
4661931
4662173
4662179
4662199
4662329
4662359
4662401
4662681
4662685
4662761
4662975
4663019
4663113
4663277
4663431
4663481
4663549
4663603
4663671
4663855
4664011
4664033
4664139
4664269
4664319
4664363
4664557
4664935
4664977
4665091
4665123
4665193
4665199
4665229
4665247
4665259
4665299
4665519
4665521
4665547
4665579
4665639
4665643
4665731
4665773
4665931
4665983
4665985
4665993
4665995
4666047
4666255
4666305
4666365
4666403
4666489
4666501
4666617
4666627
4666645
4666701
4666929
4666971
4667155
4667191
4667269
4667273
4667323
4667423
4667431
4667529
4667547
4667661
4667723
4667793
4667835
4668085
4668223
4668229
4668251
4668259
4668265
4668509
4668587
4668617
4668793
4668797
4668819
4668835
4668843
4668975
4669163
4669165
4669277
4669459
4669523
4669609
4669691
4669709
4669781
4669873
4669969
4669999
4670091
4670179
4670255
4670261
4670267
4670285
4670315
4670321
4670329
4670387
4670389
4670523
4670611
4670781
4670805
4670923
4671093
4671097
4671163
4671185
4671405
4671431
4671507
4671527
4671667
4671705
4671709
4671749
4671897
4671923
4672011
4672069
4672099
4672105
4672235
4672453
4672479
4672575
4672605
4672685
4672749
4672763
4672777
4672807
4672837
4672869
4672885
4672961
4673043
4673283
4673407
4673657
4673689
4673737
4673891
4673907
4673995
4674003
4674031
4674057
4674117
4674229
4674265
4674377
4674397
4674503
4674535
4674567
4674707
4674745
4674875
4674909
4674923
4675091
4675205
4675371
4675399
4675493
4675519
4675583
4675615
4675625
4675709
4675717
4675773
4675805
4675925
4676007
4676083
4676161
4676193
4676435
4676451
4676499
4676533
4676547
4676581
4676621
4676683
4676725
4676785
4677049
4677055
4677107
4677121
4677169
4677343
4677393
4677607
4677715
4677823
4677873
4677925
4677969
4677987
4678187
4678191
4678227
4678335
4678511
4678591
4678695
4678769
4678889
4678895
4678965
4678977
4679029
4679093
4679133
4679227
4679369
4679395
4679463
4679491
4679531
4679579
4679855
4679889
4680025
4680053
4680095
4680121
4680157
4680235
4680563
4680585
4680617
4680633
4680639
4680641
4680685
4680691
4680719
4680931
4681021
4681097
4681167
4681241
4681367
4681393
4681403
4681439
4681471
4681485
4681507
4681521
4681581
4681585
4681611
4681639
4681665
4681689
4681737
4681749
4681753
4681875
4681881
4682265
4682449
4682477
4682485
4682491
4682583
4682591
4682639
4682671
4682707
4682875
4682927
4682945
4683027
4683061
4683133
4683339
4683377
4683419
4683565
4683619
4683669
4683751
4683785
4683913
4683965
4683969
4684077
4684103
4684137
4684333
4684347
4684409
4684425
4684589
4684615
4684641
4684651
4684663
4684677
4684737
4684771
4684877
4685157
4685193
4685221
4685255
4685281
4685413
4685559
4685599
4685659
4685675
4685689
4685707
4685747
4685767
4685777
4685797
4685899
4685905
4686077
4686097
4686119
4686135
4686263
4686269
4686271
4686301
4686383
4686465
4686651
4686809
4687079
4687081
4687087
4687093
4687203
4687273
4687369
4687419
4687565
4687649
4687795
4687821
4687953
4687975
4687981
4688181
4688307
4688365
4688429
4688601
4688617
4688623
4688641
4688665
4688747
4688807
4688839
4688883
4688955
4689065
4689163
4689183
4689273
4689287
4689325
4689361
4689369
4689373
4689379
4689417
4689521
4689545
4689597
4689605
4689621
4689667
4689681
4689761
4689913
4689953
4689993
4690039
4690047
4690215
4690231
4690325
4690385
4690483
4690501
4690509
4690517
4690683
4690697
4690743
4690775
4690797
4690811
4690835
4690893
4691001
4691061
4691071
4691113
4691145
4691193
4691535
4691689
4691755
4691831
4691943
4691965
4692195
4692301
4692381
4692415
4692577
4692617
4692763
4692777
4692851
4692857
4693031
4693051
4693163
4693367
4693479
4693671
4693749
4693751
4693765
4693815
4694017
4694117
4694235
4694277
4694395
4694497
4694613
4694629
4694633
4694805
4694813
4695075
4695101
4695113
4695145
4695217
4695285
4695357
4695491
4695493
4695535
4695551
4695571
4695691
4695721
4695723
4695755
4695877
4696017
4696075
4696111
4696147
4696183
4696391
4696417
4696453
4696463
4696831
4696897
4696913
4697141
4697235
4697285
4697353
4697751
4697913
4697917
4698037
4698045
4698091
4698101
4698137
4698151
4698303
4698315
4698375
4698421
4698427
4698487
4698503
4698597
4698691
4698723
4698839
4698853
4698907
4698945
4699073
4699139
4699263
4699269
4699403
4699413
4699417
4699543
4699585
4699651
4699743
4699771
4699933
4699941
4700081
4700109
4700145
4700227
4700241
4700361
4700417
4700533
4700625
4700637
4700647
4700743
4700837
4700843
4700889
4701049
4701057
4701095
4701097
4701149
4701231
4701529
4701675
4701821
4701885
4702011
4702049
4702093
4702199
4702511
4702525
4702591
4702621
4702763
4702797
4702989
4703019
4703063
4703089
4703169
4703191
4703331
4703347
4703797
4703799
4703833
4703891
4703961
4703983
4704091
4704099
4704125
4704263
4704571
4704609
4704611
4704765
4705071
4705193
4705251
4705265
4705309
4705361
4705427
4705535
4705673
4706053
4706067
4706075
4706091
4706105
4706149
4706185
4706205
4706257
4706493
4706693
4706727
4706849
4706875
4707031
4707033
4707051
4707125
4707185
4707211
4707213
4707447
4707491
4707573
4707639
4707665
4707693
4707797
4707883
4708079
4708107
4708297
4708385
4708487
4708509
4708815
4708833
4708879
4708923
4708927
4708933
4709033
4709051
4709123
4709163
4709325
4709345
4709359
4709373
4709511
4709537
4709557
4709575
4709677
4709679
4709823
4709909
4709923
4709933
4709997
4710061
4710135
4710217
4710379
4710443
4710455
4710603
4710691
4710715
4710717
4710769
4710853
4710943
4710983
4711067
4711103
4711269
4711305
4711425
4711443
4711457
4711515
4711565
4711693
4711713
4711771
4711937
4712079
4712101
4712131
4712269
4712271
4712287
4712363
4712405
4712411
4712591
4712681
4712705
4712811
4712813
4712819
4712841
4712917
4713111
4713125
4713287
4713429
4713465
4713535
4713547
4713595
4713623
4713797
4713813
4713965
4713989
4713993
4714077
4714223
4714399
4714629
4714659
4714757
4714819
4714831
4714993
4715001
4715003
4715037
4715087
4715253
4715261
4715493
4715709
4715729
4715731
4715845
4715917
4715961
4716041
4716193
4716239
4716307
4716367
4716441
4716497
4716647
4716701
4716743
4716797
4716831
4716907
4716949
4717139
4717213
4717257
4717335
4717437
4717471
4717589
4717657
4717705
4717733
4717793
4717827
4717971
4717983
4717987
4718235
4718237
4718315
4718373
4718379
4718393
4718403
4718415
4718453
4718547
4718587
4718727
4718813
4718847
4718977
4718985
4719161
4719165
4719243
4719253
4719293
4719391
4719445
4719529
4719585
4719609
4719623
4719629
4719641
4719655
4719671
4719675
4719707
4719751
4719809
4719813
4719855
4719907
4719991
4720105
4720149
4720167
4720223
4720255
4720413
4720429
4720441
4720445
4720503
4720521
4720549
4720673
4720767
4720781
4720787
4720869
4721021
4721055
4721127
4721171
4721175
4721403
4721563
4721645
4721713
4721771
4721791
4721853
4721855
4722325
4722371
4722389
4722485
4722499
4722545
4723017
4723181
4723359
4723451
4723473
4723497
4723511
4723623
4723685
4723735
4723897
4724235
4724253
4724285
4724391
4724417
4724449
4724523
4724563
4724633
4724715
4724733
4724735
4724883
4724935
4724973
4725021
4725029
4725037
4725041
4725079
4725245
4725249
4725353
4725523
4725555
4725603
4725679
4725681
4725779
4725787
4725823
4725851
4725973
4725975
4725997
4726011
4726201
4726223
4726233
4726259
4726357
4726413
4726537
4726619
4726801
4726863
4727011
4727149
4727155
4727203
4727321
4727327
4727399
4727445
4727489
4727585
4727589
4727601
4727613
4727715
4727745
4727967
4728121
4728211
4728249
4728255
4728267
4728491
4728507
4728615
4728703
4728709
4728749
4728779
4728789
4728865
4728977
4728979
4729001
4729113
4729137
4729143
4729165
4729169
4729253
4729345
4729411
4729421
4729439
4729455
4729465
4729485
4729491
4729499
4729649
4729731
4729793
4729817
4729909
4729945
4730019
4730065
4730121
4730151
4730319
4730417
4730491
4730641
4730673
4730707
4730713
4730739
4730785
4730835
4730861
4730877
4730923
4730933
4730957
4731039
4731071
4731109
4731239
4731251
4731283
4731303
4731307
4731329
4731443
4731481
4731523
4731631
4731673
4731701
4731775
4731815
4731849
4731865
4731877
4731965
4731987
4732025
4732031
4732065
4732087
4732231
4732379
4732393
4732397
4732533
4732597
4732733
4732741
4732829
4732991
4733113
4733115
4733129
4733181
4733197
4733213
4733223
4733277
4733309
4733519
4733535
4733553
4733573
4733595
4733745
4733767
4733859
4733931
4734069
4734091
4734133
4734147
4734205
4734225
4734303
4734415
4734461
4734585
4734593
4734627
4734679
4734755
4734791
4734875
4734971
4734975
4735019
4735051
4735069
4735179
4735261
4735271
4735373
4735393
4735493
4735511
4735707
4735727
4735895
4735937
4735939
4736119
4736129
4736137
4736161
4736171
4736217
4736319
4736349
4736407
4736849
4736951
4736999
4737031
4737033
4737067
4737091
4737187
4737273
4737393
4737573
4737575
4737637
4737679
4737711
4737837
4737845
4737929
4738047
4738055
4738209
4738273
4738345
4738349
4738353
4738421
4738459
4738547
4738745
4738749
4738779
4738823
4738863
4738865
4738951
4738997
4739227
4739329
4739393
4739427
4739541
4739557
4739607
4739711
4739835
4739861
4739867
4739883
4739897
4739931
4739967
4740161
4740163
4740173
4740235
4740301
4740387
4740401
4740451
4740551
4740619
4740623
4740677
4740685
4740699
4740751
4740961
4740963
4740965
4740987
4741259
4741299
4741493
4741547
4741551
4741657
4741713
4741739
4741871
4741947
4742133
4742137
4742139
4742223
4742295
4742323
4742341
4742357
4742369
4742409
4742499
4742509
4742669
4742689
4742701
4742751
4742791
4742793
4742853
4743053
4743167
4743307
4743311
4743559
4743567
4743601
4743613
4743617
4743709
4743719
4743741
4743897
4743905
4743953
4744293
4744319
4744373
4744377
4744485
4744493
4744535
4744563
4744579
4744583
4744625
4744693
4744755
4744763
4744765
4744853
4744909
4744917
4744943
4744999
4745055
4745069
4745187
4745287
4745321
4745487
4745509
4745589
4745637
4745735
4745787
4745815
4746007
4746043
4746121
4746153
4746171
4746391
4746393
4746411
4746429
4746475
4746677
4746693
4746703
4746753
4746799
4747073
4747119
4747131
4747153
4747269
4747333
4747357
4747375
4747421
4747485
4747509
4747735
4747767
4747789
4747851
4747973
4747981
4748159
4748181
4748269
4748283
4748285
4748323
4748391
4748435
4748437
4748485
4748573
4748591
4748603
4748765
4748867
4748893
4748929
4748947
4749031
4749115
4749121
4749289
4749293
4749573
4749623
4749665
4749733
4749805
4749895
4749913
4749943
4749989
4750007
4750017
4750031
4750065
4750243
4750429
4750463
4750471
4750517
4750549
4750597
4750677
4750745
4750757
4750801
4750823
4750831
4750845
4750857
4750871
4750905
4750995
4751269
4751383
4751405
4751471
4751485
4751549
4751649
4751673
4751685
4751857
4751959
4751981
4752055
4752195
4752235
4752321
4752331
4752347
4752395
4752647
4752783
4752881
4752915
4753049
4753211
4753381
4753393
4753427
4753437
4753479
4753481
4753583
4753611
4753663
4753675
4753689
4753813
4753981
4753987
4754083
4754089
4754171
4754321
4754417
4754463
4754495
4754647
4754731
4754767
4754793
4754805
4755085
4755165
4755175
4755367
4755389
4755447
4755505
4755553
4755563
4755579
4755757
4755777
4755799
4755807
4755825
4755895
4756021
4756097
4756127
4756323
4756371
4756427
4756431
4756523
4756529
4756553
4756653
4756765
4756795
4756889
4756955
4756967
4757045
4757061
4757063
4757307
4757369
4757491
4757647
4757671
4757689
4757693
4757829
4758033
4758123
4758191
4758249
4758473
4758511
4758623
4758805
4758829
4758855
4758965
4758993
4759001
4759013
4759085
4759105
4759123
4759235
4759341
4759513
4759571
4759767
4759791
4759803
4760043
4760059
4760063
4760141
4760203
4760279
4760385
4760395
4760549
4760783
4760817
4760841
4760915
4760943
4761047
4761051
4761099
4761113
4761161
4761309
4761315
4761341
4761343
4761375
4761413
4761453
4761475
4761497
4761643
4761669
4761725
4761779
4761789
4761827
4761843
4762377
4762397
4762517
4762549
4762607
4762673
4762749
4762815
4763017
4763093
4763113
4763209
4763241
4763249
4763265
4763291
4763379
4763487
4763573
4763635
4763637
4763723
4763743
4763847
4763855
4763911
4764071
4764265
4764311
4764323
4764433
4764675
4764705
4764827
4764859
4764875
4764913
4764943
4765205
4765225
4765305
4765313
4765389
4765393
4765453
4765571
4765649
4765657
4765717
4765769
4765973
4766077
4766175
4766215
4766225
4766291
4766297
4766333
4766673
4766695
4766797
4766823
4767195
4767391
4767479
4767533
4767545
4767571
4767621
4767649
4767709
4767765
4767797
4767933
4768027
4768229
4768291
4768313
4768405
4768413
4768467
4768497
4768517
4768525
4768533
4768585
4768643
4768693
4768897
4768921
4768949
4768955
4768993
4769071
4769101
4769125
4769143
4769221
4769257
4769361
4769417
4769493
4769503
4769507
4769561
4769565
4769587
4769695
4769721
4769769
4769877
4769911
4769951
4769999
4770029
4770087
4770171
4770181
4770323
4770385
4770679
4770741
4770755
4770761
4770823
4770881
4771005
4771131
4771223
4771311
4771343
4771349
4771419
4771435
4771503
4771615
4771793
4771879
4771891
4771899
4771931
4772403
4772439
4772497
4772545
4772551
4772565
4772569
4772643
4772785
4772995
4773009
4773077
4773081
4773137
4773139
4773185
4773235
4773237
4773251
4773339
4773383
4773453
4773485
4773489
4773507
4773579
4773677
4773759
4773765
4773873
4773975
4774081
4774137
4774177
4774189
4774347
4774375
4774447
4774549
4774581
4774657
4774679
4774689
4774839
4774851
4774927
4774929
4775173
4775299
4775311
4775389
4775399
4775473
4775509
4775517
4775579
4775617
4775665
4775671
4775681
4775719
4775917
4776039
4776123
4776161
4776193
4776207
4776271
4776273
4776319
4776345
4776539
4776679
4776701
4776755
4776869
4776887
4776905
4776947
4777035
4777057
4777153
4777229
4777251
4777267
4777579
4777625
4777651
4777675
4777735
4777759
4777811
4777875
4777945
4778001
4778021
4778049
4778135
4778155
4778243
4778247
4778263
4778375
4778377
4778409
4778527
4778883
4778993
4779005
4779007
4779037
4779181
4779205
4779305
4779319
4779347
4779423
4779457
4779467
4779499
4779531
4779545
4779591
4779685
4779715
4779739
4779783
4779797
4779819
4779825
4779859
4779951
4779965
4780137
4780187
4780209
4780249
4780255
4780289
4780295
4780357
4780387
4780407
4780453
4780549
4780561
4780659
4780667
4780733
4780829
4780983
4781047
4781329
4781337
4781603
4781659
4781719
4781771
4781787
4781869
4781873
4781911
4781989
4782173
4782347
4782493
4782651
4782653
4782673
4782763
4782767
4782879
4783011
4783043
4783081
4783159
4783359
4783475
4783517
4783533
4783595
4783637
4783665
4783757
4783785
4783799
4783825
4783941
4784037
4784069
4784195
4784343
4784413
4784565
4784651
4784703
4784767
4784803
4784825
4784829
4784837
4785027
4785145
4785147
4785251
4785451
4785619
4785677
4785701
4785703
4785743
4785949
4785951
4785953
4785983
4785985
4786061
4786157
4786191
4786253
4786265
4786347
4786379
4786479
4786599
4786671
4786861
4786871
4786979
4787025
4787145
4787419
4787425
4787439
4787485
4787519
4787545
4787605
4787685
4787691
4787717
4787761
4787867
4788039
4788083
4788207
4788213
4788219
4788283
4788463
4788477
4788519
4788567
4788657
4788709
4788725
4788779
4788913
4789013
4789113
4789295
4789397
4789455
4789567
4789617
4789645
4789671
4789693
4789771
4789865
4789907
4789973
4790107
4790113
4790323
4790399
4790419
4790447
4790489
4790695
4790891
4790901
4790917
4791027
4791061
4791127
4791197
4791251
4791531
4791581
4791769
4791797
4791903
4792095
4792197
4792217
4792237
4792283
4792345
4792447
4792463
4792471
4792543
4792565
4792617
4792731
4792743
4792855
4792899
4792953
4793123
4793167
4793185
4793189
4793243
4793257
4793271
4793409
4793435
4793461
4793743
4793819
4793959
4794089
4794283
4794325
4794419
4794425
4794429
4794469
4794621
4794653
4794735
4794991
4795003
4795055
4795073
4795179
4795297
4795327
4795363
4795381
4795403
4795475
4795487
4795587
4795607
4795621
4795651
4795781
4795887
4795977
4796279
4796419
4796449
4796455
4796683
4796749
4796773
4796807
4796821
4796857
4796949
4796981
4797131
4797135
4797233
4797265
4797459
4797507
4797529
4797535
4797605
4797619
4797705
4797739
4797757
4797823
4797825
4797997
4798023
4798067
4798093
4798213
4798393
4798427
4798537
4798559
4798577
4798745
4798779
4798869
4798983
4799253
4799257
4799301
4799353
4799361
4799401
4799537
4799571
4799661
4799719
4799777
4799785
4799797
4799923
4799927
4799953
4799969
4800045
4800099
4800137
4800201
4800335
4800343
4800369
4800379
4800493
4800509
4800633
4800709
4800717
4800719
4800805
4800831
4800869
4800907
4801089
4801099
4801225
4801231
4801281
4801283
4801317
4801329
4801347
4801399
4801427
4801429
4801451
4801509
4801529
4801697
4801823
4801851
4802087
4802169
4802429
4802431
4802567
4802569
4802585
4802663
4802701
4802841
4802863
4802917
4802961
4803171
4803229
4803343
4803401
4803427
4803445
4803465
4803475
4803483
4803531
4803705
4803717
4803731
4803877
4803909
4804047
4804103
4804155
4804177
4804227
4804507
4804563
4804567
4804805
4804827
4804845
4804945
4805111
4805165
4805187
4805279
4805341
4805351
4805355
4805427
4805477
4805533
4805595
4805741
4805855
4805877
4806009
4806073
4806121
4806171
4806239
4806249
4806257
4806263
4806315
4806379
4806519
4806531
4806581
4806653
4806709
4806733
4806813
4806847
4806861
4806901
4806929
4806947
4806991
4806993
4807041
4807055
4807173
4807363
4807435
4807515
4807519
4807629
4807703
4807743
4807747
4807807
4807995
4808035
4808037
4808133
4808181
4808289
4808369
4808409
4808445
4808563
4808577
4808645
4808675
4808695
4808815
4808833
4809115
4809303
4809319
4809477
4809559
4809655
4809707
4809763
4809807
4809885
4809935
4809943
4810083
4810141
4810241
4810243
4810381
4810425
4810531
4810565
4810603
4810639
4810847
4810855
4811011
4811067
4811077
4811207
4811247
4811287
4811359
4811401
4811411
4811419
4811509
4811517
4811541
4811585
4811717
4811757
4811793
4811797
4812087
4812149
4812167
4812173
4812235
4812241
4812251
4812261
4812511
4812519
4812521
4812549
4812641
4812691
4812745
4812759
4812773
4812863
4812893
4812983
4813007
4813075
4813087
4813127
4813139
4813173
4813211
4813221
4813309
4813343
4813425
4813539
4813603
4813651
4813661
4813813
4813917
4813947
4813995
4814063
4814103
4814203
4814357
4814503
4814529
4814793
4814901
4814909
4814939
4814959
4814989
4815053
4815055
4815089
4815151
4815213
4815215
4815265
4815305
4815389
4815555
4815613
4815719
4815817
4815895
4815965
4815979
4816087
4816203
4816257
4816287
4816395
4816597
4816599
4816635
4816649
4816733
4816803
4816847
4816989
4816991
4817049
4817131
4817321
4817337
4817419
4817421
4817531
4817541
4817619
4817721
4817757
4817903
4818025
4818027
4818049
4818175
4818183
4818277
4818549
4818719
4818791
4818853
4818911
4818971
4819007
4819033
4819065
4819159
4819201
4819253
4819357
4819435
4819437
4819571
4819647
4819769
4819837
4819847
4819873
4819901
4819943
4819947
4820021
4820023
4820077
4820101
4820137
4820149
4820153
4820335
4820415
4820475
4820491
4820505
4820507
4820611
4820765
4820793
4820819
4820893
4820901
4820947
4821081
4821151
4821297
4821359
4821651
4821701
4821781
4821799
4821831
4821839
4822049
4822055
4822077
4822085
4822123
4822209
4822267
4822319
4822395
4822683
4822695
4822921
4822973
4823009
4823037
4823181
4823197
4823439
4823609
4823869
4823895
4823923
4823969
4823975
4824103
4824115
4824211
4824219
4824367
4824489
4824513
4824573
4824779
4824791
4825283
4825391
4825491
4825509
4825547
4825567
4825599
4825701
4825741
4825755
4825789
4825845
4825895
4826029
4826077
4826117
4826145
4826203
4826301
4826349
4826379
4826397
4826499
4826633
4826661
4826663
4826685
4826711
4826867
4826903
4826935
4826951
4827029
4827049
4827155
4827297
4827439
4827457
4827479
4827487
4827801
4827933
4827941
4828031
4828163
4828167
4828297
4828321
4828495
4828561
4828577
4828747
4828783
4828843
4828871
4828891
4828965
4829001
4829027
4829037
4829189
4829461
4829497
4829673
4829735
4829979
4830177
4830201
4830265
4830305
4830327
4830465
4830497
4830561
4830633
4830783
4830833
4830909
4830947
4831047
4831079
4831139
4831161
4831267
4831347
4831425
4831531
4831537
4831613
4831675
4831717
4831735
4831751
4831851
4831875
4832393
4832425
4832555
4832575
4832619
4832673
4832739
4832791
4832807
4832965
4833023
4833211
4833245
4833281
4833333
4833345
4833353
4833399
4833545
4833567
4833645
4833701
4833721
4833741
4833857
4833991
4834007
4834051
4834087
4834109
4834189
4834261
4834279
4834295
4834347
4834383
4834391
4834419
4834475
4834519
4834573
4834689
4834709
4834897
4834989
4835121
4835173
4835269
4835297
4835317
4835341
4835343
4835419
4835499
4835535
4835553
4835745
4835817
4835891
4836011
4836017
4836021
4836117
4836153
4836431
4836437
4836609
4836639
4836775
4836823
4836867
4836923
4836991
4837203
4837245
4837281
4837303
4837311
4837413
4837465
4837627
4837683
4837699
4837703
4837821
4837911
4837913
4837941
4837981
4838133
4838163
4838199
4838335
4838435
4838439
4838495
4838637
4838655
4838807
4838927
4838945
4839177
4839219
4839235
4839249
4839339
4839355
4839527
4839631
4839805
4839825
4839883
4839897
4839935
4839983
4839995
4840017
4840253
4840267
4840275
4840405
4840453
4840479
4840495
4840505
4840689
4840741
4840789
4840843
4840919
4840931
4841017
4841151
4841165
4841187
4841223
4841243
4841257
4841283
4841343
4841427
4841451
4841615
4841643
4841747
4841869
4841909
4842019
4842067
4842137
4842477
4842481
4842519
4842675
4842921
4843081
4843299
4843415
4843497
4843549
4843585
4843623
4843625
4843633
4843671
4843717
4843743
4843795
4843841
4843885
4843899
4843957
4843961
4843975
4844045
4844299
4844339
4844455
4844559
4844561
4844649
4844661
4844667
4844793
4844847
4844939
4844965
4844971
4844993
4845063
4845071
4845119
4845163
4845207
4845209
4845283
4845305
4845349
4845573
4845585
4845597
4845603
4845649
4845671
4845683
4845789
4845817
4845877
4845939
4845999
4846005
4846091
4846363
4846395
4846529
4846717
4846723
4846809
4846869
4846971
4847099
4847169
4847179
4847261
4847313
4847383
4847485
4847553
4847709
4847753
4847867
4847941
4847951
4847967
4848215
4848225
4848231
4848355
4848411
4848431
4848439
4848481
4848593
4848603
4848739
4848797
4848819
4848861
4848989
4849041
4849153
4849165
4849215
4849435
4849441
4849515
4849641
4849865
4849871
4849885
4849925
4849941
4850101
4850185
4850237
4850315
4850377
4850411
4850427
4850491
4850529
4850561
4850899
4850973
4851053
4851059
4851093
4851171
4851341
4851373
4851705
4851723
4851773
4851853
4851931
4851947
4852063
4852093
4852105
4852117
4852315
4852317
4852421
4852495
4852617
4852679
4852695
4852775
4852821
4852875
4852931
4852981
4853091
4853097
4853127
4853175
4853199
4853211
4853265
4853305
4853381
4853521
4853601
4853671
4853693
4853795
4853867
4853873
4854067
4854121
4854237
4854375
4854545
4854603
4854631
4854689
4854705
4854821
4854855
4854903
4855033
4855071
4855357
4855431
4855437
4855547
4855611
4855683
4855747
4855805
4855923
4855939
4856107
4856183
4856235
4856239
4856363
4856391
4856399
4856401
4856683
4856763
4856931
4856947
4857099
4857129
4857157
4857173
4857251
4857319
4857433
4857461
4857481
4857539
4857605
4857613
4857637
4857733
4857751
4857865
4857893
4858051
4858153
4858179
4858377
4858493
4858637
4858723
4858753
4858773
4858787
4859015
4859061
4859105
4859125
4859161
4859197
4859639
4859705
4859711
4859791
4859813
4859867
4860175
4860185
4860363
4860469
4860481
4860519
4860583
4860585
4860627
4860649
4860727
4860741
4860769
4860885
4861081
4861097
4861209
4861317
4861327
4861473
4861547
4861565
4861751
4861755
4862081
4862173
4862193
4862327
4862421
4862439
4862495
4862515
4862617
4862653
4862721
4862743
4862777
4862837
4862941
4862951
4863071
4863157
4863189
4863195
4863253
4863295
4863329
4863349
4863363
4863385
4863493
4863611
4863633
4863659
4863679
4863687
4863725
4863741
4863873
4863937
4864041
4864249
4864385
4864391
4864405
4864417
4864555
4864653
4864797
4864801
4864911
4864917
4864935
4865111
4865155
4865239
4865317
4865349
4865419
4865481
4865489
4865529
4865623
4865703
4865753
4865861
4866297
4866327
4866387
4866493
4866631
4866649
4866863
4866899
4866961
4866983
4867037
4867151
4867229
4867235
4867297
4867389
4867399
4867503
4867589
4867801
4867831
4867861
4867943
4868039
4868055
4868073
4868095
4868183
4868221
4868241
4868349
4868373
4868407
4868513
4868577
4868901
4868969
4868979
4868999
4869039
4869109
4869111
4869185
4869195
4869335
4869379
4869391
4869425
4869429
4869489
4869605
4869747
4869775
4869951
4869985
4869999
4870197
4870305
4870317
4870417
4870443
4870511
4870539
4870659
4870663
4870709
4870775
4870793
4870815
4870893
4871059
4871071
4871081
4871219
4871245
4871319
4871361
4871421
4871543
4871581
4871787
4871839
4871939
4872027
4872075
4872087
4872273
4872385
4872535
4872595
4872601
4872625
4872751
4872801
4872811
4872865
4872963
4872999
4873057
4873135
4873207
4873315
4873393
4873565
4873701
4873727
4873797
4873833
4873847
4873859
4873911
4873941
4873967
4874135
4874145
4874149
4874323
4874351
4874357
4874435
4874457
4874543
4874649
4874703
4874709
4874735
4874807
4874819
4874823
4874825
4874951
4874961
4875047
4875145
4875335
4875375
4875383
4875447
4875591
4875823
4875855
4875899
4875937
4875947
4875949
4875973
4876045
4876061
4876075
4876199
4876213
4876225
4876381
4876413
4876425
4876561
4876615
4876631
4876663
4876713
4876723
4876757
4876937
4876987
4877003
4877065
4877085
4877189
4877401
4877415
4877435
4877571
4877729
4877767
4877775
4877807
4877961
4878037
4878129
4878163
4878215
4878225
4878227
4878235
4878329
4878339
4878417
4878545
4878557
4878583
4878615
4878673
4878701
4878711
4878719
4878729
4878737
4878815
4878877
4878943
4879071
4879093
4879127
4879137
4879193
4879237
4879253
4879307
4879309
4879379
4879479
4879503
4879531
4879641
4879713
4879955
4880005
4880109
4880111
4880123
4880179
4880313
4880323
4880337
4880423
4880467
4880501
4880587
4880593
4880701
4880749
4880775
4880793
4880869
4880871
4880945
4881051
4881061
4881249
4881267
4881503
4881513
4881521
4881529
4881587
4881645
4881767
4881789
4881799
4881803
4881833
4881905
4882001
4882167
4882179
4882247
4882261
4882377
4882481
4882587
4882593
4882677
4882697
4882807
4882871
4882947
4883041
4883187
4883311
4883363
4883439
4883537
4883589
4883653
4883663
4883853
4884117
4884193
4884307
4884309
4884333
4884379
4884579
4884639
4884729
4884827
4884837
4884953
4885079
4885205
4885215
4885227
4885277
4885301
4885305
4885321
4885445
4885475
4885537
4885541
4885637
4885705
4885717
4885755
4885789
4885855
4885927
4885995
4886073
4886127
4886179
4886289
4886439
4886447
4886505
4886627
4886687
4886725
4886833
4886847
4886965
4886983
4887113
4887151
4887227
4887285
4887389
4887419
4887441
4887447
4887523
4887549
4887553
4887603
4887707
4887777
4887789
4887829
4887865
4887879
4887901
4887965
4888045
4888177
4888219
4888279
4888293
4888421
4888545
4888663
4888711
4888719
4888969
4889025
4889223
4889423
4889487
4889539
4889585
4889683
4889731
4889769
4889807
4889951
4890001
4890011
4890133
4890263
4890267
4890281
4890473
4890555
4890579
4890595
4890639
4890679
4890691
4890713
4890761
4890873
4891095
4891301
4891337
4891457
4891477
4891479
4891485
4891509
4891743
4891931
4891939
4891987
4891989
4891993
4892017
4892041
4892113
4892181
4892203
4892209
4892239
4892249
4892405
4892477
4892507
4892523
4892665
4892791
4892911
4892969
4892987
4893031
4893069
4893093
4893205
4893209
4893257
4893287
4893355
4893555
4893621
4893677
4893739
4893827
4894043
4894049
4894157
4894221
4894235
4894259
4894267
4894443
4894485
4894519
4894711
4894735
4894801
4894915
4895029
4895143
4895161
4895241
4895251
4895291
4895461
4895495
4895515
4895565
4895607
4895665
4895693
4895781
4895885
4895913
4896107
4896111
4896115
4896155
4896181
4896353
4896445
4896463
4896465
4896511
4896525
4896731
4896779
4896825
4896851
4896907
4896969
4897081
4897139
4897225
4897227
4897293
4897295
4897363
4897411
4897557
4897917
4897919
4897959
4897991
4898113
4898191
4898203
4898205
4898291
4898343
4898391
4898411
4898417
4898421
4898499
4898645
4898681
4898685
4898691
4898699
4898719
4898721
4898725
4898799
4899097
4899129
4899373
4899397
4899405
4899535
4899545
4899639
4899661
4899753
4899971
4900145
4900383
4900551
4900577
4900671
4900803
4900899
4900927
4900933
4900961
4901113
4901291
4901313
4901317
4901375
4901387
4901413
4901805
4901899
4902019
4902067
4902115
4902181
4902199
4902357
4902367
4902415
4902419
4902441
4902469
4902475
4902527
4902667
4902731
4902877
4902879
4903037
4903085
4903091
4903135
4903215
4903231
4903263
4903345
4903397
4903451
4903455
4903463
4903495
4903573
4903591
4903645
4903715
4903751
4903871
4903949
4903993
4904039
4904157
4904191
4904279
4904341
4904407
4904621
4904693
4904713
4904721
4904735
4904845
4904853
4905123
4905205
4905267
4905369
4905451
4905543
4905587
4905643
4906017
4906173
4906179
4906185
4906247
4906333
4906347
4906361
4906485
4906555
4906569
4906591
4906873
4906903
4906915
4906917
4907009
4907061
4907109
4907191
4907311
4907377
4907383
4907401
4907523
4907529
4907569
4907605
4907617
4907619
4907651
4907703
4907727
4907763
4907775
4907795
4907849
4907885
4907919
4907941
4907965
4907983
4908037
4908047
4908097
4908143
4908151
4908183
4908291
4908319
4908377
4908379
4908385
4908429
4908481
4908551
4908723
4908819
4908857
4908871
4908933
4908935
4908977
4909121
4909303
4909361
4909375
4909439
4909477
4909779
4909791
4910133
4910151
4910175
4910211
4910229
4910263
4910269
4910325
4910361
4910455
4910481
4910515
4910575
4910609
4910661
4910783
4910825
4910937
4911251
4911273
4911331
4911415
4911507
4911525
4911581
4911597
4911605
4911697
4911849
4911853
4911913
4911923
4912023
4912027
4912065
4912145
4912339
4912497
4912759
4912763
4912813
4912845
4912863
4912889
4912891
4912969
4912979
4913151
4913391
4913407
4913467
4913885
4913913
4914187
4914199
4914201
4914237
4914257
4914275
4914423
4914503
4914531
4914649
4914693
4914715
4914725
4914781
4914931
4915093
4915223
4915461
4915469
4915497
4915529
4915565
4915677
4915679
4915761
4915853
4916149
4916155
4916267
4916277
4916363
4916371
4916375
4916555
4916575
4916715
4916729
4916757
4916765
4916811
4916929
4916971
4917207
4917235
4917313
4917441
4917473
4917525
4917685
4917927
4918009
4918011
4918123
4918143
4918223
4918319
4918411
4918417
4918425
4918489
4918493
4918495
4918513
4918571
4918579
4918891
4919037
4919039
4919055
4919067
4919073
4919113
4919167
4919187
4919241
4919249
4919255
4919299
4919769
4919827
4919911
4919927
4920049
4920123
4920317
4920391
4920487
4920515
4920523
4920541
4920563
4920695
4920697
4920811
4920821
4920837
4920981
4921041
4921061
4921063
4921255
4921377
4921409
4921779
4921785
4921813
4921903
4921951
4921961
4922129
4922211
4922289
4922367
4922387
4922475
4922499
4922585
4922911
4922917
4922937
4922965
4923047
4923125
4923133
4923299
4923321
4923329
4923331
4923349
4923385
4923411
4923419
4923447
4923501
4923523
4923583
4923613
4923989
4924021
4924093
4924217
4924275
4924303
4924307
4924383
4924405
4924461
4924517
4924531
4924539
4924803
4924819
4924889
4925179
4925251
4925379
4925405
4925557
4925623
4925635
4925689
4925699
4925713
4925779
4925845
4925959
4926025
4926183
4926231
4926379
4926443
4926613
4926671
4926717
4926737
4926743
4926759
4926777
4926819
4926877
4926885
4926911
4926995
4927003
4927061
4927175
4927395
4927415
4927445
4927499
4927535
4927543
4927553
4927567
4927589
4927865
4927875
4927917
4927927
4927953
4927985
4928013
4928145
4928211
4928311
4928317
4928341
4928363
4928419
4928559
4928601
4928603
4928747
4928771
4928967
4928989
4929223
4929227
4929267
4929317
4929339
4929347
4929411
4929419
4929479
4929735
4929919
4930021
4930029
4930031
4930073
4930075
4930115
4930123
4930139
4930207
4930521
4930535
4930551
4930559
4930569
4930699
4930753
4930839
4930891
4930987
4930993
4931019
4931107
4931135
4931153
4931215
4931395
4931487
4931573
4931733
4931745
4931837
4931939
4931973
4932171
4932341
4932345
4932425
4932659
4932681
4932739
4932779
4932823
4932909
4932975
4933127
4933189
4933233
4933417
4933437
4933451
4933479
4933517
4933715
4933717
4933719
4933721
4933733
4933913
4934043
4934243
4934283
4934493
4934657
4934685
4934689
4934887
4934901
4934925
4935133
4935385
4935489
4935559
4935591
4935635
4935739
4935823
4935841
4935937
4936031
4936075
4936133
4936159
4936161
4936185
4936265
4936325
4936377
4936415
4936421
4936443
4936585
4936677
4936759
4936823
4936851
4936913
4936927
4937085
4937123
4937149
4937185
4937263
4937279
4937291
4937323
4937459
4937487
4937577
4937847
4937887
4937961
4937967
4938069
4938097
4938197
4938301
4938343
4938353
4938383
4938405
4938407
4938439
4938465
4938473
4938511
4938523
4938545
4938609
4938753
4938865
4938891
4938931
4938967
4939209
4939331
4939375
4939417
4939505
4939547
4939603
4939645
4939659
4939687
4939725
4939845
4940107
4940137
4940295
4940441
4940601
4940677
4941051
4941107
4941131
4941177
4941183
4941511
4941535
4941547
4941683
4941713
4941805
4941835
4941849
4941929
4941969
4942003
4942029
4942077
4942091
4942285
4942287
4942331
4942355
4942409
4942431
4942443
4942537
4942543
4942653
4942657
4942659
4942731
4942739
4942867
4942959
4943013
4943109
4943231
4943243
4943313
4943329
4943389
4943459
4943699
4943731
4943787
4944211
4944281
4944307
4944321
4944403
4944431
4944517
4944585
4944633
4944725
4944767
4944819
4945001
4945013
4945147
4945207
4945361
4945527
4945539
4945559
4945641
4945811
4945937
4945965
4946069
4946115
4946151
4946195
4946289
4946329
4946333
4946375
4946387
4946413
4946693
4946783
4946839
4946849
4946899
4947065
4947099
4947169
4947225
4947323
4947335
4947345
4947379
4947397
4947499
4947549
4947587
4947607
4947611
4947613
4947751
4947793
4947797
4947835
4947981
4948001
4948133
4948243
4948247
4948283
4948305
4948345
4948367
4948393
4948519
4948729
4948773
4948867
4948947
4948967
4949043
4949159
4949245
4949331
4949417
4949489
4949563
4949625
4949733
4949781
4949817
4949839
4949887
4950005
4950011
4950099
4950207
4950301
4950325
4950355
4950393
4950435
4950515
4950535
4950611
4950671
4950703
4950729
4950751
4950799
4950917
4950959
4951095
4951169
4951195
4951311
4951465
4951591
4951703
4951745
4951801
4951829
4951845
4951863
4952033
4952035
4952213
4952241
4952275
4952443
4952491
4952561
4952639
4952731
4952763
4952821
4952855
4952881
4952955
4953027
4953053
4953063
4953113
4953119
4953149
4953185
4953213
4953217
4953243
4953301
4953361
4953367
4953449
4953637
4953669
4953747
4953767
4953813
4953887
4954055
4954059
4954171
4954419
4954525
4954573
4954609
4954615
4954655
4954675
4954785
4955121
4955131
4955175
4955333
4955369
4955519
4955533
4955625
4955681
4955721
4955743
4955801
4956031
4956087
4956191
4956227
4956329
4956339
4956371
4956481
4956567
4956703
4956837
4956877
4956921
4956997
4957039
4957063
4957083
4957145
4957171
4957209
4957223
4957249
4957295
4957507
4957639
4957645
4957687
4957741
4957749
4957857
4957863
4957865
4957993
4958033
4958111
4958191
4958223
4958283
4958347
4958445
4958549
4958591
4958607
4958619
4958647
4958669
4958727
4958833
4958867
4958921
4958963
4959053
4959163
4959229
4959249
4959335
4959381
4959537
4959589
4959599
4959625
4959653
4959701
4959721
4959747
4959923
4960105
4960175
4960213
4960217
4960227
4960293
4960295
4960373
4960389
4960439
4960487
4960691
4960739
4960745
4960769
4960775
4960871
4960887
4960943
4961109
4961175
4961219
4961221
4961275
4961297
4961299
4961303
4961389
4961391
4961467
4961557
4961609
4961647
4961755
4961837
4961857
4961859
4961951
4961995
4962125
4962287
4962341
4962401
4962713
4962745
4963095
4963115
4963133
4963161
4963207
4963275
4963353
4963399
4963455
4963483
4963589
4963599
4963611
4963649
4963657
4963691
4963883
4963885
4963901
4963975
4964079
4964083
4964175
4964371
4964377
4964395
4964433
4964483
4964485
4964575
4964629
4964631
4964645
4964789
4964815
4964851
4964931
4964947
4965029
4965091
4965143
4965153
4965199
4965273
4965487
4965563
4965597
4965611
4965635
4965663
4965787
4965861
4965989
4965995
4966029
4966053
4966263
4966311
4966377
4966417
4966481
4966801
4966881
4966895
4966999
4967007
4967013
4967015
4967075
4967083
4967123
4967167
4967257
4967481
4967705
4967757
4967871
4968011
4968043
4968131
4968245
4968345
4968347
4968493
4968599
4968801
4968815
4968839
4968963
4968969
4968979
4969005
4969011
4969019
4969077
4969169
4969299
4969317
4969535
4969537
4969633
4969641
4969731
4969789
4969803
4969813
4969845
4969973
4970095
4970333
4970361
4970409
4970483
4970547
4970573
4970641
4970675
4970769
4970867
4970971
4970985
4971203
4971209
4971351
4971443
4971541
4971627
4971633
4971637
4971821
4971855
4971969
4972243
4972321
4972595
4972703
4972785
4972791
4972809
4972811
4972843
4972859
4972947
4973151
4973219
4973273
4973297
4973335
4973419
4973473
4973475
4973567
4973693
4973697
4973743
4973943
4974075
4974293
4974447
4974555
4974659
4974693
4974725
4974777
4974789
4974827
4974855
4974977
4974979
4975165
4975327
4975351
4975457
4975469
4975501
4975567
4975653
4975687
4975759
4975893
4976117
4976189
4976355
4976373
4976387
4976405
4976449
4976645
4976793
4976901
4976959
4977013
4977159
4977223
4977229
4977297
4977431
4977533
4977669
4977725
4977793
4977819
4977871
4978003
4978139
4978153
4978231
4978243
4978319
4978337
4978371
4978455
4978493
4978547
4978591
4978597
4978599
4978647
4978721
4978751
4978897
4978901
4978949
4979027
4979051
4979069
4979109
4979147
4979169
4979213
4979303
4979381
4979399
4979491
4979499
4979505
4979517
4979589
4979603
4979633
4979787
4980011
4980077
4980079
4980185
4980277
4980345
4980347
4980457
4980461
4980667
4980681
4980745
4980783
4980787
4980829
4980983
4981247
4981323
4981413
4981497
4981581
4981697
4981733
4981903
4981993
4982029
4982055
4982117
4982209
4982269
4982275
4982329
4982473
4982729
4982791
4982825
4982849
4982923
4983045
4983063
4983123
4983171
4983241
4983305
4983431
4983501
4983513
4983543
4983563
4983651
4983737
4983835
4983903
4983913
4983925
4984029
4984049
4984075
4984135
4984219
4984417
4984429
4984499
4984543
4984649
4984689
4984739
4984833
4984839
4984841
4984997
4985131
4985179
4985277
4985347
4985511
4985585
4985621
4985665
4985707
4985809
4985865
4985947
4985955
4985979
4985983
4986187
4986359
4986423
4986489
4986505
4986581
4986635
4986727
4986835
4986925
4986927
4986967
4986979
4987003
4987133
4987223
4987247
4987329
4987467
4987505
4987535
4987551
4987705
4987775
4987923
4987925
4987937
4987939
4988087
4988131
4988217
4988231
4988305
4988329
4988357
4988375
4988413
4988545
4988715
4988767
4988771
4988789
4988903
4988931
4989187
4989193
4989319
4989373
4989501
4989551
4989651
4989751
4989795
4989935
4990011
4990051
4990093
4990321
4990455
4990493
4990589
4990681
4990711
4990759
4990823
4990827
4990865
4991029
4991037
4991189
4991199
4991221
4991237
4991355
4991383
4991455
4991561
4991801
4991839
4991887
4991897
4991929
4991955
4991991
4992009
4992035
4992137
4992219
4992365
4992385
4992397
4992427
4992429
4992433
4992445
4992481
4992483
4992561
4992583
4992601
4992663
4992677
4992819
4992907
4993129
4993137
4993165
4993189
4993259
4993285
4993335
4993337
4993369
4993587
4993595
4993599
4993609
4993815
4993957
4994033
4994171
4994327
4994367
4994419
4994471
4994621
4994731
4994835
4994847
4994879
4994923
4994979
4995091
4995129
4995213
4995335
4995371
4995413
4995417
4995425
4995765
4995785
4995993
4996249
4996279
4996283
4996297
4996437
4996483
4996511
4996561
4996565
4996575
4996633
4996717
4996867
4996893
4996963
4996969
4996993
4997015
4997039
4997053
4997109
4997299
4997379
4997413
4997465
4997521
4997553
4997643
4997719
4997775
4997957
4998023
4998029
4998069
4998187
4998321
4998339
4998407
4998437
4998459
4998481
4998613
4998725
4998737
4998741
4998841
4998891
4999021
4999097
4999217
4999339
4999373
4999547
4999729
4999779
4999807
4999869
4999933
4999975
