# proven primes: b with (b^16+1)/2 prime (APR-CL), block [5000000,6000000)
5000047
5000057
5000143
5000153
5000187
5000205
5000229
5000257
5000291
5000347
5000469
5000529
5000537
5000583
5000603
5000631
5000633
5000763
5000819
5000885
5001131
5001155
5001159
5001191
5001219
5001489
5001491
5001493
5001547
5001575
5001649
5001703
5001715
5001743
5001805
5001807
5001859
5001865
5001897
5001955
5001991
5002031
5002061
5002067
5002169
5002187
5002189
5002379
5002383
5002435
5002451
5002545
5002569
5002651
5002763
5002797
5002841
5002847
5002957
5002991
5003043
5003083
5003171
5003177
5003225
5003313
5003373
5003381
5003427
5003507
5003589
5003647
5003825
5003989
5004043
5004053
5004143
5004199
5004221
5004261
5004315
5004337
5004419
5004457
5004503
5004547
5004753
5004765
5004783
5004791
5004797
5004817
5005033
5005139
5005167
5005189
5005191
5005203
5005223
5005229
5005265
5005281
5005297
5005357
5005393
5005399
5005477
5005491
5005557
5005605
5005811
5005823
5005981
5005989
5006023
5006065
5006349
5006437
5006529
5006543
5006681
5006767
5006933
5007021
5007233
5007247
5007449
5007537
5007589
5007669
5007797
5008015
5008071
5008075
5008141
5008167
5008221
5008243
5008313
5008335
5008343
5008389
5008539
5008583
5008655
5008657
5008671
5008681
5008813
5008951
5009049
5009065
5009105
5009121
5009233
5009345
5009371
5009379
5009435
5009507
5009791
5009817
5009865
5009879
5009893
5009949
5010085
5010099
5010205
5010223
5010233
5010477
5010543
5010691
5010711
5010747
5010803
5010897
5010923
5010945
5010963
5010991
5011141
5011245
5011257
5011319
5011399
5011439
5011497
5011511
5011765
5011775
5011843
5011849
5012019
5012065
5012079
5012093
5012137
5012191
5012293
5012469
5012487
5012493
5012501
5012609
5012777
5012885
5013089
5013227
5013241
5013309
5013387
5013447
5013453
5013461
5013607
5013625
5013671
5013675
5013727
5013761
5013789
5013851
5013893
5014049
5014141
5014185
5014217
5014229
5014243
5014253
5014275
5014317
5014453
5014645
5014673
5014699
5014803
5014835
5014929
5015007
5015175
5015183
5015241
5015263
5015383
5015479
5015539
5015605
5015811
5015877
5015977
5016099
5016217
5016455
5016527
5016573
5016605
5016617
5016685
5016745
5016815
5016823
5016827
5016899
5016945
5016981
5017005
5017007
5017013
5017039
5017087
5017123
5017145
5017245
5017255
5017259
5017287
5017335
5017337
5017529
5017593
5017605
5017645
5017663
5017835
5017921
5018101
5018191
5018193
5018269
5018291
5018321
5018381
5018397
5018467
5018547
5018563
5018617
5018627
5018737
5018803
5018807
5018875
5019033
5019061
5019065
5019071
5019083
5019129
5019165
5019241
5019247
5019277
5019339
5019703
5019711
5019765
5019871
5019883
5019949
5019961
5019977
5019983
5020045
5020055
5020107
5020169
5020185
5020225
5020227
5020317
5020357
5020413
5020543
5020573
5020805
5020821
5020835
5021023
5021061
5021137
5021213
5021229
5021245
5021315
5021325
5021393
5021479
5021505
5021727
5021873
5021891
5021907
5021925
5022013
5022263
5022273
5022465
5022499
5022523
5022661
5022761
5022773
5022955
5022969
5022977
5023077
5023209
5023229
5023263
5023315
5023377
5023523
5023569
5023603
5023619
5023631
5023679
5023713
5023745
5023915
5023923
5023931
5023933
5024023
5024163
5024171
5024247
5024277
5024319
5024391
5024447
5024605
5024673
5024691
5024929
5025095
5025159
5025217
5025379
5025419
5025509
5025521
5025527
5025627
5026015
5026033
5026049
5026065
5026123
5026165
5026195
5026343
5026381
5026437
5026467
5026535
5026605
5026981
5027119
5027229
5027365
5027461
5027509
5027699
5027705
5027709
5027783
5027823
5027825
5027883
5027907
5027927
5027955
5028135
5028163
5028313
5028333
5028367
5028383
5028415
5028419
5028527
5028569
5028707
5028863
5028879
5028949
5028967
5029047
5029141
5029161
5029225
5029251
5029291
5029331
5029355
5029433
5029445
5029457
5029579
5029693
5030029
5030031
5030043
5030061
5030133
5030143
5030263
5030399
5030403
5030411
5030427
5030445
5030513
5030541
5030567
5030585
5030663
5030727
5030777
5030795
5030865
5030921
5030967
5031027
5031105
5031143
5031317
5031355
5031463
5031465
5031585
5031597
5031771
5031793
5031803
5031843
5031929
5031997
5032033
5032101
5032199
5032271
5032321
5032329
5032365
5032397
5032567
5032595
5032625
5032633
5032725
5032741
5032751
5032823
5032849
5032895
5033095
5033139
5033195
5033235
5033307
5033395
5033445
5033693
5033711
5033789
5033793
5033805
5033809
5033855
5033903
5033985
5034093
5034137
5034165
5034217
5034283
5034353
5034399
5034467
5034483
5034511
5034567
5034597
5034629
5034909
5034941
5034969
5034989
5035027
5035037
5035047
5035083
5035217
5035227
5035255
5035507
5035547
5035573
5035631
5035669
5035679
5035681
5035723
5035753
5035777
5035781
5035799
5035819
5035827
5035835
5035933
5036025
5036069
5036117
5036159
5036281
5036373
5036429
5036437
5036599
5036615
5036651
5036659
5036739
5036805
5036831
5036959
5037041
5037289
5037295
5037413
5037527
5037571
5037611
5037759
5037775
5037791
5037803
5038017
5038183
5038191
5038465
5038497
5038503
5038557
5038617
5038803
5038819
5038843
5038959
5039015
5039077
5039127
5039151
5039167
5039199
5039231
5039313
5039335
5039347
5039433
5039511
5039545
5039679
5039701
5039855
5039953
5040031
5040077
5040149
5040233
5040329
5040399
5040419
5040501
5040549
5040709
5040715
5040731
5040801
5040931
5041105
5041179
5041213
5041219
5041317
5041387
5041403
5041655
5041701
5041819
5041891
5041903
5041913
5041961
5042019
5042075
5042093
5042135
5042153
5042173
5042231
5042425
5042435
5042453
5042463
5042479
5042483
5042539
5042549
5042561
5042647
5042923
5042997
5043037
5043119
5043129
5043207
5043427
5043459
5043465
5043503
5043529
5043587
5043619
5043799
5043813
5043847
5043991
5044359
5044385
5044435
5044477
5044499
5044697
5044715
5044759
5044973
5044985
5045057
5045085
5045217
5045293
5045297
5045305
5045349
5045351
5045385
5045467
5045733
5045739
5045805
5045845
5045857
5045899
5046011
5046021
5046023
5046053
5046069
5046087
5046099
5046215
5046295
5046419
5046559
5046607
5046731
5046755
5046789
5046917
5047005
5047055
5047061
5047065
5047089
5047329
5047401
5047523
5047581
5047671
5047691
5047793
5047837
5047839
5047855
5047983
5048045
5048087
5048189
5048219
5048295
5048389
5048413
5048415
5048473
5048633
5048651
5048751
5048843
5048879
5048909
5048961
5049011
5049069
5049083
5049127
5049195
5049271
5049361
5049375
5049507
5049541
5049667
5049877
5049965
5050143
5050197
5050215
5050281
5050287
5050305
5050345
5050441
5050485
5050591
5050669
5050773
5050801
5050897
5050943
5050969
5051073
5051125
5051149
5051231
5051239
5051283
5051325
5051415
5051419
5051569
5051739
5051965
5052013
5052221
5052341
5052399
5052493
5052611
5052723
5052801
5052805
5052863
5052913
5052989
5053021
5053159
5053171
5053299
5053341
5053531
5053545
5053635
5053653
5053753
5053807
5053811
5053851
5053933
5053941
5054089
5054113
5054273
5054481
5054705
5054731
5054841
5055073
5055085
5055111
5055215
5055255
5055277
5055283
5055287
5055333
5055403
5055447
5055755
5055809
5055857
5055999
5056043
5056161
5056213
5056321
5056333
5056457
5056563
5056571
5056579
5056663
5056699
5056713
5056783
5056797
5056821
5056847
5056949
5056969
5056973
5057069
5057093
5057399
5057461
5057489
5057495
5057721
5057737
5057789
5058133
5058139
5058151
5058283
5058429
5058493
5058537
5058577
5058759
5058945
5058987
5059019
5059083
5059097
5059157
5059163
5059265
5059277
5059337
5059385
5059401
5059429
5059437
5059463
5059705
5059713
5059779
5059859
5060145
5060297
5060299
5060583
5060641
5060727
5060867
5060891
5061013
5061043
5061225
5061249
5061293
5061339
5061359
5061463
5061665
5061727
5061777
5061783
5061841
5061851
5061885
5061921
5062107
5062129
5062133
5062227
5062251
5062285
5062445
5062487
5062695
5062723
5062729
5062739
5062823
5062913
5062923
5063015
5063029
5063059
5063117
5063149
5063183
5063227
5063291
5063359
5063581
5063647
5063667
5063685
5064095
5064159
5064161
5064247
5064267
5064353
5064561
5064805
5064859
5064893
5064899
5065027
5065061
5065097
5065111
5065227
5065363
5065595
5065669
5065711
5065715
5065741
5065751
5065949
5066003
5066019
5066021
5066113
5066131
5066143
5066251
5066331
5066399
5066463
5066507
5066591
5066627
5066713
5066793
5066915
5067043
5067195
5067367
5067469
5067515
5067669
5067683
5067847
5067883
5067981
5068047
5068073
5068343
5068373
5068435
5068447
5068453
5068455
5068523
5068579
5068595
5068667
5068711
5068811
5068891
5068951
5068993
5069035
5069123
5069183
5069203
5069267
5069457
5069585
5069639
5069745
5069763
5069807
5069837
5069953
5069969
5070039
5070117
5070309
5070477
5070553
5070601
5070615
5070661
5070689
5070809
5070909
5070969
5071007
5071019
5071027
5071045
5071119
5071159
5071195
5071355
5071425
5071473
5071565
5071689
5071709
5071769
5071849
5071937
5072023
5072025
5072059
5072091
5072177
5072295
5072311
5072335
5072365
5072407
5072465
5072505
5072513
5072705
5072717
5072941
5072943
5073095
5073135
5073293
5073477
5073623
5073795
5073867
5073933
5073935
5073967
5073999
5074059
5074117
5074129
5074257
5074293
5074349
5074443
5074447
5074453
5074459
5074497
5074511
5074625
5074687
5074781
5074789
5074837
5074951
5075043
5075053
5075119
5075261
5075387
5075437
5075513
5075551
5075579
5075599
5075643
5075649
5075725
5075741
5075795
5075925
5076151
5076177
5076213
5076215
5076257
5076293
5076297
5076315
5076435
5076463
5076519
5076653
5076781
5076791
5077021
5077113
5077191
5077211
5077283
5077287
5077589
5077591
5077767
5077781
5077835
5077849
5077901
5077925
5078159
5078169
5078349
5078475
5078489
5078499
5078759
5078839
5078873
5078889
5078915
5078923
5078927
5078935
5078947
5078981
5078999
5079027
5079087
5079093
5079105
5079207
5079255
5079287
5079335
5079355
5079369
5079383
5079585
5079625
5079695
5079775
5079851
5079903
5080185
5080205
5080499
5080545
5080675
5080703
5080811
5080865
5080867
5080943
5080969
5081005
5081045
5081081
5081111
5081115
5081163
5081167
5081291
5081347
5081349
5081359
5081377
5081393
5081409
5081535
5081563
5081649
5081653
5081739
5081745
5081817
5081865
5081887
5081923
5081965
5081983
5081995
5082067
5082161
5082219
5082305
5082401
5082403
5082469
5082681
5082695
5082743
5082761
5082763
5082799
5082813
5083117
5083185
5083227
5083375
5083393
5083429
5083493
5083505
5083591
5083607
5083859
5083967
5084079
5084219
5084243
5084259
5084399
5084441
5084681
5084699
5084965
5085021
5085089
5085133
5085177
5085283
5085297
5085359
5085517
5085529
5085557
5085715
5085817
5085873
5085897
5085899
5085987
5085997
5086011
5086027
5086041
5086059
5086103
5086199
5086267
5086291
5086309
5086327
5086401
5086691
5086695
5086707
5086795
5086803
5086813
5086841
5086923
5087129
5087167
5087183
5087385
5087513
5087611
5087815
5087973
5087997
5088129
5088159
5088203
5088241
5088271
5088293
5088379
5088455
5088629
5088723
5088733
5088743
5088813
5088851
5089009
5089025
5089041
5089165
5089245
5089261
5089383
5089501
5089551
5089573
5089607
5089615
5089673
5089771
5089791
5089869
5089985
5090063
5090093
5090119
5090183
5090237
5090269
5090273
5090337
5090349
5090511
5090593
5090683
5090757
5090909
5090925
5090937
5091047
5091143
5091151
5091225
5091295
5091411
5091441
5091523
5091555
5091583
5091619
5091629
5091675
5091765
5091879
5091929
5091953
5092021
5092029
5092037
5092039
5092095
5092123
5092141
5092159
5092171
5092203
5092293
5092495
5092529
5092557
5092593
5092659
5092719
5092911
5093163
5093187
5093215
5093265
5093461
5093467
5093643
5093701
5093703
5093765
5093773
5093785
5093811
5093843
5093855
5093897
5093931
5093961
5093991
5093995
5094131
5094175
5094197
5094247
5094523
5094527
5094561
5094621
5094625
5094669
5094817
5094907
5094989
5095203
5095281
5095399
5095493
5095571
5095677
5095689
5095745
5095763
5095823
5095893
5095961
5096077
5096193
5096211
5096351
5096369
5096419
5096539
5096551
5096659
5096739
5096757
5096793
5096843
5096871
5096879
5096909
5096933
5097075
5097123
5097133
5097143
5097145
5097173
5097249
5097297
5097375
5097491
5097643
5097749
5097849
5097851
5097939
5097957
5097979
5098031
5098043
5098213
5098231
5098259
5098331
5098481
5098519
5098527
5098729
5098811
5098815
5098821
5098871
5098945
5098967
5098977
5099055
5099109
5099123
5099133
5099265
5099403
5099425
5099573
5099629
5099637
5099655
5099661
5099687
5099843
5099947
5100065
5100069
5100127
5100145
5100243
5100263
5100333
5100345
5100401
5100431
5100489
5100533
5100555
5100621
5100639
5100675
5100777
5100827
5100845
5100931
5100941
5100975
5101015
5101065
5101093
5101131
5101177
5101201
5101303
5101451
5101529
5101585
5101635
5101691
5101717
5101721
5101753
5101807
5101911
5101953
5102087
5102109
5102183
5102261
5102291
5102315
5102345
5102351
5102369
5102381
5102389
5102429
5102443
5102455
5102587
5102699
5102883
5102891
5102923
5102993
5103033
5103111
5103169
5103211
5103217
5103243
5103261
5103447
5103467
5103561
5103605
5103731
5103763
5103853
5104051
5104081
5104189
5104251
5104309
5104323
5104365
5104367
5104445
5104503
5104537
5104559
5104601
5104637
5104705
5104747
5104805
5104885
5104977
5105097
5105141
5105193
5105297
5105311
5105377
5105493
5105531
5105551
5105701
5105749
5105843
5105885
5106027
5106141
5106245
5106339
5106379
5106435
5106473
5106507
5106609
5106751
5106761
5106777
5106781
5106823
5106865
5106867
5107249
5107281
5107329
5107407
5107487
5107533
5107675
5107857
5107899
5107933
5107947
5108021
5108033
5108099
5108127
5108165
5108181
5108207
5108349
5108395
5108417
5108465
5108517
5108537
5108601
5108645
5108659
5108813
5108845
5108905
5109025
5109037
5109065
5109071
5109111
5109151
5109289
5109355
5109449
5109499
5109507
5109515
5109663
5109787
5109809
5109815
5109875
5109885
5109921
5109931
5110049
5110107
5110295
5110601
5110621
5110635
5110639
5110693
5110749
5110759
5110773
5110785
5110797
5110873
5110909
5111313
5111617
5111723
5111861
5111893
5111941
5112023
5112069
5112111
5112181
5112297
5112445
5112571
5112579
5112583
5112617
5112623
5112655
5112767
5112831
5112885
5112897
5112923
5112941
5113003
5113027
5113031
5113145
5113223
5113237
5113297
5113323
5113351
5113481
5113555
5113611
5113615
5113619
5113631
5113969
5114001
5114019
5114043
5114081
5114117
5114167
5114215
5114221
5114249
5114337
5114513
5114541
5114609
5114647
5114649
5114657
5114665
5114757
5114871
5114895
5114921
5115157
5115195
5115269
5115363
5115427
5115499
5115513
5115547
5115603
5115665
5115689
5115699
5115935
5115983
5116097
5116139
5116185
5116199
5116243
5116305
5116313
5116347
5116393
5116415
5116713
5116809
5116863
5116913
5116975
5117041
5117143
5117233
5117439
5117509
5117515
5117557
5117617
5117799
5117939
5117961
5117979
5118065
5118075
5118119
5118179
5118237
5118261
5118265
5118779
5118783
5118975
5118977
5119007
5119073
5119075
5119119
5119279
5119295
5119299
5119363
5119437
5119581
5119693
5119871
5119975
5119989
5120183
5120225
5120229
5120325
5120409
5120445
5120521
5120547
5120619
5120659
5120733
5120753
5120839
5120857
5120895
5120897
5121049
5121111
5121225
5121385
5121399
5121433
5121443
5121449
5121501
5121521
5121797
5122189
5122361
5122367
5122369
5122483
5122517
5122547
5122655
5122665
5122689
5122691
5122887
5122949
5123073
5123127
5123205
5123239
5123323
5123359
5123389
5123429
5123487
5123507
5123519
5123705
5123735
5123777
5123845
5123849
5124021
5124121
5124145
5124225
5124403
5124709
5124711
5124747
5124919
5125063
5125083
5125229
5125347
5125409
5125433
5125537
5125551
5125617
5125663
5125667
5125683
5125747
5125843
5125951
5125971
5126065
5126085
5126153
5126177
5126299
5126363
5126485
5126615
5126767
5126815
5126931
5127009
5127011
5127143
5127201
5127237
5127249
5127381
5127499
5127523
5127549
5127553
5127593
5127605
5127627
5127651
5127743
5127821
5127895
5127909
5127915
5127931
5127953
5128001
5128005
5128011
5128045
5128203
5128267
5128477
5128505
5128563
5128569
5128623
5128741
5128935
5128939
5128943
5129003
5129091
5129139
5129143
5129177
5129195
5129231
5129383
5129393
5129407
5129419
5129455
5129501
5129689
5129783
5129807
5129849
5129881
5130033
5130163
5130193
5130333
5130599
5130629
5130657
5130685
5130705
5130723
5130821
5130839
5131033
5131093
5131129
5131137
5131147
5131221
5131317
5131359
5131381
5131395
5131585
5131615
5131671
5132085
5132243
5132341
5132351
5132449
5132485
5132559
5132617
5132661
5132685
5132695
5132751
5132767
5132773
5132825
5132845
5132855
5132881
5132905
5132945
5132949
5133087
5133111
5133133
5133203
5133237
5133247
5133271
5133377
5133619
5133737
5133757
5133831
5133957
5134043
5134105
5134109
5134245
5134343
5134407
5134493
5134551
5134701
5134827
5134853
5134905
5134937
5134977
5135019
5135093
5135169
5135221
5135353
5135387
5135457
5135467
5135681
5135749
5135959
5135997
5136159
5136263
5136355
5136377
5136401
5136409
5136577
5136627
5136649
5136685
5136691
5136817
5136835
5136983
5137027
5137115
5137147
5137267
5137299
5137305
5137467
5137543
5137595
5137707
5137711
5137731
5137743
5137745
5137843
5137849
5137879
5137881
5137891
5137933
5137997
5138149
5138213
5138227
5138293
5138305
5138355
5138397
5138407
5138477
5138505
5138641
5138693
5138871
5138913
5139007
5139071
5139119
5139125
5139163
5139175
5139197
5139249
5139265
5139295
5139359
5139415
5139491
5139519
5139665
5139761
5139853
5139857
5139861
5139925
5139945
5139965
5140165
5140185
5140433
5140571
5140585
5140625
5140697
5140723
5140765
5140797
5140811
5140915
5141115
5141307
5141517
5141711
5141793
5141927
5142011
5142043
5142135
5142199
5142267
5142379
5142453
5142481
5142531
5142631
5142737
5142841
5142969
5143129
5143275
5143387
5143507
5143509
5143549
5143709
5143741
5143781
5143953
5144051
5144063
5144137
5144225
5144299
5144467
5144589
5144699
5144743
5144781
5144797
5144807
5145089
5145117
5145165
5145185
5145241
5145391
5145405
5145439
5145451
5145557
5145607
5145635
5145665
5145911
5146087
5146165
5146215
5146253
5146287
5146371
5146407
5146601
5146913
5146931
5147031
5147039
5147079
5147169
5147191
5147251
5147269
5147273
5147299
5147353
5147405
5147705
5147741
5147799
5147979
5148049
5148067
5148099
5148141
5148225
5148297
5148337
5148437
5148453
5148469
5148505
5148561
5148641
5148655
5148797
5148801
5148821
5148949
5148987
5149239
5149271
5149295
5149301
5149395
5149429
5149437
5149537
5149659
5149721
5149727
5149735
5149757
5149875
5149959
5149973
5149983
5150105
5150155
5150199
5150291
5150301
5150447
5150475
5150505
5150533
5150579
5150591
5150635
5150923
5150943
5151245
5151267
5151369
5151391
5151393
5151443
5151471
5151517
5151559
5151591
5151639
5151673
5151711
5151717
5151729
5151731
5151755
5152067
5152073
5152081
5152129
5152131
5152227
5152255
5152311
5152317
5152399
5152469
5152477
5152611
5152675
5152683
5152845
5152849
5153001
5153313
5153343
5153409
5153647
5153869
5153925
5154131
5154151
5154175
5154213
5154227
5154229
5154311
5154313
5154363
5154469
5154479
5154543
5154669
5154693
5154761
5154903
5154945
5154971
5154989
5155221
5155227
5155259
5155413
5155441
5155467
5155543
5155549
5155719
5155755
5155907
5155913
5155939
5156049
5156115
5156139
5156143
5156145
5156149
5156353
5156447
5156481
5156483
5156495
5156499
5156525
5156547
5156649
5156661
5156741
5156757
5156813
5156817
5156877
5156915
5157093
5157155
5157223
5157239
5157321
5157395
5157425
5157433
5157487
5157527
5157571
5157589
5157737
5157749
5157779
5157785
5157829
5157873
5157877
5157913
5158001
5158109
5158241
5158243
5158265
5158341
5158377
5158411
5158429
5158493
5158501
5158679
5158733
5158741
5158755
5158757
5158761
5158831
5158891
5158901
5159021
5159063
5159083
5159117
5159141
5159183
5159189
5159195
5159261
5159273
5159387
5159463
5159883
5159913
5159931
5159933
5160175
5160219
5160369
5160417
5160461
5160491
5160557
5160593
5160595
5160859
5160921
5160935
5161023
5161041
5161101
5161115
5161189
5161283
5161505
5161551
5161613
5161645
5161731
5161915
5161937
5161939
5161943
5162169
5162247
5162443
5162449
5162521
5162555
5162561
5162723
5162755
5162777
5162801
5162847
5162849
5162891
5162895
5162905
5162975
5163057
5163081
5163253
5163283
5163301
5163367
5163399
5163469
5163503
5163519
5163605
5163611
5163665
5163705
5163711
5163713
5163865
5163899
5163983
5164111
5164267
5164281
5164321
5164425
5164507
5164517
5164571
5164579
5164583
5164727
5164885
5164961
5165085
5165097
5165387
5165405
5165487
5165581
5165645
5165725
5165745
5165761
5165827
5165833
5165867
5166075
5166085
5166139
5166183
5166301
5166313
5166329
5166385
5166387
5166413
5166447
5166599
5166765
5166833
5167035
5167173
5167201
5167251
5167323
5167381
5167473
5167481
5167595
5167651
5167807
5167833
5167939
5168001
5168019
5168041
5168139
5168245
5168247
5168313
5168317
5168329
5168465
5168495
5168591
5168623
5168773
5168807
5168829
5168871
5168957
5169115
5169129
5169141
5169309
5169333
5169443
5169475
5169627
5169671
5169801
5169811
5169821
5169871
5169991
5169997
5170157
5170173
5170195
5170207
5170219
5170355
5170373
5170387
5170461
5170475
5170581
5170691
5170723
5170755
5170785
5170793
5170815
5170847
5171151
5171247
5171281
5171373
5171385
5171435
5171599
5171639
5171665
5171745
5171951
5171959
5171999
5172151
5172205
5172241
5172369
5172419
5172649
5172661
5172683
5172693
5172961
5172979
5173101
5173133
5173291
5173337
5173557
5173601
5173617
5173791
5173827
5173869
5173919
5173949
5173979
5174181
5174223
5174311
5174319
5174371
5174417
5174469
5174519
5174949
5174985
5175083
5175107
5175135
5175307
5175347
5175431
5175493
5175559
5175701
5175811
5175947
5175955
5176003
5176021
5176269
5176351
5176365
5176403
5176541
5176551
5176597
5176625
5176719
5176731
5176743
5177283
5177773
5177817
5177867
5177887
5177895
5178015
5178029
5178091
5178137
5178159
5178219
5178247
5178251
5178265
5178275
5178363
5178453
5178471
5178523
5178555
5178593
5178685
5178765
5178877
5178903
5178929
5178997
5179125
5179221
5179235
5179407
5179495
5179509
5179687
5179695
5179815
5179861
5179957
5180191
5180205
5180209
5180217
5180245
5180261
5180277
5180293
5180325
5180387
5180581
5180649
5180663
5180677
5180807
5180831
5180881
5180973
5181023
5181047
5181073
5181171
5181259
5181281
5181373
5181385
5181395
5181487
5181517
5181547
5181605
5181621
5181705
5181729
5181827
5182069
5182087
5182105
5182185
5182217
5182275
5182305
5182381
5182393
5182427
5182491
5182523
5182717
5182803
5182831
5182843
5182867
5182869
5182939
5183027
5183049
5183125
5183319
5183345
5183401
5183407
5183461
5183479
5183533
5183535
5183633
5183689
5183787
5183817
5183861
5183899
5184019
5184033
5184143
5184227
5184333
5184335
5184439
5184445
5184483
5184499
5184607
5184715
5185117
5185239
5185303
5185337
5185389
5185443
5185641
5185669
5185699
5185871
5185897
5185919
5186025
5186047
5186119
5186129
5186213
5186281
5186555
5186569
5186665
5186673
5186681
5186737
5186773
5186805
5186863
5186985
5187093
5187145
5187207
5187543
5187589
5187657
5187743
5187851
5187913
5187937
5188171
5188253
5188305
5188483
5188515
5188615
5188731
5188759
5188879
5188971
5189029
5189051
5189075
5189151
5189297
5189353
5189379
5189467
5189513
5189557
5189583
5189603
5189607
5189879
5189915
5190029
5190059
5190107
5190141
5190191
5190217
5190263
5190305
5190397
5190511
5190627
5190633
5190643
5190687
5190699
5190701
5190729
5190755
5190863
5190947
5190959
5190999
5191015
5191041
5191043
5191077
5191101
5191123
5191175
5191209
5191333
5191423
5191535
5191587
5191665
5191735
5191817
5192087
5192327
5192393
5192427
5192519
5192591
5192619
5192621
5192633
5192669
5192713
5192777
5192793
5192911
5192943
5192955
5192963
5193005
5193045
5193057
5193087
5193149
5193159
5193211
5193217
5193245
5193341
5193393
5193397
5193553
5193571
5193665
5193759
5193821
5193951
5193967
5193997
5194021
5194247
5194293
5194359
5194403
5194447
5194531
5194679
5194713
5194759
5194763
5194873
5194911
5194955
5194971
5195117
5195173
5195229
5195433
5195441
5195477
5195511
5195567
5195623
5195635
5195651
5195655
5195675
5195695
5195861
5195941
5195987
5196091
5196095
5196493
5196665
5196687
5196711
5196777
5196861
5196973
5196991
5197059
5197075
5197181
5197223
5197319
5197397
5197411
5197661
5197665
5197745
5197801
5197829
5197907
5197939
5197993
5198007
5198071
5198085
5198109
5198215
5198233
5198243
5198261
5198333
5198375
5198569
5198633
5198845
5198923
5198959
5198975
5199041
5199107
5199115
5199153
5199209
5199303
5199411
5199455
5199485
5199523
5199549
5199691
5199775
5199867
5200089
5200165
5200171
5200181
5200243
5200255
5200271
5200293
5200367
5200387
5200459
5200529
5200597
5200619
5200703
5200827
5200999
5201003
5201119
5201147
5201333
5201345
5201361
5201409
5201421
5201475
5201533
5201691
5201941
5202013
5202027
5202035
5202137
5202257
5202411
5202451
5202557
5202627
5202655
5202661
5202727
5202749
5202799
5202855
5202959
5202969
5202975
5203039
5203103
5203181
5203241
5203473
5203525
5203603
5203631
5203655
5203737
5203755
5203891
5203939
5204039
5204067
5204227
5204243
5204271
5204309
5204417
5204485
5204521
5204599
5204629
5204641
5204647
5204731
5204787
5204791
5204829
5204887
5204911
5204955
5205185
5205243
5205249
5205275
5205315
5205321
5205327
5205349
5205441
5205465
5205731
5205875
5205897
5206007
5206207
5206241
5206271
5206279
5206395
5206399
5206473
5206555
5206557
5206605
5206675
5206771
5206787
5206797
5206871
5206901
5206935
5206943
5206945
5206987
5207133
5207219
5207239
5207259
5207305
5207327
5207373
5207383
5207461
5207573
5207581
5207689
5207757
5207771
5207789
5207835
5207881
5208023
5208311
5208553
5208633
5208659
5208683
5208759
5208857
5208929
5208933
5208937
5208961
5209021
5209033
5209251
5209257
5209275
5209279
5209285
5209293
5209325
5209513
5209541
5209571
5209879
5210199
5210219
5210291
5210337
5210363
5210509
5210557
5210621
5210659
5210751
5210943
5211007
5211077
5211243
5211267
5211299
5211423
5211439
5211599
5211653
5211731
5211837
5211849
5211885
5211903
5211971
5212057
5212085
5212199
5212203
5212235
5212301
5212549
5212617
5212625
5212677
5212771
5212839
5212903
5212915
5213035
5213057
5213353
5213363
5213369
5213379
5213419
5213455
5213471
5213561
5213597
5213603
5213723
5213755
5213767
5213773
5213781
5213959
5214163
5214175
5214199
5214261
5214301
5214317
5214329
5214381
5214417
5214429
5214495
5214517
5214535
5214555
5214623
5214649
5214861
5214871
5214911
5215065
5215087
5215147
5215211
5215349
5215489
5215537
5215673
5215809
5215847
5215963
5215981
5216267
5216405
5216463
5216491
5216579
5216657
5216663
5216691
5216695
5216927
5217069
5217091
5217137
5217169
5217193
5217275
5217371
5217379
5217457
5217473
5217525
5217569
5217617
5217639
5217665
5217719
5217767
5217775
5217831
5217947
5217995
5218001
5218097
5218189
5218197
5218359
5218437
5218623
5218665
5218769
5218827
5218947
5219167
5219339
5219375
5219409
5219565
5219641
5219845
5219931
5220049
5220165
5220251
5220261
5220369
5220735
5220757
5220761
5220843
5220907
5220933
5220953
5221047
5221095
5221159
5221267
5221287
5221295
5221429
5221469
5221477
5221531
5221655
5221705
5221783
5221991
5222165
5222185
5222189
5222317
5222367
5222369
5222415
5222431
5222445
5222471
5222581
5222643
5222685
5222703
5222837
5222855
5222883
5223027
5223149
5223355
5223413
5223427
5223449
5223467
5223543
5223583
5223685
5223725
5223763
5223811
5223865
5224023
5224203
5224213
5224247
5224265
5224291
5224371
5224377
5224429
5224469
5224517
5224565
5224585
5224591
5224645
5224703
5224779
5224807
5225123
5225199
5225383
5225385
5225405
5225413
5225463
5225503
5225771
5225857
5225951
5225977
5225979
5226001
5226109
5226201
5226277
5226627
5226775
5226801
5226871
5226967
5227029
5227045
5227119
5227127
5227141
5227163
5227335
5227525
5227537
5227631
5227725
5227727
5227771
5227801
5227897
5227899
5227903
5227953
5228071
5228187
5228297
5228321
5228399
5228407
5228435
5228461
5228593
5228601
5228659
5228677
5228723
5228771
5228835
5229085
5229091
5229133
5229161
5229177
5229255
5229379
5229405
5229433
5229471
5229529
5229737
5229749
5229819
5229823
5229873
5229889
5229959
5230249
5230331
5230335
5230355
5230433
5230439
5230459
5230623
5230655
5230703
5230733
5230799
5230833
5230835
5230959
5231131
5231219
5231403
5231409
5231421
5231425
5231479
5231611
5231685
5231727
5231739
5231743
5231751
5231781
5232017
5232131
5232139
5232241
5232251
5232255
5232273
5232427
5232455
5232483
5232533
5232545
5232595
5232789
5232853
5232915
5232953
5232989
5233015
5233135
5233191
5233271
5233287
5233311
5233347
5233393
5233591
5233597
5233691
5233827
5233869
5233897
5233955
5234005
5234017
5234031
5234239
5234241
5234287
5234331
5234547
5234583
5234929
5234981
5235003
5235055
5235275
5235445
5235565
5235787
5235829
5235843
5235853
5236019
5236083
5236087
5236153
5236261
5236267
5236349
5236367
5236471
5236483
5236651
5236657
5236723
5236877
5236893
5236911
5236935
5237053
5237065
5237113
5237125
5237151
5237191
5237309
5237453
5237479
5237517
5237591
5237599
5237625
5237697
5237717
5237727
5237731
5237863
5237917
5237979
5237983
5238023
5238107
5238155
5238291
5238293
5238297
5238301
5238467
5238487
5238549
5238561
5238967
5239105
5239143
5239223
5239311
5239325
5239333
5239637
5239647
5239861
5240091
5240183
5240305
5240411
5240417
5240421
5240461
5240545
5240557
5240563
5240633
5240637
5240689
5240801
5240851
5240867
5241083
5241125
5241193
5241209
5241249
5241301
5241389
5241421
5241529
5241535
5241573
5241587
5241589
5241601
5241633
5241657
5241941
5242219
5242295
5242371
5242381
5242383
5242429
5242491
5242609
5242627
5242635
5242699
5242703
5242731
5242755
5242897
5242915
5242923
5242931
5242945
5243173
5243185
5243211
5243227
5243423
5243425
5243485
5243711
5243713
5243717
5243759
5243797
5243997
5244137
5244249
5244251
5244323
5244443
5244451
5244563
5244567
5244725
5244765
5244797
5244833
5244887
5244995
5245015
5245069
5245163
5245177
5245451
5245473
5245483
5245541
5245613
5245761
5245767
5245889
5245949
5245985
5245995
5246055
5246123
5246145
5246179
5246231
5246359
5246439
5246505
5246593
5246617
5246765
5246819
5246901
5246939
5247003
5247333
5247345
5247395
5247431
5247545
5247559
5247619
5247661
5247669
5247675
5247899
5247933
5247973
5248029
5248111
5248343
5248347
5248395
5248443
5248513
5248623
5248629
5248723
5248781
5248825
5248903
5248961
5249015
5249115
5249173
5249227
5249241
5249325
5249355
5249403
5249425
5249459
5249489
5249547
5249741
5249833
5250113
5250269
5250379
5250409
5250413
5250415
5250505
5250535
5250625
5250635
5250675
5250743
5250791
5250857
5250893
5250925
5250957
5250991
5251003
5251027
5251085
5251093
5251143
5251205
5251253
5251501
5251563
5251565
5251577
5251741
5251785
5251827
5251907
5252009
5252043
5252127
5252141
5252211
5252271
5252319
5252405
5252409
5252435
5252479
5252515
5252685
5252719
5252949
5252963
5253029
5253039
5253119
5253189
5253219
5253227
5253515
5253573
5253701
5253703
5253729
5253797
5253939
5254007
5254021
5254115
5254201
5254261
5254323
5254575
5254619
5254661
5254671
5254707
5254831
5255085
5255175
5255209
5255561
5255659
5255739
5255743
5255761
5255763
5255881
5256049
5256201
5256277
5256325
5256381
5256509
5256591
5256627
5256667
5256725
5256745
5256797
5256843
5256871
5256925
5256931
5256941
5257217
5257267
5257379
5257395
5257407
5257669
5257701
5257717
5257749
5257859
5257883
5257951
5258163
5258233
5258259
5258287
5258383
5258445
5258477
5258655
5258671
5258711
5258727
5258823
5258917
5259155
5259205
5259237
5259311
5259383
5259455
5259493
5259503
5259619
5259681
5259781
5259835
5259847
5260023
5260127
5260157
5260181
5260215
5260371
5260395
5260501
5260531
5260595
5260685
5260721
5260729
5260875
5260971
5261057
5261085
5261259
5261297
5261311
5261367
5261391
5261657
5261747
5261797
5261923
5261971
5261999
5262009
5262027
5262151
5262209
5262259
5262263
5262383
5262485
5262491
5262543
5262651
5262679
5262741
5262809
5262815
5262885
5262905
5262991
5263141
5263203
5263205
5263257
5263273
5263371
5263471
5263495
5263527
5263529
5263559
5263599
5263997
5264091
5264237
5264239
5264303
5264325
5264331
5264519
5264573
5264661
5264691
5264865
5264965
5264975
5264977
5264991
5265027
5265047
5265067
5265111
5265133
5265181
5265201
5265221
5265251
5265269
5265367
5265541
5265573
5265583
5265637
5265671
5265713
5265767
5265801
5265833
5265943
5265951
5266183
5266195
5266223
5266225
5266259
5266341
5266365
5266579
5266619
5266721
5266733
5267043
5267067
5267077
5267089
5267141
5267221
5267247
5267293
5267297
5267353
5267395
5267463
5267547
5267587
5267639
5267653
5267655
5267657
5267697
5267715
5267721
5267755
5267869
5267897
5267957
5268103
5268117
5268135
5268181
5268305
5268437
5268463
5268561
5268603
5268657
5268781
5268883
5268957
5269011
5269049
5269159
5269223
5269393
5269461
5269467
5269531
5269575
5269629
5269663
5269683
5269849
5269929
5269999
5270019
5270039
5270167
5270473
5270487
5270561
5270621
5270671
5270765
5270845
5270901
5271027
5271069
5271071
5271151
5271157
5271181
5271189
5271197
5271459
5271503
5271529
5271577
5271683
5271741
5271897
5271915
5271951
5271953
5271971
5272015
5272105
5272143
5272169
5272197
5272277
5272291
5272377
5272425
5272429
5272433
5272541
5272613
5272635
5272669
5272779
5272895
5272953
5272991
5272999
5273017
5273129
5273135
5273175
5273209
5273335
5273475
5273531
5273591
5273637
5273665
5273697
5273833
5273923
5274095
5274149
5274205
5274439
5274515
5274679
5274745
5274817
5274821
5274919
5274997
5275129
5275141
5275247
5275295
5275359
5275577
5275587
5275627
5275653
5275759
5275773
5275819
5275889
5275963
5276111
5276241
5276401
5276515
5276563
5276589
5276641
5276659
5276685
5276719
5276907
5276915
5276967
5276971
5277023
5277031
5277113
5277163
5277187
5277203
5277295
5277497
5277667
5277699
5277757
5277761
5277783
5277827
5277851
5277865
5277917
5278035
5278137
5278319
5278325
5278393
5278563
5278593
5278779
5278833
5278859
5278907
5278909
5279033
5279093
5279159
5279249
5279403
5279623
5279669
5279697
5279739
5279883
5279935
5279993
5280121
5280169
5280253
5280407
5280471
5280559
5280685
5280713
5280771
5280849
5280869
5281071
5281191
5281309
5281455
5281505
5281529
5281531
5281635
5281639
5281663
5281677
5281749
5281791
5281837
5282085
5282111
5282153
5282229
5282293
5282389
5282431
5282625
5282685
5282801
5282841
5282967
5283261
5283339
5283489
5283593
5283643
5283663
5283727
5283857
5283881
5283893
5283929
5284267
5284333
5284395
5284459
5284479
5284481
5284495
5284585
5284733
5284861
5284919
5284953
5284997
5285019
5285099
5285113
5285153
5285371
5285513
5285577
5285603
5285739
5285761
5285771
5285819
5285919
5285997
5286221
5286415
5286451
5286467
5286543
5286583
5286721
5286741
5286903
5286969
5287033
5287045
5287129
5287139
5287245
5287253
5287349
5287541
5287583
5287589
5287717
5287739
5287811
5287841
5287995
5288161
5288197
5288217
5288279
5288317
5288365
5288427
5288443
5288455
5288575
5288659
5288727
5288973
5289053
5289217
5289247
5289273
5289307
5289373
5289393
5289475
5289481
5289485
5289641
5289689
5289877
5289883
5289905
5289997
5290161
5290193
5290289
5290341
5290415
5290419
5290463
5290527
5290531
5290579
5290861
5290905
5290957
5291003
5291161
5291293
5291389
5291521
5291565
5291625
5291635
5291691
5291811
5291839
5291889
5291957
5292025
5292053
5292147
5292247
5292315
5292369
5292415
5292487
5292787
5292865
5292877
5292887
5292929
5292999
5293053
5293089
5293167
5293215
5293307
5293321
5293333
5293563
5293685
5293695
5293751
5293775
5293887
5293895
5294303
5294413
5294415
5294441
5294501
5294617
5294633
5294663
5294677
5294681
5294689
5294801
5294859
5295021
5295037
5295123
5295155
5295177
5295261
5295289
5295309
5295323
5295401
5295423
5295433
5295473
5295593
5295689
5295777
5295809
5295895
5295935
5295979
5296063
5296087
5296111
5296159
5296161
5296169
5296209
5296465
5296545
5296583
5296589
5296769
5296773
5296911
5296941
5296965
5297035
5297187
5297333
5297373
5297375
5297435
5297457
5297479
5297485
5297537
5297881
5297893
5298041
5298093
5298193
5298201
5298269
5298273
5298275
5298293
5298319
5298345
5298369
5298479
5298541
5298607
5299071
5299089
5299221
5299401
5299533
5299597
5299703
5299777
5299815
5299929
5300065
5300139
5300209
5300221
5300243
5300361
5300437
5300475
5300515
5300539
5300559
5300563
5300603
5300623
5300873
5300913
5300969
5301187
5301201
5301281
5301303
5301315
5301317
5301367
5301417
5301431
5301439
5301553
5301573
5301611
5301703
5301743
5301769
5301797
5301847
5302007
5302085
5302115
5302225
5302473
5302517
5302529
5302581
5302607
5302611
5302675
5302739
5302915
5303077
5303093
5303099
5303137
5303167
5303245
5303377
5303387
5303431
5303453
5303727
5303839
5303987
5303991
5304063
5304187
5304201
5304267
5304269
5304273
5304627
5304649
5304795
5304847
5304927
5304931
5304989
5304991
5305085
5305177
5305197
5305213
5305279
5305297
5305469
5305641
5305673
5305683
5305905
5305947
5305987
5306047
5306137
5306187
5306189
5306293
5306349
5306507
5306509
5306579
5306627
5306641
5306715
5306765
5306799
5306975
5307043
5307063
5307291
5307353
5307445
5307483
5307543
5307593
5307719
5307769
5307793
5307813
5307827
5307905
5307911
5307913
5307919
5308021
5308099
5308127
5308129
5308145
5308257
5308287
5308333
5308349
5308387
5308501
5308583
5308821
5308979
5309013
5309043
5309095
5309115
5309139
5309369
5309601
5309715
5309779
5309983
5310003
5310007
5310021
5310075
5310093
5310109
5310253
5310375
5310457
5310471
5310523
5310553
5310643
5310753
5310821
5310887
5310979
5311067
5311121
5311163
5311235
5311247
5311267
5311289
5311575
5311617
5311619
5311671
5311763
5311799
5312051
5312085
5312145
5312151
5312187
5312195
5312211
5312259
5312271
5312273
5312375
5312693
5312713
5312797
5312869
5313079
5313099
5313177
5313197
5313265
5313305
5313419
5313461
5313471
5313661
5313751
5313793
5313795
5314037
5314061
5314107
5314123
5314147
5314169
5314245
5314251
5314401
5314545
5314547
5314557
5314669
5314825
5314885
5314907
5314921
5315025
5315199
5315221
5315255
5315305
5315397
5315433
5315513
5315605
5315631
5315639
5315761
5315957
5316089
5316135
5316195
5316229
5316273
5316329
5316339
5316371
5316469
5316535
5316617
5316731
5316993
5317121
5317169
5317211
5317235
5317361
5317393
5317459
5317565
5317569
5317645
5317733
5317777
5317885
5317905
5317949
5318003
5318111
5318117
5318235
5318421
5318489
5318497
5318541
5318569
5318707
5318715
5318721
5318741
5318803
5318875
5319059
5319079
5319109
5319283
5319395
5319441
5319445
5319459
5319469
5319497
5319615
5319637
5319833
5319839
5319869
5319927
5319953
5319955
5319997
5320041
5320111
5320309
5320347
5320433
5320585
5320747
5320773
5320925
5320953
5321029
5321067
5321093
5321137
5321169
5321173
5321177
5321247
5321291
5321331
5321379
5321393
5321417
5321493
5321679
5321705
5321735
5321801
5321921
5322025
5322041
5322115
5322173
5322209
5322217
5322231
5322489
5322613
5322645
5322663
5322691
5322735
5322835
5322879
5322943
5322945
5323013
5323075
5323131
5323177
5323189
5323199
5323203
5323213
5323327
5323333
5323507
5323523
5323525
5323601
5323655
5323723
5323739
5323907
5323963
5324051
5324053
5324065
5324139
5324361
5324365
5324583
5324657
5324721
5324729
5324751
5324879
5324953
5324977
5325059
5325141
5325215
5325217
5325227
5325235
5325321
5325471
5325515
5325591
5325659
5325771
5325855
5325861
5325867
5325913
5325985
5326035
5326125
5326221
5326227
5326273
5326279
5326307
5326511
5326569
5326645
5326661
5326755
5326841
5326901
5326939
5326957
5327141
5327247
5327329
5327405
5327443
5327537
5327553
5327581
5327623
5327719
5327979
5328049
5328153
5328169
5328317
5328409
5328479
5328505
5328527
5328801
5328833
5328903
5329029
5329061
5329095
5329149
5329151
5329201
5329315
5329343
5329359
5329391
5329473
5329511
5329521
5329563
5329591
5329753
5329797
5329827
5329939
5330103
5330113
5330119
5330161
5330183
5330221
5330253
5330321
5330495
5330595
5330639
5330657
5330675
5330693
5330771
5330825
5330961
5331007
5331027
5331109
5331163
5331179
5331277
5331429
5331497
5331529
5331551
5331573
5331685
5331763
5331785
5331817
5331873
5331889
5331899
5331909
5331971
5332001
5332097
5332165
5332199
5332291
5332299
5332385
5332455
5332487
5332579
5332641
5332713
5332731
5332861
5332923
5333069
5333093
5333109
5333121
5333265
5333271
5333303
5333413
5333469
5333647
5333669
5333747
5333789
5333805
5333839
5333935
5334023
5334041
5334213
5334227
5334415
5334511
5334553
5334639
5334769
5334849
5334999
5335023
5335247
5335377
5335401
5335405
5335421
5335483
5335553
5335685
5335793
5335823
5335897
5335937
5335939
5335975
5336053
5336161
5336229
5336297
5336405
5336437
5336441
5336531
5336617
5336787
5336811
5336971
5337025
5337141
5337249
5337299
5337303
5337307
5337313
5337355
5337425
5337473
5337481
5337511
5337587
5337683
5337801
5338029
5338045
5338093
5338131
5338185
5338287
5338335
5338411
5338417
5338529
5338553
5338603
5338611
5338643
5338661
5338665
5338685
5338717
5338837
5338911
5338965
5338975
5338995
5339015
5339047
5339109
5339139
5339177
5339245
5339297
5339405
5339429
5339477
5339573
5339603
5339627
5339649
5339667
5339669
5339875
5339925
5339997
5340043
5340061
5340145
5340291
5340299
5340425
5340467
5340491
5340515
5340565
5340637
5340685
5340781
5340829
5340885
5340929
5340993
5341007
5341087
5341107
5341119
5341165
5341281
5341371
5341539
5341569
5341591
5341687
5341691
5341699
5341815
5341817
5341909
5341919
5341999
5342037
5342145
5342175
5342177
5342271
5342279
5342355
5342399
5342429
5342463
5342495
5342627
5342839
5342883
5342927
5343059
5343233
5343261
5343295
5343299
5343343
5343357
5343363
5343377
5343489
5343505
5343521
5343569
5343601
5343841
5343875
5343907
5343913
5343923
5343949
5344005
5344159
5344213
5344359
5344365
5344467
5344497
5344519
5344595
5344665
5344747
5344787
5344789
5344815
5344853
5344893
5344973
5344997
5345027
5345053
5345167
5345435
5345445
5345587
5345589
5345611
5345817
5345881
5345985
5346049
5346107
5346209
5346239
5346393
5346519
5346811
5346813
5346947
5347043
5347123
5347213
5347233
5347329
5347569
5347573
5347733
5347743
5347761
5347837
5348027
5348337
5348373
5348497
5348551
5348565
5348639
5348645
5348759
5348817
5348945
5348969
5349021
5349109
5349133
5349171
5349191
5349193
5349205
5349323
5349347
5349465
5349547
5349659
5349827
5349865
5349917
5349927
5349971
5350019
5350117
5350137
5350143
5350171
5350217
5350287
5350293
5350311
5350335
5350419
5350483
5350577
5350593
5350599
5350661
5350667
5350703
5350727
5350809
5350817
5350887
5350951
5351017
5351059
5351127
5351135
5351183
5351201
5351217
5351231
5351249
5351479
5351485
5351507
5351543
5351565
5351829
5351895
5351903
5351919
5351951
5352015
5352103
5352173
5352257
5352259
5352263
5352371
5352377
5352581
5352691
5352789
5353137
5353141
5353161
5353205
5353219
5353231
5353307
5353589
5353647
5353649
5353681
5353723
5353729
5353743
5353759
5353787
5353857
5353947
5354073
5354191
5354373
5354399
5354447
5354479
5354601
5354703
5354739
5354755
5354791
5354825
5354859
5354975
5355031
5355063
5355193
5355375
5355523
5355553
5355643
5355659
5355665
5355745
5355797
5355847
5355851
5355939
5356033
5356085
5356227
5356255
5356265
5356297
5356313
5356397
5356469
5356491
5356715
5356733
5356987
5357037
5357113
5357283
5357289
5357505
5357589
5357735
5357763
5357785
5357863
5357929
5357977
5357979
5358011
5358083
5358233
5358327
5358387
5358667
5358747
5358781
5358963
5359015
5359025
5359265
5359355
5359447
5359491
5359515
5359519
5359613
5359637
5359651
5359673
5359717
5359737
5359743
5359905
5359961
5360003
5360031
5360083
5360087
5360107
5360155
5360319
5360441
5360575
5360737
5360819
5360841
5360949
5360981
5361129
5361169
5361367
5361395
5361571
5361587
5361605
5361657
5361855
5361877
5361917
5361931
5361939
5362037
5362099
5362167
5362177
5362231
5362241
5362367
5362565
5362775
5362929
5362937
5362977
5363025
5363069
5363323
5363385
5363429
5363435
5363527
5363559
5363821
5363835
5363971
5364009
5364139
5364147
5364203
5364375
5364407
5364487
5364491
5364571
5364665
5364675
5364843
5364861
5364865
5364899
5365265
5365295
5365299
5365317
5365343
5365417
5365431
5365435
5365459
5365483
5365653
5365693
5365785
5365839
5365867
5365929
5366025
5366037
5366049
5366121
5366147
5366193
5366203
5366251
5366325
5366343
5366475
5366635
5366711
5366779
5366783
5366827
5366915
5367041
5367119
5367197
5367207
5367211
5367383
5367639
5367765
5367829
5367875
5367919
5367953
5367967
5367991
5367995
5368069
5368377
5368389
5368449
5368481
5368523
5368537
5368567
5368721
5368789
5368797
5368827
5368839
5368853
5368871
5369033
5369057
5369105
5369111
5369119
5369185
5369233
5369499
5369511
5369553
5369617
5369841
5369907
5369957
5370111
5370115
5370131
5370465
5370531
5370537
5370639
5370691
5370701
5370899
5370951
5371071
5371231
5371251
5371343
5371353
5371371
5371389
5371413
5371533
5371547
5371551
5371691
5371725
5371789
5371873
5371945
5371967
5372265
5372327
5372337
5372421
5372431
5372447
5372457
5372531
5372589
5372729
5372853
5372863
5372869
5373029
5373073
5373109
5373315
5373329
5373353
5373405
5373497
5373501
5373671
5373687
5373695
5373763
5373811
5373837
5373973
5374033
5374081
5374349
5374411
5374515
5374523
5374705
5374905
5374955
5374979
5375029
5375045
5375163
5375249
5375363
5375373
5375441
5375481
5375553
5375581
5375589
5375745
5375861
5376009
5376067
5376119
5376143
5376171
5376187
5376193
5376225
5376289
5376411
5376587
5376621
5376631
5376789
5376915
5376935
5376987
5377001
5377103
5377211
5377227
5377565
5377667
5377705
5377783
5377833
5377869
5377923
5378065
5378105
5378111
5378141
5378153
5378173
5378183
5378297
5378357
5378773
5378831
5378833
5378857
5379185
5379201
5379315
5379415
5379449
5379521
5379579
5379589
5379599
5379649
5379663
5379667
5379681
5379715
5379823
5379911
5379919
5379933
5380015
5380019
5380029
5380033
5380035
5380105
5380127
5380203
5380231
5380311
5380375
5380391
5380423
5380525
5380685
5380735
5380767
5380787
5380791
5380955
5381013
5381039
5381087
5381111
5381183
5381219
5381285
5381343
5381345
5381389
5381499
5381529
5381549
5381559
5381581
5381613
5381641
5381913
5381969
5382023
5382105
5382155
5382235
5382331
5382533
5382651
5382683
5382755
5382999
5383033
5383055
5383079
5383199
5383279
5383293
5383297
5383395
5383535
5383735
5383775
5383849
5383973
5383991
5384001
5384035
5384085
5384131
5384147
5384157
5384283
5384293
5384573
5384611
5384635
5384809
5384855
5384929
5384963
5385215
5385311
5385649
5385713
5385721
5385841
5385871
5385931
5385943
5386061
5386143
5386241
5386273
5386409
5386471
5386591
5386629
5386683
5386717
5386801
5386813
5386877
5386899
5387051
5387207
5387289
5387411
5387707
5387743
5387757
5387851
5387965
5388019
5388021
5388047
5388063
5388269
5388285
5388315
5388415
5388421
5388423
5388447
5388617
5388625
5388657
5388707
5388733
5388843
5389045
5389079
5389111
5389141
5389229
5389231
5389345
5389429
5389499
5389593
5389609
5389791
5389823
5389917
5390085
5390093
5390217
5390389
5390391
5390393
5390481
5390509
5390517
5390573
5390575
5390585
5390721
5390839
5390979
5391043
5391073
5391229
5391257
5391427
5391477
5391495
5391677
5391891
5391945
5391953
5392023
5392077
5392127
5392289
5392509
5392521
5392561
5392651
5392707
5392969
5392977
5393019
5393063
5393211
5393285
5393551
5393561
5393603
5393683
5393701
5393807
5393879
5393881
5393919
5394185
5394227
5394253
5394275
5394355
5394367
5394435
5394509
5394549
5394573
5394595
5394659
5394663
5394729
5394775
5394827
5394845
5394911
5394973
5394993
5394999
5395067
5395069
5395109
5395111
5395223
5395249
5395515
5395569
5395587
5395863
5395881
5395997
5396019
5396085
5396149
5396243
5396311
5396351
5396369
5396379
5396395
5396473
5396531
5396571
5396617
5396621
5396685
5396693
5396721
5396753
5396779
5396909
5397057
5397175
5397187
5397289
5397309
5397315
5397349
5397447
5397475
5397483
5397533
5397625
5397629
5397695
5397753
5397761
5397815
5397843
5397959
5397969
5398049
5398109
5398111
5398115
5398125
5398195
5398201
5398629
5398643
5398767
5398791
5398853
5398905
5398993
5399027
5399035
5399101
5399117
5399185
5399263
5399393
5399441
5399473
5399631
5399649
5399753
5399789
5399879
5400015
5400029
5400119
5400141
5400155
5400189
5400217
5400233
5400237
5400241
5400345
5400551
5400577
5400605
5400633
5400751
5400819
5401107
5401185
5401215
5401235
5401395
5401559
5401645
5401655
5401657
5401689
5401775
5401895
5401945
5402025
5402101
5402159
5402359
5402549
5402719
5402735
5402755
5402785
5402927
5402937
5403111
5403253
5403345
5403481
5403507
5403641
5403715
5403785
5403787
5403795
5403859
5404229
5404273
5404279
5404299
5404315
5404379
5404449
5404527
5404711
5404735
5404781
5404809
5404863
5404879
5404943
5404985
5405141
5405147
5405149
5405163
5405187
5405255
5405329
5405621
5405625
5405731
5405831
5405969
5405975
5406093
5406151
5406155
5406173
5406183
5406197
5406257
5406285
5406353
5406401
5406417
5406425
5406453
5406595
5406623
5406723
5406767
5406859
5406879
5406915
5406953
5407075
5407115
5407359
5407365
5407463
5407525
5407553
5407555
5407563
5407621
5407693
5407745
5407909
5407949
5407959
5408153
5408213
5408239
5408241
5408249
5408305
5408337
5408363
5408381
5408407
5408443
5408487
5408629
5408793
5409037
5409067
5409079
5409191
5409195
5409277
5409323
5409343
5409491
5409495
5409517
5409571
5409675
5409921
5409995
5410051
5410121
5410171
5410259
5410293
5410311
5410385
5410497
5410519
5410695
5410783
5410883
5410959
5410965
5411025
5411063
5411085
5411167
5411339
5411343
5411405
5411437
5411465
5411583
5411645
5411657
5411829
5411859
5411947
5411969
5412023
5412035
5412155
5412259
5412369
5412381
5412433
5412447
5412511
5412563
5412577
5412583
5412759
5412869
5412883
5412907
5412989
5413277
5413279
5413635
5413663
5413689
5413775
5413813
5413873
5413879
5413899
5413919
5413933
5414079
5414209
5414231
5414267
5414281
5414369
5414417
5414545
5414549
5414747
5414771
5414827
5415031
5415049
5415057
5415219
5415223
5415291
5415515
5415531
5415803
5415851
5415861
5416127
5416149
5416345
5416441
5416447
5416513
5416593
5416599
5416615
5416685
5416739
5416877
5416895
5416915
5416969
5417013
5417033
5417099
5417105
5417115
5417133
5417199
5417229
5417403
5417409
5417437
5417457
5417459
5417471
5417523
5417569
5418247
5418249
5418267
5418287
5418421
5418507
5418531
5418553
5418673
5418699
5418831
5418857
5419033
5419081
5419183
5419187
5419421
5419537
5419549
5419643
5419671
5419677
5419739
5419809
5419971
5420045
5420131
5420135
5420253
5420257
5420329
5420335
5420385
5420389
5420517
5420715
5420725
5420733
5420737
5420779
5420819
5420821
5420869
5420925
5421121
5421171
5421177
5421233
5421255
5421265
5421269
5421287
5421359
5421395
5421421
5421481
5421485
5421509
5421523
5421563
5421629
5421631
5421637
5421693
5421799
5421839
5421873
5421933
5422195
5422199
5422279
5422299
5422309
5422347
5422385
5422487
5422533
5422535
5422589
5422599
5422653
5422687
5422693
5422705
5422777
5422879
5422899
5422957
5422963
5422993
5423047
5423155
5423189
5423285
5423389
5423487
5423545
5423583
5423609
5423645
5423749
5423815
5424013
5424069
5424329
5424387
5424395
5424641
5424653
5424751
5424869
5424957
5425017
5425021
5425215
5425231
5425343
5425345
5425515
5425573
5425575
5425585
5425659
5425735
5425751
5425797
5425803
5426015
5426027
5426035
5426105
5426163
5426241
5426263
5426409
5426413
5426531
5426591
5426655
5426721
5426725
5426767
5426799
5426859
5426909
5427079
5427287
5427317
5427387
5427397
5427403
5427431
5427451
5427459
5427587
5427599
5427835
5427851
5428035
5428123
5428231
5428271
5428293
5428465
5428541
5428549
5428609
5428655
5428665
5428687
5428725
5428901
5428913
5428923
5428957
5429251
5429289
5429321
5429327
5429439
5429449
5429473
5429495
5429635
5429647
5429715
5429769
5429863
5429889
5429971
5429981
5429987
5430001
5430043
5430141
5430211
5430261
5430313
5430361
5430505
5430539
5430569
5430643
5430725
5430833
5430861
5430999
5431063
5431071
5431185
5431213
5431299
5431335
5431511
5431571
5431573
5431637
5431647
5431673
5431757
5431835
5432147
5432293
5432351
5432427
5432493
5432565
5432591
5432597
5432607
5432701
5432767
5432789
5432837
5432857
5433155
5433191
5433315
5433349
5433411
5433437
5433555
5433593
5433687
5433831
5433861
5433881
5433899
5434037
5434155
5434199
5434239
5434245
5434253
5434367
5434413
5434463
5434489
5434491
5434691
5434717
5434739
5434773
5434871
5434881
5434893
5434913
5434935
5434951
5434957
5434993
5435093
5435095
5435281
5435309
5435491
5435521
5435563
5435765
5435783
5435827
5435873
5435901
5436073
5436087
5436375
5436465
5436485
5436509
5436551
5436569
5436639
5436685
5436717
5436735
5436753
5436785
5436825
5437055
5437059
5437151
5437251
5437259
5437261
5437271
5437279
5437353
5437391
5437505
5437551
5437597
5437655
5437663
5437741
5437787
5437881
5437929
5437953
5438001
5438011
5438025
5438029
5438149
5438177
5438247
5438273
5438299
5438303
5438355
5438369
5438405
5438431
5438559
5438623
5438629
5438825
5438829
5438849
5438931
5438937
5439073
5439089
5439119
5439171
5439173
5439179
5439183
5439203
5439209
5439215
5439227
5439341
5439411
5439479
5439711
5439883
5439893
5439917
5439933
5439939
5439943
5440111
5440207
5440233
5440281
5440357
5440363
5440417
5440471
5440617
5440645
5440687
5440727
5440741
5440831
5440915
5441129
5441131
5441251
5441387
5441405
5441413
5441527
5441589
5441641
5441657
5441799
5441987
5442023
5442187
5442241
5442245
5442323
5442387
5442643
5442683
5442875
5442885
5442923
5442947
5442983
5443011
5443035
5443051
5443057
5443061
5443079
5443141
5443215
5443293
5443295
5443325
5443477
5443481
5443529
5443531
5443677
5443729
5443861
5443869
5443919
5443945
5443979
5444043
5444245
5444441
5444459
5444497
5444499
5444581
5444617
5444659
5444711
5444789
5444941
5445011
5445069
5445197
5445225
5445303
5445411
5445419
5445639
5445685
5445921
5445977
5446399
5446449
5446451
5446637
5446651
5446655
5446713
5446735
5446749
5446751
5447039
5447139
5447171
5447279
5447329
5447441
5447559
5447573
5447715
5447741
5447867
5448015
5448185
5448193
5448295
5448395
5448573
5448601
5448649
5448731
5449113
5449219
5449287
5449419
5449433
5449739
5449777
5449799
5449817
5449869
5449895
5449937
5449999
5450095
5450163
5450223
5450279
5450289
5450355
5450381
5450553
5450607
5450627
5450651
5450721
5450759
5450777
5450841
5450903
5450911
5450969
5451005
5451021
5451045
5451317
5451329
5451393
5451521
5451653
5451723
5451781
5452005
5452019
5452085
5452155
5452205
5452267
5452313
5452369
5452381
5452395
5452409
5452469
5452643
5452657
5452693
5452699
5452733
5452743
5452745
5452769
5452817
5452867
5452939
5452973
5453131
5453169
5453171
5453217
5453355
5453563
5453697
5453829
5453833
5453873
5453927
5454139
5454275
5454395
5454575
5454577
5454591
5454683
5454729
5454797
5454845
5454875
5454901
5454907
5454913
5455049
5455061
5455095
5455175
5455197
5455245
5455379
5455387
5455461
5455619
5455699
5455773
5455963
5455995
5456019
5456049
5456085
5456169
5456219
5456235
5456251
5456283
5456411
5456419
5456421
5456441
5456685
5456919
5456927
5456929
5456997
5457109
5457131
5457141
5457167
5457187
5457207
5457211
5457323
5457377
5457441
5457507
5457633
5457691
5457713
5457761
5457803
5457807
5458095
5458197
5458281
5458299
5458379
5458475
5458517
5458519
5458539
5458561
5458693
5458701
5458811
5458847
5458905
5458925
5458959
5459015
5459045
5459107
5459245
5459307
5459337
5459469
5459555
5459767
5459775
5459875
5459929
5460123
5460195
5460209
5460489
5460633
5460637
5460651
5460697
5460797
5460909
5460941
5461025
5461131
5461189
5461255
5461291
5461341
5461389
5461607
5461659
5461783
5461843
5461913
5461929
5461941
5462029
5462207
5462297
5462299
5462523
5462621
5462849
5462935
5462965
5462979
5463045
5463149
5463159
5463273
5463325
5463423
5463461
5463485
5463489
5463523
5463591
5463789
5463849
5463865
5463995
5464085
5464123
5464165
5464207
5464247
5464253
5464361
5464431
5464493
5464665
5464815
5465053
5465061
5465093
5465207
5465267
5465271
5465343
5465361
5465447
5465481
5465593
5465703
5465729
5465869
5466021
5466141
5466143
5466191
5466205
5466243
5466417
5466535
5466541
5466621
5466721
5466725
5466727
5466825
5466845
5466931
5466955
5466957
5467251
5467265
5467325
5467387
5467413
5467485
5467507
5467591
5467655
5467943
5468115
5468165
5468203
5468331
5468619
5468747
5469029
5469061
5469127
5469261
5469275
5469341
5469513
5469735
5469743
5469825
5469921
5470045
5470347
5470391
5470439
5470483
5470581
5470641
5470649
5470919
5471021
5471107
5471215
5471237
5471259
5471309
5471439
5471695
5471733
5471853
5471931
5471943
5471951
5471969
5471971
5472125
5472239
5472257
5472329
5472341
5472381
5472399
5472637
5472751
5472761
5472805
5472821
5473035
5473091
5473125
5473135
5473151
5473201
5473203
5473251
5473325
5473353
5473431
5473587
5473607
5473621
5473839
5473875
5473927
5473951
5474061
5474233
5474325
5474503
5474575
5474623
5474659
5474911
5474923
5474953
5475149
5475179
5475363
5475365
5475383
5475471
5475517
5475609
5475809
5475821
5475871
5475881
5475923
5475949
5475989
5476001
5476017
5476197
5476273
5476279
5476393
5476577
5476583
5476647
5476781
5476825
5476829
5476837
5476911
5477371
5477467
5477583
5477589
5477595
5477625
5477631
5477669
5477685
5477705
5477719
5477779
5477863
5477937
5478093
5478123
5478169
5478221
5478265
5478495
5478535
5478621
5478647
5478767
5478839
5478843
5478925
5478941
5478947
5478961
5479009
5479021
5479107
5479167
5479171
5479245
5479489
5479675
5479699
5479729
5479753
5479773
5479789
5479833
5479843
5479967
5480105
5480141
5480177
5480299
5480327
5480333
5480337
5480499
5480615
5480697
5480703
5480857
5480901
5480949
5481023
5481091
5481185
5481307
5481363
5481423
5481455
5481611
5481615
5481639
5481681
5481805
5481881
5481891
5481971
5482025
5482111
5482143
5482213
5482255
5482293
5482367
5482379
5482403
5482569
5482825
5482849
5482907
5482935
5483117
5483137
5483167
5483183
5483185
5483225
5483325
5483377
5483397
5483417
5483469
5483503
5483507
5483521
5483589
5483689
5483755
5483761
5483811
5483829
5483837
5483885
5483895
5483919
5483977
5484181
5484271
5484351
5484373
5484375
5484461
5484485
5484509
5484601
5484655
5484707
5484807
5484811
5484833
5484889
5484903
5484913
5485011
5485109
5485583
5485657
5485707
5485933
5486153
5486221
5486417
5486461
5486481
5486509
5486543
5486551
5486611
5486843
5486861
5486889
5486999
5487035
5487149
5487181
5487249
5487265
5487393
5487469
5487725
5487863
5487887
5488155
5488289
5488379
5488407
5488525
5488567
5488589
5488623
5488795
5488811
5488841
5489271
5489277
5489367
5489527
5489585
5489707
5489723
5489819
5489911
5490013
5490099
5490207
5490221
5490627
5490691
5490815
5490817
5490891
5491205
5491235
5491325
5491337
5491375
5491393
5491475
5491721
5491725
5491995
5491999
5492011
5492091
5492097
5492145
5492147
5492223
5492311
5492343
5492359
5492393
5492413
5492429
5492661
5492693
5492701
5492709
5492763
5492771
5492783
5492805
5492873
5492883
5492923
5492943
5492975
5493017
5493153
5493213
5493275
5493473
5493601
5493635
5493651
5493659
5493677
5493687
5493697
5493699
5493847
5493901
5493933
5493969
5493995
5494181
5494253
5494425
5494543
5494631
5494709
5494737
5494761
5494823
5494877
5494967
5495015
5495089
5495103
5495123
5495201
5495327
5495373
5495449
5495533
5495607
5495663
5495733
5495787
5495833
5495933
5495939
5495991
5496031
5496035
5496067
5496205
5496229
5496299
5496351
5496371
5496517
5496563
5496601
5496651
5496659
5496691
5496831
5496931
5497223
5497289
5497297
5497331
5497651
5497713
5497735
5497781
5497827
5497863
5497929
5498083
5498125
5498181
5498213
5498219
5498239
5498357
5498375
5498459
5498461
5498613
5498653
5498661
5498735
5498905
5498907
5498977
5498991
5499009
5499155
5499159
5499207
5499283
5499405
5499721
5499743
5499763
5499803
5499819
5499827
5499915
5500009
5500053
5500057
5500063
5500209
5500239
5500253
5500385
5500421
5500643
5500655
5500719
5500755
5500763
5500923
5500969
5501225
5501273
5501293
5501317
5501345
5501353
5501367
5501429
5501431
5501513
5501593
5501599
5501649
5501815
5502005
5502035
5502073
5502099
5502287
5502397
5502429
5502433
5502663
5502709
5502731
5502821
5502823
5502909
5502947
5502961
5502965
5503015
5503125
5503137
5503159
5503173
5503465
5503505
5503583
5503643
5503747
5503953
5503967
5503971
5504145
5504273
5504275
5504315
5504587
5504635
5504837
5504863
5504937
5505005
5505101
5505197
5505473
5505645
5505673
5505759
5505763
5505849
5505887
5505903
5505909
5505919
5506093
5506179
5506287
5506331
5506471
5506489
5506535
5506561
5506605
5506611
5506633
5506779
5506795
5506813
5506971
5507127
5507139
5507207
5507289
5507303
5507387
5507467
5507541
5507581
5507585
5507619
5507745
5507859
5508005
5508025
5508061
5508079
5508107
5508215
5508265
5508325
5508337
5508479
5508527
5508597
5508839
5508845
5508853
5508917
5509005
5509091
5509175
5509201
5509269
5509305
5509389
5509421
5509455
5509507
5509513
5509525
5509535
5509747
5509753
5509767
5509771
5509811
5509869
5510079
5510109
5510209
5510265
5510275
5510361
5510441
5510543
5510553
5510601
5510629
5510649
5510717
5510851
5510979
5511001
5511053
5511063
5511145
5511149
5511177
5511193
5511217
5511261
5511345
5511349
5511393
5511427
5511517
5511555
5511633
5511653
5511695
5512017
5512065
5512279
5512285
5512327
5512353
5512445
5512743
5512891
5513057
5513089
5513129
5513259
5513299
5513433
5513509
5513617
5513713
5513739
5513851
5513925
5513963
5513971
5514005
5514097
5514115
5514371
5514403
5514427
5514471
5514551
5514553
5514645
5514651
5514671
5514825
5514859
5514867
5514887
5514927
5515049
5515075
5515193
5515231
5515309
5515459
5515527
5515673
5515813
5515953
5515981
5516031
5516081
5516089
5516097
5516167
5516199
5516207
5516261
5516289
5516379
5516465
5516485
5516491
5516553
5516581
5516595
5516631
5516721
5516739
5516765
5517045
5517129
5517245
5517313
5517425
5517469
5517515
5517611
5517645
5517647
5517707
5517747
5517769
5517781
5517845
5517901
5517973
5517977
5518113
5518401
5518445
5518499
5518517
5518723
5518771
5518805
5518807
5518841
5518911
5518923
5518933
5518947
5519021
5519103
5519107
5519191
5519203
5519343
5519411
5519553
5519663
5519691
5519693
5519769
5519771
5519783
5519873
5520059
5520067
5520123
5520141
5520329
5520341
5520435
5520455
5520475
5520511
5520567
5520835
5520953
5520963
5521087
5521237
5521247
5521269
5521287
5521325
5521335
5521345
5521407
5521421
5521533
5521677
5521737
5521741
5521761
5521783
5521795
5521853
5521879
5521913
5522009
5522015
5522253
5522283
5522289
5522355
5522541
5522545
5522697
5522813
5522841
5522893
5522949
5522969
5523033
5523201
5523275
5523313
5523351
5523417
5523477
5523609
5523687
5523843
5523997
5524043
5524261
5524485
5524537
5524585
5524613
5524657
5524675
5524815
5524889
5524905
5524947
5525193
5525207
5525229
5525357
5525375
5525399
5525413
5525427
5525473
5525699
5525743
5525911
5525969
5525981
5526011
5526025
5526033
5526079
5526087
5526101
5526299
5526311
5526317
5526345
5526373
5526591
5526637
5526733
5526881
5526919
5527117
5527297
5527311
5527357
5527459
5527475
5527535
5527547
5527595
5527605
5527611
5527639
5527685
5527789
5527813
5527885
5527947
5527993
5528013
5528023
5528183
5528217
5528283
5528303
5528307
5528325
5528491
5528529
5528533
5528607
5528677
5528703
5528783
5528817
5528831
5528975
5529201
5529247
5529339
5529359
5529525
5529583
5529669
5529765
5529775
5529913
5530019
5530045
5530077
5530081
5530249
5530301
5530333
5530365
5530509
5530551
5530555
5530617
5530649
5530807
5530967
5531085
5531387
5531423
5531469
5531557
5531583
5531601
5531617
5531707
5531719
5531723
5531759
5531795
5531823
5531931
5532263
5532351
5532693
5532703
5532809
5532875
5532877
5532953
5533083
5533105
5533145
5533185
5533207
5533231
5533271
5533405
5533419
5533435
5533617
5533735
5533745
5533785
5533849
5533851
5533891
5533979
5534003
5534079
5534163
5534353
5534431
5534437
5534443
5534469
5534585
5534621
5534649
5534835
5534881
5534999
5535147
5535159
5535183
5535187
5535191
5535257
5535261
5535315
5535321
5535385
5535401
5535431
5535449
5535487
5535511
5535525
5535581
5535661
5535717
5535791
5535825
5535851
5535889
5535963
5536077
5536113
5536119
5536251
5536341
5536387
5536405
5536573
5536613
5536627
5536655
5536695
5536719
5537007
5537241
5537251
5537293
5537303
5537427
5537433
5537453
5537513
5537547
5537553
5537701
5537719
5537767
5537817
5537899
5537927
5537981
5537995
5538021
5538273
5538303
5538347
5538373
5538549
5538565
5538785
5538947
5539079
5539207
5539465
5539505
5539511
5539585
5539587
5539613
5539705
5539727
5539753
5539761
5539769
5539863
5539937
5539951
5539957
5540001
5540017
5540035
5540225
5540255
5540267
5540273
5540433
5540541
5540559
5540605
5540679
5540773
5540899
5540985
5540989
5540991
5541019
5541043
5541133
5541201
5541221
5541263
5541319
5541323
5541383
5541503
5541511
5541573
5541593
5541625
5541719
5541731
5541847
5541889
5541913
5541927
5541989
5542021
5542031
5542181
5542301
5542337
5542549
5542621
5542655
5542661
5542681
5542879
5542931
5543021
5543135
5543245
5543285
5543325
5543431
5543463
5543561
5543729
5543739
5543773
5543805
5543941
5544011
5544033
5544041
5544045
5544097
5544155
5544181
5544221
5544223
5544237
5544309
5544489
5544735
5544785
5544815
5544909
5545029
5545093
5545111
5545199
5545239
5545269
5545305
5545673
5545679
5545845
5545905
5545943
5545967
5546069
5546101
5546121
5546125
5546133
5546177
5546207
5546273
5546325
5546431
5546535
5546687
5546703
5546817
5546883
5546907
5546929
5546939
5546961
5547059
5547099
5547359
5547397
5547435
5547451
5547601
5547705
5547721
5547939
5548003
5548025
5548117
5548149
5548293
5548351
5548359
5548375
5548457
5548547
5548553
5548633
5548811
5548893
5548945
5549165
5549179
5549335
5549485
5549613
5549647
5549761
5549775
5549819
5549853
5549887
5549911
5550039
5550135
5550221
5550243
5550301
5550561
5550571
5550573
5550575
5550643
5550811
5550899
5550905
5550907
5550929
5550979
5551105
5551147
5551221
5551279
5551349
5551513
5551675
5551741
5551751
5551789
5551845
5551893
5551923
5552003
5552175
5552259
5552263
5552273
5552297
5552499
5552527
5552565
5552569
5552669
5552709
5552733
5552909
5553171
5553235
5553255
5553267
5553407
5553465
5553749
5553751
5553771
5553819
5553847
5553911
5554127
5554249
5554251
5554259
5554325
5554435
5554549
5554633
5554723
5554829
5554851
5554885
5554971
5555017
5555117
5555345
5555383
5555421
5555531
5555621
5555661
5555735
5555743
5555815
5555859
5555863
5555977
5555979
5556013
5556019
5556111
5556155
5556191
5556209
5556293
5556425
5556449
5556531
5556605
5556609
5556729
5556745
5556747
5556817
5556937
5556967
5557101
5557169
5557187
5557223
5557299
5557325
5557329
5557359
5557371
5557397
5557431
5557437
5557483
5557509
5557513
5557641
5557809
5557875
5558205
5558233
5558253
5558285
5558311
5558315
5558389
5558409
5558455
5558513
5558693
5558791
5558827
5558865
5558885
5558933
5558999
5559053
5559119
5559177
5559281
5559377
5559429
5559453
5559599
5559657
5559663
5559685
5559745
5559813
5559849
5559869
5559941
5559947
5560031
5560169
5560309
5560485
5560527
5560591
5560625
5560639
5560681
5560707
5560779
5560847
5560919
5560935
5560953
5561001
5561017
5561097
5561121
5561237
5561293
5561317
5561427
5561477
5561491
5561501
5561543
5561591
5561665
5561759
5561777
5561823
5561827
5561847
5561987
5562029
5562051
5562099
5562101
5562121
5562127
5562141
5562235
5562337
5562345
5562351
5562537
5562549
5562619
5562665
5562857
5562861
5562891
5562935
5562951
5562959
5562979
5563029
5563053
5563069
5563109
5563135
5563187
5563205
5563279
5563429
5563493
5563499
5563505
5563629
5563667
5563715
5563747
5563815
5563819
5563911
5563941
5563953
5563959
5564079
5564091
5564099
5564265
5564295
5564313
5564331
5564405
5564429
5564493
5564497
5564567
5564597
5564607
5564675
5564691
5564743
5564781
5564805
5564869
5564877
5564887
5564929
5564995
5565003
5565075
5565097
5565105
5565119
5565307
5565359
5565507
5565509
5565547
5565571
5565601
5565683
5565731
5565853
5565889
5565989
5566007
5566081
5566127
5566175
5566441
5566457
5566517
5566533
5566561
5566623
5566689
5566783
5566831
5566851
5566867
5566901
5567001
5567191
5567227
5567461
5567469
5567487
5567715
5567757
5567903
5567915
5568309
5568335
5568395
5568409
5568423
5568441
5568559
5568607
5568647
5568677
5568717
5568745
5568859
5568883
5568927
5568977
5569353
5569363
5569539
5569553
5569605
5569625
5569629
5569839
5570057
5570089
5570317
5570335
5570353
5570383
5570397
5570645
5570663
5570803
5570851
5570861
5570877
5570977
5571025
5571221
5571227
5571253
5571483
5571485
5571683
5571767
5571809
5571905
5571973
5571981
5571995
5572057
5572067
5572191
5572279
5572287
5572293
5572397
5572535
5572563
5572625
5572629
5572637
5572663
5573007
5573071
5573245
5573293
5573419
5573435
5573497
5573537
5573641
5573645
5573705
5573739
5573843
5573897
5573933
5573949
5573955
5573995
5574003
5574017
5574097
5574261
5574275
5574383
5574497
5574623
5574737
5574855
5574897
5574921
5575171
5575219
5575257
5575283
5575325
5575391
5575397
5575413
5575425
5575459
5575473
5575573
5575721
5575791
5575907
5575925
5575941
5575983
5576013
5576027
5576083
5576237
5576321
5576345
5576349
5576501
5576579
5576731
5576829
5576931
5576991
5577013
5577023
5577029
5577117
5577121
5577125
5577271
5577363
5577377
5577387
5577391
5577509
5577527
5577601
5577697
5577961
5578081
5578123
5578163
5578211
5578319
5578387
5578423
5578505
5578531
5578655
5578747
5578869
5578937
5578947
5578965
5578969
5578981
5579167
5579245
5579283
5579307
5579329
5579403
5579437
5579521
5579529
5579663
5579705
5579707
5579827
5580053
5580125
5580135
5580265
5580273
5580351
5580371
5580431
5580441
5580443
5580565
5580663
5580767
5580781
5580913
5581021
5581125
5581137
5581181
5581411
5581467
5581473
5581605
5581741
5581805
5581901
5582001
5582021
5582213
5582337
5582351
5582359
5582445
5582527
5582559
5582575
5582605
5582779
5582857
5583013
5583157
5583221
5583277
5583279
5583287
5583363
5583439
5583455
5583503
5583509
5583629
5583673
5583791
5583841
5583871
5583923
5583933
5583937
5584091
5584155
5584185
5584201
5584247
5584277
5584299
5584349
5584525
5584541
5584639
5584643
5584665
5584677
5584711
5584735
5584847
5584861
5584915
5585017
5585033
5585147
5585455
5585491
5585507
5585545
5585591
5585681
5585761
5585837
5585845
5585867
5585899
5586001
5586121
5586189
5586239
5586623
5586655
5586861
5586989
5587175
5587187
5587215
5587333
5587347
5587355
5587379
5587393
5587431
5587611
5587663
5587769
5587819
5587935
5587955
5588065
5588325
5588347
5588417
5588483
5588583
5588671
5588747
5588813
5588881
5588893
5588967
5589019
5589149
5589171
5589233
5589243
5589277
5589313
5589399
5589427
5589435
5589441
5589445
5589543
5589631
5589693
5589695
5589711
5589801
5589837
5589907
5589959
5589995
5590081
5590085
5590141
5590145
5590393
5590483
5590499
5590753
5590883
5590901
5590977
5591027
5591241
5591567
5591571
5591819
5591833
5591991
5592013
5592037
5592241
5592255
5592271
5592287
5592373
5592425
5592427
5592465
5592471
5592601
5592693
5592733
5592743
5592785
5592883
5592941
5592987
5593037
5593051
5593109
5593231
5593285
5593373
5593435
5593505
5593509
5593511
5593559
5593573
5593627
5593789
5593831
5593839
5593849
5594523
5594551
5594569
5594589
5594595
5594605
5594669
5594723
5594739
5594783
5594857
5594923
5595019
5595095
5595203
5595357
5595365
5595407
5595529
5595613
5595637
5595661
5595683
5595769
5595793
5596033
5596045
5596081
5596135
5596219
5596409
5596537
5596605
5596857
5596941
5596995
5597007
5597087
5597261
5597273
5597285
5597291
5597341
5597349
5597435
5597457
5597461
5597509
5597519
5597521
5597563
5597653
5597711
5597869
5597897
5597969
5598017
5598041
5598051
5598059
5598067
5598129
5598169
5598357
5598377
5598425
5598439
5598501
5598541
5598575
5598659
5598671
5598707
5598749
5598757
5598811
5598897
5598899
5598949
5598963
5598973
5599007
5599059
5599153
5599169
5599171
5599307
5599357
5599415
5599515
5599621
5599647
5599719
5599753
5599781
5599837
5599911
5599991
5600057
5600137
5600203
5600297
5600301
5600475
5600661
5600721
5600787
5600851
5600965
5600971
5600989
5601227
5601259
5601275
5601305
5601359
5601579
5601593
5601685
5601979
5601987
5602181
5602199
5602213
5602237
5602331
5602355
5602369
5602379
5602413
5602415
5602553
5602609
5602681
5602763
5602893
5602901
5602905
5602945
5602957
5603013
5603023
5603117
5603193
5603469
5603571
5603593
5603681
5603845
5603933
5603949
5604119
5604135
5604201
5604219
5604251
5604307
5604337
5604409
5604449
5604497
5604601
5604607
5604627
5604693
5604699
5604719
5604725
5604733
5604967
5604977
5605009
5605025
5605051
5605195
5605201
5605365
5605395
5605451
5605591
5605659
5605903
5606017
5606045
5606065
5606133
5606189
5606219
5606255
5606365
5606517
5606543
5606615
5606659
5606715
5606721
5606843
5606855
5606965
5607135
5607213
5607359
5607383
5607385
5607401
5607475
5607537
5607643
5607711
5607823
5607829
5607843
5607971
5607981
5607999
5608033
5608131
5608151
5608165
5608257
5608259
5608293
5608323
5608393
5608493
5608539
5608597
5608611
5608643
5608695
5608795
5608839
5608911
5608949
5608951
5608985
5609037
5609101
5609159
5609169
5609209
5609217
5609243
5609263
5609291
5609429
5609489
5609523
5609527
5609563
5609639
5609687
5609701
5609733
5609741
5609751
5609769
5609801
5609887
5609925
5610109
5610125
5610251
5610405
5610471
5610541
5610567
5610705
5610739
5610883
5610921
5611003
5611015
5611173
5611181
5611233
5611315
5611415
5611437
5611443
5611613
5611683
5611757
5611767
5611801
5611831
5611879
5611953
5611967
5612003
5612183
5612275
5612291
5612427
5612473
5612535
5612565
5612567
5612605
5612773
5612777
5612921
5613013
5613037
5613117
5613179
5613185
5613373
5613423
5613437
5613613
5613673
5613683
5613885
5613929
5613935
5613987
5614167
5614357
5614399
5614597
5614731
5614775
5614797
5614809
5614863
5614899
5615001
5615003
5615015
5615043
5615055
5615319
5615361
5615383
5615429
5615441
5615611
5615637
5615705
5615877
5615895
5615935
5616025
5616077
5616145
5616195
5616239
5616257
5616287
5616381
5616497
5616499
5616555
5616579
5616605
5616631
5616875
5616947
5616997
5617067
5617071
5617115
5617209
5617221
5617319
5617329
5617359
5617371
5617407
5617451
5617465
5617469
5617513
5617577
5617679
5617813
5617859
5617869
5617877
5617885
5618153
5618191
5618193
5618225
5618241
5618245
5618255
5618417
5618539
5618589
5618615
5618827
5619001
5619161
5619195
5619253
5619289
5619323
5619503
5619523
5619571
5619611
5619655
5619671
5619697
5619703
5619761
5619787
5619857
5619911
5619949
5619961
5619963
5619987
5620083
5620301
5620359
5620397
5620411
5620427
5620485
5620503
5620857
5620943
5621015
5621061
5621305
5621345
5621405
5621443
5621645
5621869
5621923
5621955
5621965
5622005
5622017
5622081
5622129
5622385
5622405
5622613
5622617
5622659
5622811
5622813
5622989
5623091
5623125
5623151
5623193
5623295
5623307
5623441
5623551
5623579
5623753
5623793
5623823
5624139
5624155
5624233
5624295
5624349
5624431
5624465
5624477
5624599
5624665
5624675
5624699
5624807
5624863
5624941
5624951
5624965
5625007
5625129
5625153
5625197
5625207
5625241
5625277
5625389
5625465
5625579
5625601
5625611
5625617
5625635
5625699
5625719
5625763
5625789
5625855
5625929
5625991
5626295
5626331
5626347
5626367
5626507
5626533
5626607
5626617
5626785
5626851
5626881
5627063
5627091
5627115
5627121
5627193
5627221
5627423
5627437
5627465
5627761
5627805
5627825
5627875
5627945
5627993
5627997
5628037
5628105
5628227
5628359
5628419
5628491
5628559
5628593
5628597
5628757
5628825
5628889
5628915
5628995
5629031
5629095
5629151
5629163
5629335
5629371
5629405
5629409
5629579
5629613
5629643
5629679
5629707
5629923
5630073
5630101
5630123
5630165
5630231
5630247
5630285
5630297
5630453
5630465
5630535
5630609
5630627
5630633
5630645
5630757
5630849
5630971
5631015
5631023
5631029
5631055
5631131
5631135
5631143
5631179
5631255
5631273
5631323
5631385
5631395
5631397
5631541
5631609
5631665
5631727
5631857
5631911
5631917
5631971
5631997
5632013
5632021
5632043
5632051
5632089
5632117
5632205
5632231
5632251
5632329
5632405
5632449
5632505
5632507
5632733
5632775
5632843
5632865
5632951
5633075
5633087
5633113
5633147
5633279
5633325
5633407
5633587
5633627
5633669
5633681
5633845
5633967
5634039
5634165
5634261
5634353
5634515
5634525
5634565
5634617
5634737
5634901
5635043
5635105
5635193
5635217
5635231
5635471
5635517
5635641
5635661
5635665
5635733
5635781
5635799
5635815
5635907
5635923
5635937
5636001
5636071
5636087
5636273
5636281
5636373
5636483
5636491
5636517
5636649
5636867
5636871
5636905
5636955
5637005
5637061
5637065
5637143
5637229
5637331
5637341
5637475
5637561
5637643
5637663
5637729
5637803
5637861
5638003
5638025
5638061
5638185
5638189
5638251
5638379
5638421
5638451
5638513
5638539
5638569
5638583
5638643
5638699
5638719
5638903
5638993
5639083
5639085
5639171
5639189
5639229
5639273
5639289
5639293
5639315
5639357
5639613
5639671
5639701
5639709
5639721
5639753
5639857
5639955
5639969
5640043
5640077
5640109
5640193
5640201
5640257
5640367
5640579
5640637
5640643
5640701
5640723
5640761
5640951
5641043
5641097
5641099
5641471
5641531
5641563
5641585
5641595
5641603
5641611
5641619
5641745
5641789
5641797
5641855
5641881
5642073
5642085
5642151
5642333
5642647
5642655
5642723
5642779
5642799
5642849
5642877
5642967
5643039
5643137
5643185
5643209
5643315
5643369
5643427
5643463
5643469
5643553
5643679
5643691
5643777
5643877
5644311
5644373
5644395
5644515
5644527
5644591
5644623
5644875
5644969
5644977
5644999
5645037
5645091
5645197
5645265
5645303
5645497
5645499
5645563
5645589
5645789
5645801
5645811
5645893
5645899
5645923
5645985
5645991
5646061
5646065
5646111
5646139
5646145
5646181
5646217
5646247
5646355
5646361
5646401
5646533
5646599
5646657
5646893
5646927
5646985
5646987
5647039
5647153
5647245
5647337
5647449
5647473
5647563
5647689
5647755
5647819
5647951
5647997
5648083
5648091
5648245
5648397
5648479
5648493
5648515
5648557
5648597
5648649
5648811
5648963
5649051
5649111
5649441
5649545
5649579
5649595
5649619
5649643
5649653
5649707
5649729
5649743
5649805
5649883
5649901
5649911
5649943
5649959
5650049
5650063
5650159
5650227
5650287
5650297
5650321
5650421
5650509
5650519
5650649
5650653
5650695
5650737
5650761
5650797
5650897
5651013
5651099
5651115
5651123
5651185
5651223
5651229
5651323
5651377
5651431
5651451
5651809
5651969
5652021
5652085
5652179
5652217
5652277
5652371
5652379
5652431
5652477
5652549
5652747
5652893
5652941
5653019
5653107
5653111
5653137
5653347
5653473
5653677
5653703
5653849
5653909
5653915
5653925
5653957
5654025
5654039
5654351
5654507
5654555
5654677
5654689
5654755
5654827
5654963
5655125
5655147
5655207
5655223
5655265
5655311
5655335
5655431
5655453
5655463
5655509
5655535
5655589
5655601
5655673
5655675
5655689
5655735
5655849
5656047
5656091
5656111
5656185
5656223
5656369
5656579
5656605
5656657
5656675
5656695
5656953
5656975
5656987
5657115
5657143
5657151
5657173
5657175
5657271
5657287
5657353
5657399
5657507
5657511
5657519
5657619
5657711
5657725
5657759
5657769
5657909
5657987
5658017
5658037
5658049
5658235
5658319
5658499
5658549
5658579
5658663
5658665
5658779
5658789
5658931
5659063
5659083
5659087
5659141
5659205
5659257
5659377
5659487
5659537
5659557
5659603
5659661
5659759
5659763
5659799
5659841
5659893
5660007
5660053
5660117
5660165
5660205
5660263
5660323
5660435
5660451
5660479
5660501
5660519
5660529
5660559
5660643
5660653
5660927
5661081
5661235
5661281
5661291
5661297
5661365
5661427
5661455
5661811
5661929
5662041
5662081
5662143
5662169
5662253
5662295
5662337
5662401
5662495
5662507
5662513
5662533
5662543
5662593
5662595
5662677
5662705
5662739
5662757
5662763
5662839
5662897
5662949
5663151
5663163
5663205
5663211
5663309
5663383
5663495
5663597
5663675
5663721
5663839
5663911
5663917
5664015
5664027
5664081
5664109
5664209
5664355
5664577
5664631
5664763
5664821
5664833
5664835
5664875
5664945
5664997
5665031
5665117
5665241
5665431
5665483
5665511
5665647
5665699
5665783
5665861
5665903
5665999
5666137
5666229
5666259
5666347
5666455
5666487
5666625
5666629
5666633
5666637
5666679
5666747
5666811
5666903
5666955
5666993
5667217
5667293
5667343
5667397
5667413
5667505
5667523
5667527
5667617
5667629
5667675
5667719
5667809
5667915
5667935
5667943
5668037
5668045
5668107
5668261
5668281
5668283
5668339
5668451
5668659
5668705
5668779
5668783
5668795
5668857
5668877
5668939
5668973
5668995
5669085
5669089
5669093
5669327
5669665
5669677
5669679
5669755
5669877
5669973
5670003
5670087
5670117
5670127
5670183
5670227
5670267
5670379
5670403
5670437
5670643
5670647
5670681
5670797
5670803
5670873
5671143
5671203
5671301
5671373
5671409
5671411
5671417
5671437
5671499
5671509
5671551
5671627
5671781
5671843
5671855
5671887
5671939
5671965
5671977
5671991
5672017
5672131
5672169
5672231
5672255
5672267
5672285
5672343
5672389
5672393
5672577
5672665
5672739
5672761
5672945
5673107
5673117
5673121
5673251
5673289
5673397
5673499
5673521
5673641
5673825
5673953
5673967
5674085
5674099
5674161
5674205
5674279
5674297
5674313
5674377
5674411
5674413
5674461
5674583
5674591
5674641
5674719
5674805
5674859
5674891
5674897
5674935
5674977
5675073
5675113
5675239
5675329
5675409
5675621
5675849
5675999
5676003
5676031
5676049
5676225
5676327
5676383
5676405
5676423
5676499
5676515
5676623
5676663
5676683
5676827
5676829
5676893
5676995
5677035
5677127
5677133
5677199
5677241
5677269
5677295
5677329
5677369
5677415
5677637
5677641
5677799
5678035
5678065
5678177
5678297
5678315
5678357
5678407
5678419
5678439
5678465
5678479
5678487
5678499
5678537
5678579
5678703
5678709
5678735
5678741
5678753
5678777
5678865
5678915
5678929
5679215
5679301
5679373
5679469
5679491
5679497
5679527
5679639
5679641
5679647
5679655
5679663
5679679
5679721
5679737
5679743
5679767
5679893
5679901
5679947
5680035
5680091
5680173
5680185
5680317
5680363
5680393
5680395
5680413
5680431
5680735
5680773
5680853
5680981
5680991
5681001
5681197
5681451
5681513
5681587
5681675
5681833
5681909
5681911
5681933
5681973
5682187
5682219
5682233
5682351
5682365
5682411
5682429
5682433
5682463
5682489
5682591
5682665
5682687
5682809
5682889
5683181
5683225
5683319
5683377
5683461
5683511
5683571
5683609
5683657
5683711
5683755
5683775
5683809
5684053
5684105
5684141
5684231
5684297
5684401
5684545
5684587
5684591
5684631
5684685
5684711
5684865
5684901
5684997
5685007
5685013
5685079
5685185
5685197
5685267
5685341
5685511
5685605
5685647
5685805
5685825
5685855
5685925
5685979
5686017
5686033
5686067
5686075
5686093
5686101
5686113
5686127
5686171
5686211
5686427
5686443
5686449
5686495
5686511
5686651
5686793
5686811
5686833
5686909
5686917
5686995
5687101
5687135
5687185
5687265
5687279
5687295
5687351
5687403
5687539
5687705
5687709
5687741
5687929
5687967
5688067
5688225
5688239
5688295
5688365
5688469
5688481
5688547
5688561
5688577
5688631
5688749
5688775
5688783
5688849
5688949
5688959
5689077
5689087
5689267
5689283
5689333
5689335
5689497
5689653
5689657
5689731
5689829
5689885
5689973
5690021
5690185
5690311
5690355
5690413
5690565
5690571
5690609
5690747
5690761
5690803
5690889
5690899
5691003
5691119
5691211
5691245
5691283
5691393
5691481
5691541
5691573
5691577
5691927
5692031
5692057
5692165
5692213
5692243
5692401
5692451
5692483
5692699
5692719
5692723
5692745
5692819
5692991
5693153
5693155
5693289
5693455
5693507
5693509
5693553
5693555
5693571
5693577
5693697
5693975
5693981
5694015
5694059
5694073
5694265
5694433
5694443
5694499
5694717
5695081
5695129
5695157
5695211
5695353
5695413
5695427
5695525
5695597
5695635
5695643
5695721
5695727
5695799
5695933
5696007
5696169
5696197
5696211
5696319
5696429
5696457
5696469
5696483
5697009
5697051
5697069
5697157
5697207
5697213
5697231
5697345
5697451
5697503
5697549
5697559
5697613
5697691
5697795
5697803
5697895
5697927
5697933
5698081
5698203
5698225
5698241
5698265
5698291
5698357
5698503
5698787
5698833
5698841
5698859
5698861
5698887
5698959
5699133
5699181
5699243
5699333
5699403
5699489
5699495
5699503
5699563
5699601
5699801
5699923
5700051
5700099
5700109
5700119
5700197
5700219
5700259
5700307
5700391
5700495
5700503
5700505
5700679
5700781
5700819
5700877
5701005
5701057
5701119
5701171
5701173
5701241
5701245
5701255
5701269
5701311
5701325
5701375
5701459
5701513
5701595
5701625
5701677
5701745
5701769
5701815
5702017
5702051
5702163
5702271
5702353
5702451
5702489
5702495
5702511
5702519
5702523
5702659
5702751
5702797
5702953
5703005
5703285
5703341
5703393
5703433
5703477
5703515
5703629
5703927
5703941
5704031
5704061
5704135
5704193
5704203
5704253
5704341
5704483
5704495
5704585
5704657
5704667
5704685
5704747
5704865
5705053
5705131
5705223
5705237
5705271
5705357
5705361
5705479
5705827
5705849
5705887
5706027
5706083
5706129
5706217
5706243
5706525
5706533
5706667
5706669
5706695
5706817
5707001
5707239
5707265
5707383
5707493
5707513
5707555
5707585
5707739
5707835
5707941
5708103
5708199
5708277
5708303
5708315
5708329
5708351
5708401
5708411
5708553
5708565
5708741
5708757
5708821
5708831
5708833
5708845
5708897
5708935
5708951
5709039
5709041
5709143
5709179
5709203
5709255
5709261
5709443
5709599
5709637
5709639
5709663
5709773
5709823
5709887
5709961
5709999
5710077
5710309
5710311
5710325
5710373
5710479
5710501
5710505
5710549
5710623
5710873
5710907
5710979
5711083
5711149
5711209
5711225
5711247
5711333
5711339
5711399
5711417
5711483
5711489
5711625
5711737
5711837
5711965
5711983
5712007
5712035
5712061
5712147
5712201
5712405
5712533
5712595
5712643
5712661
5712801
5712821
5712827
5712837
5712865
5712891
5712923
5712995
5712999
5713129
5713179
5713193
5713339
5713389
5713395
5713457
5713659
5713685
5713777
5713903
5714035
5714059
5714133
5714269
5714285
5714349
5714403
5714421
5714503
5714569
5714647
5714653
5714719
5714767
5714793
5714825
5714895
5714945
5715015
5715067
5715243
5715247
5715579
5715587
5715607
5715633
5715711
5715813
5715895
5715921
5715935
5715959
5715989
5715993
5716021
5716103
5716111
5716151
5716195
5716231
5716289
5716305
5716311
5716371
5716439
5716487
5716497
5716537
5716565
5716581
5716677
5716779
5716865
5716887
5716911
5716959
5717057
5717119
5717133
5717183
5717287
5717541
5717559
5717565
5717681
5717729
5717869
5718089
5718153
5718163
5718311
5718527
5718539
5718543
5718675
5718689
5718703
5718841
5718887
5718913
5718931
5718957
5719113
5719117
5719179
5719287
5719345
5719409
5719423
5719637
5719723
5719853
5719863
5719987
5720009
5720107
5720271
5720397
5720403
5720445
5720455
5720507
5720521
5720565
5720753
5720845
5720859
5720887
5720893
5720907
5721029
5721037
5721073
5721233
5721289
5721363
5721539
5721545
5721589
5721631
5721853
5721931
5721933
5722017
5722027
5722103
5722177
5722251
5722309
5722321
5722337
5722395
5722525
5722615
5722709
5722899
5722979
5722985
5723049
5723243
5723255
5723503
5723655
5723773
5723813
5723819
5723917
5724079
5724237
5724499
5724583
5724637
5724643
5724689
5724703
5724711
5724819
5724825
5724847
5724893
5724955
5724987
5725049
5725119
5725213
5725289
5725315
5725351
5725409
5725443
5725507
5725557
5725579
5725587
5725631
5725825
5725879
5725923
5726055
5726163
5726219
5726239
5726291
5726309
5726427
5726477
5726509
5726535
5726549
5726615
5726743
5726789
5726805
5726919
5726977
5726987
5727069
5727095
5727389
5727409
5727439
5727461
5727509
5727533
5727585
5727621
5727649
5727755
5727767
5727769
5727841
5727857
5727859
5728013
5728069
5728091
5728129
5728191
5728197
5728251
5728295
5728319
5728351
5728437
5728577
5728593
5728609
5728803
5729117
5729121
5729177
5729255
5729309
5729495
5729521
5729751
5729805
5729879
5729949
5729987
5730067
5730125
5730163
5730301
5730311
5730541
5730593
5730771
5730807
5730817
5730845
5730971
5730983
5731003
5731055
5731089
5731131
5731151
5731255
5731299
5731321
5731401
5731427
5731435
5731765
5731771
5731833
5731977
5731999
5732039
5732125
5732131
5732229
5732271
5732493
5732513
5732517
5732533
5732559
5732565
5732577
5732711
5732999
5733061
5733099
5733135
5733371
5733385
5733403
5733501
5733551
5733559
5733613
5733639
5733645
5733647
5733683
5733825
5733839
5733873
5733937
5733953
5733955
5734291
5734293
5734299
5734333
5734375
5734397
5734455
5734467
5734481
5734545
5734553
5734557
5734639
5734729
5734773
5734969
5734993
5735101
5735109
5735169
5735251
5735351
5735411
5735433
5735469
5735511
5735619
5735707
5735729
5735731
5735837
5735857
5735869
5736021
5736059
5736089
5736131
5736175
5736295
5736343
5736477
5736579
5736601
5736629
5736675
5736713
5736811
5736833
5736847
5736945
5736973
5737043
5737053
5737065
5737115
5737167
5737347
5737399
5737515
5737567
5737637
5737927
5737931
5737941
5737975
5738115
5738119
5738161
5738251
5738429
5738495
5738559
5738885
5738907
5738917
5738965
5739123
5739137
5739271
5739295
5739345
5739355
5739447
5739497
5739825
5739829
5740025
5740071
5740075
5740097
5740119
5740299
5740361
5740477
5740563
5740649
5740651
5740769
5740863
5740875
5740971
5740989
5741151
5741165
5741219
5741315
5741407
5741423
5741435
5741639
5741653
5741699
5741721
5741783
5741987
5742023
5742157
5742163
5742179
5742213
5742433
5742677
5742893
5742921
5742971
5742989
5743215
5743235
5743285
5743305
5743337
5743339
5743465
5743525
5743697
5743791
5743891
5743899
5743951
5743981
5744085
5744225
5744247
5744541
5744609
5744697
5744707
5744741
5744763
5744801
5744809
5744825
5744925
5745043
5745067
5745191
5745231
5745349
5745433
5745455
5745479
5745491
5745663
5745871
5746209
5746245
5746287
5746295
5746309
5746319
5746339
5746385
5746485
5746489
5746531
5746547
5746573
5746663
5746677
5746803
5746875
5746877
5747081
5747191
5747303
5747455
5747483
5747497
5747885
5747913
5747965
5747985
5747997
5748009
5748027
5748029
5748155
5748179
5748377
5748415
5748443
5748453
5748509
5748619
5748637
5748831
5748851
5748923
5749053
5749449
5749457
5749479
5749535
5749577
5749779
5749807
5749861
5749973
5750107
5750111
5750131
5750183
5750187
5750243
5750257
5750413
5750483
5750537
5750563
5750739
5750771
5750817
5750861
5750933
5750951
5750977
5751019
5751033
5751041
5751049
5751157
5751253
5751289
5751421
5751445
5751489
5751613
5751787
5751795
5751873
5751933
5751953
5751991
5752007
5752147
5752203
5752209
5752271
5752273
5752377
5752423
5752541
5752583
5752653
5752667
5752871
5752881
5752925
5752981
5753101
5753305
5753415
5753449
5753627
5753665
5753675
5753747
5753815
5753869
5753899
5754075
5754105
5754221
5754239
5754251
5754459
5754563
5754575
5754663
5754793
5754795
5754827
5754895
5754899
5754915
5755009
5755179
5755285
5755355
5755361
5755369
5755385
5755497
5755521
5755683
5755791
5755839
5755875
5755899
5755927
5755979
5756073
5756171
5756173
5756231
5756371
5756433
5756467
5756481
5756523
5756575
5756579
5756809
5756849
5756891
5756907
5756915
5757055
5757107
5757231
5757291
5757295
5757353
5757445
5757495
5757539
5757555
5757591
5757627
5757667
5757753
5757839
5757929
5758111
5758233
5758249
5758341
5758365
5758409
5758485
5758567
5758585
5758607
5758727
5758809
5758931
5758939
5759031
5759043
5759049
5759199
5759235
5759253
5759279
5759379
5759605
5759631
5759653
5759751
5759801
5759897
5759943
5760015
5760125
5760167
5760235
5760329
5760451
5760473
5760531
5760539
5760545
5760821
5760877
5760889
5761169
5761211
5761497
5761513
5761639
5761655
5761747
5761757
5761763
5761773
5761807
5761835
5761865
5761899
5761947
5762017
5762019
5762021
5762203
5762311
5762435
5762453
5762481
5762489
5762561
5762659
5762667
5762777
5762791
5762807
5762851
5762869
5762879
5762939
5762947
5762961
5762991
5763037
5763169
5763193
5763199
5763217
5763233
5763261
5763271
5763327
5763359
5763401
5763607
5763655
5763743
5763793
5763839
5763991
5764005
5764105
5764141
5764149
5764159
5764409
5764505
5764619
5764623
5764669
5764687
5764743
5764855
5764931
5764935
5764983
5765065
5765081
5765083
5765103
5765185
5765243
5765283
5765403
5765425
5765429
5765459
5765509
5765527
5765645
5765653
5765665
5765695
5765771
5765903
5766055
5766073
5766095
5766129
5766183
5766319
5766345
5766391
5766483
5766543
5766553
5766593
5766645
5766761
5766797
5766831
5766839
5766869
5767061
5767121
5767133
5767197
5767241
5767279
5767319
5767391
5767487
5767531
5767549
5767595
5767655
5767785
5767973
5767997
5768217
5768235
5768259
5768287
5768375
5768391
5768497
5768699
5768737
5768783
5768905
5768965
5769003
5769017
5769027
5769125
5769137
5769203
5769471
5769537
5769549
5769597
5769599
5769617
5769655
5769683
5769789
5769959
5770151
5770249
5770289
5770293
5770343
5770417
5770527
5770561
5770833
5770929
5771111
5771199
5771475
5771547
5771599
5771697
5771769
5771807
5771877
5771981
5772017
5772021
5772057
5772193
5772453
5772551
5772629
5772631
5772711
5772745
5772805
5773081
5773165
5773387
5773593
5773617
5773663
5773683
5773699
5773795
5773807
5773833
5773837
5773867
5773901
5773907
5773991
5774115
5774203
5774251
5774311
5774313
5774399
5774403
5774443
5774495
5774517
5774615
5774647
5774697
5774855
5774951
5775187
5775405
5775469
5775609
5775687
5775789
5775797
5775811
5775817
5775859
5775875
5775901
5776151
5776203
5776237
5776447
5776471
5776743
5776785
5776927
5777103
5777165
5777201
5777231
5777263
5777289
5777379
5777401
5777435
5777461
5777547
5777603
5777607
5777765
5777809
5778023
5778025
5778087
5778129
5778289
5778513
5778555
5778635
5778699
5778703
5778727
5778841
5778901
5778911
5778943
5778967
5779073
5779317
5779331
5779411
5779413
5779599
5779769
5779771
5779883
5779891
5779903
5780083
5780093
5780137
5780151
5780187
5780267
5780271
5780295
5780339
5780411
5780437
5780621
5780733
5781037
5781041
5781043
5781139
5781193
5781207
5781345
5781359
5781419
5781479
5781499
5781515
5781557
5781565
5781741
5781745
5781835
5781927
5781955
5781983
5782071
5782117
5782131
5782169
5782261
5782357
5782425
5782559
5782585
5782783
5782919
5783053
5783107
5783149
5783187
5783297
5783351
5783367
5783375
5783399
5783417
5783433
5783435
5783479
5783541
5783581
5783599
5783627
5783669
5783711
5783743
5783859
5783875
5783885
5784021
5784061
5784139
5784213
5784255
5784347
5784377
5784423
5784467
5784487
5784519
5784555
5784603
5784639
5784653
5784661
5784719
5784901
5785181
5785187
5785285
5785309
5785397
5785511
5785659
5785727
5785791
5785829
5785873
5785877
5785887
5785943
5785963
5786079
5786133
5786143
5786335
5786381
5786409
5786479
5786497
5786675
5786679
5786745
5786851
5787007
5787069
5787377
5787521
5787605
5787659
5787699
5787755
5787877
5787881
5788013
5788029
5788065
5788157
5788289
5788299
5788339
5788369
5788419
5788453
5788549
5788575
5788739
5788919
5789069
5789227
5789257
5789265
5789317
5789365
5789421
5789467
5789549
5789551
5789569
5789599
5789719
5789771
5789823
5789901
5790029
5790213
5790281
5790665
5790711
5790787
5790889
5790891
5791179
5791213
5791273
5791363
5791373
5791441
5791469
5791471
5791575
5791601
5791653
5791671
5791701
5791703
5791791
5791969
5792003
5792173
5792221
5792225
5792297
5792377
5792405
5792415
5792603
5792741
5792863
5792931
5792955
5793109
5793145
5793149
5793171
5793215
5793221
5793225
5793337
5793351
5793357
5793505
5793637
5793645
5793849
5793967
5794021
5794109
5794169
5794331
5794353
5794479
5794507
5794617
5794659
5794687
5794869
5794871
5794925
5795035
5795119
5795145
5795157
5795243
5795383
5795405
5795409
5795467
5795629
5795711
5795785
5795833
5795865
5795869
5796051
5796085
5796133
5796235
5796237
5796339
5796639
5796795
5796825
5796833
5796947
5797071
5797083
5797211
5797275
5797355
5797649
5797691
5797769
5797811
5797853
5797969
5797971
5797987
5798053
5798069
5798167
5798181
5798293
5798305
5798357
5798361
5798471
5798473
5798475
5798487
5798495
5798505
5798557
5798731
5798781
5798861
5798879
5798911
5798927
5799141
5799205
5799229
5799339
5799551
5799613
5799615
5799913
5800007
5800043
5800225
5800235
5800251
5800323
5800409
5800455
5800589
5800593
5800723
5800787
5800791
5800823
5800881
5800961
5800963
5800975
5801083
5801087
5801159
5801213
5801327
5801471
5801541
5801559
5801591
5801665
5801711
5801725
5801729
5801737
5801925
5802081
5802119
5802139
5802209
5802369
5802451
5802639
5802701
5802703
5802719
5802791
5802943
5802949
5802981
5803105
5803115
5803119
5803127
5803263
5803267
5803329
5803349
5803425
5803519
5803523
5803605
5803655
5803673
5803739
5803789
5803903
5803987
5803993
5804049
5804149
5804175
5804181
5804185
5804211
5804227
5804397
5804475
5804575
5804621
5804643
5804685
5804697
5804701
5804703
5804773
5804785
5804915
5804929
5804955
5804967
5805353
5805355
5805389
5805633
5805635
5805735
5805765
5805815
5805825
5805833
5805865
5805873
5805945
5806047
5806049
5806191
5806213
5806215
5806243
5806349
5806359
5806377
5806383
5806455
5806473
5806589
5806697
5806701
5806825
5806841
5807025
5807059
5807075
5807117
5807253
5807271
5807279
5807315
5807341
5807387
5807537
5807583
5807613
5807681
5807699
5807781
5807801
5807887
5807975
5807987
5808007
5808093
5808131
5808143
5808153
5808271
5808285
5808371
5808395
5808531
5808555
5808603
5808783
5808821
5808861
5808863
5808979
5809119
5809169
5809249
5809273
5809503
5809671
5809689
5809779
5809847
5809973
5809997
5810013
5810207
5810211
5810299
5810327
5810341
5810347
5810501
5810651
5810699
5810701
5810845
5810869
5810889
5810915
5810975
5810981
5811017
5811037
5811091
5811141
5811155
5811171
5811181
5811231
5811265
5811271
5811357
5811425
5811497
5811505
5811513
5811791
5811793
5811831
5811923
5811973
5811975
5811993
5812041
5812051
5812053
5812111
5812119
5812223
5812243
5812261
5812337
5812343
5812355
5812377
5812403
5812459
5812475
5812507
5812553
5812617
5812661
5812717
5812737
5812837
5812933
5812941
5813021
5813383
5813497
5813605
5813713
5813721
5813775
5813857
5813881
5813927
5813961
5814021
5814059
5814073
5814085
5814155
5814175
5814221
5814271
5814359
5814415
5814457
5814473
5814485
5814529
5814735
5814759
5814845
5814957
5815045
5815061
5815249
5815331
5815559
5815571
5815705
5815807
5815853
5816159
5816205
5816223
5816257
5816265
5816267
5816277
5816345
5816361
5816497
5816533
5816699
5816791
5816847
5816887
5816907
5817003
5817055
5817147
5817169
5817175
5817243
5817267
5817379
5817489
5817733
5817763
5817819
5817835
5817887
5817897
5817903
5817979
5818055
5818081
5818141
5818179
5818255
5818261
5818327
5818333
5818407
5818409
5818561
5818671
5818725
5818827
5818847
5818889
5818893
5818921
5818939
5818999
5819043
5819055
5819125
5819127
5819255
5819299
5819391
5819393
5819449
5819519
5819533
5819599
5819605
5819677
5819769
5819953
5819979
5820003
5820023
5820027
5820049
5820061
5820097
5820101
5820103
5820113
5820187
5820231
5820237
5820279
5820317
5820497
5820703
5820717
5820905
5820959
5821105
5821125
5821133
5821161
5821347
5821479
5821625
5821651
5821747
5821757
5821997
5822045
5822047
5822103
5822143
5822231
5822263
5822353
5822417
5822443
5822529
5822595
5822601
5822615
5822681
5822777
5822857
5823063
5823087
5823305
5823363
5823379
5823463
5823597
5823663
5823665
5823699
5823881
5823889
5823929
5824039
5824181
5824183
5824211
5824259
5824265
5824305
5824373
5824563
5824573
5824639
5824685
5824693
5824751
5824835
5824857
5825051
5825205
5825297
5825321
5825473
5825505
5825529
5825809
5825827
5825927
5825981
5826035
5826193
5826329
5826349
5826397
5826497
5826593
5826729
5826747
5826779
5826875
5826925
5826963
5826999
5827027
5827089
5827153
5827401
5827455
5827513
5827575
5827591
5827647
5827681
5827857
5827911
5827939
5828141
5828307
5828351
5828371
5828507
5828547
5828759
5828789
5828911
5828933
5829019
5829029
5829121
5829179
5829387
5829413
5829481
5829545
5829587
5829685
5829733
5829757
5829775
5829807
5829847
5829917
5829931
5830057
5830063
5830091
5830247
5830253
5830357
5830417
5830451
5830505
5830617
5830671
5830703
5830869
5830879
5830923
5830959
5831063
5831091
5831243
5831335
5831361
5831525
5831743
5831745
5831801
5831811
5831823
5831863
5831929
5832063
5832109
5832209
5832231
5832357
5832379
5832453
5832521
5832545
5832567
5832771
5832789
5832883
5832901
5832959
5833001
5833153
5833195
5833345
5833443
5833475
5833485
5833555
5833701
5833927
5834057
5834177
5834257
5834383
5834445
5834519
5834577
5834669
5834793
5834809
5834881
5834923
5834967
5835085
5835137
5835235
5835251
5835315
5835319
5835339
5835351
5835507
5835545
5835557
5835581
5835655
5835715
5835725
5835843
5835885
5835965
5835997
5836053
5836075
5836109
5836137
5836267
5836291
5836321
5836331
5836339
5836463
5836709
5836727
5836959
5837015
5837039
5837093
5837125
5837165
5837225
5837279
5837389
5837451
5837553
5837675
5837737
5837773
5837801
5837863
5837895
5837951
5838003
5838047
5838069
5838095
5838127
5838137
5838147
5838407
5838535
5838545
5838653
5838695
5838909
5838915
5838987
5839039
5839105
5839115
5839141
5839265
5839293
5839375
5839489
5839499
5839565
5839695
5839703
5839759
5839779
5839835
5839875
5839933
5839951
5840061
5840101
5840135
5840191
5840259
5840269
5840343
5840407
5840419
5840661
5840667
5840705
5840755
5840799
5840905
5840969
5841001
5841087
5841163
5841203
5841453
5841477
5841499
5841501
5841525
5841541
5841549
5841561
5841569
5841623
5841649
5841653
5841699
5841775
5841801
5841945
5841969
5841993
5842025
5842059
5842079
5842369
5842483
5842533
5842557
5842585
5842661
5842721
5842769
5842855
5842897
5842931
5843071
5843073
5843091
5843185
5843189
5843197
5843223
5843255
5843483
5843655
5843747
5843853
5844087
5844113
5844221
5844291
5844485
5844681
5844719
5844785
5844903
5844905
5844919
5845035
5845105
5845109
5845183
5845197
5845291
5845307
5845311
5845417
5845547
5845575
5845755
5845795
5845837
5845953
5846141
5846175
5846213
5846299
5846305
5846471
5846595
5846671
5846707
5846755
5846781
5846861
5846975
5846989
5847049
5847129
5847235
5847269
5847273
5847301
5847315
5847371
5847509
5847535
5847633
5847709
5847711
5847719
5847751
5847843
5848047
5848057
5848059
5848073
5848287
5848321
5848371
5848373
5848415
5848435
5848623
5848705
5848737
5848743
5848893
5848947
5848993
5849091
5849235
5849271
5849299
5849307
5849327
5849367
5849395
5849399
5849485
5849493
5849677
5849703
5849717
5849839
5849859
5849881
5850049
5850111
5850265
5850297
5850405
5850713
5850731
5850843
5850937
5851077
5851159
5851175
5851231
5851265
5851369
5851419
5851455
5851499
5851515
5851523
5851633
5851653
5851695
5851735
5851777
5851927
5852007
5852037
5852067
5852187
5852243
5852251
5852285
5852425
5852485
5852625
5852667
5852755
5852757
5852891
5852899
5852977
5853015
5853149
5853171
5853177
5853207
5853285
5853337
5853563
5853589
5853735
5853817
5854229
5854327
5854349
5854355
5854365
5854371
5854381
5854435
5854543
5854573
5854629
5854725
5854729
5854845
5854895
5854935
5854941
5854947
5855103
5855107
5855129
5855145
5855153
5855193
5855279
5855297
5855347
5855349
5855357
5855381
5855459
5855509
5855591
5855647
5855671
5855679
5855697
5855735
5855785
5856155
5856171
5856173
5856177
5856217
5856361
5856411
5856445
5856451
5856463
5856485
5856505
5856521
5856551
5856579
5856639
5856665
5856707
5856725
5856767
5856785
5856817
5856919
5856921
5856989
5857071
5857085
5857119
5857207
5857235
5857247
5857249
5857259
5857289
5857377
5857403
5857443
5857531
5857637
5857645
5857683
5857949
5857963
5858219
5858223
5858323
5858353
5858509
5858511
5858527
5858577
5858653
5858689
5858739
5858787
5858807
5858921
5858933
5858937
5858963
5859007
5859115
5859227
5859383
5859439
5859603
5859757
5859765
5859787
5859791
5859851
5860061
5860195
5860239
5860385
5860435
5860493
5860575
5860761
5860801
5860875
5860949
5860981
5861017
5861115
5861167
5861335
5861397
5861499
5861667
5861893
5861983
5862001
5862077
5862145
5862267
5862317
5862327
5862517
5862647
5862651
5862687
5862759
5862765
5862817
5862845
5862869
5862875
5862973
5862979
5863039
5863051
5863057
5863059
5863093
5863117
5863151
5863227
5863289
5863309
5863365
5863433
5863455
5863521
5863609
5863625
5863855
5863997
5864015
5864021
5864059
5864151
5864195
5864215
5864479
5864637
5864695
5864713
5864803
5864821
5864903
5864995
5865093
5865095
5865143
5865213
5865219
5865231
5865497
5865617
5865697
5865813
5865831
5865989
5865999
5866079
5866089
5866171
5866237
5866301
5866391
5866431
5866475
5866529
5866571
5866577
5866671
5866769
5866835
5867071
5867213
5867235
5867249
5867345
5867347
5867421
5867451
5867481
5867505
5867535
5867543
5867681
5867695
5867757
5867763
5867805
5867857
5867917
5868011
5868023
5868069
5868185
5868275
5868283
5868407
5868489
5868493
5868523
5868547
5868553
5868747
5868753
5868759
5868839
5868993
5869047
5869071
5869147
5869193
5869241
5869271
5869275
5869443
5869479
5869599
5869815
5869857
5869883
5869899
5869999
5870029
5870041
5870111
5870203
5870293
5870347
5870415
5870451
5870499
5870603
5870611
5870791
5870827
5870899
5870921
5870969
5871061
5871187
5871203
5871209
5871219
5871495
5871573
5871593
5871599
5871605
5871627
5871723
5871791
5871873
5871897
5871909
5871927
5872015
5872207
5872247
5872283
5872341
5872347
5872355
5872411
5872471
5872485
5872489
5872513
5872631
5872695
5872763
5872769
5872777
5872785
5872903
5872945
5873003
5873051
5873145
5873581
5873629
5873649
5873685
5873737
5873749
5873763
5873779
5873875
5873965
5874143
5874207
5874273
5874311
5874381
5874431
5874441
5874513
5874665
5874667
5874773
5874861
5874983
5875055
5875161
5875167
5875313
5875327
5875455
5875471
5875483
5875563
5875583
5875603
5875607
5875619
5875621
5875631
5875703
5875783
5876177
5876249
5876289
5876427
5876429
5876483
5876513
5876609
5876661
5876669
5876769
5876771
5876839
5876883
5876961
5877011
5877023
5877121
5877229
5877269
5877569
5877713
5877747
5877775
5877845
5877893
5877897
5877969
5878005
5878023
5878079
5878185
5878197
5878249
5878321
5878347
5878361
5878431
5878593
5878617
5878679
5878697
5878723
5878817
5878819
5879131
5879303
5879307
5879327
5879371
5879637
5879729
5879745
5879785
5879801
5879825
5879909
5879935
5879943
5879959
5879999
5880129
5880221
5880251
5880269
5880369
5880409
5880517
5880631
5880729
5880851
5880891
5880977
5881097
5881115
5881157
5881175
5881261
5881299
5881387
5881389
5881445
5881503
5881587
5881691
5881785
5881803
5881807
5881893
5881909
5882083
5882091
5882119
5882129
5882171
5882251
5882281
5882361
5882373
5882397
5882419
5882463
5882505
5882637
5882675
5882721
5882741
5882757
5882849
5882869
5882939
5882991
5883007
5883023
5883037
5883103
5883231
5883329
5883413
5883439
5883447
5883487
5883653
5883659
5883665
5883761
5883891
5883973
5884093
5884321
5884425
5884595
5885175
5885243
5885281
5885465
5885475
5885519
5885551
5885599
5885671
5885737
5885765
5885853
5885937
5886019
5886031
5886063
5886117
5886123
5886125
5886147
5886229
5886289
5886305
5886495
5886693
5886775
5886789
5886807
5886821
5886843
5886847
5887003
5887033
5887119
5887135
5887305
5887307
5887319
5887345
5887389
5887403
5887455
5887517
5887543
5887607
5887679
5887699
5887763
5887799
5887869
5887913
5887943
5888081
5888183
5888259
5888289
5888297
5888375
5888439
5888529
5888547
5888555
5888639
5888681
5888729
5888741
5888907
5888963
5889029
5889043
5889137
5889151
5889193
5889227
5889231
5889241
5889255
5889317
5889367
5889531
5889551
5889571
5889841
5889843
5889849
5889887
5889959
5890009
5890045
5890055
5890525
5890537
5890575
5890675
5890807
5890849
5890973
5891015
5891027
5891051
5891053
5891191
5891193
5891231
5891305
5891377
5891419
5891499
5891547
5891611
5891617
5891775
5891797
5892045
5892323
5892351
5892393
5892405
5892443
5892447
5892541
5892757
5892799
5892981
5893051
5893089
5893121
5893141
5893173
5893187
5893245
5893547
5893549
5893563
5893685
5893717
5893757
5893899
5893943
5893949
5894149
5894193
5894255
5894299
5894307
5894351
5894377
5894449
5894473
5894511
5894523
5894657
5894707
5894787
5894811
5894919
5894971
5895101
5895239
5895319
5895375
5895381
5895387
5895603
5895627
5895689
5896015
5896073
5896121
5896205
5896233
5896289
5896299
5896547
5896661
5896671
5896691
5896703
5896717
5896867
5896883
5897021
5897033
5897089
5897153
5897163
5897179
5897223
5897229
5897235
5897301
5897395
5897541
5897633
5897673
5897855
5897949
5897963
5897981
5897987
5898087
5898343
5898369
5898381
5898487
5898611
5898661
5898671
5898707
5898755
5898777
5898805
5898813
5898839
5898933
5898945
5898957
5898965
5899019
5899091
5899103
5899129
5899239
5899435
5899519
5899537
5899573
5899633
5899711
5899777
5899849
5899895
5899981
5900087
5900241
5900339
5900391
5900425
5900451
5900461
5900533
5900601
5900673
5900769
5900789
5900869
5900915
5901139
5901179
5901211
5901297
5901495
5901497
5901857
5901949
5901955
5901979
5901987
5902185
5902263
5902305
5902313
5902339
5902525
5902535
5902603
5902703
5902739
5902813
5903173
5903389
5903459
5903531
5903561
5903593
5903783
5903813
5903997
5904033
5904099
5904147
5904195
5904245
5904307
5904363
5904475
5904549
5904587
5904677
5904681
5904691
5904869
5904875
5904911
5904937
5905019
5905037
5905071
5905073
5905239
5905285
5905365
5905413
5905513
5905643
5905659
5905701
5905851
5905857
5905975
5906125
5906241
5906541
5906705
5906715
5906765
5906919
5907155
5907241
5907325
5907771
5907803
5907807
5907809
5907849
5907917
5907977
5907997
5908157
5908187
5908209
5908423
5908491
5908529
5908585
5908611
5908617
5908707
5908739
5908793
5908881
5908883
5909063
5909071
5909215
5909229
5909245
5909449
5909513
5909549
5909605
5909625
5909627
5909631
5909751
5909831
5909887
5909941
5910145
5910193
5910205
5910213
5910217
5910219
5910345
5910505
5910507
5910539
5910689
5910739
5910809
5910955
5911139
5911207
5911315
5911349
5911471
5911581
5911617
5911629
5911689
5911799
5911809
5911863
5911919
5912109
5912173
5912445
5912727
5912883
5912889
5912939
5912941
5912953
5913025
5913045
5913049
5913271
5913353
5913479
5913481
5913681
5913733
5913809
5913831
5913927
5914029
5914093
5914117
5914309
5914333
5914341
5914593
5914703
5914733
5914751
5914823
5914867
5914941
5915023
5915043
5915071
5915085
5915217
5915247
5915279
5915351
5915497
5915523
5915559
5915577
5915589
5915595
5915683
5915727
5915745
5915771
5915829
5915911
5915981
5916121
5916249
5916255
5916257
5916297
5916311
5916315
5916325
5916421
5916453
5916505
5916537
5916731
5916847
5916929
5916943
5916951
5917003
5917041
5917083
5917113
5917197
5917335
5917387
5917389
5917429
5917573
5917617
5917621
5917689
5917715
5917727
5917781
5917787
5917959
5917981
5918159
5918163
5918257
5918265
5918449
5918493
5918517
5918549
5918623
5918625
5918647
5918789
5918915
5918931
5919101
5919139
5919167
5919183
5919215
5919355
5919369
5919387
5919429
5919551
5919609
5919621
5919717
5919835
5919867
5919933
5919971
5920091
5920239
5920281
5920309
5920409
5920481
5920515
5920529
5920571
5920581
5920621
5920893
5920971
5921147
5921183
5921379
5921543
5921615
5921639
5921729
5921763
5921813
5921835
5921899
5921909
5921973
5922003
5922019
5922075
5922173
5922245
5922385
5922441
5922447
5922565
5922683
5922725
5922835
5922903
5922933
5923005
5923013
5923051
5923067
5923127
5923211
5923229
5923261
5923289
5923293
5923299
5923315
5923433
5923481
5923521
5923583
5923589
5923607
5923669
5923709
5924027
5924165
5924211
5924217
5924315
5924319
5924385
5924431
5924433
5924487
5924595
5924597
5924743
5924791
5924795
5924833
5924955
5925207
5925245
5925293
5925501
5925649
5925695
5925771
5925791
5926007
5926101
5926161
5926339
5926343
5926359
5926499
5926503
5926597
5926603
5926615
5926679
5926783
5926785
5926893
5926953
5927041
5927105
5927241
5927261
5927325
5927339
5927505
5927535
5927577
5927717
5927729
5927777
5927817
5927833
5927965
5928239
5928245
5928265
5928363
5928409
5928549
5928729
5928863
5928881
5928987
5928991
5929101
5929109
5929239
5929271
5929333
5929407
5929411
5929427
5929431
5929683
5929743
5929809
5929839
5929847
5929959
5930113
5930267
5930381
5930385
5930591
5930757
5930801
5930865
5930869
5930885
5930889
5930897
5930977
5931003
5931179
5931257
5931355
5931485
5931591
5931623
5931739
5931741
5931881
5931969
5932323
5932333
5932617
5932731
5932775
5932921
5933111
5933287
5933301
5933321
5933335
5933379
5933405
5933451
5933477
5933483
5933641
5933645
5933899
5934039
5934043
5934105
5934119
5934281
5934307
5934337
5934373
5934451
5934583
5934597
5934757
5934763
5934795
5934853
5935011
5935041
5935129
5935139
5935247
5935259
5935265
5935471
5935477
5935617
5935637
5935733
5935929
5935937
5936033
5936039
5936073
5936165
5936191
5936231
5936401
5936433
5936471
5936509
5936699
5936763
5936825
5936955
5937061
5937063
5937103
5937223
5937321
5937341
5937371
5937515
5937567
5937585
5937643
5937657
5937673
5937757
5937879
5937881
5938057
5938117
5938239
5938251
5938333
5938361
5938373
5938399
5938433
5938443
5938551
5938563
5938609
5938655
5938697
5938803
5938993
5939077
5939099
5939153
5939269
5939321
5939363
5939383
5939411
5939413
5939575
5939657
5939665
5939787
5939789
5939821
5939863
5939877
5939965
5940045
5940127
5940231
5940233
5940241
5940265
5940273
5940303
5940321
5940387
5940403
5940425
5940431
5940443
5940479
5940579
5940645
5940651
5940679
5940681
5940699
5940749
5940751
5940809
5940845
5941067
5941141
5941291
5941329
5941369
5941411
5941465
5941641
5941677
5941821
5941873
5941917
5941983
5941985
5942003
5942025
5942197
5942223
5942273
5942277
5942405
5942443
5942511
5942699
5942827
5942867
5942897
5942905
5942965
5943045
5943163
5943229
5943269
5943289
5943313
5943331
5943425
5943437
5943495
5943611
5943615
5943621
5943653
5943923
5943935
5944049
5944121
5944147
5944253
5944259
5944269
5944483
5944533
5944541
5944565
5944645
5944677
5944713
5944725
5944795
5944877
5945039
5945097
5945143
5945209
5945275
5945427
5945519
5945539
5945609
5945631
5945721
5945807
5945835
5945859
5945899
5945915
5945933
5945971
5945989
5946133
5946287
5946491
5946513
5946691
5946817
5946863
5946893
5946947
5946987
5947095
5947155
5947199
5947361
5947425
5947463
5947473
5947549
5947789
5947833
5947853
5948017
5948027
5948051
5948061
5948101
5948113
5948211
5948247
5948263
5948349
5948355
5948379
5948403
5948419
5948423
5948645
5948841
5948877
5948999
5949195
5949289
5949299
5949365
5949727
5949889
5949901
5949957
5949967
5950089
5950165
5950203
5950357
5950385
5950405
5950519
5950571
5950649
5950713
5950839
5950907
5950917
5951009
5951129
5951157
5951299
5951331
5951349
5951353
5951425
5951563
5951569
5951603
5951653
5951767
5951769
5951799
5951977
5951985
5951995
5952023
5952087
5952129
5952215
5952281
5952469
5952481
5952545
5952695
5952697
5952885
5952937
5953005
5953079
5953095
5953111
5953155
5953181
5953205
5953343
5953369
5953377
5953683
5953819
5953847
5953925
5954029
5954053
5954085
5954283
5954343
5954351
5954527
5954709
5954757
5954795
5954925
5954937
5955129
5955175
5955241
5955399
5955417
5955565
5955653
5955659
5955695
5955711
5955799
5955905
5955979
5955997
5956025
5956067
5956093
5956191
5956221
5956293
5956341
5956379
5956481
5956673
5956745
5956765
5956777
5956899
5956927
5956961
5957145
5957181
5957267
5957313
5957353
5957405
5957417
5957443
5957523
5957535
5957543
5957549
5957801
5957815
5957897
5957919
5957929
5958025
5958165
5958189
5958209
5958217
5958233
5958239
5958249
5958345
5958415
5958437
5958529
5958587
5958661
5958667
5958673
5958685
5958747
5958809
5958905
5958921
5958963
5959107
5959177
5959357
5959375
5959403
5959461
5959609
5959683
5959715
5959791
5959897
5959955
5960039
5960055
5960161
5960169
5960255
5960311
5960439
5960615
5960637
5960803
5961003
5961133
5961193
5961201
5961253
5961259
5961289
5961313
5961463
5961485
5961547
5961623
5961829
5961845
5961847
5961873
5962107
5962123
5962245
5962397
5962505
5962579
5962701
5962731
5963073
5963087
5963089
5963131
5963237
5963277
5963333
5963425
5963583
5963675
5963713
5964009
5964055
5964093
5964143
5964167
5964215
5964251
5964315
5964331
5964357
5964579
5964603
5964713
5964749
5964915
5964933
5965105
5965141
5965223
5965343
5965465
5965485
5965609
5965689
5965731
5965807
5965839
5965857
5965997
5966021
5966105
5966179
5966197
5966237
5966275
5966283
5966373
5966427
5966445
5966631
5966679
5966697
5966723
5966743
5966785
5966801
5966849
5966979
5966993
5967091
5967185
5967209
5967237
5967269
5967463
5967539
5967551
5967575
5967807
5967863
5967901
5967937
5967997
5968033
5968095
5968241
5968393
5968397
5968449
5968469
5968617
5968627
5968635
5968725
5968745
5968759
5968781
5968797
5968821
5968899
5969001
5969075
5969197
5969281
5969295
5969363
5969385
5969393
5969483
5969493
5969525
5969567
5969833
5970043
5970143
5970197
5970373
5970511
5970695
5970697
5970939
5970991
5971105
5971129
5971151
5971209
5971237
5971307
5971419
5971461
5971471
5971477
5971481
5971603
5971743
5971757
5971801
5971871
5971905
5972015
5972067
5972075
5972167
5972203
5972247
5972273
5972373
5972383
5972467
5972505
5972515
5972533
5972591
5972749
5972893
5972911
5972943
5972963
5973061
5973097
5973155
5973253
5973263
5973351
5973439
5973453
5973493
5973555
5973607
5973613
5973709
5973721
5973753
5973771
5973875
5973941
5973961
5973983
5974031
5974045
5974187
5974351
5974403
5974425
5974433
5974537
5974651
5974657
5974667
5974691
5974705
5974717
5974723
5974729
5974807
5974869
5974905
5974919
5974973
5975017
5975021
5975227
5975229
5975299
5975313
5975435
5975443
5975535
5975547
5975555
5975615
5975617
5975663
5975707
5975857
5975929
5975933
5975949
5975967
5976019
5976099
5976163
5976169
5976195
5976213
5976335
5976401
5976435
5976515
5976543
5976725
5976811
5976831
5976905
5977011
5977103
5977135
5977181
5977231
5977245
5977307
5977545
5977561
5977681
5977711
5977715
5977745
5977819
5977855
5977893
5977905
5977909
5977917
5977953
5977981
5977989
5977995
5977997
5978223
5978339
5978347
5978387
5978469
5978487
5978491
5978599
5978705
5978709
5978717
5978851
5978873
5978901
5978913
5978965
5979031
5979201
5979249
5979277
5979289
5979301
5979389
5979393
5979407
5979419
5979421
5979563
5979579
5979587
5979637
5979639
5979667
5979669
5979673
5979689
5979783
5979797
5979961
5980145
5980195
5980327
5980335
5980343
5980403
5980537
5980545
5980723
5980819
5980841
5980929
5980955
5980997
5981049
5981091
5981205
5981241
5981321
5981425
5981521
5981599
5981609
5981631
5981711
5981951
5981957
5982103
5982105
5982175
5982341
5982385
5982409
5982519
5982655
5982739
5982937
5982953
5982999
5983141
5983165
5983295
5983309
5983325
5983401
5983421
5983437
5983517
5983563
5983657
5983871
5983933
5984031
5984041
5984153
5984197
5984297
5984361
5984495
5984627
5984675
5984925
5985175
5985217
5985235
5985245
5985267
5985373
5985411
5985455
5985713
5985843
5985897
5985905
5985983
5986063
5986215
5986263
5986293
5986355
5986423
5986425
5986463
5986559
5986621
5986731
5986751
5986783
5986843
5986865
5986877
5987051
5987099
5987221
5987231
5987253
5987271
5987329
5987357
5987373
5987487
5987521
5987641
5987703
5987711
5987715
5987749
5987969
5988017
5988293
5988343
5988483
5988601
5988687
5988697
5988747
5988833
5988851
5989053
5989063
5989127
5989209
5989359
5989367
5989671
5989717
5989719
5989775
5989947
5989987
5990143
5990229
5990235
5990317
5990363
5990391
5990453
5990529
5990635
5990639
5990709
5990737
5990819
5990827
5990915
5990923
5990925
5991093
5991221
5991287
5991319
5991335
5991455
5991467
5991529
5991641
5991647
5991669
5991719
5991773
5991779
5991845
5991857
5991861
5991893
5991941
5991967
5992127
5992173
5992213
5992379
5992495
5992519
5992523
5992569
5992603
5992611
5992913
5992919
5992959
5993025
5993037
5993101
5993107
5993145
5993177
5993403
5993413
5993431
5993443
5993529
5993547
5993695
5993795
5993809
5993827
5994013
5994129
5994341
5994357
5994359
5994393
5994447
5994541
5994563
5994679
5994683
5994695
5994707
5994837
5994981
5995041
5995129
5995181
5995315
5995425
5995511
5995563
5995591
5995607
5995727
5995733
5995779
5995823
5995905
5996019
5996047
5996137
5996161
5996407
5996435
5996575
5996601
5996691
5996967
5997043
5997063
5997089
5997133
5997145
5997153
5997329
5997425
5997525
5997533
5997777
5997791
5997809
5997839
5997923
5998005
5998197
5998311
5998399
5998409
5998515
5998533
5998571
5998573
5998601
5998613
5998689
5998731
5998855
5998867
5999047
5999049
5999221
5999255
5999355
5999385
5999555
5999627
5999797
5999873
5999899
5999933
5999941
