# proven primes: b with (b^16+1)/2 prime (APR-CL), block [6000000,7000000)
6000041
6000061
6000069
6000103
6000223
6000255
6000279
6000457
6000507
6000709
6000869
6000883
6000891
6000909
6001041
6001091
6001121
6001243
6001305
6001351
6001413
6001719
6001799
6001839
6001889
6001899
6001957
6002031
6002033
6002181
6002191
6002271
6002287
6002541
6002585
6002647
6002651
6002695
6002705
6002763
6002911
6002963
6003039
6003109
6003225
6003363
6003449
6003459
6003485
6003501
6003529
6003669
6003701
6003741
6003799
6003803
6003825
6003969
6004149
6004153
6004191
6004195
6004241
6004341
6004343
6004371
6004507
6004511
6004601
6004651
6004661
6004693
6004735
6004761
6004975
6005035
6005055
6005087
6005093
6005163
6005223
6005227
6005261
6005311
6005335
6005453
6005461
6005633
6005645
6005737
6005739
6005761
6005861
6005963
6005965
6005997
6006021
6006023
6006089
6006253
6006451
6006505
6006521
6006541
6006579
6006597
6007269
6007331
6007351
6007573
6007593
6007655
6007761
6007795
6007799
6007863
6007991
6008069
6008085
6008155
6008165
6008181
6008221
6008239
6008277
6008279
6008353
6008537
6008583
6008821
6008925
6009029
6009123
6009139
6009165
6009339
6009377
6009391
6009441
6009507
6009613
6009617
6009675
6009723
6009965
6010095
6010113
6010115
6010249
6010305
6010331
6010367
6010437
6010609
6010695
6010807
6010831
6010835
6010867
6010911
6010981
6011051
6011173
6011355
6011365
6011381
6011387
6011467
6011493
6011511
6011569
6011581
6011719
6011825
6011903
6011913
6011957
6011977
6011995
6012037
6012059
6012145
6012263
6012329
6012413
6012415
6012421
6012451
6012461
6012567
6012589
6012611
6012617
6012681
6012683
6012799
6012915
6013019
6013125
6013151
6013153
6013237
6013241
6013419
6013511
6013547
6013583
6013659
6013731
6013797
6013801
6013943
6013953
6013983
6013995
6014003
6014039
6014109
6014129
6014187
6014291
6014303
6014381
6014403
6014419
6014427
6014517
6014697
6014943
6014973
6015027
6015089
6015117
6015249
6015259
6015271
6015279
6015311
6015537
6015605
6015665
6015757
6015857
6015891
6015937
6016029
6016059
6016151
6016225
6016275
6016301
6016315
6016351
6016419
6016861
6016909
6017065
6017135
6017187
6017207
6017255
6017311
6017643
6017663
6017833
6017857
6017881
6017911
6018027
6018171
6018261
6018329
6018355
6018427
6018497
6018499
6018651
6018759
6018995
6019135
6019139
6019235
6019323
6019587
6019895
6019899
6019921
6019967
6019981
6020023
6020173
6020179
6020187
6020231
6020331
6020349
6020393
6020435
6020531
6020591
6020629
6020819
6020831
6020855
6020879
6021129
6021167
6021345
6021375
6021433
6021595
6021655
6021723
6021729
6021753
6021789
6021793
6021871
6021905
6021939
6021949
6022013
6022059
6022063
6022345
6022445
6022461
6022483
6022495
6022497
6022627
6022669
6022701
6022747
6022771
6022773
6022839
6022865
6022911
6022947
6022999
6023003
6023143
6023285
6023315
6023417
6023431
6023459
6023515
6023689
6023697
6023823
6023887
6023931
6024045
6024053
6024163
6024175
6024187
6024373
6024415
6024443
6024465
6024523
6024575
6024587
6024679
6024687
6024717
6024853
6024891
6024897
6024901
6024913
6025081
6025205
6025357
6025449
6025499
6025541
6025613
6025687
6025719
6025775
6025945
6026193
6026231
6026247
6026421
6026429
6026507
6026575
6026599
6026619
6026731
6026843
6026851
6026879
6027113
6027233
6027291
6027355
6027363
6027401
6027429
6027565
6027721
6027809
6027839
6027853
6027857
6027941
6027981
6027985
6028017
6028165
6028267
6028291
6028299
6028355
6028395
6028405
6028563
6028577
6028649
6028945
6029089
6029091
6029115
6029145
6029373
6029467
6029529
6029557
6029627
6029681
6029795
6029945
6029999
6030067
6030071
6030081
6030195
6030207
6030235
6030321
6030323
6030375
6030449
6030517
6030583
6030613
6030655
6030667
6030673
6030687
6030707
6030993
6031035
6031153
6031309
6031339
6031363
6031387
6031497
6031501
6031531
6031597
6031641
6031685
6031711
6031713
6031751
6032049
6032133
6032197
6032211
6032297
6032349
6032401
6032439
6032457
6032483
6032571
6032753
6032785
6032805
6032855
6032865
6032911
6032971
6032977
6033083
6033369
6033447
6033481
6033493
6033609
6033683
6033739
6033777
6033799
6033903
6033925
6033953
6034093
6034097
6034279
6034305
6034323
6034723
6034919
6034953
6035037
6035119
6035151
6035183
6035203
6035339
6035445
6035607
6035691
6035739
6035753
6035769
6035777
6035861
6035889
6035911
6035961
6036031
6036095
6036159
6036563
6036591
6036667
6036745
6036849
6036879
6036881
6036909
6037005
6037185
6037227
6037505
6037571
6037675
6037679
6037685
6037903
6037923
6038063
6038099
6038105
6038193
6038213
6038235
6038453
6038471
6038577
6038597
6038627
6038861
6038921
6038977
6039163
6039281
6039291
6039329
6039555
6039615
6039649
6039665
6039753
6039845
6039985
6040083
6040097
6040111
6040119
6040183
6040231
6040357
6040397
6040417
6040465
6040565
6040661
6040757
6040763
6040769
6040785
6040821
6040999
6041081
6041125
6041207
6041233
6041245
6041323
6041473
6041507
6041575
6041577
6041667
6041839
6041887
6041901
6041925
6041971
6042001
6042037
6042213
6042263
6042317
6042319
6042327
6042359
6042373
6042403
6042493
6042541
6042545
6042583
6042591
6042737
6042783
6042833
6042847
6042879
6043019
6043025
6043041
6043075
6043143
6043189
6043207
6043387
6043393
6043439
6043503
6043567
6043617
6043623
6043633
6043863
6043951
6044017
6044031
6044129
6044151
6044237
6044249
6044251
6044335
6044363
6044753
6044823
6045053
6045067
6045133
6045147
6045203
6045305
6045319
6045507
6045639
6045781
6045793
6045899
6045923
6045963
6045999
6046081
6046111
6046133
6046297
6046301
6046349
6046419
6046437
6046551
6046567
6046639
6046761
6046821
6046877
6046879
6046931
6046933
6047065
6047075
6047093
6047265
6047367
6047385
6047391
6047397
6047449
6047463
6047503
6047619
6047661
6047691
6047815
6047853
6047911
6047977
6048023
6048111
6048203
6048281
6048297
6048341
6048353
6048425
6048561
6048691
6048809
6048825
6048897
6048977
6048985
6049099
6049211
6049217
6049237
6049259
6049299
6049581
6049625
6049653
6049667
6049931
6050075
6050257
6050261
6050269
6050289
6050307
6050313
6050445
6050499
6050753
6050803
6050811
6050909
6050973
6050979
6051033
6051141
6051243
6051257
6051335
6051343
6051439
6051607
6051625
6051737
6051781
6051847
6051919
6052021
6052041
6052055
6052103
6052107
6052139
6052205
6052317
6052337
6052419
6052445
6052623
6052783
6052791
6052817
6052965
6053105
6053115
6053135
6053141
6053195
6053293
6053309
6053341
6053397
6053443
6053465
6053549
6053599
6053641
6053733
6053777
6053783
6053791
6053805
6053829
6053861
6053925
6053959
6054105
6054111
6054129
6054149
6054151
6054161
6054211
6054239
6054311
6054315
6054317
6054383
6054425
6054439
6054485
6054557
6054567
6054739
6054749
6054767
6054801
6054885
6054895
6054955
6055123
6055199
6055223
6055257
6055327
6055431
6055455
6055515
6055541
6055615
6055727
6056025
6056059
6056309
6056675
6056693
6056755
6056759
6056857
6056869
6056997
6057009
6057059
6057071
6057081
6057141
6057223
6057351
6057407
6057463
6057495
6057529
6057575
6057755
6057795
6057813
6057837
6057881
6057897
6057927
6057981
6058013
6058131
6058207
6058267
6058307
6058365
6058519
6058539
6058703
6058749
6058853
6058947
6059013
6059041
6059087
6059119
6059165
6059215
6059281
6059399
6059475
6059557
6059611
6059625
6059669
6059737
6059777
6059825
6059903
6060001
6060007
6060017
6060053
6060059
6060065
6060115
6060193
6060205
6060259
6060393
6060395
6060577
6060603
6060727
6060819
6060957
6061045
6061083
6061143
6061253
6061255
6061313
6061331
6061429
6061459
6061569
6061681
6061689
6061805
6061857
6061869
6061885
6061891
6061907
6062003
6062039
6062119
6062129
6062143
6062169
6062223
6062333
6062371
6062579
6062601
6062693
6062697
6062795
6062799
6062801
6062813
6062883
6062895
6062909
6063009
6063041
6063057
6063091
6063095
6063139
6063163
6063189
6063249
6063335
6063453
6063481
6063535
6063579
6063637
6063655
6063685
6063689
6063725
6063765
6063829
6063857
6063863
6063871
6063897
6063899
6064015
6064075
6064151
6064161
6064165
6064207
6064213
6064217
6064247
6064257
6064331
6064401
6064443
6064573
6064627
6064645
6064659
6064719
6064739
6064819
6064935
6064939
6064961
6064979
6064981
6065043
6065045
6065061
6065105
6065111
6065157
6065437
6065579
6065651
6065717
6065733
6065801
6065845
6065907
6066067
6066139
6066359
6066407
6066437
6066487
6066569
6066669
6066671
6066681
6066923
6067011
6067099
6067127
6067163
6067173
6067229
6067257
6067473
6067513
6067561
6067639
6067645
6067817
6067821
6067871
6067925
6067937
6067981
6068029
6068161
6068169
6068261
6068281
6068385
6068505
6068515
6068705
6068719
6068721
6068829
6068849
6068879
6068933
6068955
6068981
6069219
6069243
6069281
6069317
6069403
6069431
6069435
6069461
6069641
6069685
6069687
6069721
6069725
6069751
6069871
6069909
6069925
6069945
6070025
6070045
6070077
6070097
6070107
6070145
6070287
6070301
6070321
6070395
6070431
6070465
6070491
6070633
6070677
6070683
6070763
6070819
6070851
6070881
6070935
6070957
6071219
6071233
6071261
6071621
6071643
6071707
6071733
6071781
6071841
6071845
6071915
6071925
6071969
6072043
6072063
6072271
6072279
6072369
6072437
6072447
6072459
6072513
6072659
6072695
6072717
6072725
6072745
6072823
6072891
6072897
6072983
6073067
6073127
6073175
6073191
6073279
6073291
6073329
6073349
6073399
6073595
6073859
6073893
6073925
6073937
6073963
6073983
6074197
6074301
6074337
6074371
6074395
6074427
6074471
6074489
6074581
6074759
6074807
6075011
6075035
6075159
6075251
6075255
6075261
6075287
6075313
6075379
6075395
6075481
6075529
6075577
6075593
6075715
6075751
6075869
6075965
6076033
6076209
6076277
6076377
6076381
6076397
6076465
6076467
6076543
6076649
6076685
6076689
6076853
6076989
6077029
6077035
6077061
6077089
6077093
6077149
6077183
6077351
6077381
6077407
6077413
6077455
6077473
6077511
6077517
6077575
6077583
6077773
6077959
6078149
6078401
6078423
6078425
6078503
6078513
6078555
6078713
6078731
6078831
6078987
6079099
6079173
6079383
6079595
6079667
6079695
6079743
6079745
6079763
6079867
6079869
6080001
6080043
6080119
6080129
6080195
6080251
6080289
6080343
6080377
6080559
6080621
6080735
6080919
6081093
6081131
6081155
6081207
6081343
6081345
6081481
6081509
6081529
6081657
6081701
6081705
6081733
6081735
6081767
6081813
6081911
6081921
6081923
6081961
6081983
6082085
6082213
6082443
6082465
6082585
6082687
6082697
6082775
6082779
6082883
6082919
6082969
6083059
6083075
6083147
6083187
6083197
6083221
6083241
6083271
6083299
6083341
6083347
6083363
6083423
6083457
6083593
6083803
6083871
6083875
6084001
6084003
6084037
6084221
6084329
6084331
6084387
6084391
6084443
6084455
6084641
6084659
6084737
6084781
6084847
6084891
6084963
6084981
6085061
6085101
6085163
6085185
6085211
6085297
6085333
6085463
6085465
6085569
6085673
6085675
6085753
6085793
6085887
6085901
6086277
6086409
6086543
6086639
6086675
6086693
6086717
6086751
6086907
6087175
6087203
6087211
6087433
6087511
6087601
6087631
6087639
6087731
6087825
6087993
6088067
6088123
6088147
6088173
6088231
6088461
6088483
6088737
6088747
6088853
6088873
6089055
6089061
6089109
6089139
6089181
6089669
6089713
6089747
6089901
6090027
6090045
6090113
6090119
6090237
6090247
6090333
6090471
6090517
6090643
6090661
6090665
6090709
6090849
6091077
6091153
6091173
6091253
6091255
6091285
6091325
6091539
6091579
6091609
6091649
6091733
6091777
6091837
6091981
6091991
6092079
6092203
6092273
6092291
6092347
6092373
6092467
6092485
6092603
6092607
6092653
6092681
6092811
6092849
6092995
6093023
6093073
6093109
6093265
6093395
6093549
6093571
6093725
6093731
6093755
6093853
6093953
6093993
6094087
6094151
6094205
6094229
6094305
6094333
6094359
6094389
6094463
6094519
6094589
6094727
6094861
6094865
6094885
6094897
6095043
6095077
6095131
6095271
6095351
6095487
6095575
6095599
6095639
6095839
6095857
6095875
6095905
6095957
6096033
6096191
6096239
6096355
6096403
6096633
6096647
6096839
6096849
6096897
6096929
6096973
6097017
6097125
6097137
6097161
6097235
6097249
6097381
6097387
6097455
6097499
6097819
6097985
6098041
6098087
6098135
6098227
6098525
6098537
6098749
6098863
6098907
6098971
6099145
6099225
6099231
6099323
6099363
6099597
6099633
6099645
6099719
6099753
6099787
6099841
6099855
6100103
6100149
6100185
6100227
6100317
6100331
6100353
6100463
6100625
6100645
6100685
6100723
6100757
6100903
6101025
6101143
6101201
6101303
6101307
6101391
6101491
6101495
6101697
6101717
6101725
6101793
6101947
6102111
6102125
6102157
6102249
6102323
6102393
6102437
6102503
6102507
6102537
6102553
6102629
6102633
6102655
6102787
6102817
6102909
6102927
6103015
6103255
6103347
6103349
6103529
6103563
6103619
6103623
6103689
6103865
6103951
6103983
6103999
6104157
6104161
6104199
6104207
6104285
6104299
6104315
6104377
6104409
6104457
6104593
6104709
6104745
6104927
6104929
6104939
6104971
6104979
6105087
6105109
6105197
6105237
6105573
6105653
6105677
6105701
6105733
6105765
6106017
6106035
6106043
6106149
6106151
6106189
6106215
6106235
6106375
6106409
6106503
6106565
6106569
6106585
6106613
6106617
6106675
6106693
6106701
6106741
6106825
6107071
6107143
6107179
6107221
6107289
6107317
6107467
6107529
6107533
6107551
6107617
6107621
6107661
6107715
6107717
6107751
6107767
6107773
6107873
6107927
6107961
6107991
6108011
6108017
6108209
6108227
6108327
6108439
6108477
6108483
6108851
6108879
6108931
6108949
6109001
6109081
6109151
6109165
6109175
6109231
6109239
6109277
6109287
6109501
6109583
6109605
6109743
6109775
6109819
6109841
6109917
6109965
6110025
6110035
6110045
6110159
6110271
6110297
6110333
6110407
6110457
6110527
6110547
6110653
6110711
6110771
6111025
6111027
6111153
6111281
6111371
6111377
6111391
6111423
6111591
6111611
6111791
6111811
6111815
6111889
6111955
6112027
6112177
6112179
6112245
6112269
6112277
6112283
6112375
6112463
6112515
6112583
6112585
6112645
6112807
6112821
6112857
6112887
6113091
6113253
6113371
6113437
6113511
6113515
6113699
6113717
6113813
6113827
6113869
6113887
6113935
6113983
6114081
6114095
6114215
6114239
6114249
6114335
6114517
6114531
6114541
6114587
6114597
6114637
6114687
6114689
6114709
6114719
6114819
6114841
6114955
6115155
6115361
6115569
6115591
6115659
6115921
6115987
6116303
6116317
6116367
6116573
6116603
6116605
6116609
6116611
6116709
6116745
6116825
6116927
6116957
6117005
6117055
6117257
6117427
6117495
6117509
6117553
6117609
6117637
6117653
6117657
6117705
6118027
6118225
6118315
6118367
6118491
6118679
6118757
6118813
6118825
6118889
6118901
6118955
6119247
6119255
6119299
6119521
6119525
6119545
6119571
6119573
6119677
6119725
6119779
6119801
6119859
6119863
6119917
6120021
6120035
6120121
6120139
6120251
6120275
6120277
6120299
6120303
6120371
6120453
6120465
6120529
6120611
6120665
6120819
6120841
6121279
6121311
6121355
6121381
6121437
6121487
6121523
6121633
6121649
6121655
6121675
6121773
6121903
6121943
6122083
6122223
6122339
6122403
6122447
6122503
6122673
6122833
6122871
6122907
6122925
6122943
6123039
6123041
6123195
6123307
6123391
6123405
6123827
6123853
6123909
6123987
6124009
6124057
6124103
6124143
6124275
6124351
6124363
6124381
6124435
6124443
6124721
6124777
6124779
6124805
6124853
6125007
6125039
6125121
6125259
6125441
6125657
6125961
6125977
6126279
6126301
6126315
6126329
6126415
6126643
6126717
6126875
6126961
6127087
6127133
6127303
6127317
6127335
6127353
6127469
6127491
6127569
6127575
6127673
6127865
6127877
6128035
6128175
6128229
6128289
6128331
6128351
6128395
6128451
6128753
6128871
6129069
6129187
6129215
6129249
6129259
6129297
6129337
6129429
6129523
6129531
6129623
6129635
6129717
6129821
6130007
6130055
6130059
6130117
6130199
6130271
6130313
6130361
6130363
6130367
6130401
6130403
6130465
6130497
6130567
6130689
6130777
6130783
6130947
6130957
6131153
6131171
6131305
6131401
6131457
6131481
6131507
6131527
6131539
6131727
6131735
6131877
6131917
6131961
6132027
6132129
6132151
6132177
6132239
6132279
6132291
6132367
6132421
6132547
6132713
6132741
6132755
6132781
6132819
6132865
6132959
6132997
6133023
6133073
6133109
6133127
6133155
6133191
6133229
6133279
6133281
6133303
6133465
6133495
6133537
6133551
6133641
6133677
6133783
6133821
6134025
6134271
6134295
6134309
6134383
6134443
6134451
6134557
6134587
6134637
6134751
6134775
6134805
6134901
6134935
6134975
6135129
6135149
6135165
6135223
6135309
6135321
6135323
6135335
6135433
6135485
6135519
6135615
6135723
6135731
6135749
6135953
6135969
6136043
6136097
6136125
6136131
6136213
6136263
6136385
6136555
6136613
6136645
6136679
6136755
6136773
6136811
6137375
6137405
6137427
6137595
6137603
6137677
6137765
6137797
6137989
6138001
6138015
6138113
6138219
6138281
6138619
6138621
6138965
6139127
6139303
6139325
6139371
6139453
6139567
6139575
6139639
6139803
6139817
6139819
6139891
6139929
6139965
6140001
6140069
6140091
6140117
6140205
6140503
6140659
6140709
6140735
6140913
6140999
6141023
6141249
6141303
6141415
6141511
6141645
6141653
6141673
6141733
6141883
6141941
6142045
6142057
6142079
6142089
6142097
6142105
6142139
6142187
6142219
6142287
6142331
6142355
6142417
6142429
6142675
6142679
6142757
6142865
6142881
6142949
6142999
6143013
6143047
6143277
6143409
6143447
6143483
6143559
6143617
6143765
6143835
6143947
6143949
6143977
6143987
6144121
6144221
6144275
6144315
6144513
6144573
6144593
6144653
6144657
6144713
6144723
6144829
6144891
6144983
6145035
6145065
6145105
6145225
6145231
6145233
6145291
6145315
6145329
6145457
6145539
6145545
6145561
6145569
6145645
6145725
6145727
6145819
6146113
6146123
6146163
6146307
6146337
6146361
6146431
6146501
6146551
6146615
6147025
6147067
6147191
6147545
6147579
6147751
6147779
6147843
6147917
6147957
6147965
6147995
6148047
6148173
6148251
6148333
6148381
6148489
6148531
6148771
6149231
6149265
6149363
6149449
6149455
6149491
6149569
6149689
6149739
6149817
6149947
6150047
6150183
6150299
6150441
6150523
6150577
6150651
6150655
6150727
6150823
6150921
6150995
6151075
6151157
6151163
6151167
6151321
6151451
6151511
6151611
6151635
6151701
6151707
6151763
6151769
6151781
6151805
6151933
6152041
6152155
6152211
6152227
6152235
6152261
6152291
6152345
6152441
6152495
6152499
6152501
6152577
6152785
6152795
6152947
6153017
6153189
6153207
6153245
6153299
6153331
6153533
6153907
6154029
6154033
6154071
6154273
6154285
6154287
6154481
6154617
6154783
6154817
6154829
6154871
6154879
6154917
6154973
6155041
6155043
6155069
6155079
6155191
6155195
6155315
6155399
6155417
6155655
6155735
6155775
6155831
6155839
6155943
6156047
6156067
6156127
6156289
6156293
6156397
6156423
6156505
6156511
6156525
6156587
6156699
6156713
6156759
6156867
6156937
6157043
6157091
6157133
6157149
6157181
6157185
6157193
6157285
6157415
6157447
6157533
6157547
6157597
6157645
6157729
6157847
6157923
6158055
6158061
6158069
6158089
6158129
6158199
6158203
6158265
6158373
6158409
6158437
6158547
6158587
6158623
6158639
6158659
6158767
6158919
6158961
6158979
6159013
6159027
6159041
6159171
6159297
6159701
6159865
6159893
6159903
6159961
6159963
6160131
6160139
6160141
6160167
6160191
6160203
6160281
6160319
6160355
6160361
6160467
6160653
6160665
6160675
6160911
6161041
6161127
6161157
6161233
6161275
6161407
6161413
6161431
6161461
6161489
6161595
6161799
6161811
6161857
6162045
6162049
6162213
6162229
6162299
6162319
6162377
6162401
6162433
6162437
6162439
6162447
6162577
6162749
6162797
6162803
6162831
6162855
6163273
6163281
6163319
6163349
6163403
6163657
6163697
6163711
6163807
6163821
6163973
6164023
6164091
6164191
6164237
6164639
6164751
6164777
6164827
6164961
6164971
6165029
6165061
6165065
6165185
6165223
6165425
6165829
6165873
6165879
6165881
6166025
6166059
6166123
6166187
6166241
6166379
6166511
6166617
6166657
6166675
6166785
6166801
6166811
6166875
6167073
6167115
6167149
6167237
6167267
6167275
6167285
6167383
6167395
6167545
6167553
6167599
6167627
6167653
6167741
6167851
6167875
6167881
6167925
6167929
6167997
6168001
6168031
6168241
6168243
6168251
6168269
6168305
6168427
6168627
6168671
6168991
6169113
6169141
6169201
6169265
6169377
6169389
6169395
6169427
6169501
6169529
6169681
6169773
6169895
6169929
6170023
6170155
6170191
6170195
6170217
6170255
6170391
6170437
6170453
6170467
6170537
6170669
6170779
6170923
6170951
6171039
6171129
6171245
6171251
6171255
6171291
6171337
6171399
6171419
6171433
6171621
6171765
6171783
6171977
6172131
6172151
6172265
6172321
6172387
6172409
6172515
6172525
6172663
6172669
6172675
6172679
6172735
6173023
6173133
6173191
6173269
6173295
6173307
6173381
6173421
6173453
6173491
6173559
6173629
6173659
6173667
6174067
6174197
6174201
6174385
6174437
6174475
6174823
6175273
6175457
6175495
6175537
6175541
6175617
6175641
6175675
6175689
6175775
6175791
6175835
6175845
6175909
6175915
6175991
6176047
6176153
6176161
6176237
6176353
6176383
6176387
6176437
6176683
6176685
6176719
6176743
6176831
6176867
6176919
6176921
6177019
6177031
6177057
6177283
6177357
6177455
6177483
6177533
6177549
6177565
6177589
6177671
6177785
6177855
6177927
6178085
6178087
6178111
6178129
6178135
6178223
6178225
6178271
6178283
6178479
6178645
6178685
6178703
6178705
6178737
6178901
6178957
6178965
6179197
6179253
6179373
6179423
6179425
6179487
6179573
6179589
6179627
6179773
6179955
6180031
6180137
6180143
6180229
6180253
6180339
6180599
6180619
6180625
6180637
6180663
6180743
6180805
6180919
6181133
6181309
6181313
6181333
6181385
6181451
6181479
6181509
6181695
6181799
6181807
6181867
6181869
6181901
6181909
6182019
6182037
6182063
6182091
6182097
6182181
6182451
6182463
6182555
6182607
6182675
6182745
6182755
6182941
6182963
6182973
6182995
6183085
6183145
6183175
6183397
6183573
6183591
6183929
6183931
6183983
6184015
6184045
6184199
6184211
6184219
6184231
6184237
6184379
6184417
6184441
6184573
6184769
6184799
6184899
6184929
6185025
6185027
6185075
6185219
6185265
6185295
6185455
6185575
6185633
6185647
6185653
6185677
6185693
6185711
6185713
6186021
6186255
6186325
6186413
6186441
6186469
6186481
6186579
6186603
6186645
6186649
6186845
6186859
6186919
6187071
6187145
6187149
6187169
6187177
6187195
6187269
6187307
6187673
6187829
6187853
6187873
6187927
6187993
6188005
6188025
6188043
6188079
6188155
6188179
6188407
6188427
6188459
6188509
6188515
6188649
6188653
6188703
6189129
6189197
6189223
6189355
6189367
6189397
6189407
6189563
6189597
6189629
6189651
6189681
6189723
6189753
6189759
6189799
6189949
6189973
6189979
6189993
6190011
6190039
6190049
6190059
6190061
6190173
6190205
6190231
6190237
6190243
6190381
6190511
6190533
6190611
6190675
6190709
6190863
6190905
6190929
6190935
6190951
6190963
6191025
6191093
6191323
6191537
6191725
6191729
6191791
6191827
6191855
6191957
6191985
6192165
6192299
6192339
6192357
6192409
6192519
6192567
6192599
6192681
6192713
6192909
6192981
6193001
6193019
6193143
6193243
6193253
6193273
6193287
6193335
6193343
6193357
6193449
6193463
6193499
6193591
6193665
6193723
6193735
6193751
6193791
6193795
6193803
6193937
6193951
6194219
6194423
6194555
6194577
6194641
6194657
6194661
6194749
6194785
6194893
6195343
6195385
6195511
6195605
6195713
6195763
6195929
6195981
6196013
6196079
6196117
6196145
6196159
6196319
6196393
6196403
6196473
6196475
6196583
6196597
6196687
6196819
6197087
6197135
6197139
6197149
6197287
6197289
6197347
6197433
6197561
6197563
6197705
6197731
6197745
6197749
6197791
6197969
6198013
6198251
6198385
6198409
6198531
6198551
6198559
6198773
6198905
6198907
6199055
6199089
6199097
6199275
6199287
6199299
6199403
6199559
6199563
6199869
6199905
6199923
6200059
6200293
6200445
6200499
6200617
6200655
6200749
6200809
6200829
6200835
6200967
6200975
6201015
6201077
6201095
6201127
6201175
6201295
6201331
6201487
6201513
6201533
6201765
6201789
6201877
6201921
6201981
6202017
6202057
6202077
6202119
6202153
6202205
6202259
6202299
6202353
6202621
6202663
6202843
6202881
6203029
6203061
6203261
6203319
6203365
6203505
6203533
6203609
6203657
6203707
6203807
6203841
6203885
6203927
6203987
6204025
6204063
6204151
6204181
6204339
6204389
6204393
6204423
6204481
6204581
6204595
6204707
6204873
6204957
6204981
6204987
6205009
6205043
6205133
6205287
6205441
6205477
6205577
6205631
6205649
6205677
6205685
6205863
6205895
6205927
6206029
6206073
6206075
6206113
6206297
6206301
6206311
6206357
6206359
6206449
6206459
6206775
6206803
6206843
6206939
6206997
6207019
6207231
6207627
6207641
6207705
6207749
6207783
6207817
6208009
6208087
6208153
6208241
6208285
6208295
6208339
6208395
6208423
6208503
6208559
6208581
6208703
6208715
6208737
6208887
6208947
6208985
6209007
6209051
6209165
6209293
6209311
6209325
6209331
6209395
6209591
6209593
6209595
6209655
6209699
6209897
6209915
6209935
6210023
6210053
6210059
6210103
6210157
6210219
6210263
6210327
6210355
6210381
6210429
6210511
6210531
6210641
6210687
6210721
6210811
6210981
6211061
6211099
6211135
6211139
6211197
6211419
6211529
6211575
6211599
6211655
6211717
6211727
6211871
6211895
6211991
6212003
6212069
6212095
6212103
6212333
6212371
6212387
6212389
6212583
6212657
6212713
6212789
6212797
6212997
6213039
6213069
6213073
6213201
6213205
6213237
6213329
6213331
6213341
6213433
6213503
6213585
6213587
6213589
6213595
6213809
6213885
6214055
6214207
6214301
6214311
6214329
6214565
6214603
6214743
6214755
6214951
6214953
6215073
6215345
6215389
6215413
6215623
6215627
6215661
6215731
6215791
6215809
6216065
6216095
6216133
6216207
6216223
6216255
6216385
6216627
6216729
6216773
6216919
6217237
6217275
6217319
6217347
6217425
6217427
6217517
6217529
6217599
6217603
6217607
6217783
6217885
6218035
6218203
6218233
6218417
6218435
6218443
6218705
6218735
6218769
6218785
6218815
6218855
6218865
6218887
6218929
6218985
6219067
6219137
6219293
6219305
6219309
6219331
6219359
6219393
6219399
6219441
6219461
6219561
6219601
6219643
6219649
6219657
6219693
6219711
6219827
6219907
6219921
6220021
6220133
6220143
6220317
6220433
6220603
6220755
6220801
6220911
6220939
6221109
6221111
6221277
6221303
6221465
6221501
6221553
6221663
6221777
6221951
6221973
6221983
6222073
6222377
6222417
6222465
6222509
6222513
6222529
6222559
6222645
6222651
6222787
6222901
6222921
6222949
6223033
6223091
6223133
6223429
6223507
6223561
6223763
6223855
6223865
6223879
6223903
6223935
6223969
6224107
6224111
6224115
6224267
6224281
6224293
6224345
6224367
6224387
6224603
6224605
6224799
6224977
6225155
6225187
6225439
6225471
6225659
6225679
6225745
6225807
6225827
6225843
6225929
6226057
6226081
6226127
6226227
6226307
6226311
6226335
6226339
6226409
6226541
6226563
6226597
6226719
6226759
6226795
6226959
6227029
6227047
6227107
6227113
6227177
6227185
6227243
6227259
6227365
6227389
6227417
6227471
6227511
6227581
6227625
6227629
6227677
6227705
6227957
6228127
6228187
6228217
6228237
6228241
6228257
6228271
6228287
6228379
6228485
6228599
6228639
6228659
6228671
6228719
6228737
6228795
6228845
6228927
6228953
6229057
6229073
6229103
6229141
6229265
6229329
6229433
6229463
6229511
6229529
6229729
6229787
6229993
6230133
6230227
6230295
6230371
6230707
6230721
6230913
6231005
6231015
6231195
6231417
6231477
6231483
6231497
6231583
6231621
6231643
6231813
6231841
6231851
6231961
6232041
6232115
6232143
6232175
6232355
6232417
6232421
6232475
6232533
6232605
6232615
6232791
6232875
6233133
6233233
6233251
6233301
6233311
6233427
6233485
6233605
6233689
6233707
6233813
6233915
6234033
6234095
6234097
6234179
6234183
6234251
6234361
6234417
6234517
6234535
6234539
6234547
6234579
6234617
6234621
6234701
6234945
6234955
6234975
6234983
6235169
6235379
6235415
6235473
6235495
6235597
6235657
6235707
6235803
6235849
6235909
6235915
6235959
6236221
6236303
6236355
6236435
6236513
6236549
6236583
6236611
6236613
6236725
6236769
6236873
6236991
6236993
6237095
6237137
6237141
6237213
6237333
6237473
6237483
6237735
6237905
6237925
6237965
6238119
6238163
6238263
6238271
6238293
6238359
6238409
6238517
6238531
6238617
6238805
6238809
6238905
6238955
6239017
6239127
6239137
6239199
6239443
6239465
6239611
6239633
6239789
6239809
6239847
6239905
6240001
6240167
6240171
6240189
6240237
6240299
6240307
6240403
6240433
6240487
6240521
6240577
6240585
6240635
6240743
6240773
6240983
6241137
6241139
6241149
6241169
6241267
6241307
6241357
6241367
6241373
6241377
6241379
6241397
6241415
6241665
6241839
6241861
6241933
6241941
6242023
6242041
6242063
6242101
6242123
6242253
6242255
6242281
6242359
6242361
6242377
6242507
6242585
6242623
6242637
6242809
6242891
6242959
6243035
6243055
6243089
6243135
6243143
6243201
6243265
6243379
6243461
6243491
6243493
6243697
6243833
6243861
6243905
6244043
6244133
6244159
6244187
6244217
6244229
6244245
6244281
6244317
6244349
6244375
6244451
6244499
6244553
6244607
6244655
6244845
6244969
6244995
6245019
6245021
6245037
6245125
6245133
6245249
6245281
6245393
6245395
6245427
6245455
6245543
6245579
6245653
6245661
6245851
6245977
6246063
6246193
6246241
6246365
6246395
6246483
6246509
6246655
6246703
6246843
6247003
6247083
6247103
6247247
6247317
6247369
6247371
6247381
6247405
6247413
6247417
6247421
6247455
6247515
6247583
6247599
6247679
6247735
6247843
6247905
6247911
6247925
6248037
6248059
6248067
6248151
6248153
6248259
6248345
6248445
6248457
6248503
6248511
6248593
6248627
6248633
6248717
6248725
6248757
6248761
6248955
6249019
6249057
6249143
6249193
6249231
6249395
6249425
6249479
6249513
6249531
6249549
6249569
6249629
6249873
6249939
6250001
6250049
6250141
6250173
6250383
6250451
6250485
6250497
6250501
6250595
6250693
6250711
6250729
6250785
6250837
6250843
6251047
6251099
6251157
6251205
6251229
6251259
6251311
6251333
6251363
6251625
6251627
6251639
6251649
6251665
6251783
6251805
6251823
6251845
6251867
6251883
6252017
6252075
6252133
6252135
6252167
6252423
6252545
6252573
6252589
6252593
6252657
6252755
6252789
6252879
6253009
6253045
6253057
6253099
6253161
6253215
6253225
6253357
6253437
6253475
6253499
6253537
6253569
6253637
6253643
6253713
6253727
6253763
6253791
6253833
6253857
6253921
6253935
6254037
6254053
6254067
6254101
6254115
6254309
6254357
6254371
6254375
6254431
6254451
6254487
6254529
6254531
6254533
6254597
6254607
6254665
6254711
6254743
6254761
6254769
6254925
6254955
6255037
6255149
6255163
6255179
6255293
6255325
6255505
6255541
6255587
6255605
6255645
6255731
6255747
6255861
6256021
6256169
6256363
6256387
6256429
6256559
6256615
6256665
6256691
6256705
6256755
6256851
6256903
6256947
6256977
6257003
6257051
6257081
6257157
6257293
6257341
6257375
6257395
6257449
6257473
6257503
6257519
6257675
6257685
6257783
6257859
6257897
6258105
6258143
6258181
6258263
6258473
6258477
6258593
6258599
6258619
6258693
6258855
6258871
6259101
6259127
6259183
6259215
6259289
6259297
6259595
6259685
6259841
6259847
6259955
6260173
6260189
6260673
6260761
6260803
6260827
6260877
6261097
6261115
6261195
6261249
6261259
6261363
6261445
6261451
6261459
6261469
6261471
6261497
6261515
6261753
6261777
6261817
6261849
6261907
6261915
6261943
6261989
6262053
6262067
6262429
6262491
6262493
6262589
6262625
6262659
6262675
6262739
6262769
6262819
6262829
6262845
6262975
6263059
6263071
6263083
6263127
6263131
6263137
6263139
6263225
6263233
6263241
6263243
6263291
6263293
6263373
6263375
6263473
6263557
6263567
6263581
6263655
6263675
6263789
6263925
6263969
6264147
6264185
6264233
6264269
6264287
6264389
6264471
6264619
6264671
6264689
6264719
6264721
6264731
6264917
6264971
6265049
6265119
6265133
6265141
6265227
6265257
6265265
6265365
6265451
6265507
6265525
6265651
6265739
6265853
6265865
6265885
6265891
6265899
6265911
6265921
6265959
6266001
6266027
6266127
6266197
6266221
6266261
6266285
6266287
6266297
6266309
6266377
6266513
6266609
6266615
6266649
6266659
6266847
6266963
6267051
6267183
6267249
6267289
6267349
6267359
6267465
6267567
6267659
6267713
6267737
6267777
6267851
6267857
6267917
6268045
6268197
6268205
6268253
6268317
6268409
6268481
6268525
6268601
6268603
6268757
6268999
6269057
6269079
6269119
6269183
6269383
6269511
6269655
6269825
6269989
6270007
6270189
6270215
6270235
6270279
6270291
6270375
6270435
6270511
6270551
6270649
6270791
6271079
6271123
6271211
6271241
6271283
6271335
6271589
6271637
6271717
6271725
6271733
6271791
6271867
6271885
6271909
6271973
6271977
6271995
6272099
6272109
6272113
6272129
6272141
6272203
6272207
6272219
6272245
6272407
6272415
6272421
6272517
6272545
6272601
6272747
6272753
6272825
6273003
6273023
6273131
6273189
6273193
6273287
6273297
6273481
6273511
6273541
6273683
6273743
6273797
6273873
6273929
6273931
6273973
6273991
6274151
6274203
6274317
6274327
6274339
6274365
6274483
6274529
6274555
6274737
6274817
6274849
6274955
6275037
6275039
6275093
6275107
6275341
6275347
6275425
6275741
6275797
6275861
6275933
6276111
6276255
6276315
6276329
6276389
6276411
6276531
6276569
6276605
6276629
6276653
6276691
6276705
6276729
6276785
6276895
6276923
6276927
6276965
6276989
6277017
6277059
6277143
6277355
6277539
6277575
6277623
6277993
6278037
6278069
6278163
6278171
6278281
6278335
6278395
6278405
6278417
6278423
6278487
6278577
6278629
6278739
6278773
6278899
6278921
6278987
6279011
6279103
6279139
6279165
6279413
6279435
6279487
6279581
6279651
6279673
6279701
6279797
6279801
6279885
6279893
6279895
6279949
6279967
6280053
6280055
6280057
6280097
6280107
6280157
6280183
6280305
6280361
6280395
6280477
6280717
6280859
6280885
6281009
6281103
6281111
6281167
6281221
6281305
6281345
6281363
6281375
6281429
6281521
6281703
6281713
6281735
6281737
6281753
6281795
6281815
6281867
6282101
6282107
6282263
6282295
6282317
6282345
6282463
6282545
6282697
6282707
6282725
6282763
6282901
6282967
6283029
6283061
6283077
6283117
6283167
6283201
6283463
6283469
6283655
6283669
6283675
6283677
6284015
6284083
6284109
6284137
6284143
6284247
6284333
6284447
6284477
6284493
6284495
6284543
6284589
6284599
6284689
6284823
6284825
6284837
6284865
6284915
6285047
6285067
6285227
6285247
6285293
6285349
6285383
6285401
6285435
6285615
6285703
6285821
6285917
6286027
6286173
6286257
6286343
6286423
6286627
6286763
6286775
6286785
6286795
6286803
6286945
6286981
6287005
6287019
6287039
6287041
6287129
6287189
6287509
6287583
6287637
6287757
6287869
6287879
6287885
6288057
6288085
6288169
6288197
6288209
6288229
6288281
6288301
6288307
6288317
6288369
6288381
6288407
6288489
6288521
6288585
6288651
6288693
6288713
6288717
6288727
6288785
6288823
6288999
6289243
6289255
6289325
6289667
6289717
6289793
6289909
6289929
6290029
6290159
6290175
6290235
6290241
6290285
6290483
6290633
6290683
6290705
6290757
6290845
6290869
6290947
6290985
6291001
6291247
6291273
6291451
6291467
6291473
6291629
6291661
6291671
6291725
6291779
6291791
6291843
6291943
6291977
6292271
6292291
6292411
6292559
6292569
6292613
6292683
6292747
6292769
6292783
6292785
6292835
6292843
6292893
6292899
6292959
6293113
6293117
6293135
6293271
6293303
6293317
6293333
6293371
6293391
6293459
6293471
6293511
6293581
6293585
6293651
6293725
6293731
6293751
6293835
6293953
6294029
6294041
6294111
6294281
6294441
6294453
6294477
6294647
6294721
6294747
6294809
6294851
6294875
6294887
6294901
6294999
6295049
6295069
6295259
6295293
6295299
6295309
6295347
6295401
6295423
6295555
6295717
6295853
6295875
6295889
6296073
6296109
6296149
6296173
6296211
6296271
6296301
6296623
6296663
6296715
6296845
6296941
6296971
6297079
6297213
6297257
6297275
6297429
6297443
6297459
6297467
6297525
6297549
6297581
6297623
6297893
6298151
6298407
6298439
6298559
6298619
6298733
6298759
6298871
6298887
6298945
6298971
6299015
6299035
6299109
6299251
6299261
6299317
6299373
6299407
6299413
6299449
6299565
6299577
6299731
6299993
6300101
6300161
6300251
6300313
6300441
6300459
6300489
6300507
6300559
6300679
6300877
6300893
6300969
6300987
6301007
6301077
6301095
6301135
6301173
6301209
6301261
6301327
6301401
6301449
6301515
6301531
6301615
6301627
6301665
6301703
6301751
6301801
6301909
6301971
6302069
6302133
6302231
6302503
6302551
6302561
6302673
6302687
6302705
6302753
6303007
6303043
6303103
6303131
6303263
6303277
6303337
6303659
6303989
6303991
6303993
6303995
6304023
6304047
6304091
6304111
6304177
6304315
6304327
6304423
6304623
6304665
6304749
6304797
6304819
6304897
6304965
6304979
6304989
6305003
6305099
6305135
6305145
6305157
6305385
6305393
6305403
6305417
6305499
6305509
6305541
6305565
6305607
6305653
6305789
6305805
6305967
6305971
6306023
6306123
6306155
6306161
6306253
6306277
6306431
6306477
6306611
6306841
6306933
6306989
6307019
6307047
6307063
6307169
6307245
6307329
6307355
6307359
6307509
6307529
6307607
6307617
6307629
6307635
6307657
6307663
6307675
6307727
6307739
6307995
6308061
6308151
6308245
6308249
6308261
6308449
6308477
6308483
6308493
6308563
6308673
6308683
6308691
6308999
6309065
6309071
6309109
6309111
6309149
6309165
6309169
6309277
6309279
6309285
6309357
6309505
6309537
6309545
6309619
6309685
6309803
6309871
6309931
6309973
6310069
6310217
6310223
6310269
6310407
6310425
6310523
6310675
6310739
6310745
6310793
6310821
6310911
6310935
6311003
6311005
6311095
6311121
6311233
6311305
6311331
6311361
6311415
6311455
6311497
6311561
6311587
6311589
6311635
6311691
6311743
6311817
6311881
6311901
6312033
6312129
6312161
6312225
6312331
6312365
6312457
6312519
6312531
6312573
6312601
6312627
6312717
6312743
6312767
6312921
6313115
6313135
6313157
6313315
6313331
6313373
6313413
6313425
6313449
6313507
6313519
6313755
6313791
6313907
6313913
6313915
6314027
6314131
6314139
6314171
6314227
6314581
6314619
6314663
6314735
6314761
6314797
6314965
6314991
6315007
6315113
6315235
6315239
6315363
6315437
6315555
6315561
6315631
6315793
6315859
6315963
6315973
6316037
6316059
6316171
6316217
6316339
6316347
6316467
6316469
6316763
6316831
6316851
6316919
6317113
6317115
6317157
6317199
6317213
6317375
6317441
6317465
6317519
6317633
6317827
6317895
6317945
6317949
6318003
6318011
6318205
6318345
6318415
6318439
6318443
6318471
6318521
6318807
6318835
6318881
6318895
6319135
6319205
6319223
6319259
6319359
6319373
6319463
6319581
6319589
6319621
6319649
6319781
6319839
6319859
6319873
6319961
6319991
6320035
6320323
6320391
6320527
6320553
6320605
6320691
6320723
6320753
6320805
6320909
6320961
6321003
6321009
6321017
6321299
6321317
6321429
6321477
6321597
6321779
6321851
6321943
6322113
6322157
6322159
6322259
6322261
6322303
6322519
6322531
6322541
6322575
6322669
6322693
6322895
6322947
6322993
6323053
6323103
6323127
6323163
6323197
6323259
6323371
6323399
6323467
6323549
6323823
6323849
6324071
6324121
6324163
6324197
6324221
6324235
6324249
6324327
6324353
6324397
6324401
6324433
6324509
6324641
6324655
6324735
6324965
6325229
6325257
6325423
6325579
6325621
6325675
6325723
6325839
6325847
6325851
6325911
6326081
6326139
6326159
6326251
6326423
6326487
6326541
6326545
6326565
6326593
6326711
6326717
6326789
6326821
6326897
6326943
6326957
6326979
6327037
6327059
6327299
6327343
6327351
6327371
6327401
6327409
6327483
6327585
6327693
6327755
6327851
6327875
6327879
6327995
6328097
6328123
6328207
6328259
6328361
6328805
6328809
6328863
6329097
6329141
6329185
6329341
6329409
6329445
6329601
6329737
6329931
6330117
6330161
6330259
6330587
6330703
6330745
6330789
6331009
6331035
6331071
6331099
6331197
6331203
6331279
6331609
6331615
6331701
6331729
6331797
6331891
6332037
6332051
6332077
6332201
6332541
6332561
6332575
6332581
6332661
6332709
6332727
6332763
6332825
6332845
6333089
6333157
6333161
6333173
6333195
6333377
6333399
6333411
6333461
6333477
6333577
6333737
6333739
6333745
6333803
6333853
6333859
6333865
6333879
6333977
6334083
6334087
6334099
6334101
6334147
6334263
6334473
6334481
6334513
6334567
6334593
6334597
6334711
6334747
6334811
6334817
6334833
6334869
6334957
6334961
6335029
6335045
6335175
6335347
6335385
6335411
6335695
6335725
6335785
6335809
6335975
6336045
6336385
6336547
6336565
6336731
6336773
6336837
6337007
6337011
6337043
6337245
6337375
6337427
6337433
6337501
6337639
6337697
6337761
6337789
6337833
6337905
6338029
6338041
6338061
6338081
6338099
6338161
6338283
6338335
6338353
6338407
6338441
6338467
6338525
6338681
6338765
6338821
6338841
6338945
6339079
6339111
6339373
6339547
6339585
6339613
6339715
6339729
6339911
6339921
6340029
6340087
6340247
6340321
6340333
6340463
6340469
6340597
6340617
6340657
6340667
6340707
6340837
6340849
6340865
6340869
6341119
6341143
6341159
6341371
6341559
6341567
6341645
6341725
6341819
6341821
6341847
6341877
6342151
6342271
6342369
6342427
6342577
6342735
6343003
6343195
6343229
6343253
6343325
6343363
6343407
6343419
6343559
6343589
6343687
6343791
6343935
6344005
6344047
6344051
6344087
6344187
6344195
6344225
6344249
6344267
6344303
6344367
6344425
6344453
6344641
6344795
6344823
6344931
6344935
6344979
6344993
6345021
6345079
6345085
6345123
6345147
6345207
6345305
6345321
6345349
6345381
6345439
6345505
6345539
6345549
6345679
6345735
6345747
6345855
6345895
6346043
6346087
6346089
6346125
6346201
6346209
6346261
6346281
6346379
6346397
6346437
6346521
6346687
6346759
6346783
6346795
6346863
6346867
6346875
6346891
6346899
6346915
6346951
6346983
6347055
6347059
6347081
6347115
6347231
6347251
6347257
6347269
6347271
6347293
6347387
6347511
6347519
6347525
6347529
6347543
6347559
6347637
6347651
6347671
6347689
6347911
6347963
6347985
6348159
6348267
6348271
6348299
6348333
6348465
6348555
6348787
6348903
6349317
6349541
6349621
6349703
6349707
6349949
6349981
6350061
6350173
6350235
6350259
6350263
6350283
6350301
6350337
6350419
6350499
6350567
6350613
6350731
6350827
6350993
6351107
6351119
6351343
6351415
6351473
6351495
6351639
6351661
6351705
6351747
6351771
6351899
6351917
6351939
6352005
6352053
6352289
6352365
6352681
6352683
6352701
6352847
6352895
6353077
6353149
6353153
6353245
6353289
6353333
6353393
6353511
6353533
6353535
6353597
6353727
6353735
6353773
6353853
6353857
6353867
6354039
6354045
6354117
6354217
6354253
6354383
6354431
6354503
6354513
6354545
6354581
6354673
6354735
6354957
6354963
6355039
6355197
6355237
6355295
6355317
6355523
6355645
6355657
6355885
6355911
6355933
6355939
6356065
6356133
6356221
6356243
6356417
6356425
6356453
6356475
6356661
6356707
6356749
6356859
6356881
6357149
6357189
6357191
6357199
6357239
6357455
6357491
6357531
6357553
6357657
6357707
6357767
6357801
6357921
6357979
6358047
6358073
6358247
6358421
6358445
6358465
6358565
6358603
6358651
6358963
6358969
6359047
6359093
6359097
6359105
6359121
6359127
6359433
6359439
6359541
6359595
6359607
6359721
6359741
6359829
6359879
6359955
6360081
6360111
6360135
6360183
6360215
6360225
6360305
6360571
6360651
6360879
6360893
6360899
6360921
6360931
6361059
6361195
6361217
6361237
6361261
6361271
6361273
6361321
6361367
6361413
6361441
6361475
6361543
6361649
6361691
6361783
6361803
6361813
6361923
6361941
6362261
6362321
6362349
6362409
6362477
6362715
6362771
6362777
6362805
6362905
6363165
6363257
6363359
6363407
6363435
6363477
6363629
6363673
6363685
6363711
6363843
6363933
6364129
6364157
6364263
6364317
6364369
6364393
6364397
6364423
6364551
6364681
6364893
6364917
6364951
6365141
6365351
6365387
6365475
6365521
6365525
6365529
6365561
6365581
6365661
6365669
6365683
6365713
6365725
6365765
6365815
6365857
6365891
6366031
6366045
6366099
6366163
6366257
6366325
6366391
6366465
6366481
6366489
6366539
6366671
6366739
6366843
6367095
6367151
6367195
6367237
6367331
6367373
6367409
6367441
6367581
6367627
6367675
6367727
6367791
6368051
6368057
6368093
6368343
6368401
6368519
6368659
6368769
6368907
6368987
6369005
6369115
6369307
6369403
6369567
6369589
6369631
6369695
6369747
6369785
6369801
6369823
6369843
6369911
6370055
6370263
6370317
6370385
6370403
6370525
6370583
6370887
6370917
6370977
6370985
6371043
6371075
6371117
6371179
6371275
6371345
6371353
6371363
6371431
6371653
6371757
6371969
6372037
6372087
6372145
6372153
6372327
6372333
6372425
6372469
6372473
6372475
6372657
6372683
6372717
6372741
6372801
6372803
6372941
6372971
6373051
6373119
6373235
6373247
6373265
6373319
6373385
6373483
6373535
6373543
6373611
6373619
6373681
6373687
6373749
6373909
6373965
6374005
6374033
6374095
6374161
6374323
6374509
6374561
6374685
6374689
6374693
6374695
6374863
6374875
6374935
6374973
6375075
6375181
6375193
6375233
6375259
6375299
6375311
6375319
6375419
6375423
6375481
6375589
6375593
6375657
6375705
6375761
6375823
6375889
6375915
6376005
6376181
6376251
6376303
6376313
6376483
6376593
6376609
6376645
6376775
6376851
6376933
6377003
6377033
6377069
6377087
6377155
6377179
6377351
6377383
6377391
6377393
6377433
6377473
6377627
6377753
6377969
6378019
6378097
6378107
6378155
6378179
6378323
6378361
6378413
6378467
6378469
6378483
6378531
6378537
6378565
6378659
6378705
6378759
6378791
6378795
6378931
6378975
6378989
6379099
6379183
6379231
6379295
6379381
6379585
6379689
6379733
6379797
6379825
6379861
6379871
6379971
6380007
6380109
6380117
6380179
6380353
6380449
6380491
6380541
6380549
6380617
6380639
6380735
6380739
6380747
6380793
6380915
6380919
6380969
6381021
6381047
6381079
6381193
6381335
6381339
6381377
6381469
6381525
6381663
6381701
6381741
6381851
6381979
6381995
6382007
6382071
6382187
6382319
6382613
6382673
6382825
6382941
6382947
6382957
6382999
6383031
6383125
6383197
6383209
6383297
6383333
6383337
6383353
6383469
6383497
6383583
6383641
6383671
6383675
6383763
6383793
6383811
6383871
6383955
6384029
6384049
6384113
6384157
6384165
6384429
6384455
6384539
6384611
6384669
6384725
6384729
6384741
6384767
6384795
6384839
6384913
6384945
6384981
6384985
6385073
6385119
6385321
6385325
6385359
6385395
6385403
6385421
6385499
6385623
6385655
6385671
6385681
6385689
6385727
6385745
6385845
6385869
6385905
6385925
6386009
6386089
6386311
6386379
6386381
6386579
6386603
6386645
6386685
6386701
6386831
6386857
6387067
6387331
6387449
6387539
6387559
6387669
6387799
6387833
6387949
6388145
6388167
6388173
6388237
6388243
6388571
6388727
6388743
6388779
6388805
6388819
6388833
6388873
6388897
6388905
6388927
6389019
6389055
6389213
6389245
6389301
6389425
6389427
6389431
6389451
6389485
6389541
6389685
6389695
6389789
6389885
6389901
6389943
6389973
6390007
6390047
6390117
6390159
6390333
6390355
6390395
6390467
6390473
6390479
6390493
6390695
6390711
6390721
6390733
6390775
6390913
6390919
6390983
6390985
6391001
6391105
6391147
6391179
6391221
6391283
6391331
6391417
6391431
6391661
6391807
6392071
6392079
6392081
6392139
6392165
6392193
6392297
6392307
6392489
6392543
6392649
6392657
6392685
6392875
6393059
6393067
6393151
6393247
6393437
6393447
6393471
6393493
6393517
6393593
6393745
6393941
6393955
6394035
6394103
6394167
6394193
6394247
6394361
6394381
6394385
6394405
6394445
6394519
6394555
6394727
6394797
6394829
6394911
6394915
6394925
6395151
6395175
6395223
6395227
6395299
6395303
6395323
6395391
6395443
6395627
6395781
6395867
6395969
6396057
6396081
6396169
6396213
6396245
6396263
6396277
6396313
6396325
6396481
6396599
6396795
6396917
6396931
6396985
6397207
6397241
6397321
6397419
6397423
6397439
6397445
6397579
6397619
6397639
6397717
6397843
6397949
6398073
6398099
6398125
6398173
6398239
6398299
6398303
6398479
6398547
6398691
6398717
6398751
6398919
6399051
6399143
6399199
6399301
6399397
6399413
6399445
6399455
6399509
6399559
6399583
6399655
6399833
6399851
6399863
6400113
6400151
6400163
6400189
6400319
6400477
6400625
6400627
6400631
6400659
6400795
6400951
6401135
6401359
6401451
6401559
6401599
6401623
6401629
6401633
6401753
6401783
6401917
6401965
6401987
6402155
6402205
6402235
6402285
6402477
6402631
6402719
6402753
6402849
6402923
6402931
6403085
6403151
6403201
6403221
6403301
6403351
6403463
6403529
6403547
6403847
6403869
6403899
6403907
6403923
6403927
6403993
6404027
6404135
6404181
6404183
6404249
6404393
6404435
6404555
6404601
6404689
6404797
6404851
6404989
6404991
6405001
6405003
6405063
6405157
6405161
6405185
6405237
6405267
6405311
6405403
6405557
6405761
6405783
6405831
6405833
6405847
6405953
6406053
6406215
6406573
6406609
6406625
6406715
6406819
6406829
6406959
6407173
6407201
6407205
6407251
6407261
6407491
6407523
6407767
6407845
6407851
6407877
6407913
6408017
6408025
6408143
6408179
6408327
6408405
6408433
6408461
6408601
6408633
6408669
6408769
6408773
6408787
6408797
6408973
6409005
6409033
6409059
6409177
6409237
6409477
6409505
6409517
6409661
6409663
6409667
6409695
6409755
6409993
6409995
6410013
6410019
6410029
6410061
6410125
6410127
6410213
6410237
6410267
6410285
6410529
6410533
6410551
6410701
6410725
6410779
6410885
6410959
6410961
6411171
6411221
6411341
6411343
6411407
6411431
6411537
6411679
6411693
6411727
6411811
6412079
6412245
6412257
6412481
6412555
6412693
6412755
6412929
6412967
6413033
6413099
6413117
6413397
6413549
6413635
6413649
6413679
6413687
6413727
6413745
6413761
6413777
6413795
6413947
6414015
6414131
6414137
6414151
6414175
6414181
6414201
6414263
6414269
6414521
6414585
6414725
6414949
6415089
6415111
6415183
6415197
6415315
6415421
6415443
6415465
6415509
6415571
6415601
6415695
6415717
6415993
6416087
6416103
6416109
6416221
6416281
6416317
6416319
6416331
6416353
6416361
6416405
6416497
6416507
6416567
6416585
6416603
6416623
6416661
6416859
6416909
6416925
6416947
6417025
6417111
6417261
6417265
6417421
6417623
6417643
6417653
6417693
6417701
6417719
6417745
6417909
6417929
6417951
6418131
6418175
6418205
6418217
6418259
6418273
6418295
6418367
6418377
6418459
6418483
6418503
6418549
6418561
6418627
6418905
6418907
6418919
6418975
6419007
6419075
6419087
6419107
6419131
6419151
6419161
6419207
6419259
6419327
6419489
6419501
6419791
6420025
6420069
6420101
6420113
6420133
6420189
6420307
6420377
6420451
6420483
6420567
6420575
6420589
6420717
6420743
6420795
6420877
6421093
6421105
6421201
6421285
6421423
6421691
6421767
6421861
6421875
6421995
6421997
6422085
6422087
6422193
6422373
6422499
6422527
6422559
6422589
6422591
6422613
6422715
6422753
6422757
6422799
6422849
6422891
6422915
6423085
6423105
6423115
6423119
6423265
6423399
6423401
6423459
6423463
6423529
6423549
6423571
6423609
6423711
6423737
6423799
6423907
6423927
6424001
6424063
6424091
6424095
6424113
6424217
6424223
6424277
6424305
6424359
6424755
6424855
6424941
6424957
6424967
6425093
6425123
6425337
6425453
6425479
6425561
6425587
6425619
6425777
6425815
6425847
6425901
6425967
6425999
6426009
6426057
6426069
6426167
6426387
6426415
6426469
6426473
6426477
6426697
6426771
6426773
6426795
6426903
6426945
6426953
6427027
6427055
6427087
6427109
6427121
6427191
6427199
6427215
6427223
6427229
6427341
6427401
6427411
6427497
6427535
6427625
6427641
6427801
6427829
6427881
6427917
6428009
6428013
6428191
6428229
6428415
6428417
6428471
6428529
6428605
6428887
6428959
6429075
6429087
6429101
6429145
6429191
6429259
6429317
6429345
6429375
6429377
6429393
6429435
6429445
6429455
6429499
6429517
6429541
6429631
6429741
6429749
6430069
6430131
6430165
6430169
6430287
6430333
6430345
6430411
6430413
6430439
6430471
6430555
6430565
6430577
6430733
6430815
6430883
6430933
6430999
6431041
6431053
6431173
6431193
6431281
6431311
6431335
6431407
6431607
6431655
6431657
6431771
6431833
6431917
6432029
6432175
6432239
6432297
6432397
6432447
6432481
6432545
6432555
6432561
6432639
6432739
6432883
6432941
6432999
6433043
6433163
6433191
6433291
6433309
6433461
6433561
6433575
6433671
6433695
6433709
6433817
6433843
6433967
6433993
6434007
6434031
6434035
6434047
6434051
6434069
6434133
6434275
6434325
6434407
6434437
6434593
6434681
6434713
6434793
6434801
6434835
6434975
6435041
6435099
6435115
6435139
6435205
6435217
6435269
6435285
6435357
6435381
6435463
6436041
6436205
6436247
6436265
6436337
6436457
6436613
6436711
6436829
6436899
6436951
6437027
6437101
6437223
6437225
6437295
6437307
6437337
6437417
6437431
6437497
6437659
6437683
6437755
6437771
6437825
6437855
6437879
6437883
6438031
6438285
6438321
6438459
6438463
6438531
6438593
6438605
6438633
6438691
6438767
6438919
6438973
6439097
6439189
6439361
6439389
6439449
6439463
6439473
6439475
6439525
6439593
6439633
6439653
6439729
6439795
6440057
6440187
6440313
6440315
6440445
6440447
6440455
6440691
6440725
6440821
6440959
6440993
6441051
6441065
6441141
6441149
6441219
6441273
6441335
6441343
6441371
6441411
6441415
6441467
6441605
6441657
6441801
6441859
6441967
6442039
6442109
6442141
6442231
6442251
6442707
6442981
6443121
6443125
6443235
6443287
6443425
6443455
6443479
6443537
6443559
6443617
6443627
6443753
6443811
6443927
6444017
6444107
6444243
6444259
6444331
6444433
6444437
6444453
6444481
6444761
6444769
6444775
6444785
6444879
6444915
6444917
6444931
6445099
6445197
6445215
6445291
6445341
6445467
6445493
6445535
6445553
6445667
6445685
6445821
6445925
6445973
6446041
6446051
6446259
6446289
6446343
6446389
6446423
6446469
6446483
6446539
6446567
6446641
6446673
6446713
6446907
6446985
6446999
6447009
6447103
6447161
6447217
6447337
6447353
6447397
6447477
6447481
6447619
6447629
6447735
6447789
6447885
6447917
6447937
6447963
6448005
6448007
6448069
6448091
6448125
6448179
6448313
6448363
6448409
6448465
6448635
6448651
6448675
6448707
6448795
6448839
6448889
6449151
6449157
6449435
6449565
6449569
6449573
6449665
6449749
6449805
6449813
6449815
6449889
6449927
6450001
6450103
6450107
6450213
6450257
6450309
6450389
6450403
6450619
6450693
6450909
6450945
6450979
6451117
6451167
6451251
6451299
6451447
6451465
6451479
6451507
6451637
6451765
6451793
6451889
6451957
6452051
6452083
6452101
6452461
6452499
6452643
6452691
6452721
6452723
6452733
6452817
6452889
6452985
6453021
6453025
6453037
6453057
6453223
6453245
6453281
6453303
6453337
6453403
6453435
6453529
6453581
6453641
6453661
6453707
6453717
6453927
6453957
6453959
6453977
6454031
6454129
6454171
6454217
6454305
6454371
6454467
6454483
6454515
6454539
6454561
6454663
6454693
6454727
6454741
6454811
6454921
6454991
6455109
6455121
6455127
6455157
6455193
6455215
6455297
6455503
6455535
6455689
6455835
6455879
6455893
6455923
6455973
6456099
6456101
6456187
6456205
6456249
6456255
6456271
6456351
6456381
6456669
6456925
6457037
6457249
6457253
6457279
6457311
6457379
6457491
6457509
6457663
6457761
6457813
6457885
6457893
6457909
6457921
6457937
6458049
6458163
6458179
6458181
6458267
6458307
6458519
6458553
6458569
6458615
6458743
6458833
6458841
6458879
6458917
6458987
6459015
6459025
6459041
6459067
6459133
6459193
6459199
6459217
6459371
6459425
6459485
6459571
6459613
6459697
6459789
6459795
6459949
6460039
6460047
6460095
6460101
6460121
6460199
6460287
6460295
6460407
6460425
6460571
6460739
6460823
6461091
6461127
6461285
6461349
6461391
6461459
6461619
6461645
6461665
6461703
6461779
6461867
6461929
6462057
6462143
6462287
6462449
6462549
6462635
6462687
6462739
6462763
6462823
6462857
6463007
6463037
6463299
6463341
6463347
6463405
6463425
6463469
6463515
6463523
6463539
6463555
6463557
6463607
6463621
6463695
6463715
6463859
6463895
6463969
6463991
6464009
6464233
6464277
6464333
6464339
6464371
6464443
6464461
6464629
6464815
6464915
6464957
6465015
6465071
6465247
6465255
6465345
6465389
6465407
6465465
6465531
6465619
6465655
6465737
6465773
6465791
6465825
6465837
6465885
6465915
6465935
6465973
6466073
6466215
6466237
6466293
6466379
6466417
6466689
6466963
6467171
6467241
6467283
6467479
6467533
6467569
6467983
6468047
6468107
6468175
6468233
6468307
6468423
6468477
6468633
6468647
6468711
6468817
6468865
6468919
6468931
6468943
6468957
6468967
6469165
6469315
6469371
6469411
6469601
6469607
6469645
6469745
6469781
6469807
6469817
6470001
6470361
6470485
6470515
6470569
6470579
6470597
6470659
6470661
6470715
6470863
6470907
6470993
6471029
6471097
6471157
6471165
6471179
6471227
6471247
6471257
6471273
6471301
6471307
6471341
6471363
6471387
6471489
6471495
6471513
6471629
6471635
6471643
6471781
6471817
6471873
6471901
6471905
6471937
6471949
6471959
6471991
6472007
6472285
6472341
6472457
6472525
6472543
6472595
6472677
6472695
6472703
6472715
6472717
6473017
6473039
6473091
6473123
6473205
6473311
6473367
6473581
6473699
6473767
6473893
6473941
6474007
6474195
6474205
6474211
6474319
6474351
6474503
6474507
6474545
6474549
6474665
6474747
6474749
6474763
6474773
6474807
6474935
6474945
6475009
6475033
6475099
6475105
6475109
6475137
6475289
6475419
6475465
6475511
6475517
6475585
6475615
6475667
6475805
6475975
6476095
6476189
6476223
6476323
6476349
6476355
6476437
6476659
6476729
6476887
6476915
6476955
6476969
6477049
6477075
6477107
6477255
6477263
6477305
6477329
6477505
6477513
6477627
6477659
6477795
6477827
6477855
6477877
6477903
6477915
6477953
6477955
6478039
6478129
6478177
6478225
6478235
6478327
6478363
6478457
6478529
6478801
6478885
6478921
6479039
6479105
6479127
6479333
6479341
6479371
6479379
6479513
6479559
6479687
6479695
6479705
6479927
6479957
6480005
6480125
6480161
6480267
6480301
6480363
6480437
6480509
6480813
6480863
6480945
6481051
6481057
6481153
6481347
6481469
6481479
6481515
6481553
6481565
6481569
6481613
6481663
6481701
6481725
6481751
6481843
6481965
6482043
6482101
6482155
6482237
6482547
6482697
6482727
6482737
6482815
6482857
6482869
6483005
6483013
6483019
6483027
6483115
6483145
6483167
6483175
6483221
6483361
6483385
6483415
6483431
6483649
6483663
6483757
6483759
6483807
6483895
6484047
6484049
6484075
6484105
6484167
6484209
6484313
6484407
6484417
6484471
6484539
6484547
6484709
6484829
6484831
6484919
6484935
6485031
6485305
6485409
6485459
6485467
6485521
6485685
6485777
6485787
6486043
6486051
6486073
6486255
6486479
6486587
6486607
6486623
6486637
6486777
6486923
6486985
6487015
6487043
6487055
6487125
6487223
6487275
6487281
6487321
6487543
6487615
6487663
6487739
6487773
6487981
6487985
6488047
6488099
6488111
6488535
6488631
6488653
6488713
6488921
6488941
6489015
6489133
6489137
6489213
6489279
6489313
6489401
6489429
6489483
6489505
6489533
6489591
6489605
6489613
6489671
6489717
6489839
6490183
6490209
6490245
6490391
6490451
6490493
6490555
6490593
6490627
6490697
6490701
6490755
6490819
6490923
6490955
6490961
6491059
6491077
6491407
6491439
6491607
6491615
6491757
6491853
6492045
6492051
6492207
6492233
6492395
6492565
6492635
6492683
6492731
6492901
6492959
6493097
6493109
6493153
6493189
6493233
6493263
6493299
6493313
6493371
6493399
6493415
6493439
6493561
6493569
6493573
6493579
6493583
6493621
6493751
6493815
6493915
6493969
6494049
6494069
6494089
6494159
6494231
6494359
6494433
6494611
6494653
6494671
6494817
6494829
6494861
6494885
6494917
6494959
6494961
6495001
6495217
6495273
6495303
6495347
6495363
6495411
6495533
6495549
6495565
6495567
6495583
6495589
6495595
6495619
6495943
6496057
6496113
6496175
6496213
6496243
6496279
6496391
6496639
6496779
6496831
6496919
6496989
6497013
6497047
6497133
6497155
6497163
6497173
6497223
6497267
6497327
6497373
6497445
6497509
6497555
6497831
6497873
6497895
6497945
6497983
6497989
6498009
6498229
6498235
6498285
6498299
6498421
6498429
6498439
6498451
6498459
6498599
6498611
6498619
6498621
6498647
6498649
6498785
6498877
6498947
6499053
6499221
6499323
6499351
6499383
6499385
6499449
6499533
6499559
6499615
6499635
6499695
6499807
6499871
6499883
6499979
6500009
6500031
6500337
6500345
6500357
6500399
6500405
6500465
6500477
6500519
6500535
6500545
6500819
6500847
6500939
6500947
6501033
6501043
6501105
6501111
6501119
6501143
6501151
6501159
6501245
6501281
6501293
6501327
6501401
6501491
6501627
6501705
6501737
6501755
6501821
6501875
6501957
6502307
6502347
6502497
6502503
6502505
6502521
6502539
6502587
6502645
6502747
6502805
6502839
6502855
6503015
6503087
6503171
6503229
6503257
6503279
6503285
6503293
6503295
6503311
6503343
6503405
6503451
6503463
6503477
6503695
6503715
6503797
6503823
6503829
6504097
6504197
6504249
6504303
6504343
6504347
6504367
6504467
6504475
6504611
6504705
6504731
6504747
6504767
6504953
6504991
6504997
6505005
6505019
6505197
6505223
6505293
6505365
6505393
6505455
6505515
6505569
6505643
6505693
6505701
6505763
6505775
6505873
6505881
6506033
6506057
6506063
6506065
6506069
6506113
6506155
6506179
6506263
6506279
6506315
6506361
6506387
6506445
6506451
6506487
6506661
6506765
6506867
6506917
6506927
6507015
6507131
6507141
6507169
6507231
6507247
6507295
6507299
6507317
6507369
6507415
6507431
6507523
6507573
6507713
6507719
6507733
6507831
6507871
6507907
6507961
6508057
6508109
6508115
6508117
6508213
6508337
6508427
6508507
6508639
6508807
6508851
6508855
6508873
6508897
6508941
6509079
6509085
6509135
6509271
6509315
6509321
6509323
6509339
6509375
6509401
6509443
6509471
6509643
6509773
6509799
6509843
6509963
6509987
6510001
6510087
6510149
6510161
6510221
6510267
6510285
6510357
6510671
6510699
6510715
6510749
6510915
6510953
6510987
6511113
6511137
6511229
6511279
6511381
6511399
6511415
6511659
6511939
6512083
6512167
6512205
6512271
6512287
6512387
6512715
6512741
6512789
6512881
6512885
6512941
6512969
6513007
6513165
6513259
6513349
6513351
6513379
6513471
6513521
6513537
6513559
6513641
6513661
6513671
6513857
6513863
6513961
6514097
6514103
6514131
6514147
6514171
6514359
6514561
6514657
6514697
6514819
6515007
6515043
6515049
6515095
6515097
6515113
6515145
6515377
6515393
6515469
6515499
6515641
6515719
6515847
6515899
6516063
6516151
6516287
6516339
6516349
6516611
6516623
6516645
6516677
6517175
6517227
6517231
6517253
6517311
6517339
6517421
6517477
6517487
6517517
6517673
6517849
6517855
6517857
6517963
6517977
6517983
6518105
6518341
6518347
6518395
6518401
6518429
6518499
6518687
6518697
6518781
6518847
6518849
6518939
6518999
6519007
6519019
6519093
6519167
6519291
6519327
6519373
6519431
6519481
6519499
6519611
6519651
6519815
6519879
6519915
6520117
6520225
6520347
6520541
6520669
6520687
6520755
6520775
6520861
6521019
6521035
6521059
6521249
6521271
6521385
6521411
6521483
6521645
6521793
6521799
6521863
6521965
6522005
6522043
6522109
6522147
6522233
6522257
6522511
6522627
6522769
6522825
6522901
6522963
6523049
6523067
6523131
6523203
6523325
6523329
6523431
6523637
6523663
6523679
6523805
6523839
6523931
6524023
6524091
6524167
6524181
6524227
6524305
6524385
6524445
6524485
6524487
6524517
6524583
6524611
6524689
6524697
6524807
6524809
6524861
6524891
6525075
6525101
6525119
6525287
6525303
6525363
6525473
6525519
6525563
6525793
6525809
6525821
6525833
6525859
6525873
6525883
6525945
6525955
6525973
6526045
6526073
6526167
6526187
6526191
6526221
6526357
6526369
6526387
6526425
6526487
6526541
6526551
6526649
6526663
6526747
6526835
6526889
6526927
6526971
6527033
6527041
6527167
6527219
6527231
6527297
6527383
6527553
6527659
6527759
6527807
6527953
6528059
6528237
6528261
6528307
6528405
6528495
6528657
6528791
6528961
6529041
6529045
6529191
6529235
6529303
6529317
6529387
6529557
6529733
6529741
6529907
6529983
6530019
6530213
6530343
6530357
6530435
6530513
6530697
6530925
6531035
6531057
6531059
6531129
6531317
6531507
6531591
6531609
6532005
6532009
6532015
6532037
6532075
6532091
6532121
6532169
6532227
6532261
6532285
6532467
6532535
6532637
6532665
6532749
6532773
6532809
6532973
6533035
6533063
6533071
6533087
6533165
6533339
6533483
6533525
6533531
6533573
6533579
6533581
6533597
6533849
6533999
6534175
6534217
6534247
6534303
6534343
6534405
6534419
6534667
6534789
6534851
6534865
6534933
6535051
6535097
6535121
6535275
6535357
6535575
6535727
6535739
6535749
6535849
6535857
6535859
6535871
6535885
6535961
6536023
6536067
6536095
6536111
6536143
6536231
6536261
6536275
6536485
6536583
6536635
6536799
6536805
6536815
6536917
6536929
6536997
6537077
6537105
6537215
6537327
6537355
6537379
6537385
6537421
6537515
6537533
6537595
6537605
6537727
6537747
6537765
6537769
6537805
6537849
6537977
6537985
6538027
6538059
6538161
6538179
6538191
6538235
6538373
6538463
6538489
6538551
6538573
6538581
6538603
6538619
6538769
6538849
6539021
6539029
6539037
6539043
6539049
6539053
6539155
6539183
6539223
6539263
6539303
6539349
6539351
6539379
6539441
6539515
6539631
6539633
6539735
6539919
6540013
6540097
6540145
6540219
6540229
6540237
6540249
6540383
6540487
6540491
6540537
6540615
6540913
6540995
6541009
6541057
6541121
6541127
6541183
6541281
6541287
6541697
6541703
6541723
6542011
6542041
6542063
6542085
6542149
6542157
6542167
6542259
6542335
6542661
6542675
6542709
6542887
6543025
6543051
6543079
6543111
6543139
6543217
6543331
6543365
6543427
6543583
6543655
6543691
6543837
6543893
6543933
6543991
6544097
6544159
6544217
6544291
6544387
6544399
6544477
6544529
6544695
6544701
6544833
6544855
6544871
6544987
6545027
6545071
6545157
6545207
6545257
6545373
6545399
6545495
6545517
6545543
6545639
6545641
6545701
6545763
6545787
6545819
6545833
6545849
6545891
6546089
6546257
6546437
6546765
6546811
6546831
6547213
6547371
6547403
6547531
6547579
6547667
6547681
6547717
6547867
6547877
6547989
6548039
6548139
6548147
6548267
6548319
6548361
6548409
6548411
6548441
6548457
6548491
6548567
6548617
6548649
6548701
6548711
6548747
6548777
6548861
6548979
6548999
6549005
6549091
6549135
6549171
6549207
6549289
6549375
6549449
6549465
6549505
6549599
6549603
6549655
6549739
6549815
6549839
6549947
6550117
6550237
6550273
6550287
6550337
6550495
6550517
6550551
6550635
6550645
6550677
6550699
6550791
6551113
6551345
6551347
6551437
6551551
6551719
6551751
6551945
6552035
6552073
6552183
6552205
6552237
6552303
6552309
6552425
6552461
6552587
6552691
6552715
6552827
6552885
6552985
6553149
6553231
6553349
6553367
6553369
6553381
6553399
6553423
6553465
6553519
6553523
6553539
6553651
6553655
6553695
6553859
6553905
6553949
6553985
6554007
6554017
6554093
6554149
6554243
6554425
6554463
6554467
6554485
6554573
6554577
6554761
6554763
6554825
6554945
6554967
6554991
6555069
6555115
6555165
6555219
6555243
6555251
6555431
6555475
6555809
6555877
6555885
6555971
6555989
6556069
6556213
6556255
6556455
6556489
6556539
6556583
6556633
6556709
6556711
6556991
6557117
6557223
6557297
6557337
6557355
6557365
6557477
6557497
6557539
6557581
6557637
6557647
6557689
6557707
6557721
6557811
6557815
6557843
6558065
6558179
6558331
6558439
6558475
6558485
6558569
6558679
6558719
6558723
6558873
6558949
6559051
6559067
6559115
6559521
6559559
6559687
6559831
6559873
6559945
6559965
6559973
6559995
6560121
6560141
6560171
6560185
6560247
6560263
6560311
6560345
6560357
6560601
6560633
6560683
6560701
6560703
6560793
6560839
6560939
6561015
6561069
6561113
6561129
6561209
6561267
6561307
6561415
6561483
6561507
6561533
6561597
6561629
6561649
6561825
6561965
6561997
6562027
6562045
6562063
6562065
6562153
6562155
6562229
6562239
6562241
6562389
6562391
6562447
6562511
6562611
6562681
6562791
6562793
6562863
6562945
6562993
6563003
6563085
6563099
6563141
6563325
6563439
6563465
6563507
6563629
6563685
6563709
6563867
6563891
6563895
6563905
6564005
6564039
6564093
6564101
6564453
6564475
6564493
6564565
6564659
6564707
6564723
6564859
6564917
6564935
6564951
6564955
6564959
6564975
6564977
6565177
6565265
6565355
6565359
6565395
6565661
6565777
6565783
6565785
6565919
6565951
6566101
6566151
6566185
6566253
6566285
6566305
6566323
6566329
6566421
6566433
6566465
6566519
6566537
6566659
6566689
6566983
6567099
6567135
6567147
6567231
6567461
6567585
6567705
6567741
6567773
6567879
6567893
6567935
6567981
6568011
6568035
6568043
6568057
6568087
6568095
6568185
6568311
6568351
6568415
6568457
6568537
6568573
6568643
6568647
6568651
6568667
6568699
6568739
6568819
6568901
6568939
6568963
6569001
6569019
6569135
6569169
6569171
6569189
6569219
6569243
6569249
6569277
6569299
6569361
6569487
6569493
6569637
6569715
6569729
6569775
6569815
6569837
6569897
6570035
6570159
6570187
6570193
6570247
6570309
6570331
6570355
6570417
6570441
6570529
6570563
6570573
6570759
6570813
6570823
6570931
6570943
6570981
6571177
6571359
6571565
6571597
6571677
6571693
6571737
6571755
6571789
6571861
6571935
6571939
6572025
6572027
6572031
6572057
6572077
6572143
6572267
6572289
6572319
6572541
6572633
6572649
6572663
6572695
6572709
6572721
6572743
6572873
6572915
6572939
6572971
6572985
6573079
6573117
6573121
6573131
6573387
6573483
6573575
6573761
6573791
6573933
6574003
6574049
6574139
6574165
6574187
6574295
6574457
6574463
6574491
6574611
6574755
6574881
6574893
6575199
6575205
6575431
6575469
6575493
6575507
6575703
6575719
6575787
6575851
6575861
6575909
6575937
6576195
6576227
6576233
6576271
6576325
6576359
6576495
6576559
6576591
6576607
6576697
6576783
6576797
6576831
6576859
6576927
6576963
6576977
6576981
6576993
6577049
6577061
6577235
6577389
6577685
6577837
6578053
6578111
6578131
6578191
6578193
6578287
6578599
6578619
6578707
6578721
6578765
6578771
6578781
6578869
6578959
6578963
6579019
6579023
6579159
6579197
6579363
6579421
6579569
6579671
6579811
6579849
6579955
6580013
6580095
6580149
6580187
6580361
6580465
6580527
6580599
6580771
6580787
6580821
6580835
6580907
6580957
6581049
6581063
6581073
6581255
6581363
6581481
6581499
6581521
6581563
6581799
6581939
6581985
6582017
6582021
6582125
6582131
6582167
6582187
6582215
6582309
6582319
6582431
6582441
6582443
6582455
6582615
6582629
6582817
6582973
6582993
6583007
6583147
6583159
6583217
6583423
6583579
6583601
6583625
6583717
6583743
6583749
6583883
6584093
6584137
6584197
6584417
6584513
6584625
6584651
6584699
6584721
6584727
6584769
6584941
6585291
6585299
6585315
6585341
6585379
6585421
6585485
6585495
6585653
6585675
6585689
6585735
6585831
6585881
6585901
6586081
6586209
6586263
6586269
6586335
6586353
6586437
6586461
6586491
6586559
6586595
6586615
6586631
6586647
6586795
6586797
6586799
6586839
6586841
6586849
6586963
6586979
6587027
6587037
6587071
6587097
6587183
6587263
6587267
6587331
6587357
6587359
6587465
6587475
6587497
6587575
6587611
6587615
6587669
6587687
6587705
6587755
6587777
6587813
6587845
6587861
6587951
6588193
6588211
6588227
6588253
6588491
6588515
6588517
6588605
6588615
6588663
6588709
6588711
6588781
6588783
6588871
6588921
6588937
6588979
6589223
6589299
6589355
6589391
6589405
6589509
6589565
6589583
6589615
6589685
6589781
6589799
6589803
6589925
6589933
6590021
6590077
6590119
6590215
6590237
6590239
6590293
6590343
6590365
6590381
6590463
6590481
6590487
6590589
6590601
6590655
6590683
6590767
6590907
6590953
6590979
6590991
6590993
6591065
6591067
6591139
6591499
6591547
6591631
6591737
6591749
6591761
6591877
6591953
6592005
6592027
6592073
6592103
6592137
6592147
6592185
6592195
6592211
6592241
6592275
6592339
6592347
6592393
6592407
6592451
6592505
6592509
6592573
6592599
6592605
6592723
6592745
6592783
6592789
6592849
6592917
6593015
6593119
6593131
6593245
6593255
6593277
6593291
6593309
6593345
6593397
6593447
6593457
6593573
6593597
6593639
6593659
6593695
6593777
6594019
6594103
6594147
6594173
6594353
6594481
6594541
6594617
6594651
6594669
6594897
6594955
6595001
6595003
6595033
6595041
6595043
6595139
6595153
6595197
6595215
6595241
6595257
6595305
6595345
6595477
6595493
6595523
6595601
6595691
6595697
6595717
6595803
6595813
6595859
6595925
6596085
6596113
6596141
6596189
6596265
6596397
6596459
6596653
6596689
6596703
6596769
6596881
6596935
6596991
6597071
6597125
6597169
6597171
6597185
6597359
6597381
6597411
6597543
6597557
6597569
6597591
6597675
6597699
6597715
6597731
6597847
6597947
6597993
6598035
6598359
6598361
6598369
6598451
6598511
6598533
6598569
6598687
6598809
6599051
6599351
6599379
6599381
6599389
6599579
6599647
6599729
6599863
6599893
6599961
6600037
6600043
6600099
6600113
6600307
6600673
6600685
6600833
6600841
6600883
6600991
6601001
6601117
6601123
6601145
6601149
6601223
6601323
6601393
6601435
6601497
6601553
6601555
6601609
6601615
6601711
6601913
6601921
6602111
6602205
6602255
6602407
6602441
6602491
6602539
6602611
6602711
6602927
6602941
6603083
6603173
6603195
6603261
6603283
6603289
6603297
6603339
6603401
6603407
6603409
6603483
6603493
6603501
6603507
6603589
6603729
6603859
6603893
6603971
6604055
6604077
6604105
6604169
6604221
6604301
6604349
6604365
6604495
6604567
6604577
6604811
6604819
6604935
6605033
6605083
6605143
6605147
6605359
6605371
6605469
6605485
6605605
6605607
6605841
6605847
6606017
6606095
6606131
6606141
6606217
6606261
6606393
6606417
6606429
6606573
6606581
6606645
6606671
6606693
6606705
6606821
6607063
6607119
6607155
6607157
6607167
6607253
6607419
6607581
6607635
6607651
6607661
6607809
6607871
6607935
6607937
6608043
6608115
6608117
6608131
6608165
6608189
6608245
6608549
6608551
6608649
6608745
6608777
6608863
6608985
6609073
6609119
6609157
6609263
6609291
6609297
6609385
6609507
6609619
6609659
6609669
6609785
6609791
6609815
6609907
6609971
6610039
6610087
6610115
6610157
6610165
6610257
6610555
6610653
6610655
6610687
6610801
6610819
6610827
6610905
6610927
6610935
6610941
6610943
6611011
6611073
6611155
6611179
6611221
6611247
6611365
6611373
6611383
6611455
6611513
6611649
6611665
6611709
6611739
6611885
6612055
6612085
6612105
6612213
6612269
6612273
6612517
6612697
6612763
6612905
6612907
6612963
6612979
6613051
6613059
6613231
6613241
6613353
6613367
6613611
6613627
6613645
6613719
6613727
6613825
6613933
6614009
6614019
6614029
6614053
6614057
6614247
6614403
6614421
6614495
6614609
6614759
6614775
6614805
6614929
6614933
6614959
6615023
6615055
6615111
6615157
6615183
6615235
6615249
6615311
6615443
6615523
6615647
6615799
6615957
6616023
6616361
6616471
6616489
6616515
6616527
6616575
6616603
6616645
6616683
6616763
6616823
6616831
6616905
6616917
6616955
6616959
6616999
6617045
6617089
6617179
6617217
6617233
6617283
6617375
6617411
6617413
6617581
6617599
6617609
6617751
6617949
6617995
6618023
6618031
6618151
6618203
6618207
6618213
6618271
6618413
6618417
6618433
6618447
6618511
6618609
6618625
6618739
6618797
6618889
6618981
6618983
6618985
6619199
6619227
6619233
6619453
6619565
6619761
6619783
6619893
6620071
6620127
6620243
6620285
6620423
6620541
6620559
6620641
6620815
6620845
6620923
6620995
6621083
6621101
6621135
6621221
6621263
6621291
6621317
6621379
6621427
6621447
6621509
6621523
6621743
6621769
6621833
6621835
6621935
6622119
6622293
6622399
6622431
6622547
6622557
6622687
6622737
6622825
6622859
6622895
6622929
6622973
6623023
6623031
6623089
6623125
6623143
6623241
6623245
6623433
6623509
6623621
6623643
6623669
6623703
6623779
6623785
6623795
6623857
6623985
6624027
6624049
6624071
6624153
6624159
6624219
6624299
6624385
6624409
6624605
6624611
6624613
6624801
6624953
6624991
6625129
6625137
6625203
6625303
6625321
6625409
6625423
6625593
6625679
6625693
6625793
6625801
6625833
6625845
6625885
6626039
6626061
6626077
6626151
6626271
6626313
6626323
6626363
6626383
6626411
6626433
6626475
6626559
6626645
6626701
6626737
6626749
6626757
6626851
6626887
6626911
6627037
6627111
6627151
6627251
6627399
6627423
6627523
6627529
6627563
6627591
6627605
6627661
6627735
6627793
6627881
6628003
6628033
6628049
6628119
6628171
6628285
6628301
6628501
6628707
6628757
6628777
6628953
6628959
6628989
6629173
6629217
6629265
6629353
6629393
6629453
6629647
6629665
6629827
6629829
6629831
6629925
6629929
6630127
6630179
6630431
6630489
6630679
6630687
6630723
6630727
6630761
6630769
6630821
6630879
6630963
6631035
6631065
6631217
6631315
6631319
6631369
6631379
6631397
6631467
6631477
6631539
6631655
6631657
6631721
6631847
6632019
6632099
6632181
6632207
6632293
6632367
6632385
6632413
6632525
6632553
6632555
6632557
6632631
6632633
6632635
6632645
6632691
6632753
6632761
6632861
6632965
6632993
6633075
6633079
6633111
6633113
6633199
6633215
6633565
6633683
6633801
6633835
6633843
6633845
6633871
6633937
6634025
6634051
6634125
6634127
6634179
6634191
6634227
6634255
6634305
6634401
6634439
6634443
6634527
6634599
6634603
6634607
6634699
6634725
6634783
6634787
6634951
6634969
6634997
6635087
6635141
6635163
6635167
6635253
6635303
6635413
6635441
6635473
6635567
6635611
6635615
6635623
6635661
6635675
6635691
6635711
6635769
6635777
6635923
6635951
6635969
6635985
6636007
6636035
6636047
6636049
6636073
6636079
6636087
6636109
6636123
6636125
6636223
6636279
6636305
6636357
6636557
6636585
6636741
6636893
6637117
6637141
6637331
6637333
6637359
6637387
6637405
6637411
6637427
6637533
6637547
6637563
6637595
6637661
6637741
6637743
6637903
6638103
6638119
6638141
6638185
6638305
6638335
6638375
6638393
6638429
6638445
6638449
6638465
6638491
6638509
6638575
6638673
6638709
6638723
6638911
6638923
6639153
6639163
6639221
6639251
6639265
6639347
6639395
6639419
6639487
6639513
6639515
6639529
6639551
6639575
6639611
6639641
6639677
6639679
6639783
6639785
6639839
6639855
6639909
6640125
6640397
6640419
6640483
6640633
6640647
6640701
6640705
6640801
6640873
6640949
6640959
6641005
6641123
6641207
6641213
6641487
6641497
6641537
6641597
6641601
6641857
6641895
6642075
6642111
6642183
6642309
6642345
6642393
6642475
6642501
6642731
6642789
6642895
6642957
6643053
6643215
6643279
6643437
6643455
6643477
6643487
6643493
6643523
6643555
6643563
6643693
6643785
6643857
6643865
6643933
6643967
6643977
6644013
6644053
6644063
6644079
6644123
6644333
6644557
6644561
6644637
6644779
6645269
6645315
6645371
6645483
6645649
6645665
6645811
6645861
6646023
6646185
6646259
6646287
6646435
6646443
6646447
6646553
6646657
6646683
6646733
6646899
6646917
6646935
6646975
6647011
6647045
6647151
6647207
6647227
6647257
6647387
6647611
6647643
6647653
6647663
6647739
6647781
6647791
6647891
6647903
6648219
6648267
6648369
6648389
6648391
6648419
6648421
6648433
6648517
6648537
6648545
6648635
6648887
6648953
6649107
6649117
6649123
6649127
6649195
6649215
6649319
6649339
6649353
6649409
6649483
6649551
6649565
6649571
6649697
6649705
6649893
6649901
6649903
6649907
6649921
6649967
6650005
6650021
6650039
6650113
6650135
6650197
6650305
6650341
6650343
6650425
6650465
6650613
6650837
6650845
6650885
6650907
6650913
6650917
6650919
6650995
6651001
6651065
6651083
6651109
6651231
6651319
6651339
6651461
6651475
6651513
6651515
6651933
6651993
6652043
6652093
6652131
6652177
6652187
6652199
6652281
6652307
6652383
6652395
6652421
6652549
6652555
6652627
6652707
6653037
6653077
6653147
6653455
6653463
6653617
6653775
6654035
6654059
6654191
6654197
6654271
6654299
6654695
6654723
6654729
6654735
6654779
6654795
6654885
6654923
6654973
6655051
6655137
6655171
6655213
6655273
6655331
6655443
6655475
6655541
6655817
6655833
6655853
6655913
6655935
6656025
6656129
6656329
6656341
6656355
6656365
6656439
6656475
6656539
6656589
6657015
6657145
6657213
6657287
6657291
6657305
6657347
6657445
6657471
6657473
6657707
6657783
6657789
6657995
6657997
6658215
6658239
6658451
6658475
6658507
6658527
6658759
6658781
6658785
6658831
6658975
6659047
6659061
6659085
6659373
6659389
6659551
6659559
6659585
6659595
6659813
6659929
6659963
6660037
6660123
6660221
6660227
6660273
6660381
6660555
6660585
6660681
6661095
6661231
6661331
6661361
6661653
6661659
6661743
6661771
6661793
6661869
6661943
6661959
6661963
6662049
6662057
6662203
6662261
6662299
6662359
6662395
6662437
6662565
6662649
6662957
6662991
6663101
6663213
6663227
6663331
6663345
6663427
6663497
6663649
6663717
6663749
6663755
6663801
6663827
6663877
6663917
6664053
6664069
6664155
6664217
6664245
6664305
6664435
6664495
6664587
6664611
6664675
6664687
6664689
6664703
6664705
6664775
6664871
6664991
6665139
6665225
6665253
6665305
6665357
6665493
6665585
6665733
6665743
6665783
6665787
6665841
6666029
6666141
6666147
6666229
6666233
6666351
6666417
6666419
6666579
6666805
6666819
6666837
6666919
6666975
6666987
6667035
6667087
6667141
6667183
6667197
6667219
6667251
6667259
6667281
6667413
6667491
6667527
6667633
6667691
6667753
6667757
6667781
6667801
6667815
6667841
6667873
6667979
6668011
6668095
6668151
6668199
6668203
6668221
6668275
6668399
6668519
6668587
6668667
6668745
6668781
6668951
6669067
6669297
6669325
6669327
6669367
6669403
6669431
6669485
6669505
6669511
6669583
6669629
6669709
6669743
6669881
6669987
6670021
6670075
6670467
6670501
6670637
6670799
6670827
6670859
6670975
6671007
6671039
6671071
6671313
6671487
6671657
6671665
6671901
6671961
6672031
6672049
6672201
6672363
6672539
6672621
6672787
6672807
6672811
6672863
6672919
6673007
6673027
6673075
6673181
6673207
6673217
6673243
6673325
6673363
6673389
6673427
6673569
6673777
6673783
6673801
6673817
6673959
6673995
6674095
6674151
6674171
6674185
6674189
6674197
6674231
6674381
6674509
6674593
6674741
6674785
6674847
6674849
6674857
6674957
6674981
6675065
6675113
6675137
6675145
6675151
6675185
6675257
6675275
6675821
6675911
6676161
6676305
6676345
6676493
6676657
6676751
6676815
6676855
6676905
6676971
6676983
6676999
6677031
6677061
6677127
6677215
6677283
6677333
6677427
6677433
6677577
6677755
6677859
6677889
6677991
6677997
6678171
6678245
6678249
6678277
6678287
6678313
6678347
6678425
6678429
6678439
6678665
6678667
6678717
6678735
6678903
6679039
6679045
6679057
6679169
6679183
6679265
6679361
6679457
6679587
6679729
6679793
6679889
6679897
6679975
6679997
6680083
6680173
6680205
6680217
6680431
6680455
6680493
6680575
6680619
6680665
6680751
6680881
6680913
6680935
6680995
6681033
6681051
6681065
6681321
6681335
6681375
6681385
6681417
6681553
6681561
6681701
6681859
6681917
6681939
6682211
6682333
6682395
6682523
6682533
6682609
6682631
6682647
6682679
6682883
6682955
6683059
6683109
6683111
6683191
6683275
6683317
6683419
6683477
6683483
6683515
6683591
6683615
6683645
6683823
6683895
6683905
6683931
6684005
6684015
6684103
6684147
6684173
6684235
6684243
6684275
6684305
6684329
6684411
6684451
6684487
6684575
6684661
6684837
6684981
6685229
6685261
6685355
6685377
6685469
6685505
6685539
6685563
6685571
6685675
6685685
6685741
6685779
6685805
6685815
6686029
6686201
6686299
6686323
6686365
6686377
6686411
6686421
6686495
6686503
6686717
6686727
6686801
6686907
6687057
6687089
6687143
6687159
6687187
6687219
6687331
6687435
6687561
6687581
6687597
6687615
6687789
6687925
6687933
6687935
6688089
6688143
6688335
6688393
6688489
6688569
6688571
6688587
6688627
6688643
6688673
6688753
6688851
6688919
6689019
6689021
6689025
6689135
6689265
6689307
6689335
6689351
6689467
6689537
6689545
6689555
6689557
6689609
6689737
6689761
6689813
6689839
6689855
6690011
6690069
6690097
6690391
6690473
6690531
6690563
6690593
6690611
6690861
6690893
6690949
6690959
6691183
6691325
6691411
6691427
6691501
6691671
6691703
6691707
6691721
6691825
6691885
6691909
6692055
6692135
6692191
6692305
6692331
6692339
6692361
6692375
6692397
6692409
6692455
6692601
6692607
6692765
6692859
6692881
6693093
6693197
6693201
6693357
6693417
6693489
6693499
6693759
6693781
6693871
6693889
6693947
6693955
6693999
6694223
6694345
6694355
6694371
6694515
6694523
6694535
6694547
6694573
6694581
6694681
6694699
6694725
6694747
6694769
6694909
6694913
6694933
6694947
6694989
6695035
6695037
6695053
6695091
6695107
6695209
6695285
6695317
6695403
6695407
6695413
6695493
6695557
6695601
6695721
6695869
6695967
6696043
6696061
6696095
6696113
6696119
6696283
6696315
6696487
6696489
6696503
6696681
6696775
6696779
6696791
6696867
6696919
6697065
6697069
6697091
6697153
6697467
6697615
6697667
6697903
6697907
6697909
6697997
6698005
6698081
6698147
6698317
6698335
6698341
6698383
6698393
6698471
6698513
6698593
6698613
6698657
6698777
6698815
6698857
6698895
6698933
6698955
6699013
6699057
6699073
6699197
6699201
6699229
6699413
6699579
6699765
6699781
6699819
6699897
6699931
6699985
6700011
6700095
6700177
6700517
6700557
6700945
6701163
6701185
6701229
6701269
6701363
6701449
6701483
6701559
6701615
6701697
6701743
6701787
6701845
6701897
6702091
6702199
6702291
6702361
6702427
6702447
6702599
6702651
6702659
6702709
6702965
6702967
6702995
6703071
6703129
6703137
6703199
6703241
6703303
6703417
6703429
6703509
6704047
6704053
6704065
6704221
6704415
6704529
6704557
6704559
6704597
6704673
6704713
6704795
6704861
6704863
6704869
6704957
6705013
6705053
6705067
6705345
6705367
6705381
6705399
6705449
6705611
6705625
6705675
6705763
6705779
6705845
6705915
6705925
6706275
6706289
6706351
6706469
6706667
6706677
6706743
6706887
6707149
6707179
6707197
6707215
6707221
6707319
6707349
6707549
6707623
6707631
6707749
6707881
6707935
6707947
6708019
6708041
6708099
6708163
6708207
6708391
6708423
6708433
6708763
6708957
6709009
6709029
6709075
6709117
6709199
6709361
6709405
6709473
6709485
6709523
6709549
6709555
6709591
6709671
6709709
6709835
6709879
6710093
6710131
6710163
6710239
6710243
6710245
6710377
6710417
6710487
6710727
6710753
6710757
6710969
6711009
6711015
6711027
6711091
6711103
6711131
6711133
6711205
6711659
6711809
6711815
6711857
6711903
6711905
6711923
6711977
6711997
6712007
6712027
6712049
6712053
6712453
6712587
6712653
6712659
6712701
6712889
6713071
6713241
6713313
6713427
6713511
6713523
6713617
6713755
6713785
6713855
6713927
6713947
6713973
6713975
6713991
6714009
6714011
6714051
6714081
6714123
6714139
6714183
6714377
6714421
6714429
6714491
6714525
6714535
6714551
6714607
6714643
6714737
6714827
6714841
6714971
6715031
6715051
6715107
6715197
6715203
6715223
6715229
6715275
6715317
6715445
6715491
6715505
6715515
6715527
6715579
6715625
6715661
6715723
6715773
6716273
6716389
6716439
6716447
6716477
6716625
6716641
6716691
6716739
6716873
6716899
6717013
6717309
6717421
6717471
6717601
6717635
6717685
6717713
6717747
6717789
6717891
6718135
6718173
6718199
6718269
6718387
6718413
6718435
6718437
6718467
6718527
6718533
6718569
6718593
6718619
6718635
6718767
6718831
6718893
6718997
6719095
6719109
6719161
6719195
6719261
6719283
6719289
6719291
6719437
6719575
6719739
6719765
6719781
6719797
6719945
6720007
6720151
6720251
6720279
6720337
6720349
6720365
6720385
6720453
6720585
6720791
6720813
6720941
6720971
6720995
6720997
6721033
6721119
6721307
6721317
6721329
6721399
6721469
6721503
6721621
6721733
6721795
6721847
6722295
6722373
6722481
6722493
6722495
6722571
6722583
6722675
6722689
6722765
6722787
6722845
6722871
6722915
6722937
6723035
6723143
6723285
6723423
6723427
6723493
6723567
6723669
6723691
6723713
6723821
6723879
6723887
6723975
6723993
6724007
6724017
6724249
6724265
6724457
6724595
6724597
6724619
6724737
6724917
6724935
6725025
6725057
6725187
6725195
6725285
6725339
6725361
6725367
6725409
6725521
6725627
6725797
6725829
6725869
6725919
6725955
6726061
6726095
6726151
6726203
6726223
6726279
6726399
6726673
6726727
6726731
6726739
6726779
6726867
6726903
6726927
6726983
6727021
6727065
6727173
6727175
6727203
6727235
6727295
6727563
6727585
6727635
6727655
6727743
6727823
6727839
6727879
6727885
6727999
6728193
6728225
6728301
6728307
6728347
6728405
6728515
6728663
6728709
6728725
6728767
6728805
6728857
6728867
6728899
6729005
6729285
6729311
6729351
6729393
6729461
6729475
6729497
6729559
6729569
6729633
6729769
6729827
6729835
6729857
6729881
6729961
6729975
6730253
6730309
6730515
6730551
6730673
6730697
6730729
6730733
6731109
6731193
6731369
6731407
6731411
6731439
6731663
6731691
6731699
6731829
6731881
6731889
6732059
6732079
6732129
6732225
6732271
6732383
6732481
6732501
6732503
6732641
6732695
6732783
6732795
6732831
6732977
6733025
6733125
6733293
6733325
6733353
6733377
6733399
6733443
6733449
6733467
6733523
6733567
6733735
6733815
6733827
6733907
6733909
6734079
6734125
6734135
6734143
6734155
6734361
6734375
6734381
6734395
6734427
6734599
6734701
6734735
6734819
6734933
6734979
6735039
6735093
6735119
6735159
6735219
6735339
6735453
6735539
6735717
6735779
6736103
6736127
6736319
6736327
6736453
6736457
6736463
6736535
6736597
6736613
6736629
6736671
6736783
6736847
6736865
6736871
6736963
6737023
6737073
6737081
6737211
6737219
6737297
6737335
6737523
6737627
6737771
6737789
6737845
6737853
6737873
6737959
6738031
6738045
6738097
6738115
6738199
6738277
6738361
6738391
6738455
6738533
6738687
6738731
6738797
6738877
6738945
6738963
6739219
6739301
6739389
6739441
6739503
6739563
6739891
6739991
6740207
6740311
6740389
6740411
6740561
6740595
6740879
6740891
6740893
6740991
6741161
6741227
6741253
6741263
6741309
6741319
6741395
6741615
6741665
6741671
6741673
6741681
6741783
6741987
6742081
6742105
6742147
6742161
6742181
6742185
6742363
6742371
6742423
6742467
6742563
6742605
6742753
6742893
6742917
6743021
6743047
6743055
6743081
6743125
6743159
6743261
6743293
6743375
6743499
6743651
6743745
6743863
6743887
6744051
6744081
6744105
6744137
6744151
6744157
6744187
6744277
6744367
6744413
6744499
6744521
6744619
6744677
6744715
6744727
6744847
6744927
6744951
6744975
6744991
6745027
6745155
6745159
6745227
6745259
6745277
6745367
6745423
6745591
6745605
6745645
6745847
6746067
6746081
6746103
6746159
6746167
6746227
6746333
6746347
6746351
6746363
6746455
6746459
6746463
6746681
6746767
6746893
6746927
6746971
6746973
6747019
6747023
6747061
6747119
6747125
6747137
6747169
6747271
6747307
6747345
6747369
6747491
6747511
6747573
6747613
6747635
6747717
6747751
6747761
6747841
6747843
6748047
6748177
6748479
6748509
6748667
6748777
6748863
6748873
6748889
6748913
6748915
6748981
6748985
6749069
6749155
6749181
6749265
6749325
6749393
6749439
6749481
6749525
6749535
6749565
6749577
6749643
6749655
6749679
6749745
6749931
6749997
6750095
6750131
6750251
6750271
6750351
6750401
6750449
6750505
6750577
6750625
6750651
6750661
6750699
6750733
6750877
6751029
6751275
6751279
6751307
6751415
6751509
6751531
6751823
6751835
6751861
6751971
6752059
6752065
6752073
6752141
6752143
6752145
6752211
6752463
6752525
6752559
6752649
6752659
6752857
6752865
6752867
6752983
6753019
6753123
6753183
6753205
6753213
6753413
6753415
6753453
6753493
6753513
6753687
6753705
6753747
6753895
6753931
6753987
6754167
6754217
6754269
6754331
6754389
6754399
6754521
6754555
6754569
6754583
6754585
6754709
6754857
6755193
6755203
6755249
6755277
6755441
6755501
6755573
6755649
6755685
6755689
6756025
6756055
6756121
6756185
6756203
6756269
6756345
6756377
6756451
6756531
6756607
6756609
6756631
6756707
6756841
6756843
6756859
6757105
6757121
6757251
6757493
6757521
6757531
6757565
6757591
6757601
6757607
6757681
6757799
6757879
6757893
6757941
6758013
6758037
6758097
6758103
6758171
6758265
6758343
6758383
6758387
6758417
6758457
6758507
6758539
6758589
6758629
6758683
6758719
6758745
6758889
6758949
6758957
6759049
6759265
6759317
6759443
6759569
6759589
6759637
6759647
6759739
6759757
6759773
6759857
6759919
6759987
6760039
6760121
6760209
6760367
6760413
6760495
6760559
6760713
6760731
6760795
6760899
6760927
6760935
6761011
6761085
6761103
6761143
6761273
6761311
6761325
6761341
6761475
6761603
6761809
6761907
6761927
6761975
6761977
6761979
6762097
6762179
6762185
6762259
6762457
6762459
6762493
6762533
6762693
6762695
6762881
6762893
6762939
6762959
6763003
6763065
6763145
6763395
6763399
6763427
6763453
6763519
6763695
6763913
6763989
6764075
6764101
6764141
6764161
6764259
6764355
6764417
6764435
6764587
6764741
6764747
6764893
6764917
6764933
6765005
6765027
6765165
6765191
6765201
6765341
6765549
6765553
6765757
6765923
6765981
6766047
6766137
6766143
6766151
6766163
6766223
6766329
6766403
6766435
6766443
6766569
6766573
6766609
6766761
6766911
6766917
6766945
6767011
6767095
6767165
6767207
6767259
6767315
6767325
6767463
6767517
6767533
6767643
6767751
6767819
6767925
6767991
6768051
6768073
6768119
6768161
6768173
6768409
6768621
6768637
6768657
6768671
6768725
6768731
6768747
6768805
6768861
6768895
6768949
6768957
6769005
6769193
6769277
6769389
6769415
6769459
6769531
6769629
6769731
6769795
6769823
6769867
6770129
6770169
6770213
6770251
6770277
6770497
6770517
6770585
6770639
6770691
6770789
6770807
6770853
6770885
6770909
6770917
6770953
6770979
6771003
6771063
6771067
6771081
6771087
6771169
6771191
6771285
6771461
6771867
6771969
6772067
6772313
6772453
6772459
6772499
6772515
6772523
6772567
6772731
6772747
6772809
6772829
6772945
6773011
6773109
6773163
6773193
6773223
6773235
6773345
6773543
6773605
6773623
6773721
6773753
6773757
6773819
6773883
6773997
6774101
6774133
6774153
6774177
6774225
6774301
6774395
6774423
6774523
6774633
6774827
6775031
6775339
6775369
6775377
6775459
6775471
6775747
6775807
6775815
6775847
6775863
6775921
6775933
6775979
6775997
6776067
6776097
6776131
6776165
6776185
6776215
6776227
6776341
6776521
6776571
6776573
6776703
6776725
6776821
6776905
6776975
6777039
6777045
6777113
6777163
6777439
6777461
6777489
6777495
6777505
6777689
6777739
6777815
6777835
6777919
6778207
6778213
6778277
6778279
6778287
6778295
6778337
6778351
6778529
6778619
6778627
6778739
6778775
6779061
6779171
6779317
6779337
6779405
6779425
6779493
6779517
6779743
6779875
6780019
6780063
6780075
6780109
6780153
6780171
6780197
6780209
6780261
6780309
6780389
6780391
6780479
6780653
6780687
6780801
6780829
6780913
6781015
6781055
6781109
6781111
6781115
6781161
6781407
6781463
6781497
6781523
6781585
6781593
6781641
6781675
6781683
6781689
6781695
6781749
6781753
6781947
6781981
6782047
6782129
6782159
6782243
6782271
6782487
6782525
6782543
6782661
6782669
6782681
6782825
6782897
6783115
6783187
6783195
6783309
6783555
6783563
6783629
6783703
6783783
6783815
6783865
6784027
6784029
6784121
6784195
6784273
6784281
6784293
6784411
6784421
6784465
6784525
6784545
6784649
6784739
6784775
6784851
6784867
6784955
6784959
6785139
6785151
6785263
6785567
6785577
6785581
6785585
6785667
6785717
6785737
6785757
6785791
6785807
6785851
6785953
6786039
6786063
6786103
6786135
6786249
6786267
6786311
6786395
6786409
6786455
6786529
6786653
6786685
6786743
6786857
6786949
6787089
6787097
6787289
6787349
6787393
6787465
6787481
6787513
6787645
6787677
6787703
6787805
6787825
6787891
6787969
6788141
6788301
6788363
6788571
6788667
6788739
6788749
6788919
6789115
6789167
6789211
6789343
6789359
6789403
6789591
6789629
6789685
6789699
6789723
6789863
6789915
6789977
6789979
6790085
6790105
6790107
6790157
6790201
6790225
6790267
6790275
6790357
6790389
6790761
6790763
6791079
6791205
6791211
6791225
6791245
6791275
6791631
6791639
6791753
6791917
6791971
6792143
6792161
6792255
6792519
6792747
6792803
6792861
6792985
6792999
6793089
6793109
6793163
6793405
6793525
6793601
6793637
6793679
6793707
6793709
6793795
6793993
6794071
6794145
6794277
6794315
6794351
6794381
6794389
6794403
6794743
6794771
6794801
6794833
6794839
6794885
6794953
6794957
6795011
6795145
6795165
6795229
6795485
6795505
6795527
6795739
6795955
6795989
6796009
6796201
6796231
6796289
6796293
6796313
6796323
6796329
6796373
6796589
6796643
6796707
6796789
6796813
6796903
6796971
6797059
6797239
6797319
6797357
6797387
6797451
6797455
6797535
6797537
6797577
6797755
6797833
6797875
6797901
6797977
6797991
6798033
6798109
6798227
6798231
6798327
6798427
6798461
6798503
6798507
6798565
6798669
6798741
6798745
6798757
6798759
6798859
6799021
6799065
6799069
6799135
6799199
6799337
6799373
6799535
6799565
6799613
6799665
6799705
6799805
6799999
6800073
6800261
6800281
6800291
6800309
6800381
6800423
6800463
6800475
6800591
6800629
6800633
6800697
6800887
6800917
6800929
6801031
6801089
6801147
6801165
6801419
6801459
6801617
6801649
6801681
6801733
6801809
6801831
6801873
6802039
6802075
6802169
6802191
6802211
6802507
6802509
6802549
6802561
6802579
6802589
6802701
6802989
6803079
6803231
6803303
6803473
6803519
6803669
6803693
6803873
6803931
6804119
6804153
6804221
6804271
6804393
6804399
6804457
6804503
6804683
6804731
6804761
6804855
6804955
6804985
6805047
6805079
6805121
6805139
6805145
6805221
6805231
6805323
6805419
6805439
6805551
6805567
6805707
6805747
6805803
6805813
6805881
6806319
6806477
6806513
6806587
6806631
6806641
6806721
6806797
6806803
6807045
6807071
6807079
6807301
6807457
6807503
6807683
6807817
6807841
6807931
6808011
6808341
6808345
6808441
6808729
6808785
6808793
6808907
6808915
6809019
6809141
6809295
6809375
6809379
6809417
6809425
6809427
6809515
6809541
6809647
6809859
6810159
6810163
6810285
6810395
6810459
6810581
6810587
6810593
6810605
6810743
6810831
6811027
6811043
6811051
6811059
6811113
6811173
6811195
6811259
6811261
6811341
6811453
6811503
6811635
6811997
6812033
6812111
6812117
6812141
6812157
6812221
6812487
6812499
6812507
6812597
6812725
6812759
6812769
6812777
6812795
6812869
6812889
6812909
6813045
6813221
6813283
6813291
6813365
6813369
6813389
6813467
6813523
6813651
6813655
6813831
6813849
6814029
6814077
6814201
6814223
6814541
6814557
6814589
6814711
6814791
6814831
6814833
6814845
6814861
6814965
6815019
6815067
6815091
6815373
6815391
6815429
6815501
6815537
6815583
6815639
6815647
6815679
6815705
6815917
6815981
6816115
6816271
6816277
6816297
6816341
6816387
6816477
6816499
6816505
6816555
6816557
6816649
6816681
6816707
6816741
6816825
6816847
6816963
6817067
6817073
6817131
6817187
6817365
6817377
6817385
6817505
6817591
6817643
6817667
6817769
6817801
6817815
6817935
6817949
6817953
6818133
6818145
6818177
6818245
6818503
6818519
6818533
6818577
6818625
6818629
6818633
6818773
6818831
6818849
6819043
6819087
6819209
6819265
6819279
6819351
6819381
6819403
6819413
6819429
6819661
6819765
6819909
6819919
6819995
6819997
6820009
6820031
6820141
6820179
6820185
6820227
6820285
6820329
6820339
6820501
6820545
6820579
6820609
6820625
6820685
6820809
6820883
6820899
6820993
6821133
6821217
6821245
6821295
6821357
6821475
6821537
6821595
6821615
6821993
6822105
6822131
6822177
6822203
6822265
6822361
6822405
6822419
6822629
6822689
6822737
6822887
6822895
6822915
6823151
6823207
6823217
6823287
6823289
6823341
6823359
6823397
6823465
6823575
6823669
6823699
6823717
6823725
6823923
6823935
6823991
6824031
6824101
6824187
6824351
6824367
6824431
6824501
6824569
6824585
6824615
6824627
6824833
6824847
6824885
6824955
6825117
6825153
6825333
6825345
6825381
6825397
6825495
6825497
6825545
6825587
6825639
6825685
6825887
6825907
6825929
6825975
6826159
6826243
6826253
6826377
6826423
6826521
6826547
6826601
6826609
6826619
6826689
6826703
6826705
6826757
6826875
6827049
6827155
6827381
6827465
6827527
6827537
6827563
6827629
6827731
6827915
6827995
6828049
6828061
6828229
6828309
6828359
6828387
6828415
6828435
6828493
6828579
6828641
6828671
6828719
6828811
6828821
6828889
6829015
6829059
6829187
6829269
6829355
6829361
6829435
6829491
6829577
6829857
6829883
6829959
6830097
6830099
6830127
6830183
6830195
6830199
6830299
6830335
6830401
6830435
6830569
6830585
6830763
6831105
6831229
6831403
6831499
6831543
6831581
6831683
6831727
6831739
6831893
6832119
6832303
6832339
6832439
6832487
6832581
6832645
6832679
6832781
6832835
6832839
6832843
6832947
6833021
6833061
6833115
6833209
6833247
6833269
6833413
6833463
6833487
6833619
6833633
6833673
6833723
6833755
6833783
6833805
6833829
6833883
6833891
6833897
6833927
6833937
6833957
6833965
6834033
6834049
6834135
6834141
6834149
6834171
6834211
6834373
6834385
6834455
6834679
6834871
6834893
6834911
6834985
6835005
6835055
6835353
6835491
6835747
6835789
6835905
6835937
6835955
6835989
6835999
6836115
6836157
6836193
6836197
6836279
6836301
6836405
6836477
6836503
6836535
6836655
6836723
6836793
6836857
6836907
6836947
6837007
6837117
6837177
6837271
6837393
6837439
6837445
6837825
6837845
6837907
6838113
6838121
6838281
6838327
6838409
6838499
6838505
6838589
6838651
6838809
6838897
6838927
6839007
6839047
6839091
6839099
6839189
6839293
6839395
6839411
6839435
6839461
6839535
6839559
6839593
6839649
6839679
6839747
6839831
6839871
6839875
6839945
6840005
6840069
6840079
6840149
6840167
6840281
6840419
6840431
6840469
6840515
6840577
6840667
6840799
6840901
6840999
6841037
6841051
6841167
6841217
6841249
6841259
6841289
6841601
6841687
6841771
6841949
6841979
6842045
6842079
6842087
6842173
6842215
6842365
6842409
6842419
6842527
6842703
6842737
6842767
6842937
6842993
6843065
6843113
6843165
6843297
6843307
6843353
6843549
6843665
6843749
6843755
6843763
6843809
6843833
6843903
6843929
6844013
6844041
6844119
6844449
6844541
6844587
6844853
6844941
6845003
6845121
6845207
6845209
6845247
6845267
6845285
6845307
6845323
6845385
6845459
6845473
6845507
6845621
6845663
6845671
6845715
6845877
6846099
6846113
6846159
6846175
6846177
6846213
6846439
6846443
6846469
6846471
6846477
6846637
6846655
6846761
6846901
6846917
6847065
6847119
6847223
6847315
6847339
6847351
6847415
6847509
6847671
6847693
6847699
6847737
6847759
6847787
6847883
6847973
6847989
6847993
6848055
6848059
6848139
6848151
6848157
6848191
6848199
6848253
6848279
6848283
6848417
6848443
6848473
6848609
6848675
6848741
6848747
6848767
6848787
6849013
6849061
6849141
6849217
6849333
6849355
6849561
6849617
6849729
6849757
6849793
6849813
6849909
6849999
6850011
6850041
6850053
6850119
6850255
6850381
6850555
6850731
6850745
6850805
6850825
6850911
6850953
6851051
6851061
6851127
6851199
6851245
6851467
6851657
6851703
6851799
6851883
6851893
6852053
6852067
6852201
6852231
6852233
6852279
6852281
6852373
6852409
6852435
6852547
6852753
6852861
6852979
6853009
6853013
6853093
6853103
6853187
6853205
6853265
6853293
6853333
6853521
6853591
6853897
6853945
6854059
6854085
6854121
6854125
6854319
6854395
6854447
6854531
6854569
6854579
6854701
6854749
6854761
6854903
6854919
6854933
6855015
6855083
6855183
6855211
6855297
6855549
6855725
6855863
6855889
6855917
6855919
6856097
6856107
6856119
6856237
6856517
6856591
6856709
6856757
6856951
6857021
6857041
6857165
6857237
6857399
6857519
6857559
6857611
6857711
6857713
6857753
6857817
6857929
6858009
6858029
6858033
6858083
6858097
6858107
6858155
6858511
6858643
6858647
6858671
6858759
6858843
6858859
6858873
6858989
6859075
6859123
6859135
6859157
6859265
6859425
6859509
6859641
6859711
6859805
6859819
6859835
6859931
6859939
6859947
6859985
6859997
6860001
6860073
6860139
6860155
6860189
6860329
6860357
6860517
6860525
6860527
6860533
6860551
6860599
6860637
6860719
6860727
6861133
6861165
6861245
6861345
6861355
6861399
6861473
6861617
6861695
6861935
6862011
6862059
6862159
6862173
6862215
6862415
6862491
6862503
6862563
6862579
6862651
6862709
6862765
6862833
6863133
6863161
6863165
6863235
6863355
6863505
6863551
6863695
6863707
6863757
6863769
6863917
6864001
6864083
6864105
6864123
6864129
6864271
6864325
6864525
6864811
6864955
6864959
6864973
6865025
6865157
6865193
6865235
6865405
6865467
6865475
6865573
6865881
6865895
6865925
6865973
6866167
6866275
6866387
6866523
6866645
6866653
6866691
6866725
6866745
6866781
6866795
6866823
6866827
6866889
6866923
6866939
6867001
6867129
6867163
6867319
6867335
6867411
6867431
6867455
6867507
6867653
6867719
6867791
6868015
6868073
6868091
6868099
6868133
6868169
6868177
6868203
6868211
6868353
6868361
6868451
6868499
6868533
6868587
6868593
6868627
6868657
6868807
6868919
6869069
6869129
6869147
6869155
6869303
6869357
6869359
6869557
6869563
6869589
6869701
6869759
6869941
6869967
6870311
6870337
6870563
6870607
6870839
6870897
6870941
6871075
6871103
6871121
6871211
6871227
6871259
6871301
6871311
6871321
6871347
6871385
6871457
6871555
6871593
6871617
6871687
6871695
6871707
6871731
6871755
6871765
6871871
6871875
6871901
6871925
6871971
6872023
6872033
6872071
6872111
6872167
6872335
6872361
6872455
6872601
6872635
6872667
6872755
6872951
6872979
6873089
6873131
6873201
6873239
6873373
6873407
6873689
6873817
6873831
6873987
6873993
6874097
6874157
6874257
6874285
6874399
6874499
6874627
6874747
6874771
6874967
6875055
6875101
6875179
6875203
6875209
6875265
6875351
6875523
6875653
6875663
6875711
6875743
6875821
6875833
6875849
6875869
6875955
6876153
6876165
6876249
6876257
6876297
6876319
6876353
6876487
6876495
6876621
6876765
6876945
6877005
6877035
6877053
6877063
6877189
6877321
6877357
6877595
6877651
6877693
6877857
6877871
6877925
6878083
6878105
6878277
6878433
6878465
6878655
6878715
6878841
6878951
6878955
6878993
6879013
6879047
6879061
6879087
6879181
6879213
6879219
6879233
6879349
6879407
6879467
6879491
6879537
6879593
6879625
6879699
6879763
6879787
6879897
6879937
6879959
6880057
6880245
6880393
6880435
6880505
6880511
6880549
6880561
6880581
6880613
6880625
6880673
6880693
6880699
6880701
6881061
6881077
6881173
6881191
6881241
6881287
6881435
6881515
6881559
6881657
6881795
6881819
6882041
6882091
6882165
6882261
6882283
6882375
6882627
6882639
6882793
6882811
6882819
6882999
6883009
6883061
6883073
6883097
6883317
6883327
6883455
6883467
6883499
6883537
6883699
6883795
6883869
6883923
6883989
6884165
6884169
6884193
6884355
6884457
6884483
6884525
6884599
6884753
6884759
6884769
6884795
6884863
6884925
6884951
6885103
6885291
6885333
6885449
6885483
6885501
6885509
6885605
6885729
6885809
6886025
6886035
6886165
6886177
6886225
6886311
6886417
6886443
6886565
6886579
6886637
6886643
6886713
6886823
6886881
6887215
6887315
6887383
6887435
6887437
6887483
6887529
6887581
6887653
6887689
6887801
6887815
6887889
6887931
6887971
6887975
6888067
6888139
6888187
6888297
6888429
6888505
6888547
6888593
6888599
6888601
6888719
6888759
6888781
6888835
6888841
6888909
6888929
6889013
6889015
6889087
6889291
6889295
6889311
6889407
6889489
6889565
6889597
6889623
6889659
6889681
6889729
6889901
6889925
6889975
6890047
6890125
6890209
6890211
6890273
6890293
6890295
6890339
6890345
6890351
6890373
6890411
6890565
6890611
6890765
6890839
6890845
6891035
6891197
6891363
6891383
6891549
6891569
6891631
6891645
6891657
6891893
6892167
6892197
6892629
6892657
6892707
6892709
6892773
6892813
6892817
6892835
6892845
6892943
6892991
6893001
6893039
6893135
6893307
6893387
6893403
6893415
6893503
6893549
6893595
6893613
6893629
6893667
6894013
6894095
6894189
6894251
6894329
6894339
6894507
6894587
6894703
6894751
6894783
6894923
6895317
6895347
6895461
6895563
6895677
6895699
6895747
6895759
6895779
6895921
6895933
6896193
6896211
6896425
6896433
6896447
6896497
6896577
6896635
6896833
6896853
6896871
6897047
6897183
6897271
6897403
6897443
6897497
6897677
6897707
6897807
6898099
6898147
6898235
6898541
6898649
6898819
6898865
6898917
6898945
6898963
6899017
6899071
6899103
6899269
6899323
6899367
6899577
6899689
6899697
6899841
6899843
6899945
6900033
6900059
6900103
6900143
6900185
6900217
6900229
6900473
6900603
6900715
6900781
6900785
6900833
6900871
6900879
6900939
6900999
6901021
6901103
6901299
6901327
6901335
6901349
6901457
6901537
6901553
6901625
6901695
6901835
6901953
6902255
6902351
6902433
6902531
6902533
6902547
6902595
6902811
6902947
6902955
6903067
6903077
6903109
6903231
6903295
6903429
6903467
6903521
6903583
6903667
6903683
6903695
6903701
6903745
6903797
6903839
6903863
6903867
6904007
6904035
6904071
6904103
6904439
6904489
6904531
6904571
6904619
6904667
6904679
6904703
6904749
6904905
6905021
6905047
6905051
6905179
6905195
6905407
6905439
6905553
6905697
6905927
6905947
6905999
6906037
6906285
6906307
6906315
6906367
6906369
6906405
6906413
6906893
6906993
6907309
6907579
6907673
6907743
6907955
6908291
6908323
6908325
6908351
6908617
6908751
6908761
6908801
6908847
6908895
6908913
6908955
6908993
6909041
6909059
6909159
6909225
6909363
6909419
6909591
6909677
6909709
6909803
6909821
6909909
6909949
6910037
6910179
6910267
6910301
6910327
6910475
6910509
6910589
6910615
6910633
6910693
6910773
6910783
6910809
6910819
6910831
6910887
6911051
6911167
6911255
6911321
6911485
6911629
6911635
6911745
6911847
6911871
6911929
6912039
6912147
6912215
6912217
6912335
6912361
6912399
6912443
6912445
6912527
6912577
6912585
6912661
6912681
6912731
6912777
6912825
6912833
6912939
6913019
6913131
6913141
6913143
6913169
6913309
6913373
6913417
6913459
6913621
6913637
6913665
6914047
6914165
6914301
6914339
6914491
6914515
6914561
6914581
6914583
6914655
6914707
6914731
6914743
6914879
6914903
6915095
6915115
6915271
6915325
6915489
6915519
6915691
6915857
6915927
6916107
6916125
6916193
6916245
6916285
6916305
6916311
6916315
6916407
6916447
6916475
6916501
6916531
6916597
6916723
6916725
6916841
6916847
6917005
6917101
6917123
6917157
6917247
6917265
6917279
6917367
6917401
6917463
6917571
6917655
6917761
6917873
6917945
6918079
6918181
6918203
6918233
6918353
6918435
6918515
6918697
6918751
6918821
6918847
6918857
6919019
6919183
6919289
6919345
6919363
6919509
6919535
6919697
6919703
6919783
6919871
6919947
6919993
6920041
6920069
6920071
6920089
6920167
6920221
6920259
6920347
6920369
6920391
6920455
6920469
6920475
6920579
6920609
6920627
6920683
6920879
6920939
6921057
6921069
6921157
6921191
6921285
6921349
6921373
6921453
6921505
6921549
6921555
6921749
6921801
6921943
6922103
6922111
6922139
6922247
6922267
6922269
6922387
6922391
6922497
6922503
6922551
6922617
6922649
6922681
6922755
6922817
6922985
6923085
6923171
6923207
6923313
6923349
6923461
6923661
6923665
6923673
6923811
6923819
6923881
6924147
6924167
6924265
6924355
6924363
6924403
6924439
6924619
6924711
6924735
6924741
6924759
6924781
6924839
6924843
6924871
6924915
6924967
6925359
6925435
6925583
6925671
6925743
6925783
6925821
6925873
6925875
6925911
6925951
6925959
6925979
6926109
6926293
6926389
6926397
6926457
6926461
6926541
6926629
6926765
6926803
6926907
6927151
6927287
6927305
6927435
6927441
6927499
6927647
6927657
6927697
6927703
6927783
6927855
6927925
6927945
6927947
6927987
6928013
6928027
6928123
6928243
6928263
6928335
6928387
6928513
6928645
6928667
6928839
6928865
6928957
6929015
6929033
6929103
6929131
6929205
6929267
6929299
6929305
6929349
6929411
6929433
6929601
6929615
6929659
6929697
6929773
6929779
6929997
6930025
6930055
6930061
6930127
6930263
6930347
6930375
6930415
6930539
6930559
6930623
6930625
6930633
6930675
6930691
6930893
6930929
6931075
6931117
6931351
6931463
6931505
6931539
6931589
6931727
6931831
6931853
6931889
6931965
6931979
6932115
6932145
6932165
6932299
6932311
6932387
6932403
6932435
6932469
6932551
6932579
6932619
6932731
6932785
6932863
6932873
6932989
6933043
6933075
6933129
6933173
6933221
6933391
6933397
6933667
6933861
6933909
6933927
6934055
6934071
6934077
6934109
6934245
6934277
6934331
6934379
6934501
6934569
6934603
6934637
6934681
6934897
6934993
6935015
6935053
6935071
6935087
6935183
6935245
6935301
6935371
6935451
6935557
6935605
6935665
6935773
6935835
6935853
6935937
6935949
6935989
6936043
6936367
6936453
6936585
6936607
6936677
6936679
6936681
6936713
6936751
6936759
6936825
6936911
6936981
6936993
6937017
6937029
6937113
6937189
6937387
6937411
6937439
6937587
6937621
6937787
6937823
6937911
6938035
6938097
6938131
6938167
6938183
6938213
6938305
6938363
6938385
6938441
6938589
6938723
6938791
6938855
6938919
6938963
6938989
6939019
6939151
6939269
6939407
6939581
6939599
6939613
6939675
6939679
6939779
6939887
6939955
6939959
6940133
6940163
6940209
6940383
6940387
6940505
6940533
6940761
6940899
6940909
6940911
6940923
6941003
6941089
6941093
6941127
6941199
6941241
6941295
6941327
6941467
6941485
6941563
6941729
6941803
6941815
6941819
6941875
6941929
6941983
6941985
6942137
6942183
6942289
6942377
6942487
6942549
6942647
6942685
6942769
6942849
6942855
6942943
6943029
6943091
6943165
6943243
6943261
6943475
6943493
6943539
6943625
6943809
6943883
6943945
6944023
6944025
6944063
6944139
6944165
6944173
6944195
6944231
6944243
6944537
6944565
6944589
6944603
6944621
6944635
6944731
6944813
6944815
6944887
6944895
6945043
6945053
6945125
6945127
6945293
6945303
6945315
6945551
6945723
6945841
6945883
6945895
6945897
6945923
6946055
6946155
6946245
6946311
6946455
6946509
6946643
6946839
6946853
6946885
6947025
6947051
6947109
6947135
6947199
6947247
6947307
6947487
6947527
6947827
6947873
6947899
6947917
6948079
6948103
6948113
6948133
6948233
6948239
6948277
6948321
6948399
6948481
6948487
6948523
6948557
6948559
6948693
6948697
6948741
6948847
6948987
6949019
6949129
6949141
6949169
6949239
6949269
6949323
6949377
6949499
6949557
6949737
6949795
6949853
6949949
6950063
6950129
6950135
6950213
6950231
6950403
6950413
6950435
6950463
6950513
6950559
6950639
6950655
6950667
6950675
6950745
6950863
6950897
6951059
6951073
6951107
6951179
6951225
6951231
6951285
6951327
6951347
6951499
6951697
6951743
6951861
6951933
6952001
6952021
6952143
6952199
6952263
6952265
6952283
6952343
6952399
6952401
6952459
6952529
6952531
6952549
6952579
6952683
6952791
6952813
6952857
6952957
6952961
6952975
6952997
6953079
6953095
6953161
6953319
6953325
6953357
6953421
6953469
6953557
6953591
6953625
6953697
6953833
6953835
6953839
6954099
6954177
6954195
6954259
6954313
6954465
6954471
6954485
6954499
6954501
6954533
6954597
6954601
6954613
6954693
6954777
6954805
6954871
6954915
6954973
6955175
6955223
6955303
6955349
6955377
6955467
6955483
6955529
6955683
6955701
6955761
6955817
6955839
6955935
6955949
6955959
6956177
6956179
6956317
6956377
6956531
6956539
6956541
6956557
6956623
6956657
6956681
6956705
6956779
6956861
6956939
6956981
6957051
6957105
6957123
6957147
6957299
6957335
6957363
6957381
6957437
6957445
6957601
6957609
6957883
6957921
6957943
6958075
6958079
6958193
6958201
6958367
6958383
6958397
6958429
6958431
6958463
6958599
6958789
6958793
6958813
6958933
6958935
6958999
6959039
6959081
6959155
6959247
6959291
6959335
6959369
6959399
6959453
6959643
6959747
6959909
6959931
6959981
6960041
6960065
6960067
6960161
6960233
6960267
6960381
6960403
6960433
6960585
6960679
6960697
6960881
6960887
6960899
6961243
6961311
6961355
6961361
6961461
6961491
6961535
6961687
6961699
6961785
6961863
6961931
6962171
6962211
6962309
6962375
6962557
6962563
6962571
6962637
6962655
6962663
6962707
6962719
6962795
6962881
6962887
6963135
6963163
6963241
6963325
6963341
6963349
6963405
6963429
6963457
6963473
6963485
6963489
6963493
6963541
6963547
6963735
6963873
6964113
6964177
6964197
6964371
6964465
6964603
6964611
6964737
6964769
6964879
6965075
6965165
6965203
6965207
6965263
6965305
6965487
6966049
6966141
6966255
6966271
6966357
6966371
6966383
6966481
6966523
6966637
6966677
6966691
6966757
6966767
6966871
6966881
6966901
6966955
6967051
6967125
6967147
6967221
6967251
6967269
6967295
6967409
6967691
6967701
6967713
6967733
6967779
6967791
6967805
6967841
6968027
6968043
6968087
6968131
6968187
6968361
6968373
6968463
6968581
6968595
6968703
6968709
6968767
6968857
6968915
6968967
6969111
6969119
6969153
6969177
6969263
6969365
6969729
6969777
6969797
6969829
6969831
6969873
6969925
6969941
6970023
6970141
6970205
6970211
6970247
6970341
6970381
6970463
6970611
6970627
6970693
6970761
6970819
6970847
6970941
6970971
6971085
6971097
6971121
6971191
6971303
6971375
6971473
6971551
6971637
6971687
6971689
6971791
6971957
6972019
6972157
6972337
6972343
6972353
6972363
6972383
6972417
6972549
6972647
6972737
6972959
6973051
6973167
6973287
6973329
6973401
6973541
6973779
6973829
6973889
6973895
6973973
6974121
6974135
6974195
6974407
6974595
6974677
6974705
6974887
6974989
6975195
6975361
6975371
6975431
6975451
6975525
6975571
6975681
6975741
6975773
6975827
6975867
6975893
6975911
6975987
6976073
6976075
6976105
6976121
6976257
6976269
6976459
6976481
6976575
6976707
6976757
6976769
6976849
6976935
6976941
6977123
6977193
6977197
6977253
6977345
6977363
6977389
6977411
6977539
6977577
6977615
6977625
6977713
6977769
6977779
6977913
6978065
6978169
6978191
6978215
6978239
6978335
6978339
6978391
6978617
6978621
6978633
6978639
6978669
6978703
6978733
6978931
6979187
6979191
6979203
6979231
6979271
6979377
6979423
6979579
6979659
6979707
6979711
6979757
6979825
6979889
6979961
6980033
6980039
6980193
6980235
6980345
6980409
6980483
6980541
6980629
6980713
6980801
6980825
6980853
6980955
6981043
6981091
6981095
6981169
6981249
6981441
6981457
6981571
6981711
6981715
6981793
6981813
6981959
6982053
6982065
6982201
6982267
6982375
6982383
6982431
6982479
6982483
6982485
6982519
6982647
6982665
6982801
6983095
6983253
6983321
6983329
6983335
6983429
6983455
6983507
6983539
6983551
6983569
6983587
6983767
6983833
6983837
6983917
6983989
6984039
6984195
6984255
6984275
6984339
6984385
6984393
6984585
6984685
6984687
6984777
6984825
6984873
6984885
6984931
6985067
6985121
6985201
6985229
6985253
6985335
6985391
6985431
6985477
6985493
6985651
6985901
6985989
6985993
6986005
6986041
6986095
6986103
6986109
6986159
6986245
6986317
6986361
6986433
6986437
6986441
6986461
6986593
6986611
6986625
6986641
6986695
6986733
6986777
6986795
6986799
6986849
6986941
6987005
6987031
6987043
6987071
6987273
6987295
6987345
6987411
6987421
6987497
6987533
6987675
6987681
6987773
6987849
6987869
6987917
6987979
6987985
6988065
6988169
6988195
6988453
6988467
6988471
6988515
6988595
6988749
6988797
6988817
6988829
6988885
6988971
6989129
6989211
6989239
6989243
6989287
6989327
6989395
6989399
6989491
6989497
6989577
6989617
6989631
6989635
6989819
6989913
6989929
6989975
6989997
6989999
6990035
6990055
6990071
6990235
6990247
6990315
6990365
6990501
6990625
6990683
6990699
6990701
6990815
6990825
6990843
6990961
6991023
6991091
6991203
6991259
6991293
6991337
6991345
6991405
6991431
6991501
6991649
6991663
6991689
6991725
6991771
6991945
6991995
6992101
6992153
6992277
6992391
6992579
6992687
6992791
6992867
6992881
6992911
6992973
6993021
6993147
6993151
6993213
6993317
6993323
6993383
6993395
6993421
6993447
6993463
6993477
6993609
6993639
6993797
6993859
6993897
6993907
6994097
6994109
6994177
6994189
6994299
6994331
6994525
6994595
6994641
6994661
6994671
6994695
6994815
6994823
6994925
6994929
6994957
6995019
6995117
6995131
6995235
6995331
6995481
6995505
6995607
6995799
6995913
6996085
6996255
6996283
6996305
6996327
6996331
6996335
6996375
6996421
6996523
6996581
6996883
6996891
6997001
6997023
6997101
6997149
6997177
6997345
6997351
6997485
6997567
6997629
6997815
6997835
6997877
6998021
6998227
6998313
6998379
6998437
6998491
6998549
6998591
6998651
6998759
6998779
6998841
6998857
6998943
6998947
6998987
6999033
6999105
6999189
6999243
6999247
6999255
6999321
6999397
6999413
6999437
6999527
6999559
6999625
6999697
6999775
6999823
6999869
6999883
6999891
