# proven primes: b with (b^16+1)/2 prime (APR-CL), block [7000000,8000000)
7000059
7000061
7000107
7000271
7000299
7000441
7000475
7000585
7000737
7000781
7000891
7000925
7000939
7001077
7001153
7001165
7001229
7001233
7001355
7001399
7001401
7001463
7001521
7001549
7001557
7001605
7001641
7001687
7001701
7001787
7001809
7001831
7001881
7001895
7001907
7001909
7002005
7002067
7002077
7002479
7002625
7002637
7002657
7002663
7002685
7002709
7002729
7002795
7002841
7002847
7002901
7003005
7003111
7003127
7003311
7003479
7003565
7003623
7003811
7003995
7004161
7004265
7004309
7004347
7004365
7004407
7004561
7004605
7004667
7004819
7005027
7005055
7005157
7005159
7005237
7005381
7005481
7005507
7005599
7005621
7005643
7005675
7005707
7005793
7005827
7005879
7005897
7005995
7006131
7006303
7006363
7006389
7006391
7006533
7006547
7006563
7006641
7006665
7006681
7006827
7006855
7006887
7007115
7007143
7007191
7007207
7007523
7007561
7007563
7007571
7007641
7007741
7007777
7007885
7007919
7008109
7008135
7008137
7008153
7008211
7008217
7008353
7008365
7008459
7008483
7008603
7008611
7008635
7008653
7008711
7008721
7008795
7008833
7008947
7009019
7009197
7009199
7009293
7009357
7009497
7009613
7009643
7009717
7009719
7009723
7009803
7009809
7009849
7009855
7009859
7010029
7010089
7010099
7010177
7010187
7010283
7010303
7010377
7010385
7010535
7010687
7010757
7010761
7010787
7010855
7010859
7010893
7010983
7011099
7011275
7011379
7011401
7011419
7011573
7011589
7011771
7011817
7011953
7011979
7012037
7012041
7012233
7012345
7012349
7012429
7012443
7012479
7012493
7012525
7012543
7012547
7012617
7012665
7012723
7012771
7012841
7012963
7013013
7013195
7013319
7013377
7013391
7013925
7013995
7014317
7014387
7014427
7014483
7014595
7014669
7014675
7014713
7014731
7014799
7014803
7014817
7014997
7015073
7015101
7015173
7015227
7015229
7015239
7015477
7015563
7015639
7015643
7015745
7015763
7015837
7015895
7015909
7015929
7015931
7015935
7016047
7016093
7016205
7016269
7016307
7016319
7016351
7016367
7016381
7016673
7016703
7016771
7016813
7016871
7016967
7017019
7017115
7017167
7017235
7017267
7017367
7017451
7017483
7017533
7017567
7017793
7017837
7017871
7017875
7017919
7017921
7017965
7018057
7018155
7018241
7018281
7018351
7018471
7018491
7018495
7018531
7018559
7018561
7018621
7018677
7018733
7018753
7018913
7019061
7019117
7019129
7019137
7019213
7019281
7019303
7019367
7019369
7019379
7019413
7019427
7019491
7019537
7019723
7019777
7019811
7019829
7019837
7019841
7019855
7020035
7020041
7020145
7020219
7020269
7020291
7020407
7020463
7020513
7020551
7020575
7020581
7020767
7020871
7020873
7020913
7021081
7021209
7021227
7021309
7021327
7021401
7021549
7021611
7021671
7021773
7021787
7021801
7021855
7021997
7022021
7022109
7022301
7022595
7022599
7022621
7022655
7022713
7022727
7022743
7022841
7022959
7022987
7023115
7023193
7023253
7023259
7023463
7023593
7023599
7023607
7023623
7023655
7023881
7023981
7024013
7024083
7024143
7024237
7024267
7024329
7024367
7024467
7024485
7024531
7024605
7024653
7024713
7024787
7024789
7024843
7024877
7024903
7024949
7025071
7025249
7025251
7025459
7025603
7025705
7025735
7025845
7026071
7026125
7026135
7026217
7026407
7026445
7026729
7026779
7026789
7026845
7026849
7026957
7027045
7027167
7027169
7027173
7027291
7027345
7027459
7027537
7027943
7028097
7028135
7028157
7028229
7028431
7028443
7028529
7028585
7028611
7028655
7028797
7028801
7028849
7028863
7028873
7028987
7029041
7029121
7029203
7029259
7029349
7029359
7029393
7029399
7029419
7029493
7029595
7029633
7029723
7029749
7029807
7029875
7030089
7030157
7030225
7030337
7030445
7030465
7030567
7030721
7030767
7030781
7030801
7030855
7030865
7030939
7030957
7031033
7031069
7031167
7031189
7031253
7031261
7031415
7031477
7031519
7031737
7031751
7031887
7031903
7031933
7031991
7032009
7032029
7032099
7032127
7032137
7032159
7032191
7032281
7032315
7032379
7032435
7032517
7032575
7032645
7032681
7032863
7032913
7032945
7033195
7033365
7033413
7033429
7033433
7033449
7033639
7033691
7033737
7033775
7033809
7033859
7033873
7033943
7034067
7034083
7034099
7034111
7034149
7034165
7034173
7034181
7034219
7034223
7034329
7034341
7034369
7034401
7034515
7034519
7034601
7034687
7034713
7034843
7034867
7035011
7035105
7035109
7035203
7035209
7035221
7035323
7035367
7035401
7035407
7035551
7035563
7035573
7035575
7035593
7035733
7035759
7035767
7035819
7036057
7036121
7036165
7036183
7036221
7036251
7036383
7036451
7036469
7036495
7036513
7036531
7036587
7036721
7036853
7036897
7036961
7036967
7037011
7037069
7037103
7037107
7037327
7037507
7037515
7037653
7037689
7037691
7037695
7037747
7037849
7038021
7038091
7038147
7038229
7038305
7038309
7038405
7038415
7038491
7038629
7038795
7038809
7038869
7038877
7038909
7039015
7039187
7039193
7039251
7039329
7039371
7039567
7039631
7039735
7040041
7040043
7040089
7040413
7040415
7040785
7040925
7040939
7041013
7041077
7041139
7041169
7041193
7041241
7041319
7041359
7041413
7041467
7041511
7041595
7041699
7041787
7041887
7041957
7042013
7042053
7042055
7042099
7042171
7042237
7042275
7042367
7042517
7042551
7042573
7042623
7042645
7042661
7042757
7042917
7042941
7042975
7042999
7043007
7043217
7043227
7043263
7043267
7043321
7043401
7043457
7043647
7043779
7043809
7044007
7044111
7044187
7044213
7044223
7044381
7044441
7044453
7044739
7044779
7044795
7044801
7044833
7044931
7044939
7044981
7045017
7045057
7045119
7045403
7045459
7045505
7045511
7045563
7045603
7045649
7045669
7045781
7045787
7045845
7045869
7046005
7046051
7046085
7046107
7046457
7046471
7046863
7046889
7046903
7046947
7047041
7047063
7047149
7047235
7047335
7047527
7047665
7047697
7047723
7047727
7047747
7047765
7047879
7047915
7048049
7048171
7048219
7048241
7048247
7048263
7048299
7048419
7048433
7048487
7048587
7048695
7048845
7048869
7048975
7049021
7049061
7049075
7049143
7049169
7049275
7049491
7049497
7049537
7049563
7049575
7049607
7049611
7049755
7049805
7049955
7049983
7049987
7050059
7050133
7050187
7050277
7050301
7050307
7050413
7050477
7050493
7050643
7050831
7050951
7051001
7051017
7051127
7051159
7051509
7051607
7051635
7051669
7051737
7051813
7051953
7051961
7052265
7052275
7052385
7052439
7052443
7052565
7052943
7052989
7053087
7053253
7053269
7053403
7053517
7053567
7053725
7053793
7054025
7054135
7054245
7054311
7054321
7054393
7054531
7054713
7054735
7054797
7054807
7054911
7054933
7054993
7055103
7055137
7055167
7055171
7055311
7055363
7055537
7055563
7055643
7055751
7055889
7055891
7055941
7056001
7056049
7056065
7056159
7056171
7056269
7056323
7056379
7056437
7056441
7056733
7056749
7056821
7056863
7056879
7056891
7056907
7056935
7056959
7057033
7057159
7057177
7057247
7057345
7057403
7057477
7057479
7057587
7057605
7057721
7057785
7057907
7057911
7057919
7058291
7058301
7058339
7058413
7058533
7058585
7058587
7058609
7058705
7058813
7058847
7058873
7058941
7058995
7059005
7059057
7059071
7059345
7059495
7059619
7059631
7059655
7059691
7059693
7059713
7059781
7059867
7060201
7060255
7060275
7060279
7060313
7060409
7060439
7060695
7060905
7061141
7061179
7061191
7061227
7061251
7061325
7061395
7061607
7061611
7061681
7061713
7061715
7061757
7061819
7061885
7061899
7062011
7062099
7062153
7062221
7062243
7062253
7062275
7062291
7062373
7062505
7062523
7062617
7062771
7062879
7062953
7063137
7063281
7063297
7063313
7063411
7063435
7063453
7063547
7063661
7063677
7063927
7063935
7064011
7064083
7064157
7064233
7064281
7064325
7064485
7064563
7064697
7064713
7064859
7065021
7065049
7065201
7065205
7065253
7065291
7065383
7065453
7065487
7065527
7065575
7065699
7065723
7065771
7065803
7065831
7065847
7065857
7065869
7065889
7065929
7065951
7066027
7066097
7066103
7066629
7066935
7067091
7067169
7067339
7067553
7067611
7067813
7067841
7067897
7067911
7067917
7068009
7068039
7068055
7068091
7068267
7068417
7068429
7068485
7068547
7068613
7068615
7068675
7068683
7068693
7068785
7068805
7068857
7068933
7069029
7069087
7069123
7069259
7069317
7069353
7069413
7069453
7069501
7069651
7069709
7069737
7069831
7069939
7069957
7070017
7070095
7070099
7070119
7070209
7070269
7070273
7070327
7070415
7070439
7070507
7070535
7070553
7070797
7070855
7070891
7070903
7070915
7070971
7070985
7070991
7071135
7071187
7071267
7071331
7071479
7071521
7071569
7071579
7071631
7071667
7071711
7071729
7071731
7071853
7071885
7071923
7071931
7072105
7072355
7072643
7072733
7072841
7072909
7072971
7073069
7073201
7073227
7073361
7073375
7073443
7073455
7073495
7073537
7073543
7073569
7073721
7073915
7073933
7074087
7074137
7074139
7074263
7074295
7074301
7074537
7074647
7074687
7074701
7074805
7074857
7074985
7075079
7075083
7075097
7075197
7075233
7075283
7075293
7075391
7075413
7075547
7075753
7075759
7075811
7075849
7075853
7075903
7076115
7076183
7076209
7076349
7076365
7076429
7076457
7076501
7076567
7076575
7076617
7076891
7076899
7076935
7077025
7077037
7077123
7077137
7077179
7077481
7077503
7077589
7077619
7077739
7077749
7077879
7077989
7078041
7078065
7078143
7078177
7078355
7078413
7078417
7078511
7078599
7078659
7078767
7078937
7078987
7079067
7079075
7079101
7079151
7079267
7079293
7079311
7079327
7079343
7079465
7079717
7079749
7079837
7079915
7079981
7080057
7080071
7080187
7080369
7080371
7080443
7080635
7080643
7080695
7080725
7080835
7080915
7080993
7081099
7081179
7081265
7081289
7081391
7081461
7081547
7081661
7081685
7081701
7081745
7081815
7081823
7081857
7081957
7081959
7082045
7082167
7082199
7082221
7082319
7082343
7082471
7082515
7082559
7082573
7082771
7082803
7082833
7082975
7083011
7083021
7083069
7083087
7083411
7083425
7083489
7083499
7083753
7083821
7083879
7083893
7083897
7083983
7084095
7084121
7084205
7084313
7084335
7084391
7084407
7084455
7084531
7084671
7084771
7084821
7085065
7085333
7085405
7085445
7085495
7085619
7085689
7085715
7085729
7085751
7085821
7085827
7085839
7085889
7086075
7086225
7086243
7086497
7086683
7086823
7086845
7086939
7087063
7087121
7087273
7087293
7087305
7087451
7087639
7087643
7087823
7087941
7088081
7088167
7088195
7088401
7088475
7088501
7088517
7088597
7088687
7088703
7088719
7088727
7088781
7088849
7088929
7088943
7088965
7089003
7089089
7089095
7089145
7089151
7089205
7089241
7089349
7089407
7089451
7089453
7089503
7089559
7089655
7089687
7089727
7089747
7089759
7089917
7089945
7090053
7090159
7090161
7090175
7090247
7090295
7090427
7090471
7090491
7090505
7090537
7090601
7090741
7090799
7090815
7090823
7091015
7091061
7091081
7091209
7091279
7091475
7091639
7091693
7091821
7091893
7091899
7091961
7092019
7092021
7092089
7092169
7092171
7092215
7092285
7092413
7092473
7092477
7092591
7092705
7092763
7092899
7092971
7093021
7093029
7093093
7093187
7093247
7093293
7093307
7093381
7093383
7093407
7093563
7093711
7093795
7093827
7094047
7094111
7094133
7094191
7094199
7094241
7094273
7094321
7094371
7094683
7094699
7094737
7095079
7095103
7095203
7095339
7095409
7095477
7095507
7095575
7095615
7095661
7095765
7095853
7095857
7095881
7095927
7096009
7096335
7096347
7096411
7096483
7096485
7096491
7096545
7096567
7096599
7096721
7096739
7096825
7096915
7096943
7096965
7097199
7097221
7097337
7097375
7097457
7097481
7097605
7097611
7097687
7097709
7097807
7097959
7097979
7097983
7097989
7098025
7098137
7098159
7098173
7098315
7098351
7098423
7098489
7098555
7098571
7098573
7098579
7098613
7098625
7098679
7098825
7098879
7099107
7099165
7099225
7099229
7099233
7099285
7099345
7099429
7099511
7099527
7099531
7099611
7099641
7099651
7099711
7099725
7099771
7099795
7099901
7099929
7099939
7099955
7100085
7100369
7100405
7100427
7100439
7100491
7100495
7100545
7100603
7100609
7100611
7100783
7100819
7100869
7100907
7100975
7101135
7101177
7101353
7101369
7101383
7101457
7101475
7101773
7101987
7102005
7102045
7102131
7102245
7102361
7102401
7102431
7102481
7102509
7102631
7102689
7102697
7102757
7102765
7102893
7102899
7103005
7103031
7103095
7103139
7103157
7103333
7103473
7103499
7103563
7103597
7103649
7103723
7103725
7103855
7103915
7104015
7104125
7104403
7104443
7104527
7104637
7104873
7104875
7105099
7105167
7105343
7105417
7105515
7105585
7105613
7105713
7105955
7105999
7106161
7106471
7106487
7106507
7106533
7106615
7106683
7106775
7106803
7106823
7106897
7106903
7106953
7106983
7107011
7107109
7107159
7107237
7107273
7107279
7107375
7107381
7107385
7107595
7107677
7107757
7107961
7107965
7107967
7108055
7108117
7108173
7108317
7108321
7108343
7108353
7108403
7108429
7108453
7108527
7108563
7108581
7108641
7108677
7108689
7108725
7108737
7108919
7109109
7109195
7109237
7109603
7109639
7109791
7109915
7110021
7110047
7110061
7110083
7110115
7110183
7110233
7110295
7110383
7110427
7110481
7110527
7110563
7110569
7110591
7110649
7110719
7110781
7110949
7110965
7111021
7111167
7111411
7111441
7111455
7111467
7111505
7111523
7111573
7111579
7111603
7111763
7111781
7111803
7111857
7111869
7111933
7111965
7112041
7112083
7112197
7112261
7112271
7112281
7112321
7112347
7112353
7112393
7112439
7112443
7112527
7112539
7112609
7112633
7112729
7112735
7112829
7112899
7112913
7112927
7112935
7112937
7113119
7113169
7113189
7113283
7113395
7113567
7113619
7113771
7113781
7113869
7114029
7114045
7114067
7114081
7114103
7114135
7114211
7114231
7114273
7114417
7114539
7114553
7114593
7114653
7114723
7114853
7114897
7114933
7115023
7115101
7115133
7115149
7115159
7115321
7115365
7115429
7115545
7115549
7115561
7115623
7115769
7115817
7115847
7115935
7116019
7116027
7116055
7116057
7116097
7116129
7116201
7116219
7116271
7116395
7116507
7116535
7116653
7116709
7116897
7116915
7116979
7117023
7117113
7117177
7117235
7117353
7117591
7117601
7117629
7117687
7117703
7117727
7117739
7117847
7118021
7118257
7118355
7118449
7118541
7118553
7118623
7118911
7118939
7119015
7119031
7119045
7119193
7119209
7119243
7119381
7119423
7119447
7119711
7119881
7119897
7119933
7120015
7120139
7120185
7120195
7120317
7120361
7120431
7120515
7120535
7120591
7120881
7120883
7120925
7121111
7121205
7121257
7121311
7121327
7121423
7121459
7121571
7121589
7121639
7121719
7121797
7121811
7121831
7121833
7121849
7121959
7121981
7122071
7122379
7122411
7122429
7122443
7122489
7122517
7122569
7122637
7122759
7122783
7122857
7122905
7122907
7122983
7123007
7123189
7123277
7123341
7123377
7123455
7123565
7123605
7123967
7123997
7124171
7124349
7124423
7124515
7124563
7124567
7124577
7124653
7124703
7124709
7124783
7124901
7125055
7125065
7125131
7125175
7125373
7125389
7125435
7125463
7125605
7125611
7125621
7125691
7125937
7126177
7126215
7126301
7126409
7126455
7126619
7126671
7126701
7126775
7126789
7126795
7126819
7126949
7126985
7127001
7127005
7127057
7127125
7127179
7127233
7127237
7127279
7127357
7127375
7127391
7127503
7127519
7127567
7127803
7127863
7127915
7127919
7127961
7128105
7128113
7128133
7128163
7128277
7128311
7128373
7128481
7128569
7128617
7128639
7128701
7128915
7129271
7129335
7129463
7129503
7129515
7129559
7129845
7129919
7129929
7129999
7130083
7130093
7130099
7130115
7130197
7130289
7130319
7130421
7130551
7130573
7130603
7130767
7130783
7130811
7130865
7130887
7130953
7130969
7131025
7131093
7131163
7131235
7131279
7131305
7131317
7131335
7131351
7131369
7131399
7131461
7131497
7131623
7131731
7131813
7131823
7131827
7131855
7132017
7132223
7132389
7132483
7132529
7132799
7132851
7132891
7132893
7133041
7133115
7133147
7133151
7133165
7133191
7133215
7133355
7133541
7133751
7133815
7133829
7133879
7133919
7133945
7133999
7134043
7134051
7134053
7134143
7134193
7134247
7134367
7134573
7134605
7134647
7134659
7134715
7134723
7134747
7134839
7134969
7135127
7135175
7135185
7135235
7135271
7135349
7135599
7135675
7135699
7135791
7135911
7135993
7136063
7136087
7136139
7136145
7136231
7136329
7136485
7136617
7136643
7136725
7136765
7136779
7136793
7137009
7137031
7137199
7137321
7137543
7137565
7137589
7137605
7137621
7137675
7137759
7137819
7137883
7137885
7137971
7137977
7138015
7138149
7138187
7138303
7138341
7138439
7138585
7138671
7138755
7138797
7138823
7138911
7138915
7139105
7139159
7139303
7139351
7139359
7139403
7139465
7139695
7139791
7139797
7139903
7139979
7139985
7140009
7140055
7140075
7140139
7140325
7140355
7140461
7140511
7140597
7140601
7140617
7140699
7140811
7140909
7140937
7141035
7141043
7141141
7141309
7141369
7141431
7141449
7141475
7141527
7141689
7141709
7141719
7141753
7141775
7141821
7141851
7141927
7142051
7142061
7142103
7142111
7142117
7142127
7142189
7142245
7142293
7142297
7142397
7142531
7142651
7142753
7142757
7142789
7142839
7142977
7143053
7143087
7143175
7143377
7143403
7143481
7143567
7143609
7143847
7143879
7143961
7144159
7144179
7144187
7144399
7144639
7144645
7144765
7144795
7144859
7144987
7145073
7145309
7145561
7145593
7145597
7145631
7145663
7145667
7145677
7145875
7145895
7145929
7146131
7146171
7146265
7146275
7146373
7146415
7146637
7146735
7146789
7146799
7146805
7146819
7146863
7147003
7147031
7147069
7147115
7147141
7147157
7147179
7147211
7147275
7147373
7147387
7147447
7147591
7147689
7148059
7148097
7148163
7148253
7148291
7148621
7148681
7148705
7148733
7148737
7148781
7148941
7149053
7149181
7149213
7149297
7149367
7149479
7149587
7149639
7149679
7149737
7149787
7149903
7149919
7149935
7150157
7150263
7150543
7150587
7150605
7150635
7150887
7150999
7151137
7151207
7151249
7151255
7151287
7151463
7151503
7151517
7151625
7151637
7151653
7151669
7151735
7151745
7151911
7152133
7152177
7152181
7152197
7152205
7152221
7152255
7152273
7152371
7152383
7152393
7152475
7152539
7152577
7152931
7152971
7152979
7153131
7153161
7153267
7153279
7153485
7153589
7153603
7153609
7153709
7153713
7153727
7153729
7153865
7153985
7154005
7154063
7154315
7154453
7154455
7154485
7154505
7154527
7154605
7154645
7154647
7154751
7154757
7154881
7154913
7154971
7154973
7155111
7155133
7155149
7155277
7155439
7155459
7155471
7155481
7155523
7155663
7155881
7155979
7155995
7155999
7156095
7156151
7156219
7156267
7156273
7156277
7156293
7156297
7156299
7156423
7156453
7156539
7156581
7156681
7156721
7156731
7156749
7156793
7156801
7157007
7157045
7157107
7157233
7157267
7157273
7157321
7157463
7157523
7157623
7157729
7157745
7157925
7158031
7158065
7158209
7158223
7158311
7158313
7158553
7158565
7158591
7158629
7158637
7158647
7158683
7158745
7158747
7158771
7158917
7158923
7158931
7158945
7159053
7159097
7159161
7159195
7159197
7159217
7159329
7159549
7159581
7159585
7159661
7159693
7159731
7159813
7159877
7159919
7160007
7160143
7160195
7160321
7160381
7160419
7160567
7160575
7160739
7160805
7160915
7160941
7161113
7161151
7161291
7161313
7161349
7161351
7161415
7161589
7161593
7161625
7161715
7161729
7161737
7161805
7161845
7161881
7161923
7162139
7162185
7162255
7162369
7162505
7162643
7162659
7162781
7162941
7162997
7163157
7163231
7163397
7163443
7163463
7163467
7163609
7163677
7163719
7163745
7163813
7163859
7163877
7163979
7164259
7164279
7164331
7164433
7164505
7164515
7164517
7164527
7164637
7164905
7165195
7165257
7165303
7165329
7165423
7165513
7165631
7165725
7165739
7165769
7165815
7165879
7166061
7166119
7166151
7166265
7166289
7166323
7166339
7166369
7166393
7166399
7166435
7166495
7166537
7166641
7166669
7166723
7166813
7166933
7166943
7166985
7167029
7167045
7167087
7167265
7167313
7167401
7167517
7167555
7167629
7167653
7167697
7167729
7167873
7167941
7168117
7168213
7168215
7168279
7168287
7168349
7168359
7168445
7168541
7168697
7168727
7168745
7168809
7168843
7168885
7168935
7168965
7169105
7169209
7169217
7169221
7169305
7169317
7169361
7169381
7169427
7169429
7169449
7169651
7169693
7170039
7170063
7170107
7170297
7170557
7170605
7170649
7170717
7170739
7170919
7170937
7171023
7171103
7171145
7171299
7171331
7171391
7171413
7171461
7171497
7171539
7171557
7171593
7171609
7171767
7171851
7171883
7171965
7171995
7172229
7172327
7172345
7172375
7172381
7172439
7172489
7172537
7172633
7172683
7172739
7172741
7172761
7172863
7173211
7173253
7173261
7173379
7173429
7173449
7173523
7173547
7173561
7173587
7173637
7173693
7173853
7174091
7174169
7174253
7174257
7174323
7174373
7174433
7174475
7174479
7174675
7174691
7174741
7174775
7174785
7174797
7174823
7174857
7174933
7174935
7174999
7175097
7175195
7175219
7175345
7175385
7175443
7175463
7175501
7175503
7175527
7175587
7175601
7175611
7175695
7175773
7175863
7175881
7175961
7176001
7176033
7176083
7176189
7176213
7176251
7176303
7176433
7176625
7176635
7176659
7176725
7176739
7176745
7176749
7176821
7177051
7177125
7177325
7177397
7177441
7177459
7177465
7177503
7177505
7177571
7177599
7177605
7177709
7177785
7177963
7178009
7178037
7178083
7178105
7178151
7178179
7178181
7178253
7178347
7178397
7178467
7178613
7178635
7178829
7178905
7178995
7179027
7179135
7179139
7179267
7179271
7179317
7179369
7179539
7179563
7179719
7179735
7179893
7179997
7180069
7180073
7180161
7180163
7180169
7180235
7180295
7180341
7180343
7180361
7180409
7180435
7180447
7180515
7180795
7180877
7180925
7180969
7181051
7181063
7181115
7181157
7181273
7181285
7181301
7181413
7181455
7181513
7181785
7181853
7181881
7181915
7181965
7182053
7182203
7182293
7182351
7182365
7182373
7182391
7182403
7182617
7182629
7182655
7182681
7182823
7182835
7182957
7182987
7183001
7183011
7183179
7183221
7183237
7183267
7183273
7183321
7183337
7183593
7183643
7183833
7183835
7183917
7184021
7184123
7184229
7184363
7184441
7184499
7184531
7184601
7184655
7184849
7184851
7184953
7184975
7185015
7185161
7185351
7185393
7185473
7185555
7185637
7185711
7185849
7185853
7186177
7186243
7186333
7186425
7186429
7186445
7186539
7186597
7186631
7186791
7186947
7187033
7187045
7187047
7187093
7187111
7187175
7187409
7187449
7187501
7187513
7187519
7187833
7187835
7187871
7187903
7188193
7188335
7188507
7188595
7188609
7188627
7188717
7188745
7188849
7188935
7188965
7189023
7189029
7189119
7189151
7189165
7189405
7189661
7189729
7189739
7189743
7189807
7189867
7189913
7189949
7190017
7190075
7190111
7190139
7190325
7190357
7190581
7190635
7190685
7190715
7190805
7190897
7191005
7191031
7191035
7191041
7191199
7191221
7191265
7191337
7191487
7191507
7191573
7191579
7191595
7191609
7191621
7191867
7191931
7191953
7191989
7192129
7192253
7192283
7192327
7192341
7192359
7192363
7192409
7192575
7192839
7192949
7193161
7193175
7193497
7193599
7193643
7193667
7193729
7193897
7194013
7194063
7194319
7194383
7194391
7194491
7194635
7194773
7194791
7194885
7194887
7194937
7194953
7195023
7195183
7195323
7195437
7195439
7195461
7195565
7195687
7195795
7195845
7195859
7195907
7195923
7195931
7195935
7195953
7195993
7196035
7196211
7196239
7196269
7196273
7196329
7196335
7196371
7196391
7196413
7196477
7196539
7196565
7196581
7196593
7196623
7196655
7196795
7196859
7196915
7196929
7196951
7196977
7197017
7197055
7197223
7197233
7197433
7197493
7197495
7197545
7197635
7197703
7197705
7197715
7197789
7197875
7197879
7198083
7198085
7198117
7198123
7198139
7198175
7198213
7198281
7198285
7198377
7198417
7198521
7198531
7198535
7198701
7198757
7198983
7199009
7199013
7199109
7199123
7199125
7199145
7199157
7199159
7199245
7199345
7199357
7199379
7199463
7199501
7199641
7199667
7199707
7199775
7199909
7199931
7200133
7200175
7200235
7200281
7200307
7200327
7200443
7200517
7200543
7200615
7200677
7200731
7200787
7200799
7200811
7200867
7200893
7200905
7200921
7200987
7201097
7201187
7201269
7201305
7201341
7201445
7201459
7201643
7201763
7201765
7201773
7201779
7201961
7201977
7202021
7202177
7202211
7202213
7202267
7202483
7202491
7202579
7202703
7202773
7202779
7202857
7202937
7203149
7203221
7203249
7203293
7203307
7203313
7203495
7203499
7203595
7203699
7203825
7203835
7203915
7203973
7204011
7204201
7204233
7204437
7204535
7204561
7204767
7204825
7204893
7204931
7204957
7205349
7205359
7205427
7205501
7205549
7205551
7205557
7205729
7205735
7205737
7205757
7205801
7205861
7205883
7206031
7206105
7206121
7206293
7206309
7206311
7206327
7206339
7206431
7206677
7206685
7206751
7206847
7206901
7206971
7207051
7207083
7207107
7207121
7207203
7207261
7207309
7207389
7207465
7207545
7207573
7207589
7207673
7207767
7207791
7207911
7208153
7208269
7208271
7208287
7208311
7208441
7208497
7208569
7208725
7208741
7208805
7208825
7208849
7208981
7209173
7209181
7209191
7209219
7209223
7209265
7209275
7209397
7209401
7209729
7209745
7209815
7210011
7210097
7210133
7210147
7210243
7210367
7210427
7210645
7210691
7210703
7210893
7210905
7211135
7211165
7211205
7211215
7211245
7211289
7211315
7211441
7211489
7211559
7211591
7211637
7211697
7211753
7211831
7211885
7211889
7211893
7211941
7212069
7212079
7212095
7212109
7212121
7212187
7212247
7212267
7212279
7212315
7212441
7212651
7212731
7212757
7212895
7212903
7212935
7213167
7213203
7213265
7213283
7213299
7213341
7213443
7213541
7213583
7213593
7213611
7213653
7213707
7213745
7213837
7213847
7213867
7213907
7213925
7214031
7214085
7214125
7214243
7214253
7214261
7214299
7214327
7214331
7214335
7214359
7214401
7214567
7214619
7214941
7215239
7215513
7215525
7215553
7215613
7215987
7216131
7216185
7216197
7216211
7216239
7216257
7216297
7216507
7216511
7216515
7216615
7216775
7216801
7217021
7217055
7217067
7217093
7217129
7217153
7217157
7217159
7217205
7217283
7217441
7217453
7217517
7217577
7217585
7217617
7217625
7217655
7217673
7217695
7217721
7217731
7217749
7217763
7217769
7217795
7217813
7217845
7217937
7217977
7218313
7218473
7218575
7218691
7218719
7218751
7218961
7219053
7219101
7219159
7219235
7219241
7219361
7219379
7219511
7219597
7219651
7219695
7219709
7219769
7219943
7220157
7220201
7220231
7220277
7220433
7220473
7220565
7220647
7220673
7220675
7220707
7220905
7220981
7220993
7221057
7221075
7221097
7221101
7221181
7221283
7221305
7221359
7221465
7221515
7221611
7221675
7221691
7221709
7221729
7221735
7221771
7221783
7221851
7221945
7222123
7222159
7222195
7222331
7222383
7222385
7222443
7222555
7222571
7222749
7222761
7222911
7222923
7222973
7222979
7222987
7223043
7223131
7223159
7223293
7223303
7223349
7223375
7223443
7223485
7223515
7223573
7223577
7223593
7223685
7223809
7223843
7223849
7223917
7223981
7223989
7224031
7224035
7224067
7224085
7224137
7224185
7224319
7224327
7224375
7224387
7224409
7224413
7224485
7224543
7224567
7224597
7224603
7224613
7224661
7224777
7224791
7224917
7224925
7224959
7224991
7225021
7225035
7225255
7225311
7225329
7225709
7225927
7225957
7226025
7226233
7226277
7226299
7226317
7226355
7226391
7226441
7226483
7226607
7226691
7226775
7226799
7226801
7226941
7227025
7227045
7227091
7227183
7227195
7227297
7227365
7227373
7227433
7227445
7227473
7227549
7227625
7227769
7227771
7227801
7227815
7227865
7227899
7227929
7227987
7227991
7228015
7228017
7228055
7228089
7228125
7228147
7228175
7228229
7228353
7228603
7228627
7228785
7228787
7229061
7229103
7229117
7229157
7229335
7229457
7229495
7229609
7229627
7229709
7229813
7229823
7230083
7230085
7230133
7230175
7230243
7230291
7230369
7230517
7230595
7230649
7230655
7230779
7230829
7230857
7230977
7231033
7231065
7231335
7231351
7231461
7231535
7231567
7231585
7231679
7231749
7231765
7231785
7231851
7231935
7231939
7231947
7231957
7232043
7232113
7232335
7232385
7232423
7232441
7232471
7232901
7232913
7232945
7232967
7233015
7233031
7233181
7233247
7233355
7233445
7233453
7233477
7233499
7233577
7233595
7233637
7233655
7233677
7233725
7233765
7233781
7233843
7234001
7234055
7234087
7234139
7234153
7234221
7234239
7234295
7234423
7234485
7234623
7234691
7234955
7235089
7235229
7235239
7235295
7235399
7235437
7235519
7235523
7235819
7235827
7235907
7235911
7235923
7235949
7235965
7236087
7236307
7236387
7236425
7236495
7236563
7236675
7236707
7236811
7236989
7237037
7237097
7237099
7237201
7237231
7237305
7237375
7237403
7237515
7237643
7237695
7237759
7237949
7237983
7237993
7238081
7238139
7238253
7238485
7238633
7238813
7238883
7238933
7239003
7239005
7239045
7239073
7239163
7239167
7239233
7239263
7239295
7239385
7239423
7239475
7239489
7239515
7239525
7239537
7239703
7239771
7239807
7239847
7239873
7239923
7239927
7240043
7240075
7240155
7240289
7240299
7240395
7240549
7240587
7240621
7240697
7240751
7240859
7240989
7241057
7241071
7241089
7241243
7241433
7241541
7241743
7241811
7241829
7241919
7242135
7242189
7242225
7242379
7242383
7242443
7242519
7242545
7242599
7242615
7242699
7242721
7243007
7243087
7243189
7243195
7243277
7243343
7243543
7243645
7243863
7244009
7244031
7244075
7244115
7244143
7244359
7244363
7244419
7244537
7244677
7244687
7244723
7244739
7244773
7244909
7244961
7245029
7245037
7245089
7245157
7245259
7245275
7245453
7245551
7245595
7245697
7245743
7245787
7245911
7245959
7246195
7246201
7246263
7246289
7246299
7246329
7246511
7246525
7246641
7246669
7246677
7246685
7246701
7246719
7246797
7246829
7246835
7246893
7246967
7246975
7247093
7247163
7247183
7247209
7247391
7247527
7247531
7247587
7247813
7247833
7248005
7248039
7248113
7248243
7248259
7248313
7248315
7248511
7248521
7248595
7248609
7248703
7248847
7249021
7249051
7249077
7249195
7249291
7249453
7249525
7249561
7249597
7249633
7249721
7249823
7249861
7249873
7249889
7249927
7249937
7249999
7250077
7250147
7250249
7250297
7250329
7250401
7250543
7250595
7250653
7250689
7250811
7250883
7250915
7251081
7251099
7251107
7251533
7251535
7251555
7251619
7251667
7251687
7251897
7251937
7251949
7251957
7251985
7252129
7252241
7252287
7252297
7252305
7252465
7252667
7252787
7252835
7252991
7252995
7253003
7253049
7253127
7253177
7253247
7253271
7253489
7253515
7253577
7253599
7253703
7253933
7254047
7254061
7254095
7254185
7254205
7254263
7254351
7254419
7254427
7254443
7254453
7254467
7254477
7254687
7254729
7254767
7254855
7254889
7254895
7254899
7255003
7255025
7255057
7255155
7255177
7255239
7255321
7255331
7255365
7255479
7255501
7255529
7255535
7255627
7255643
7255929
7255951
7255957
7255973
7255995
7256081
7256101
7256193
7256221
7256399
7256411
7256415
7256473
7256477
7256497
7256607
7256795
7256863
7256885
7256893
7256911
7256927
7257067
7257071
7257109
7257137
7257383
7257395
7257429
7257455
7257499
7257523
7257567
7257637
7257685
7257699
7257825
7257855
7257887
7257893
7257895
7257897
7257919
7257931
7258007
7258051
7258091
7258251
7258363
7258501
7258535
7258585
7258643
7258705
7258717
7258785
7258791
7258815
7258901
7258959
7258981
7258997
7259031
7259107
7259227
7259357
7259371
7259399
7259471
7259561
7259649
7259657
7259663
7259673
7259695
7259701
7259723
7259883
7259915
7260069
7260149
7260197
7260225
7260253
7260281
7260309
7260317
7260413
7260849
7260897
7260939
7260983
7261025
7261061
7261103
7261173
7261235
7261417
7261453
7261637
7261715
7261937
7261965
7261973
7262009
7262039
7262193
7262195
7262311
7262465
7262531
7262541
7262591
7262601
7262685
7262729
7262787
7263029
7263203
7263289
7263303
7263441
7263469
7263489
7263639
7263661
7263773
7263785
7263999
7264007
7264083
7264153
7264231
7264271
7264309
7264315
7264373
7264429
7264521
7264629
7264643
7264647
7264701
7264719
7264729
7264759
7264801
7264855
7264915
7265285
7265341
7265487
7265503
7265541
7265647
7265667
7265697
7265717
7265803
7265821
7265909
7266005
7266259
7266313
7266353
7266361
7266379
7266411
7266507
7266569
7266637
7266731
7266861
7266885
7266913
7266945
7267031
7267239
7267353
7267377
7267395
7267437
7267443
7267467
7267493
7267549
7267689
7267719
7267783
7267865
7267951
7267979
7267991
7267993
7268037
7268053
7268109
7268121
7268127
7268219
7268231
7268233
7268427
7268483
7268599
7268691
7268815
7268823
7268881
7268943
7269017
7269167
7269253
7269411
7269455
7269465
7269493
7269553
7269559
7269599
7269669
7269731
7269753
7269851
7269897
7269909
7269931
7269971
7269977
7269979
7269995
7270063
7270117
7270179
7270191
7270225
7270259
7270279
7270359
7270369
7270373
7270427
7270435
7270441
7270491
7270639
7270671
7270797
7270861
7270919
7270935
7271047
7271063
7271103
7271217
7271297
7271307
7271309
7271469
7271475
7271503
7271645
7271719
7271795
7271969
7272083
7272243
7272313
7272387
7272583
7272699
7272701
7272755
7272819
7272949
7273017
7273045
7273087
7273103
7273171
7273295
7273303
7273383
7273455
7273569
7273619
7273643
7273653
7273739
7273831
7273987
7274033
7274045
7274079
7274189
7274285
7274391
7274443
7274509
7274595
7274633
7274747
7274809
7274925
7275049
7275073
7275123
7275199
7275231
7275269
7275329
7275543
7275615
7275911
7275913
7275933
7275959
7275993
7275997
7276049
7276135
7276161
7276175
7276211
7276229
7276255
7276337
7276517
7276559
7276573
7276581
7276699
7276709
7276753
7276783
7276817
7276919
7276923
7276949
7277123
7277129
7277131
7277139
7277173
7277247
7277299
7277399
7277683
7277723
7277753
7277797
7277867
7277869
7277917
7277989
7278029
7278177
7278203
7278305
7278323
7278383
7278431
7278445
7278519
7278573
7278607
7278645
7278743
7278881
7278903
7278917
7279043
7279095
7279181
7279241
7279293
7279297
7279359
7279577
7279653
7279685
7279789
7279825
7279871
7279873
7279877
7279881
7279885
7279991
7280001
7280017
7280051
7280141
7280153
7280155
7280343
7280475
7280573
7280625
7280629
7280807
7280851
7280891
7280913
7280943
7281107
7281159
7281311
7281345
7281417
7281459
7281515
7281549
7281595
7281619
7281623
7281905
7281937
7281943
7282235
7282285
7282429
7282447
7282505
7282531
7282589
7282665
7282873
7282893
7282923
7282931
7282937
7282943
7282951
7282969
7282975
7283289
7283327
7283337
7283385
7283429
7283441
7283489
7283513
7283521
7283543
7283559
7283561
7283683
7283893
7283949
7283951
7284057
7284077
7284125
7284135
7284289
7284329
7284343
7284427
7284465
7284469
7284639
7284715
7284803
7284821
7284829
7284877
7285269
7285319
7285395
7285403
7285517
7285583
7285589
7285637
7285691
7285765
7285869
7285895
7285921
7286045
7286049
7286059
7286199
7286227
7286291
7286549
7286629
7286641
7286651
7286745
7286773
7286837
7286893
7286905
7286967
7287027
7287043
7287103
7287151
7287185
7287193
7287319
7287359
7287381
7287443
7287537
7287711
7287939
7287983
7288007
7288119
7288165
7288219
7288279
7288357
7288417
7288545
7288675
7288691
7288733
7288799
7289075
7289081
7289205
7289285
7289373
7289447
7289467
7289561
7289621
7289639
7289657
7289863
7289899
7289937
7289959
7290017
7290279
7290411
7290415
7290473
7290513
7290547
7290563
7290665
7290679
7290737
7290807
7290827
7290851
7290935
7290949
7290967
7291091
7291101
7291239
7291409
7291497
7291503
7291537
7291593
7291687
7291693
7291731
7291787
7291975
7291985
7292019
7292223
7292261
7292293
7292305
7292449
7292507
7292541
7292549
7292555
7292625
7292679
7292697
7292741
7292813
7292831
7292835
7292875
7292981
7293029
7293141
7293213
7293389
7293505
7293525
7293617
7293851
7293971
7293975
7294001
7294043
7294131
7294243
7294249
7294301
7294387
7294573
7294593
7294929
7294967
7294971
7295003
7295015
7295025
7295029
7295055
7295205
7295297
7295477
7295535
7295611
7295651
7295671
7295877
7295891
7295927
7295947
7295969
7295979
7296001
7296013
7296039
7296071
7296219
7296265
7296291
7296347
7296393
7296429
7296475
7296529
7296629
7296693
7296891
7296917
7296979
7297033
7297107
7297127
7297165
7297205
7297245
7297277
7297285
7297311
7297349
7297471
7297665
7297689
7297799
7297835
7297891
7298037
7298135
7298197
7298219
7298227
7298245
7298295
7298377
7298379
7298443
7298469
7298545
7298549
7298615
7298633
7298727
7298733
7298747
7298777
7298847
7298863
7298903
7299021
7299141
7299245
7299247
7299421
7299453
7299469
7299549
7299617
7299653
7299661
7299723
7299729
7299795
7299921
7299923
7300003
7300057
7300111
7300215
7300227
7300341
7300371
7300455
7300513
7300517
7300591
7300727
7300731
7300923
7301103
7301261
7301287
7301309
7301419
7301577
7301587
7301591
7301613
7301691
7301769
7301785
7301843
7301965
7302001
7302019
7302039
7302045
7302125
7302135
7302155
7302445
7302447
7302563
7302637
7302813
7302863
7302947
7303017
7303131
7303427
7303487
7303669
7303683
7303695
7303747
7303761
7303783
7303901
7303941
7303971
7303979
7303981
7303991
7304001
7304051
7304083
7304135
7304149
7304161
7304181
7304195
7304289
7304547
7304723
7304805
7304851
7304869
7304889
7304991
7305079
7305321
7305423
7305469
7305501
7305517
7305775
7305803
7305809
7305833
7305899
7306015
7306121
7306149
7306153
7306169
7306181
7306241
7306259
7306333
7306539
7306583
7306897
7306905
7306909
7307045
7307097
7307099
7307111
7307139
7307173
7307411
7307421
7307561
7307665
7307697
7307745
7307835
7307871
7307889
7307965
7307971
7308175
7308187
7308285
7308381
7308481
7308563
7308615
7308669
7308727
7308785
7309037
7309053
7309241
7309267
7309305
7309353
7309409
7309437
7309511
7309525
7309653
7309697
7309717
7309719
7309757
7309841
7309879
7309933
7310055
7310337
7310441
7310469
7310503
7310593
7310667
7310857
7310919
7310921
7310983
7310995
7311063
7311095
7311099
7311131
7311283
7311309
7311379
7311393
7311593
7311637
7311697
7311703
7311723
7311741
7311747
7311767
7311799
7311801
7311811
7311835
7311861
7311895
7312069
7312091
7312129
7312189
7312219
7312221
7312231
7312281
7312393
7312425
7312525
7312549
7312583
7312593
7312625
7312665
7312697
7312773
7312821
7312829
7312843
7312903
7312915
7313045
7313275
7313315
7313369
7313423
7313499
7313545
7313547
7313573
7313679
7313705
7313753
7314041
7314105
7314161
7314359
7314385
7314471
7314553
7314747
7314803
7314805
7314863
7315093
7315097
7315257
7315391
7315461
7315571
7315681
7315711
7315719
7315767
7315839
7315843
7315869
7315901
7315967
7315995
7316161
7316315
7316547
7316555
7316605
7316709
7316741
7316745
7316851
7316861
7316919
7316921
7316939
7316985
7317097
7317113
7317245
7317301
7317457
7317465
7317511
7317539
7317559
7317593
7317615
7317785
7317905
7317915
7318177
7318323
7318415
7318435
7318449
7318499
7318609
7318707
7318749
7318811
7318821
7318865
7318933
7319027
7319039
7319049
7319081
7319215
7319247
7319255
7319259
7319281
7319293
7319339
7319389
7319523
7319527
7319799
7319847
7320049
7320217
7320431
7320499
7320505
7320551
7320587
7320661
7320709
7320771
7320821
7320831
7320937
7320999
7321255
7321271
7321293
7321301
7321341
7321535
7321571
7321659
7321739
7321775
7321781
7321807
7321841
7321843
7321931
7321955
7322043
7322175
7322279
7322359
7322451
7322465
7322523
7322525
7322529
7322539
7322677
7322901
7322921
7323017
7323037
7323161
7323223
7323327
7323385
7323575
7323651
7323653
7323671
7323709
7323817
7324011
7324147
7324161
7324317
7324375
7324681
7324695
7324835
7324949
7325077
7325089
7325185
7325235
7325263
7325461
7325469
7325529
7325555
7325617
7325651
7325727
7325793
7325863
7325947
7326029
7326093
7326287
7326301
7326325
7326641
7326663
7326757
7326855
7326911
7326965
7326977
7326993
7327019
7327027
7327051
7327125
7327197
7327417
7327513
7327587
7327707
7327759
7327789
7327919
7327925
7328075
7328251
7328387
7328487
7328535
7328561
7328615
7328655
7328773
7328847
7328893
7329069
7329073
7329099
7329601
7329637
7329705
7329711
7329717
7329807
7329859
7329909
7329975
7330349
7330411
7330453
7330583
7330839
7330847
7331065
7331087
7331253
7331389
7331425
7331553
7331601
7331739
7331859
7331875
7331975
7332229
7332245
7332263
7332319
7332593
7332631
7332713
7332727
7332801
7332903
7332915
7332995
7333007
7333099
7333153
7333189
7333207
7333273
7333315
7333321
7333337
7333425
7333467
7333587
7333593
7333629
7333667
7333739
7333759
7333911
7333923
7333943
7334003
7334013
7334035
7334055
7334091
7334113
7334159
7334293
7334445
7334479
7334631
7334639
7334645
7334663
7334725
7334759
7334767
7334799
7334853
7334855
7334875
7334983
7335069
7335179
7335305
7335307
7335357
7335485
7335549
7335563
7335753
7335775
7335821
7335879
7335895
7335933
7336045
7336291
7336327
7336335
7336463
7336607
7336655
7336695
7336779
7336829
7336857
7336927
7336947
7336959
7337009
7337081
7337105
7337303
7337419
7337521
7337621
7337737
7337813
7337825
7338051
7338081
7338107
7338203
7338281
7338627
7338739
7338823
7338843
7338853
7339051
7339055
7339099
7339165
7339193
7339261
7339295
7339347
7339367
7339411
7339593
7339853
7339909
7339965
7339973
7339995
7340073
7340079
7340135
7340185
7340219
7340233
7340283
7340407
7340485
7340605
7340633
7340727
7340733
7340989
7341025
7341063
7341123
7341225
7341245
7341375
7341405
7341545
7341555
7341695
7341725
7341757
7341767
7341775
7341819
7341821
7341859
7341869
7341929
7342001
7342019
7342049
7342121
7342139
7342271
7342635
7342653
7342691
7342731
7342795
7342853
7342865
7342879
7342931
7343009
7343011
7343119
7343335
7343337
7343393
7343421
7343563
7343617
7343685
7343693
7343833
7343865
7343877
7343985
7343989
7344135
7344163
7344173
7344279
7344351
7344403
7344467
7344473
7344551
7344589
7344733
7344803
7344811
7344839
7344855
7344949
7345185
7345189
7345299
7345399
7345405
7345515
7345523
7345535
7345585
7345737
7345977
7346309
7346515
7346733
7346745
7346787
7346789
7346869
7346915
7347129
7347201
7347353
7347387
7347521
7347529
7347591
7347617
7347675
7347713
7347839
7347871
7347931
7348035
7348181
7348231
7348301
7348307
7348309
7348319
7348361
7348419
7348479
7348493
7348515
7348533
7348611
7348729
7348751
7348781
7348791
7348839
7348997
7349013
7349241
7349281
7349295
7349461
7349583
7349665
7349687
7349761
7349797
7349831
7349933
7350013
7350055
7350069
7350081
7350093
7350359
7350379
7350401
7350409
7350469
7350505
7350561
7350565
7350603
7350645
7350675
7350733
7350741
7351069
7351113
7351247
7351447
7351479
7351525
7351629
7351667
7351721
7351739
7351771
7351845
7351849
7351853
7351855
7351913
7351927
7351989
7352045
7352107
7352159
7352185
7352213
7352243
7352253
7352255
7352301
7352319
7352497
7352611
7352659
7352665
7352705
7352715
7352791
7352831
7352859
7353077
7353207
7353327
7353343
7353359
7353411
7353487
7353645
7353787
7353973
7353981
7353983
7354267
7354311
7354511
7354531
7354573
7354581
7354961
7355033
7355035
7355095
7355279
7355291
7355417
7355457
7355493
7355501
7355621
7355633
7355787
7356035
7356049
7356083
7356103
7356127
7356257
7356275
7356361
7356405
7356447
7356483
7356561
7356563
7356615
7356795
7356881
7356947
7357005
7357029
7357061
7357063
7357195
7357291
7357321
7357355
7357443
7357459
7357521
7357553
7357601
7357797
7357867
7358089
7358105
7358135
7358265
7358349
7358377
7358543
7358755
7358777
7359015
7359017
7359279
7359305
7359353
7359483
7359601
7359633
7359755
7359757
7359815
7359919
7359925
7360165
7360387
7360451
7360505
7360525
7360549
7360571
7360741
7360795
7360859
7360917
7361021
7361053
7361057
7361095
7361105
7361109
7361113
7361161
7361173
7361299
7361363
7361443
7361451
7361463
7361509
7361683
7361765
7361897
7361923
7361983
7362013
7362033
7362075
7362083
7362115
7362137
7362163
7362225
7362253
7362303
7362401
7362405
7362483
7362585
7362629
7362639
7362687
7362979
7362997
7363051
7363189
7363453
7363471
7363525
7363635
7363661
7363673
7363689
7363733
7363743
7363769
7363951
7363989
7363997
7364037
7364057
7364107
7364129
7364181
7364283
7364483
7364579
7364825
7364865
7364921
7364941
7365177
7365371
7365427
7365545
7365633
7365663
7365673
7365769
7365793
7365893
7366003
7366039
7366047
7366091
7366101
7366469
7366507
7366531
7366563
7366595
7366681
7366797
7366855
7366953
7366969
7367139
7367181
7367215
7367361
7367525
7367527
7367535
7367537
7367541
7367563
7367565
7367673
7367723
7367779
7367949
7367997
7367999
7368019
7368083
7368103
7368277
7368297
7368355
7368389
7368595
7368665
7368677
7368713
7368733
7368783
7368803
7368821
7368871
7368933
7368955
7369077
7369107
7369143
7369151
7369289
7369387
7369553
7369619
7369671
7369791
7369919
7369971
7369981
7370021
7370121
7370165
7370171
7370285
7370373
7370399
7370449
7370645
7370655
7370901
7370929
7371029
7371191
7371319
7371669
7371695
7371721
7371769
7371963
7372001
7372057
7372133
7372161
7372203
7372211
7372255
7372361
7372373
7372379
7372441
7372475
7372735
7372797
7372819
7372849
7372857
7372861
7372881
7372943
7373111
7373297
7373437
7373499
7373593
7373623
7373665
7373761
7373785
7373881
7373911
7373919
7373929
7373941
7374101
7374279
7374327
7374457
7374493
7374605
7374607
7374633
7374703
7374863
7374885
7374919
7374991
7375003
7375125
7375199
7375255
7375427
7375439
7375869
7375877
7375911
7375933
7376255
7376317
7376379
7376477
7376563
7376809
7376811
7376855
7377233
7377465
7377507
7377601
7377611
7377663
7377771
7377789
7377799
7377815
7377893
7377899
7377961
7378003
7378021
7378115
7378123
7378177
7378197
7378307
7378341
7378345
7378361
7378495
7378517
7378583
7378719
7378733
7378759
7378763
7378815
7378837
7378989
7379023
7379055
7379069
7379075
7379201
7379261
7379307
7379655
7379677
7379807
7380035
7380175
7380229
7380321
7380355
7380417
7380431
7380437
7380443
7380627
7380633
7380655
7380745
7380859
7380877
7380899
7380939
7381087
7381135
7381175
7381207
7381341
7381387
7381391
7381499
7381513
7381609
7381669
7381809
7382061
7382239
7382289
7382297
7382309
7382313
7382321
7382341
7382681
7382905
7382943
7382979
7383057
7383145
7383157
7383177
7383267
7383291
7383299
7383345
7383363
7383437
7383599
7383603
7383671
7383761
7383763
7383797
7383893
7384005
7384051
7384093
7384135
7384223
7384325
7384385
7384405
7384409
7384439
7384457
7384645
7384649
7384875
7384887
7384905
7384985
7385227
7385327
7385357
7385451
7385549
7385737
7385771
7385779
7385805
7385871
7386007
7386047
7386049
7386069
7386135
7386183
7386219
7386241
7386297
7386381
7386451
7386541
7386543
7386587
7386611
7386705
7386745
7386757
7386853
7386895
7386935
7387203
7387251
7387357
7387433
7387493
7387541
7387553
7387883
7388145
7388237
7388287
7388319
7388437
7388515
7388581
7388943
7388975
7389113
7389155
7389157
7389173
7389217
7389223
7389303
7389323
7389371
7389449
7389553
7389615
7389675
7389821
7389825
7389841
7389847
7389855
7390117
7390125
7390523
7390671
7390795
7390813
7390843
7390859
7390909
7391085
7391245
7391259
7391271
7391369
7391433
7391479
7391541
7391709
7391739
7391775
7391777
7391789
7391815
7391917
7392017
7392025
7392119
7392193
7392257
7392305
7392327
7392349
7392373
7392457
7392511
7392517
7392525
7392611
7392645
7392723
7392749
7392797
7392871
7393097
7393155
7393207
7393329
7393337
7393397
7393539
7393627
7393639
7393723
7394093
7394121
7394253
7394321
7394325
7394403
7394409
7394425
7394447
7394587
7394687
7394795
7394811
7394863
7395001
7395077
7395087
7395117
7395177
7395275
7395399
7395413
7395549
7395567
7395645
7395661
7395747
7395763
7395813
7395841
7395897
7395921
7396089
7396129
7396171
7396175
7396229
7396239
7396253
7396279
7396293
7396329
7396337
7396383
7396407
7396427
7396449
7396523
7396591
7396675
7396735
7396847
7397073
7397149
7397255
7397385
7397435
7397453
7397575
7397655
7397689
7397701
7397709
7397727
7397895
7397949
7397965
7397969
7397971
7397981
7397991
7398021
7398155
7398219
7398371
7398555
7398585
7398635
7398661
7398665
7398671
7398859
7398973
7399085
7399123
7399289
7399297
7399311
7399489
7399509
7399563
7399607
7399685
7399721
7399829
7399883
7400025
7400059
7400333
7400403
7400431
7400533
7400559
7400653
7400819
7400891
7401009
7401039
7401213
7401451
7401461
7401509
7401581
7401607
7401633
7401657
7401665
7401683
7401783
7401819
7401829
7401955
7402013
7402023
7402049
7402065
7402149
7402231
7402295
7402361
7402365
7402475
7402759
7402823
7402939
7403041
7403099
7403121
7403131
7403139
7403185
7403265
7403335
7403349
7403423
7403523
7403537
7403561
7403637
7403645
7403707
7403711
7403751
7403781
7403821
7403841
7403917
7403931
7404043
7404289
7404435
7404485
7404511
7404579
7404607
7404733
7404743
7404829
7404835
7404867
7404899
7404937
7404985
7405071
7405151
7405171
7405271
7405363
7405369
7405473
7405685
7405945
7406073
7406179
7406253
7406263
7406273
7406313
7406615
7406711
7406779
7406807
7406835
7406845
7406859
7406867
7406917
7407039
7407331
7407379
7407387
7407617
7407635
7407691
7407693
7407891
7407907
7407979
7408023
7408069
7408109
7408141
7408241
7408243
7408289
7408371
7408391
7408399
7408433
7408477
7408493
7408507
7408631
7408657
7408665
7408673
7408679
7408693
7408725
7408767
7408795
7408801
7408967
7408981
7408997
7409029
7409153
7409405
7409437
7409445
7409495
7409609
7409667
7409697
7409781
7409797
7409859
7409983
7410031
7410071
7410089
7410299
7410369
7410483
7410531
7410545
7410631
7410699
7410721
7410727
7410739
7410829
7410895
7410947
7411093
7411127
7411173
7411297
7411303
7411339
7411489
7411585
7411731
7411735
7411739
7411861
7411875
7411889
7411943
7412059
7412133
7412185
7412311
7412331
7412423
7412485
7412511
7412569
7412645
7412683
7412709
7412725
7412749
7412781
7412881
7412919
7412921
7412935
7413159
7413219
7413265
7413295
7413379
7413421
7413551
7413599
7413603
7413683
7413915
7413995
7414009
7414037
7414217
7414367
7414499
7414501
7414533
7414569
7414623
7414633
7414693
7414833
7414841
7415021
7415055
7415061
7415091
7415155
7415237
7415241
7415321
7415403
7415453
7415485
7415527
7415707
7415709
7415807
7415827
7415849
7415931
7415955
7415991
7416059
7416079
7416103
7416185
7416305
7416313
7416431
7416433
7416457
7416531
7416641
7416679
7416721
7416743
7416907
7416971
7417069
7417323
7417339
7417347
7417349
7417391
7417489
7417495
7417529
7417537
7417585
7417591
7417687
7417709
7417807
7417811
7417845
7417873
7417921
7417967
7417975
7418073
7418099
7418141
7418167
7418353
7418367
7418405
7418439
7418447
7418449
7418455
7418495
7418501
7418503
7418525
7418555
7418559
7418585
7418609
7418723
7418763
7418795
7418801
7418829
7418863
7418947
7419063
7419131
7419333
7419351
7419389
7419409
7419555
7419741
7419767
7419815
7419931
7419941
7419949
7420029
7420291
7420335
7420475
7420547
7420571
7420651
7420691
7420797
7420823
7420829
7420901
7420911
7420953
7421071
7421083
7421089
7421091
7421271
7421281
7421301
7421379
7421399
7421659
7421671
7421745
7421811
7421847
7421897
7421947
7422219
7422235
7422361
7422469
7422497
7422667
7422677
7422719
7422729
7422839
7422921
7422929
7423033
7423105
7423185
7423201
7423213
7423249
7423269
7423305
7423375
7423443
7423501
7423713
7423755
7423765
7423775
7423835
7423999
7424075
7424099
7424101
7424151
7424219
7424221
7424327
7424635
7424683
7424731
7424833
7424923
7425015
7425057
7425075
7425113
7425147
7425181
7425239
7425291
7425339
7425351
7425387
7425451
7425479
7425503
7425527
7425545
7425579
7425897
7425899
7426309
7426319
7426373
7426395
7426399
7426621
7426627
7426731
7426765
7426817
7426823
7426943
7426995
7427031
7427069
7427123
7427145
7427455
7427477
7427509
7427515
7427543
7427691
7427727
7427849
7427899
7427913
7427931
7428007
7428031
7428043
7428079
7428145
7428201
7428269
7428275
7428361
7428439
7428783
7428789
7428793
7428801
7428877
7428927
7428943
7428975
7429011
7429045
7429053
7429227
7429229
7429259
7429265
7429391
7429395
7429459
7429587
7429891
7429981
7430039
7430087
7430171
7430209
7430213
7430451
7430517
7430587
7430691
7430949
7430975
7431033
7431111
7431135
7431137
7431267
7431269
7431305
7431471
7431521
7431645
7431677
7431933
7431979
7431985
7432079
7432101
7432157
7432231
7432281
7432365
7432721
7432753
7432781
7432823
7432829
7432989
7433027
7433029
7433063
7433265
7433309
7433327
7433433
7433441
7433477
7433495
7433593
7433601
7433627
7433653
7433727
7433745
7433765
7433921
7433943
7433947
7433993
7434051
7434059
7434097
7434185
7434335
7434473
7434549
7434645
7434659
7435009
7435221
7435251
7435381
7435461
7435547
7435589
7435597
7435653
7435655
7435741
7435801
7435827
7435875
7436009
7436031
7436107
7436243
7436425
7436429
7436451
7436801
7436895
7436905
7436953
7437007
7437119
7437151
7437155
7437163
7437217
7437233
7437349
7437439
7437451
7437453
7437779
7437815
7437825
7438021
7438097
7438183
7438203
7438225
7438241
7438323
7438375
7438433
7438453
7438477
7438563
7438737
7438753
7438889
7438953
7438963
7438995
7439109
7439119
7439219
7439221
7439229
7439233
7439277
7439287
7439291
7439323
7439405
7439513
7439565
7439617
7439767
7439779
7439781
7439851
7439985
7440051
7440079
7440089
7440141
7440409
7440411
7440555
7440557
7440611
7440619
7440733
7440735
7440839
7440917
7441337
7441387
7441549
7441605
7441663
7441753
7441755
7441783
7441787
7441945
7441999
7442107
7442117
7442139
7442203
7442241
7442275
7442501
7442621
7442625
7442639
7442767
7442837
7442853
7442897
7442939
7443005
7443115
7443187
7443205
7443239
7443363
7443383
7443399
7443597
7443687
7443707
7443901
7443959
7443983
7444021
7444063
7444075
7444221
7444243
7444249
7444301
7444371
7444445
7444453
7444797
7445019
7445125
7445135
7445329
7445343
7445413
7445421
7445425
7445499
7445561
7445715
7445749
7445753
7445769
7445779
7445803
7445987
7446023
7446101
7446161
7446191
7446201
7446213
7446267
7446309
7446355
7446361
7446413
7446463
7446465
7446583
7446693
7446703
7446777
7446841
7446855
7446869
7446907
7447193
7447237
7447239
7447271
7447275
7447293
7447353
7447365
7447369
7447371
7447387
7447523
7447575
7447761
7447763
7447805
7447819
7447857
7447861
7447911
7447983
7448001
7448047
7448089
7448097
7448259
7448379
7448429
7448587
7448735
7448741
7448745
7448833
7448899
7449029
7449129
7449139
7449223
7449243
7449271
7449325
7449455
7449507
7449511
7449585
7449639
7449699
7449715
7449755
7449765
7449781
7449807
7449989
7450159
7450441
7450455
7450531
7450553
7450613
7450681
7450711
7450859
7450887
7450893
7450923
7450979
7450991
7451031
7451093
7451123
7451161
7451239
7451293
7451303
7451315
7451363
7451765
7451817
7451879
7451977
7452001
7452233
7452293
7452303
7452327
7452453
7452639
7452693
7452745
7452827
7452839
7452841
7452901
7452907
7453051
7453257
7453303
7453427
7453581
7453639
7453739
7453787
7453841
7453991
7454089
7454101
7454157
7454163
7454173
7454209
7454223
7454283
7454293
7454439
7454521
7454607
7454623
7454635
7454641
7454773
7454811
7454835
7454845
7454863
7454989
7455107
7455173
7455203
7455229
7455341
7455455
7455531
7455619
7455689
7455743
7455749
7455801
7455821
7455833
7455899
7455923
7455945
7455977
7455989
7456035
7456253
7456555
7456863
7456935
7456943
7457033
7457209
7457237
7457251
7457257
7457323
7457345
7457373
7457433
7457447
7457467
7457547
7457613
7457655
7457709
7457731
7457751
7457807
7457829
7457925
7457939
7458007
7458033
7458035
7458049
7458095
7458239
7458247
7458283
7458339
7458383
7458733
7458739
7458757
7458777
7458805
7459121
7459143
7459147
7459149
7459213
7459277
7459481
7459501
7459567
7459703
7459713
7459747
7459779
7459807
7459993
7460019
7460045
7460107
7460109
7460229
7460415
7460507
7460599
7460637
7460885
7460935
7460959
7461125
7461141
7461219
7461233
7461269
7461287
7461363
7461469
7461475
7461553
7461557
7461653
7461763
7461769
7461785
7461825
7461981
7462045
7462203
7462289
7462291
7462347
7462371
7462383
7462403
7462421
7462483
7462537
7462585
7462635
7462677
7462711
7462777
7462959
7462969
7462983
7463061
7463087
7463221
7463459
7463615
7463633
7463651
7463747
7463787
7463799
7463827
7463861
7463867
7463907
7463951
7463987
7464157
7464229
7464231
7464331
7464369
7464375
7464385
7464391
7464499
7464527
7464541
7464563
7464575
7464609
7464755
7464781
7464791
7464847
7464933
7464935
7465047
7465149
7465203
7465255
7465305
7465335
7465479
7465589
7465733
7465735
7465759
7465815
7465837
7465893
7465983
7466005
7466083
7466089
7466249
7466257
7466269
7466491
7466551
7466585
7466675
7466685
7466699
7466705
7466713
7466819
7466831
7466881
7467093
7467109
7467347
7467351
7467561
7467563
7467629
7467649
7467673
7467691
7467839
7467859
7467861
7467929
7467977
7468017
7468145
7468241
7468247
7468343
7468361
7468439
7468455
7468457
7468553
7468555
7468585
7468613
7468669
7468685
7468885
7468975
7469015
7469041
7469049
7469053
7469183
7469185
7469219
7469273
7469389
7469529
7469557
7469685
7469747
7469767
7469797
7469879
7469913
7469959
7469963
7469985
7470123
7470195
7470201
7470243
7470347
7470351
7470399
7470519
7470555
7470591
7470697
7470751
7470929
7470939
7470953
7470977
7471219
7471327
7471355
7471369
7471411
7471451
7471495
7471533
7471545
7471565
7471643
7471705
7471757
7471765
7471867
7472011
7472075
7472157
7472197
7472299
7472369
7472421
7472445
7472465
7472497
7472513
7472539
7472565
7472713
7472715
7472805
7472869
7472911
7472971
7472975
7473045
7473079
7473115
7473209
7473391
7473427
7473461
7473491
7473591
7473597
7473639
7473667
7473771
7473929
7473943
7474015
7474031
7474037
7474173
7474225
7474309
7474535
7474551
7474583
7474599
7474611
7474647
7474687
7474929
7474977
7474989
7474993
7475063
7475103
7475183
7475217
7475245
7475359
7475431
7475439
7475507
7475611
7475763
7475765
7475787
7475849
7475911
7476019
7476301
7476343
7476347
7476385
7476387
7476437
7476493
7476535
7476803
7477083
7477123
7477161
7477189
7477247
7477343
7477439
7477461
7477489
7477607
7477651
7477747
7477779
7477863
7477875
7477907
7477957
7478033
7478037
7478061
7478287
7478301
7478317
7478509
7478553
7478617
7478689
7478703
7478713
7478781
7478941
7478965
7478975
7478993
7479009
7479051
7479149
7479243
7479245
7479377
7479393
7479485
7479579
7479631
7479887
7479999
7480067
7480091
7480131
7480145
7480149
7480153
7480161
7480167
7480179
7480217
7480223
7480249
7480373
7480393
7480451
7480517
7480705
7480763
7480781
7480921
7481033
7481077
7481093
7481199
7481213
7481237
7481279
7481351
7481373
7481389
7481455
7481539
7481681
7481721
7481723
7481765
7481827
7481837
7481889
7481937
7481971
7482029
7482093
7482151
7482163
7482225
7482257
7482279
7482285
7482333
7482421
7482451
7482593
7482613
7482661
7482947
7482959
7482971
7483005
7483053
7483167
7483195
7483227
7483373
7483469
7483575
7483771
7483843
7483917
7483941
7483981
7484147
7484175
7484229
7484265
7484269
7484327
7484343
7484383
7484387
7484421
7484549
7484555
7484617
7484723
7484813
7484825
7485129
7485137
7485221
7485253
7485263
7485271
7485311
7485327
7485385
7485393
7485505
7485533
7485619
7485757
7485873
7485875
7486001
7486011
7486037
7486131
7486147
7486313
7486421
7486473
7486487
7486507
7486669
7486711
7486713
7486799
7486823
7486839
7486869
7486885
7486983
7487103
7487345
7487437
7487461
7487487
7487553
7487617
7487711
7487811
7487825
7487917
7487931
7488019
7488049
7488051
7488085
7488205
7488211
7488315
7488407
7488439
7488507
7488611
7488681
7488765
7488779
7488939
7488945
7489145
7489163
7489219
7489311
7489371
7489393
7489423
7489441
7489483
7489531
7489579
7489755
7489763
7489913
7489945
7490305
7490335
7490623
7490641
7490713
7490833
7490865
7490869
7490879
7490881
7490935
7490955
7490993
7491081
7491163
7491205
7491261
7491315
7491383
7491445
7491483
7491569
7491659
7491719
7491771
7491799
7491859
7491951
7491999
7492071
7492303
7492409
7492475
7492481
7492505
7492557
7492597
7492609
7492679
7492821
7492859
7492975
7492995
7493051
7493149
7493155
7493163
7493329
7493357
7493433
7493449
7493457
7493537
7493819
7493837
7493905
7493933
7494003
7494051
7494099
7494191
7494229
7494245
7494251
7494263
7494273
7494367
7494373
7494429
7494457
7494593
7494613
7494667
7494763
7494785
7494877
7494901
7494907
7495075
7495137
7495173
7495273
7495295
7495405
7495409
7495455
7495457
7495481
7495529
7495701
7495759
7495863
7496197
7496217
7496331
7496435
7496443
7496633
7496731
7496781
7496979
7497019
7497025
7497059
7497225
7497233
7497287
7497365
7497453
7497475
7497627
7497725
7497741
7497811
7497883
7497943
7497985
7498015
7498019
7498101
7498209
7498335
7498395
7498449
7498537
7498541
7498611
7498685
7498687
7498703
7498933
7498941
7498999
7499061
7499075
7499151
7499173
7499205
7499303
7499355
7499405
7499461
7499511
7499613
7499615
7499651
7499855
7499949
7500075
7500077
7500121
7500163
7500219
7500283
7500307
7500315
7500507
7500609
7500629
7500659
7500707
7500801
7500813
7501131
7501199
7501285
7501325
7501401
7501503
7501507
7501509
7501651
7501665
7501713
7501745
7501861
7502037
7502115
7502191
7502211
7502245
7502269
7502373
7502643
7502709
7502773
7502821
7502827
7502933
7503003
7503035
7503063
7503203
7503215
7503359
7503369
7503399
7503423
7503489
7503539
7503549
7503753
7503899
7504325
7504783
7504995
7505175
7505213
7505245
7505281
7505305
7505363
7505365
7505435
7505463
7505475
7505495
7505513
7505531
7505555
7505677
7505707
7505777
7505781
7505857
7505863
7505887
7505963
7505979
7506037
7506041
7506103
7506151
7506219
7506247
7506327
7506369
7506549
7506613
7506829
7506835
7506869
7506889
7506925
7506977
7506991
7507003
7507023
7507057
7507187
7507239
7507243
7507265
7507277
7507411
7507451
7507491
7507547
7507585
7507607
7507649
7507659
7507729
7507753
7507787
7507865
7507875
7507979
7508025
7508035
7508145
7508165
7508177
7508215
7508279
7508283
7508385
7508387
7508395
7508423
7508425
7508463
7508577
7508587
7508785
7508807
7508861
7508987
7508999
7509071
7509073
7509079
7509097
7509181
7509237
7509433
7509551
7509639
7509659
7509687
7509693
7509733
7509761
7509773
7510143
7510285
7510357
7510375
7510485
7510543
7510569
7510635
7510725
7510947
7511095
7511169
7511275
7511335
7511363
7511385
7511427
7511517
7511673
7511691
7511721
7511813
7511817
7511933
7511945
7511955
7512065
7512075
7512269
7512395
7512451
7512551
7512617
7512711
7512833
7512883
7512945
7513215
7513323
7513441
7513523
7513613
7513731
7513757
7513831
7513867
7514051
7514555
7514627
7514675
7514755
7514771
7514845
7514871
7515061
7515087
7515125
7515259
7515285
7515335
7515349
7515357
7515405
7515423
7515469
7515647
7515659
7515731
7515827
7515943
7516095
7516441
7516487
7516505
7516649
7516665
7516755
7516781
7516783
7517079
7517291
7517315
7517339
7517465
7517469
7517483
7517543
7517595
7517599
7517603
7517705
7517711
7517733
7517793
7517935
7517963
7517981
7518035
7518049
7518073
7518083
7518123
7518143
7518153
7518167
7518175
7518235
7518287
7518305
7518389
7518551
7518563
7518681
7518691
7518757
7518861
7518879
7519017
7519093
7519181
7519187
7519207
7519317
7519319
7519331
7519351
7519519
7519525
7519611
7519677
7519797
7519849
7519909
7520033
7520101
7520169
7520183
7520247
7520249
7520325
7520367
7520381
7520547
7520611
7520709
7520783
7520785
7520935
7520957
7521087
7521169
7521217
7521251
7521271
7521357
7521467
7521537
7521545
7521681
7521703
7521849
7521963
7522037
7522097
7522121
7522177
7522237
7522271
7522291
7522533
7522667
7522819
7522885
7522917
7522967
7523197
7523289
7523369
7523411
7523415
7523535
7523701
7523805
7523859
7523897
7524049
7524065
7524131
7524241
7524251
7524355
7524377
7524405
7524485
7524675
7524679
7524683
7524705
7524799
7524811
7524833
7524837
7524845
7525029
7525061
7525171
7525357
7525419
7525445
7525493
7525529
7525589
7525645
7525681
7525737
7525749
7525771
7525831
7525857
7525935
7525947
7525951
7526007
7526269
7526315
7526437
7526509
7526511
7526531
7526533
7526537
7526579
7526619
7526741
7526925
7526969
7527053
7527095
7527191
7527215
7527247
7527293
7527385
7527401
7527429
7527523
7527573
7527579
7527635
7527649
7527759
7527871
7527937
7528143
7528171
7528429
7528499
7528623
7528765
7528987
7529041
7529119
7529125
7529145
7529201
7529223
7529275
7529305
7529347
7529443
7529453
7529489
7529503
7529505
7529507
7529643
7529719
7529721
7529727
7529743
7529827
7529929
7529969
7529999
7530097
7530107
7530127
7530185
7530191
7530213
7530335
7530469
7530525
7530601
7530617
7530619
7530657
7530785
7530859
7530871
7530881
7530891
7530903
7530911
7530951
7530973
7530985
7530987
7531123
7531257
7531287
7531393
7531529
7531567
7531671
7531691
7531927
7532121
7532151
7532155
7532217
7532245
7532309
7532531
7532541
7532547
7532617
7532801
7532915
7532917
7532949
7533005
7533111
7533193
7533231
7533255
7533289
7533307
7533313
7533329
7533371
7533397
7533399
7533433
7533565
7533581
7533645
7533725
7533891
7533979
7534077
7534161
7534199
7534241
7534287
7534329
7534375
7534407
7534497
7534547
7534603
7534655
7534809
7534819
7534827
7534877
7534983
7535061
7535203
7535305
7535369
7535407
7535477
7535509
7535541
7535591
7535607
7535663
7535711
7535713
7535807
7536009
7536039
7536137
7536165
7536271
7536327
7536353
7536429
7536469
7536571
7536591
7536615
7536691
7536697
7536745
7536961
7537055
7537067
7537077
7537109
7537123
7537125
7537375
7537407
7537423
7537473
7537505
7537585
7537659
7537799
7537805
7537869
7538067
7538161
7538197
7538227
7538233
7538267
7538287
7538381
7538405
7538449
7538479
7538533
7538565
7538639
7538667
7538699
7538745
7538847
7538991
7538997
7539243
7539277
7539333
7539351
7539385
7539543
7539583
7539681
7539769
7539779
7539831
7539857
7540007
7540065
7540115
7540117
7540211
7540239
7540281
7540473
7540477
7540581
7540643
7540709
7540741
7540753
7540795
7540813
7540823
7540859
7540865
7540899
7540917
7540937
7541023
7541045
7541177
7541221
7541383
7541387
7541435
7541495
7541513
7541541
7541685
7541719
7541833
7541871
7541873
7541913
7541929
7542017
7542117
7542169
7542195
7542259
7542345
7542569
7542725
7542873
7543021
7543119
7543141
7543179
7543193
7543229
7543273
7543301
7543329
7543495
7543637
7543723
7543787
7543945
7544101
7544137
7544193
7544243
7544283
7544357
7544449
7544505
7544523
7544677
7544721
7544745
7544753
7544759
7544851
7545105
7545389
7545441
7545497
7545589
7545593
7545629
7545695
7545705
7545723
7545731
7545733
7545749
7545917
7545927
7545935
7545985
7545989
7546025
7546079
7546159
7546305
7546327
7546345
7546403
7546499
7546539
7546615
7546723
7546847
7546905
7546953
7546995
7547019
7547403
7547405
7547497
7547651
7547681
7547731
7547757
7547877
7547951
7547987
7547997
7548111
7548113
7548183
7548235
7548271
7548293
7548329
7548369
7548429
7548519
7548533
7548561
7548713
7548735
7548853
7549023
7549029
7549283
7549437
7549467
7549483
7549497
7549513
7549551
7549571
7549625
7549741
7549811
7549883
7549933
7550053
7550125
7550149
7550261
7550263
7550399
7550443
7550465
7550517
7550565
7550601
7550685
7550775
7550783
7550965
7551021
7551041
7551049
7551147
7551213
7551217
7551225
7551257
7551259
7551265
7551267
7551285
7551377
7551411
7551415
7551423
7551447
7551675
7551715
7551815
7551895
7551923
7551943
7551993
7552047
7552059
7552115
7552189
7552247
7552361
7552377
7552379
7552403
7552447
7552485
7552587
7552749
7552773
7552775
7552777
7552811
7552817
7552851
7552945
7553049
7553293
7553319
7553361
7553491
7553509
7553541
7553551
7553615
7553675
7553757
7553791
7553825
7553827
7553887
7553963
7553987
7554033
7554073
7554077
7554101
7554107
7554125
7554153
7554219
7554349
7554385
7554603
7554677
7554735
7554921
7555017
7555079
7555107
7555193
7555211
7555435
7555609
7555621
7555709
7555717
7555721
7555779
7555805
7556073
7556131
7556235
7556257
7556303
7556361
7556409
7556423
7556509
7556731
7556737
7556809
7556911
7556989
7557047
7557171
7557191
7557261
7557411
7557417
7557477
7557605
7557655
7557675
7557793
7557805
7557815
7557849
7557901
7558003
7558051
7558111
7558127
7558137
7558157
7558217
7558375
7558381
7558557
7558649
7558739
7558811
7558855
7559087
7559231
7559283
7559299
7559301
7559347
7559365
7559393
7559437
7559499
7559567
7559607
7559673
7559783
7559875
7560089
7560169
7560197
7560331
7560455
7560657
7560673
7560739
7560841
7560863
7560933
7561093
7561113
7561117
7561179
7561337
7561351
7561401
7561485
7561513
7561625
7561667
7561695
7561797
7561937
7562085
7562121
7562239
7562307
7562403
7562551
7562787
7562797
7562927
7563069
7563269
7563337
7563475
7563481
7563517
7563569
7563577
7563643
7563777
7563863
7563869
7563879
7563959
7563967
7563985
7564055
7564165
7564275
7564319
7564327
7564433
7564487
7564657
7564663
7564795
7564815
7564885
7564989
7565047
7565061
7565175
7565271
7565317
7565599
7565601
7565609
7565629
7565637
7565765
7565773
7565813
7565979
7566085
7566211
7566231
7566351
7566475
7566521
7566533
7566571
7566631
7566741
7566787
7566819
7566851
7566899
7566923
7567053
7567259
7567309
7567321
7567503
7567535
7567625
7567653
7567745
7567841
7567869
7567883
7567969
7567979
7568019
7568047
7568177
7568207
7568221
7568293
7568355
7568521
7568543
7568561
7568575
7568597
7568601
7568623
7568701
7568789
7568849
7568885
7568917
7569039
7569057
7569061
7569069
7569073
7569237
7569307
7569315
7569357
7569381
7569395
7569453
7569535
7569805
7569821
7569841
7569989
7570009
7570115
7570187
7570245
7570327
7570409
7570499
7570643
7570667
7570735
7570775
7571019
7571021
7571065
7571149
7571213
7571229
7571295
7571299
7571313
7571533
7571567
7571587
7571777
7571943
7571967
7572027
7572079
7572181
7572237
7572321
7572459
7572483
7572567
7572685
7572687
7572781
7572793
7573059
7573117
7573171
7573191
7573311
7573403
7573569
7573627
7573641
7573739
7573745
7573873
7573895
7574047
7574153
7574157
7574227
7574267
7574379
7574395
7574471
7574475
7574489
7574691
7574725
7574763
7574777
7574843
7574989
7575085
7575177
7575231
7575309
7575337
7575385
7575491
7575495
7575765
7575835
7575877
7576243
7576249
7576265
7576269
7576293
7576367
7576437
7576465
7576489
7576511
7576589
7576591
7576659
7576713
7576743
7576763
7576953
7577017
7577041
7577053
7577067
7577091
7577105
7577149
7577227
7577305
7577343
7577429
7577567
7577721
7577727
7577731
7577981
7577991
7578049
7578053
7578199
7578215
7578247
7578275
7578441
7578469
7578669
7578705
7578797
7578837
7578961
7578991
7579023
7579271
7579359
7579377
7579413
7579555
7579715
7579739
7579779
7579795
7579803
7579849
7579867
7579887
7579925
7579971
7580053
7580071
7580081
7580091
7580097
7580139
7580197
7580277
7580321
7580347
7580509
7580539
7580597
7580633
7580673
7580733
7580737
7580801
7580955
7580999
7581073
7581133
7581141
7581153
7581167
7581217
7581223
7581283
7581455
7581521
7581761
7581921
7582067
7582075
7582199
7582275
7582279
7582287
7582343
7582437
7582525
7582655
7582749
7583207
7583251
7583259
7583323
7583373
7583401
7583569
7583687
7583769
7583885
7584079
7584135
7584205
7584285
7584289
7584359
7584417
7584473
7584737
7584757
7584903
7584919
7584925
7584965
7585009
7585029
7585105
7585131
7585203
7585289
7585347
7585377
7585421
7585449
7585651
7585731
7585787
7585813
7585837
7585895
7585935
7585971
7586007
7586199
7586223
7586391
7586399
7586405
7586507
7586521
7586581
7586723
7586805
7586815
7586873
7586941
7586963
7587143
7587173
7587217
7587327
7587415
7587571
7587633
7587635
7587689
7587721
7587737
7587979
7588035
7588127
7588137
7588285
7588333
7588359
7588403
7588445
7588475
7588617
7588685
7588707
7588797
7588879
7588887
7588903
7588965
7588985
7589103
7589119
7589221
7589293
7589403
7589495
7589763
7589775
7589783
7589961
7589999
7590061
7590065
7590229
7590279
7590467
7590703
7590721
7590761
7590771
7590829
7590831
7590953
7591041
7591059
7591231
7591327
7591411
7591503
7591573
7591617
7591637
7591665
7591717
7591829
7591841
7591963
7592053
7592079
7592233
7592249
7592503
7592607
7592713
7592843
7592859
7592917
7593069
7593145
7593251
7593315
7593329
7593453
7593507
7593509
7593521
7593597
7593601
7593641
7593777
7593841
7593907
7593953
7594151
7594189
7594243
7594303
7594307
7594319
7594329
7594445
7594469
7594533
7594629
7594665
7594669
7594685
7594711
7594773
7594875
7594949
7594981
7595085
7595129
7595131
7595221
7595347
7595435
7595457
7595485
7595487
7595503
7595547
7595647
7595697
7595839
7595889
7595901
7595979
7596043
7596059
7596097
7596149
7596151
7596181
7596277
7596367
7596431
7596613
7596737
7596767
7596785
7596927
7596943
7597049
7597105
7597195
7597305
7597423
7597521
7597549
7597605
7597647
7597683
7597735
7597915
7597927
7597989
7598015
7598051
7598227
7598263
7598303
7598327
7598355
7598677
7598755
7598803
7598857
7598967
7599071
7599085
7599139
7599169
7599189
7599269
7599411
7599563
7599745
7599851
7599855
7599869
7599923
7600063
7600131
7600151
7600215
7600239
7600285
7600315
7600467
7600485
7600593
7600661
7600709
7600731
7600761
7600775
7600797
7600919
7600945
7601085
7601295
7601321
7601389
7601427
7601437
7601787
7601859
7601921
7601973
7602095
7602109
7602219
7602251
7602303
7602335
7602461
7602475
7602509
7602645
7602665
7602795
7602851
7602983
7603001
7603087
7603167
7603231
7603389
7603409
7603433
7603439
7603593
7603605
7603649
7603651
7603887
7603937
7604053
7604105
7604117
7604161
7604175
7604527
7604577
7604617
7604705
7604761
7604993
7605059
7605147
7605347
7605359
7605409
7605465
7605501
7605563
7605581
7605669
7605685
7605695
7605749
7605771
7605849
7605889
7605947
7605971
7605977
7606279
7606325
7606411
7606423
7606435
7606543
7606619
7606643
7606651
7606659
7606681
7606745
7606839
7606851
7606855
7606993
7607257
7607317
7607327
7607333
7607369
7607371
7607595
7607599
7607619
7607855
7607865
7607927
7607975
7608051
7608057
7608087
7608097
7608185
7608205
7608363
7608367
7608439
7608489
7608643
7608685
7608803
7608813
7608817
7608851
7608979
7608995
7609161
7609169
7609295
7609683
7609693
7609745
7609819
7609845
7609877
7609943
7609989
7610117
7610127
7610219
7610223
7610233
7610241
7610247
7610263
7610271
7610379
7610461
7610537
7610539
7610567
7610599
7610629
7610651
7610727
7610755
7610797
7610801
7610827
7610837
7610853
7610855
7610923
7611017
7611109
7611167
7611187
7611197
7611251
7611543
7611561
7611567
7611625
7611773
7611805
7611833
7611941
7611973
7612115
7612183
7612265
7612331
7612589
7612597
7612649
7613027
7613095
7613177
7613223
7613315
7613361
7613389
7613393
7613419
7613429
7613433
7613501
7613539
7613577
7613587
7613709
7613819
7613911
7614041
7614103
7614135
7614161
7614285
7614427
7614461
7614479
7614497
7614507
7614751
7614793
7614817
7614867
7614953
7615035
7615229
7615341
7615363
7615487
7615529
7615553
7615695
7615705
7615743
7615841
7616023
7616231
7616267
7616271
7616311
7616391
7616413
7616415
7616569
7616599
7616605
7616631
7616699
7616723
7616729
7616997
7617031
7617083
7617187
7617431
7617453
7617563
7617633
7617985
7618017
7618095
7618107
7618215
7618223
7618277
7618279
7618293
7618347
7618367
7618373
7618401
7618403
7618489
7618515
7618539
7618561
7618565
7618615
7618681
7618765
7618827
7618925
7618931
7619113
7619195
7619213
7619297
7619353
7619371
7619483
7619507
7619517
7619637
7619641
7619645
7619655
7619739
7619747
7619859
7619885
7619919
7619963
7620051
7620259
7620285
7620303
7620351
7620411
7620423
7620521
7620717
7620735
7620767
7620789
7620829
7621071
7621101
7621111
7621123
7621405
7621411
7621521
7621701
7621707
7621811
7621855
7621973
7622027
7622037
7622051
7622145
7622207
7622225
7622293
7622307
7622361
7622381
7622487
7622631
7622753
7622785
7622889
7622951
7623039
7623083
7623135
7623201
7623223
7623333
7623345
7623353
7623607
7623613
7623677
7623789
7623803
7623917
7624021
7624039
7624125
7624235
7624259
7624293
7624309
7624365
7624433
7624455
7624515
7624549
7624561
7624613
7624645
7624673
7624695
7624703
7624745
7624769
7624781
7624783
7624789
7624811
7624973
7625011
7625063
7625085
7625351
7625353
7625475
7625487
7625511
7625533
7625587
7625711
7625715
7625855
7625907
7625951
7626031
7626087
7626189
7626227
7626285
7626551
7626557
7626617
7626625
7626649
7626685
7626687
7626689
7626697
7626725
7626737
7626765
7626833
7626877
7626931
7626969
7627017
7627063
7627083
7627089
7627123
7627197
7627201
7627233
7627345
7627597
7627733
7627895
7627911
7627939
7628087
7628159
7628183
7628195
7628233
7628237
7628429
7628447
7628499
7628529
7628671
7628699
7628819
7628849
7628861
7629017
7629035
7629053
7629133
7629211
7629231
7629249
7629251
7629335
7629401
7629543
7629585
7629631
7630113
7630199
7630361
7630399
7630435
7631205
7631273
7631281
7631353
7631409
7631597
7631615
7631805
7631845
7631849
7631861
7631879
7631947
7632137
7632213
7632439
7632727
7632773
7632793
7632807
7632829
7632887
7632939
7632941
7632973
7632995
7633147
7633149
7633163
7633375
7633483
7633565
7633755
7633871
7633947
7634097
7634137
7634231
7634271
7634277
7634345
7634903
7635075
7635089
7635167
7635177
7635221
7635251
7635263
7635269
7635293
7635337
7635377
7635439
7635655
7635845
7635923
7635953
7636075
7636113
7636201
7636203
7636357
7636381
7636383
7636387
7636435
7636449
7636501
7636613
7636615
7636709
7636723
7636761
7636771
7636777
7636893
7636951
7636983
7637001
7637255
7637283
7637289
7637403
7637425
7637429
7637527
7637533
7637553
7637671
7637691
7637701
7637793
7637801
7637829
7637901
7637909
7638083
7638097
7638109
7638119
7638211
7638253
7638259
7638383
7638517
7638525
7638527
7638627
7638689
7638729
7638949
7638951
7638969
7639025
7639219
7639369
7639403
7639569
7639579
7639673
7639729
7640487
7640495
7640841
7640895
7640933
7641005
7641029
7641197
7641225
7641251
7641271
7641523
7641551
7641649
7641691
7641713
7641773
7641831
7641863
7641947
7642035
7642085
7642109
7642237
7642259
7642425
7642447
7642467
7642479
7642597
7642607
7642641
7642663
7642785
7642895
7642943
7643013
7643057
7643137
7643291
7643373
7643441
7643481
7643507
7643631
7643683
7643799
7643941
7644029
7644045
7644147
7644263
7644287
7644319
7644407
7644455
7644461
7644477
7644617
7644717
7644781
7644821
7644845
7644923
7644963
7644971
7645029
7645061
7645065
7645297
7645299
7645343
7645371
7645565
7645739
7645769
7645855
7645953
7646017
7646109
7646305
7646351
7646435
7646503
7646513
7646541
7646617
7646805
7646813
7646815
7646911
7646923
7647079
7647087
7647091
7647141
7647183
7647293
7647339
7647367
7647423
7647505
7647587
7647671
7647699
7647867
7647903
7647953
7648095
7648133
7648217
7648233
7648259
7648353
7648417
7648515
7648559
7648583
7648623
7648727
7648735
7648751
7648777
7648881
7649027
7649041
7649103
7649139
7649179
7649233
7649327
7649381
7649397
7649435
7649493
7649581
7649617
7649737
7649787
7649825
7649865
7649903
7649977
7649985
7650025
7650159
7650225
7650329
7650655
7650761
7650767
7650795
7650881
7650933
7650941
7651031
7651193
7651195
7651325
7651375
7651483
7651583
7651589
7651707
7651713
7651717
7651723
7651727
7651809
7651835
7651869
7652083
7652291
7652321
7652355
7652369
7652403
7652563
7652599
7652679
7652689
7652881
7652955
7653189
7653283
7653303
7653533
7653791
7653833
7653879
7653973
7654023
7654045
7654133
7654209
7654269
7654307
7654415
7654477
7654499
7654719
7654759
7654829
7654845
7654879
7654895
7654925
7654965
7654971
7654981
7655005
7655059
7655137
7655143
7655167
7655329
7655385
7655461
7655477
7655613
7655627
7655783
7655929
7655977
7656193
7656199
7656247
7656339
7656373
7656441
7656601
7656781
7656851
7656955
7657057
7657085
7657143
7657181
7657215
7657229
7657391
7657397
7657471
7657493
7657575
7657611
7657837
7657855
7657857
7657973
7658015
7658057
7658209
7658257
7658305
7658349
7658443
7658455
7658495
7658533
7658561
7658661
7658819
7658879
7658933
7659013
7659103
7659179
7659397
7659459
7659529
7659561
7659565
7659569
7659607
7659739
7659759
7659871
7659977
7659995
7660003
7660065
7660115
7660117
7660183
7660231
7660245
7660319
7660509
7660513
7660643
7660651
7660701
7660713
7660733
7660823
7660861
7660977
7661043
7661287
7661341
7661413
7661509
7661725
7661751
7661787
7661819
7661825
7661999
7662023
7662133
7662177
7662227
7662391
7662429
7662477
7662521
7662617
7662757
7662811
7662913
7662989
7663111
7663113
7663193
7663197
7663231
7663359
7663525
7663535
7663567
7663609
7663837
7663899
7664147
7664279
7664299
7664359
7664491
7664499
7664637
7664787
7664853
7664929
7664939
7665043
7665063
7665123
7665127
7665163
7665181
7665221
7665365
7665485
7665563
7665581
7665685
7665773
7665795
7665829
7665963
7666065
7666157
7666209
7666263
7666355
7666565
7666615
7666669
7666713
7666723
7666725
7666771
7666823
7666953
7666979
7667177
7667245
7667341
7667495
7667653
7667665
7667841
7667863
7667909
7667953
7667963
7668035
7668047
7668083
7668379
7668411
7668421
7668755
7668855
7668881
7668993
7668999
7669101
7669105
7669129
7669135
7669293
7669363
7669403
7669461
7669467
7669523
7669565
7669567
7669631
7669783
7669815
7669913
7669979
7670019
7670153
7670163
7670227
7670239
7670313
7670323
7670349
7670389
7670421
7670425
7670451
7670529
7670581
7670681
7670733
7670845
7670849
7670865
7670925
7670975
7670995
7670997
7671039
7671121
7671123
7671207
7671229
7671283
7671299
7671319
7671331
7671369
7671401
7671423
7671447
7671495
7671631
7671657
7671821
7672237
7672285
7672297
7672319
7672605
7672721
7672761
7672809
7672847
7672853
7672887
7672923
7672935
7672947
7672965
7673015
7673023
7673071
7673163
7673195
7673211
7673293
7673379
7673389
7673451
7673485
7673493
7673533
7673645
7673683
7673709
7673745
7673983
7674063
7674131
7674149
7674257
7674431
7674461
7674463
7674541
7674587
7674591
7674623
7674665
7674715
7674739
7674777
7674781
7674817
7674849
7674869
7674875
7674953
7675181
7675351
7675387
7675395
7675487
7675657
7675837
7675869
7675893
7676095
7676155
7676321
7676541
7676613
7676619
7676661
7676823
7676859
7676941
7676955
7676971
7677009
7677115
7677149
7677369
7677557
7677715
7677765
7677831
7677833
7677839
7677843
7677849
7677915
7677929
7677981
7678079
7678123
7678173
7678229
7678231
7678279
7678285
7678333
7678337
7678341
7678517
7678521
7678679
7678689
7678725
7679027
7679081
7679091
7679271
7679303
7679307
7679325
7679379
7679407
7679513
7679599
7679783
7679799
7679867
7679891
7680125
7680137
7680191
7680229
7680233
7680251
7680287
7680331
7680357
7680601
7680617
7680637
7680657
7680751
7681089
7681127
7681209
7681267
7681371
7681403
7681519
7681559
7681803
7681821
7681879
7681973
7682029
7682037
7682101
7682199
7682301
7682503
7682541
7682705
7682731
7682735
7682761
7682831
7682853
7682911
7682953
7683015
7683061
7683089
7683191
7683269
7683329
7683347
7683373
7683463
7683553
7683605
7683607
7683653
7683673
7683687
7683749
7683793
7683833
7684113
7684173
7684235
7684275
7684365
7684567
7684605
7684733
7684739
7684777
7684907
7684955
7684971
7685005
7685137
7685195
7685301
7685321
7685395
7685401
7685443
7685601
7685641
7685655
7685677
7685773
7685871
7685915
7685927
7686093
7686161
7686181
7686245
7686257
7686321
7686467
7686527
7686571
7686641
7686679
7686803
7686841
7687077
7687151
7687207
7687235
7687273
7687281
7687303
7687335
7687423
7687429
7687439
7687487
7687601
7687621
7687629
7687737
7687741
7687865
7687911
7687965
7687991
7688053
7688061
7688233
7688257
7688285
7688361
7688375
7688551
7688595
7688679
7688681
7688761
7688963
7689029
7689131
7689211
7689239
7689441
7689631
7689737
7689751
7689927
7690005
7690119
7690139
7690203
7690265
7690397
7690487
7690717
7690747
7690769
7690771
7690847
7690877
7690989
7691129
7691165
7691317
7691397
7691409
7691427
7691487
7691553
7691593
7691663
7691665
7691771
7691795
7691903
7692013
7692061
7692089
7692093
7692123
7692205
7692337
7692397
7692447
7692581
7692743
7692843
7692861
7692975
7692997
7693029
7693199
7693305
7693471
7693599
7693623
7693823
7693831
7693951
7694079
7694153
7694281
7694379
7694439
7694451
7694469
7694587
7694607
7694881
7694921
7694969
7695039
7695173
7695219
7695315
7695403
7695479
7695559
7695575
7695653
7695737
7695753
7695757
7695907
7695949
7695951
7696037
7696121
7696271
7696295
7696339
7696351
7696357
7696365
7696373
7696473
7696545
7696585
7696615
7696695
7696785
7696809
7696813
7696851
7696977
7697033
7697055
7697083
7697139
7697231
7697259
7697365
7697489
7697571
7697605
7697697
7697787
7697879
7697915
7697933
7697947
7697985
7698099
7698185
7698197
7698209
7698243
7698391
7698397
7698409
7698415
7698431
7698489
7698523
7698617
7698657
7698661
7698669
7698671
7698695
7698753
7698797
7698883
7698887
7698925
7699051
7699117
7699167
7699257
7699319
7699381
7699397
7699401
7699557
7699633
7699741
7699789
7699851
7699869
7699931
7700235
7700237
7700239
7700279
7700321
7700491
7700623
7700663
7700717
7700759
7700843
7700845
7700909
7701015
7701049
7701051
7701119
7701225
7701289
7701339
7701355
7701415
7701511
7701603
7701667
7701807
7701953
7701957
7701969
7702107
7702173
7702297
7702403
7702463
7702649
7702695
7702777
7702853
7702873
7703003
7703059
7703187
7703239
7703253
7703257
7703305
7703337
7703359
7703395
7703481
7703487
7703511
7703617
7703661
7703669
7703675
7703681
7703693
7703823
7703899
7703913
7704017
7704035
7704043
7704045
7704057
7704089
7704161
7704207
7704237
7704239
7704487
7704499
7704533
7704609
7704683
7704689
7704725
7704759
7704771
7704815
7704891
7704977
7705017
7705071
7705091
7705133
7705135
7705193
7705209
7705233
7705283
7705381
7705481
7705843
7705881
7705907
7705921
7705933
7706063
7706101
7706133
7706141
7706277
7706279
7706619
7706785
7706803
7706829
7706859
7706887
7706995
7707127
7707129
7707161
7707225
7707347
7707391
7707475
7707483
7707487
7707595
7707631
7707673
7707707
7707739
7707819
7707889
7707893
7707949
7707951
7708017
7708093
7708099
7708401
7708437
7708587
7708617
7708663
7708669
7708709
7708741
7708769
7708793
7708811
7709005
7709075
7709189
7709229
7709389
7709403
7709455
7709519
7709539
7709701
7709733
7709851
7709857
7709915
7709955
7710013
7710139
7710313
7710409
7710477
7710509
7710613
7710695
7710717
7710777
7710789
7710861
7710879
7710979
7711017
7711041
7711123
7711161
7711215
7711359
7711413
7711723
7711733
7711735
7711759
7711767
7711805
7711899
7711991
7712003
7712049
7712141
7712229
7712235
7712287
7712307
7712335
7712413
7712479
7712511
7712563
7712593
7712667
7712675
7712769
7712825
7712919
7712951
7712953
7712965
7712969
7712981
7713065
7713333
7713347
7713575
7713803
7713965
7713989
7713995
7714043
7714093
7714315
7714349
7714471
7714483
7714545
7714557
7714635
7714783
7714851
7714855
7714979
7714981
7714991
7715197
7715201
7715211
7715285
7715293
7715333
7715339
7715441
7715607
7715623
7715689
7715739
7715857
7715887
7715927
7716035
7716081
7716161
7716247
7716361
7716393
7716409
7716649
7716709
7716847
7716853
7716883
7717011
7717051
7717141
7717261
7717277
7717349
7717369
7717421
7717475
7717603
7717681
7717807
7717983
7718053
7718081
7718101
7718283
7718299
7718311
7718383
7718397
7718545
7718683
7718727
7718849
7718901
7718913
7718951
7718959
7719211
7719225
7719273
7719447
7719551
7719653
7719737
7719841
7719867
7719907
7719927
7720027
7720035
7720093
7720141
7720165
7720213
7720245
7720333
7720371
7720375
7720391
7720395
7720411
7720489
7720575
7720635
7720653
7720671
7720701
7720787
7720825
7720975
7720997
7721019
7721045
7721107
7721191
7721261
7721273
7721305
7721509
7721597
7721617
7721755
7721773
7721811
7721817
7721983
7721993
7722071
7722227
7722269
7722425
7722629
7722631
7722677
7722825
7722855
7722863
7722889
7722949
7722963
7722973
7723011
7723031
7723163
7723363
7723441
7723447
7723523
7723631
7723721
7723771
7723775
7723821
7723933
7723945
7724021
7724281
7724317
7724503
7724603
7724757
7724797
7724847
7724859
7724939
7725033
7725107
7725115
7725127
7725233
7725245
7725385
7725459
7725597
7725693
7725913
7725929
7726043
7726057
7726115
7726149
7726215
7726219
7726343
7726351
7726357
7726359
7726365
7726381
7726427
7726521
7726529
7726609
7726625
7726803
7727009
7727079
7727123
7727293
7727309
7727465
7727469
7727531
7727577
7727585
7727675
7727701
7727759
7727811
7727831
7727833
7727861
7727901
7727909
7728001
7728031
7728065
7728205
7728297
7728363
7728443
7728713
7728755
7728759
7728789
7728961
7729009
7729021
7729069
7729171
7729263
7729317
7729319
7729391
7729405
7729445
7729639
7729643
7729725
7729859
7729877
7729881
7729951
7729973
7730005
7730049
7730119
7730123
7730137
7730207
7730213
7730217
7730283
7730311
7730665
7730685
7730721
7730821
7730893
7730899
7730907
7731001
7731265
7731421
7731423
7731441
7731693
7731711
7731827
7731871
7731953
7732395
7732483
7732485
7732589
7732743
7732855
7732875
7732893
7732985
7733127
7733139
7733167
7733313
7733361
7733567
7733785
7733881
7733913
7734005
7734107
7734145
7734169
7734227
7734543
7734749
7734801
7734841
7734909
7734991
7735045
7735081
7735089
7735119
7735215
7735303
7735315
7735331
7735339
7735441
7735469
7735491
7735527
7735545
7735573
7735627
7735747
7735883
7736135
7736139
7736301
7736347
7736353
7736431
7736525
7736551
7736567
7736699
7736703
7736733
7736843
7736971
7737073
7737109
7737167
7737199
7737279
7737403
7737457
7737581
7737609
7737993
7738017
7738093
7738125
7738137
7738201
7738325
7738367
7738427
7738531
7738607
7738651
7738781
7738911
7738975
7739069
7739073
7739183
7739207
7739211
7739291
7739299
7739347
7739413
7739431
7739453
7739461
7739465
7739581
7739603
7739609
7739629
7739695
7739783
7739917
7739935
7739981
7740115
7740187
7740199
7740239
7740243
7740259
7740385
7740417
7740419
7740491
7740495
7740521
7740559
7740583
7740585
7740679
7740755
7740767
7740833
7740883
7740949
7741031
7741047
7741255
7741329
7741397
7741413
7741433
7741591
7741619
7741663
7741675
7741739
7741753
7741777
7741779
7741791
7741861
7741875
7741901
7741909
7742011
7742031
7742067
7742137
7742161
7742217
7742255
7742337
7742407
7742523
7742537
7742691
7742977
7743121
7743169
7743293
7743337
7743343
7743631
7743719
7743889
7743957
7743993
7743997
7744039
7744063
7744205
7744357
7744463
7744491
7744579
7744639
7744767
7744769
7744787
7744853
7744927
7744949
7744971
7744989
7745045
7745249
7745285
7745321
7745331
7745337
7745341
7745347
7745435
7745547
7745561
7745635
7745719
7745803
7746035
7746313
7746339
7746381
7746423
7746535
7746715
7746733
7746735
7746855
7746921
7746927
7746999
7747041
7747085
7747349
7747525
7747673
7747675
7747691
7748037
7748055
7748063
7748123
7748195
7748307
7748337
7748345
7748457
7748467
7748469
7748473
7748543
7748603
7748645
7748813
7749121
7749131
7749409
7749497
7749547
7749615
7749621
7749733
7749739
7749811
7749855
7749911
7749913
7750059
7750103
7750111
7750207
7750305
7750329
7750487
7750499
7750519
7750581
7750635
7750839
7750869
7750941
7750963
7751079
7751125
7751151
7751223
7751229
7751485
7751553
7751571
7751587
7751611
7751621
7751701
7751705
7751717
7751749
7751877
7751955
7751987
7752005
7752081
7752099
7752203
7752225
7752323
7752351
7752403
7752907
7752977
7753049
7753149
7753245
7753301
7753331
7753339
7753369
7753533
7753595
7753819
7753835
7753857
7753955
7753961
7754075
7754095
7754151
7754165
7754205
7754259
7754291
7754351
7754397
7754585
7754601
7754629
7754655
7754675
7754803
7754885
7754897
7754921
7754961
7754985
7754997
7755115
7755279
7755357
7755371
7755433
7755507
7755617
7755723
7755789
7755813
7755827
7755839
7755851
7755983
7756047
7756079
7756103
7756169
7756213
7756279
7756303
7756447
7756473
7756591
7756611
7756831
7756863
7756957
7756967
7757171
7757191
7757255
7757289
7757343
7757405
7757473
7757551
7757581
7757685
7757855
7757903
7757973
7757995
7758221
7758327
7758463
7758521
7758553
7758625
7758893
7758921
7758931
7758935
7758943
7759005
7759063
7759215
7759257
7759343
7759695
7759697
7759701
7759807
7759963
7760001
7760035
7760119
7760137
7760281
7760303
7760391
7760449
7760551
7760641
7760677
7760729
7760761
7760769
7760815
7760997
7761049
7761091
7761105
7761121
7761191
7761267
7761277
7761351
7761363
7761535
7761667
7761671
7761785
7761789
7761829
7761977
7762069
7762263
7762315
7762407
7762457
7762507
7762513
7762515
7762543
7762601
7762691
7762759
7762763
7762887
7762963
7762975
7763071
7763099
7763143
7763281
7763305
7763371
7763451
7763655
7763701
7763779
7763839
7763959
7763969
7764021
7764049
7764161
7764253
7764349
7764371
7764381
7764435
7764445
7764565
7764755
7764761
7764849
7764949
7764987
7765033
7765073
7765097
7765213
7765303
7765317
7765337
7765401
7765505
7765519
7765659
7765835
7765891
7765913
7765923
7766105
7766121
7766129
7766155
7766165
7766207
7766283
7766373
7766395
7766413
7766433
7766671
7766689
7766761
7766897
7766905
7766973
7766983
7767085
7767113
7767325
7767529
7767593
7767835
7767951
7768073
7768077
7768179
7768259
7768261
7768339
7768345
7768415
7768493
7768521
7768573
7768669
7768699
7768849
7769023
7769031
7769083
7769123
7769255
7769365
7769585
7769677
7769733
7769787
7769867
7769969
7770013
7770031
7770063
7770141
7770245
7770281
7770311
7770357
7770363
7770423
7770467
7770611
7770707
7770753
7770757
7770769
7770771
7770855
7771033
7771059
7771173
7771191
7771441
7771447
7771485
7771661
7771675
7771739
7771943
7771947
7772117
7772141
7772163
7772201
7772233
7772257
7772281
7772381
7772425
7772501
7772581
7772619
7772621
7772763
7772857
7772869
7772889
7772981
7773029
7773225
7773351
7773353
7773667
7773911
7773975
7774005
7774101
7774513
7774615
7774703
7774803
7774909
7774935
7774955
7774977
7775027
7775049
7775095
7775101
7775103
7775107
7775197
7775233
7775313
7775317
7775353
7775361
7775401
7775479
7775795
7776013
7776191
7776215
7776269
7776317
7776335
7776345
7776399
7776449
7776655
7776705
7776721
7776743
7776749
7776757
7776881
7777029
7777035
7777109
7777121
7777163
7777209
7777269
7777331
7777453
7777519
7777525
7777611
7777729
7777855
7777957
7777981
7778099
7778215
7778275
7778451
7778501
7778537
7778565
7778615
7778657
7778709
7778713
7778731
7778807
7778813
7778839
7778867
7778883
7779203
7779233
7779297
7779327
7779403
7779413
7779429
7779453
7779457
7779495
7779519
7779537
7779573
7779603
7779901
7779961
7780071
7780111
7780143
7780255
7780311
7780443
7780595
7780715
7780815
7780831
7780995
7781105
7781145
7781147
7781175
7781383
7781415
7781425
7781445
7781547
7781551
7781653
7781667
7781681
7781699
7781821
7781907
7781965
7782059
7782103
7782133
7782209
7782227
7782443
7782481
7782505
7782517
7782521
7782579
7782583
7782685
7782771
7782787
7782805
7782879
7783057
7783129
7783221
7783243
7783367
7783387
7783417
7783681
7783801
7783839
7783935
7783959
7783985
7784023
7784091
7784221
7784233
7784237
7784265
7784427
7784469
7784475
7784649
7784685
7784729
7784801
7784829
7785005
7785013
7785037
7785249
7785263
7785523
7785637
7785649
7785707
7785839
7785851
7785967
7785995
7786077
7786093
7786147
7786433
7786617
7786659
7786815
7786859
7786953
7786955
7787149
7787171
7787339
7787413
7787441
7787647
7787681
7787783
7787923
7787957
7788107
7788211
7788213
7788289
7788301
7788331
7788385
7788495
7788551
7788615
7788623
7788665
7788751
7788765
7788769
7788941
7788979
7789107
7789205
7789235
7789255
7789381
7789567
7789585
7789607
7789647
7789699
7789713
7789725
7789773
7789901
7789919
7790033
7790057
7790145
7790243
7790293
7790335
7790365
7790531
7790617
7790631
7790639
7790641
7790745
7790785
7790787
7790843
7790861
7790959
7791055
7791249
7791261
7791265
7791471
7791527
7791633
7791669
7791821
7791823
7791825
7791929
7792125
7792297
7792339
7792365
7792505
7792589
7792599
7792773
7792783
7793029
7793059
7793103
7793113
7793163
7793197
7793203
7793381
7793443
7793497
7793539
7793583
7793677
7793713
7793955
7794023
7794053
7794061
7794117
7794145
7794161
7794183
7794361
7794461
7794499
7794531
7794591
7794651
7794679
7794687
7794693
7794703
7794723
7794735
7794783
7794885
7794889
7794903
7794941
7795057
7795065
7795219
7795259
7795329
7795355
7795381
7795383
7795491
7795525
7795559
7795577
7795623
7795635
7795689
7795737
7795739
7795783
7795811
7795837
7795869
7795985
7796051
7796127
7796255
7796319
7796411
7796475
7796565
7796655
7796691
7796789
7796825
7796871
7796889
7796899
7796943
7797205
7797307
7797345
7797405
7797457
7797477
7797529
7797601
7797635
7797641
7797817
7798077
7798111
7798241
7798333
7798405
7798627
7798649
7798763
7798981
7799053
7799293
7799325
7799375
7799417
7799439
7799577
7799803
7799883
7799917
7800045
7800245
7800337
7800381
7800411
7800459
7800641
7800647
7800675
7800837
7800849
7800911
7801021
7801033
7801039
7801123
7801149
7801209
7801285
7801321
7801407
7801421
7801459
7801505
7801581
7801699
7801797
7801919
7801961
7801969
7801995
7802009
7802051
7802163
7802191
7802199
7802201
7802271
7802305
7802377
7802451
7802471
7802497
7802605
7802759
7802879
7802895
7802917
7802927
7802965
7803011
7803063
7803269
7803271
7803319
7803337
7803431
7803463
7803613
7803735
7803809
7803843
7804025
7804113
7804123
7804195
7804533
7804785
7805003
7805019
7805203
7805249
7805263
7805303
7805511
7805573
7805585
7805611
7805735
7805965
7806027
7806057
7806107
7806115
7806129
7806151
7806193
7806369
7806445
7806461
7806527
7806925
7806933
7806939
7806959
7806961
7806979
7807109
7807179
7807223
7807261
7807473
7807507
7807709
7807767
7807917
7807919
7807925
7808009
7808095
7808103
7808135
7808147
7808489
7808517
7808613
7808727
7808871
7808945
7809049
7809469
7809627
7809691
7809757
7809777
7809823
7809967
7810045
7810061
7810091
7810149
7810161
7810325
7810473
7810513
7810527
7810613
7810621
7810659
7810741
7810791
7810801
7810813
7810833
7811175
7811323
7811503
7811533
7811557
7811741
7811765
7811781
7811793
7811797
7811815
7811825
7811881
7811885
7811917
7812083
7812159
7812275
7812363
7812381
7812587
7812627
7812685
7812735
7812751
7812801
7812861
7812887
7812889
7812945
7813063
7813179
7813203
7813257
7813303
7813349
7813433
7813465
7813531
7813547
7813673
7813763
7813771
7813833
7813853
7813891
7813931
7813985
7814029
7814095
7814101
7814123
7814197
7814217
7814433
7814457
7814485
7814511
7814779
7814809
7814941
7815095
7815123
7815225
7815325
7815329
7815441
7815443
7815475
7815483
7815497
7815499
7815583
7815603
7815685
7815691
7815775
7815839
7815909
7815969
7815979
7816029
7816061
7816079
7816275
7816287
7816295
7816397
7816537
7816573
7816683
7816697
7816801
7817053
7817063
7817075
7817221
7817251
7817267
7817313
7817417
7817435
7817453
7817511
7817629
7817801
7817829
7817909
7817921
7818047
7818093
7818161
7818319
7818365
7818401
7818583
7818619
7818889
7818919
7819085
7819141
7819213
7819227
7819311
7819455
7819459
7819509
7819543
7819553
7819559
7819711
7819847
7819935
7819993
7820087
7820119
7820129
7820177
7820311
7820325
7820327
7820457
7820585
7820589
7820697
7820731
7820857
7820889
7821077
7821137
7821149
7821215
7821239
7821243
7821281
7821463
7821501
7821621
7821731
7821739
7821771
7821899
7821929
7821981
7822065
7822101
7822259
7822261
7822271
7822297
7822347
7822439
7822579
7822615
7822685
7822847
7822927
7822955
7822961
7822985
7823047
7823133
7823169
7823451
7823459
7823547
7823619
7823657
7823707
7823711
7823717
7823733
7823827
7823853
7823961
7824023
7824063
7824067
7824119
7824225
7824365
7824375
7824469
7824489
7824529
7824541
7824641
7824787
7824793
7824829
7824943
7824979
7825003
7825211
7825243
7825277
7825351
7825357
7825559
7825577
7825693
7825743
7825765
7825815
7825899
7825935
7825991
7826007
7826019
7826061
7826117
7826155
7826327
7826459
7826511
7826525
7826625
7826671
7826745
7826757
7826907
7826977
7827049
7827141
7827195
7827211
7827283
7827647
7827657
7827789
7827799
7827835
7827987
7828021
7828101
7828127
7828191
7828241
7828367
7828385
7828525
7828579
7828605
7828663
7828675
7828725
7828823
7828859
7828897
7829023
7829041
7829049
7829065
7829107
7829275
7829283
7829319
7829429
7829431
7829543
7829621
7829687
7829731
7829783
7829813
7829981
7830225
7830233
7830271
7830301
7830379
7830443
7830497
7830625
7830725
7830729
7830817
7830863
7831125
7831203
7831297
7831303
7831333
7831445
7831495
7831529
7831609
7831775
7831785
7831875
7831921
7832003
7832057
7832115
7832265
7832351
7832433
7832563
7832741
7832855
7832903
7832949
7833095
7833123
7833231
7833235
7833251
7833483
7833563
7833723
7833733
7833743
7833757
7833781
7833955
7833993
7834037
7834285
7834301
7834335
7834399
7834417
7834655
7834751
7834803
7834873
7835071
7835081
7835113
7835297
7835351
7835423
7835587
7835635
7835665
7835795
7835963
7836033
7836083
7836231
7836313
7836315
7836467
7836555
7836619
7836657
7836661
7836859
7836913
7836987
7837041
7837177
7837349
7837535
7837627
7837641
7837685
7837721
7837735
7837939
7837975
7838013
7838161
7838425
7838463
7838481
7838523
7838579
7838593
7838781
7838807
7838829
7838867
7838971
7838993
7839007
7839017
7839137
7839159
7839333
7839523
7839549
7839565
7839621
7839673
7839945
7839957
7839989
7840019
7840039
7840043
7840083
7840127
7840229
7840289
7840293
7840397
7840421
7840495
7840517
7840619
7840683
7840713
7840729
7840791
7840901
7840977
7841093
7841129
7841151
7841201
7841329
7841377
7841409
7841579
7841661
7841697
7841723
7841735
7841787
7841845
7841881
7841883
7841959
7842009
7842051
7842059
7842061
7842075
7842105
7842217
7842281
7842439
7842479
7842543
7842651
7842767
7842805
7842827
7842923
7842925
7842973
7843205
7843321
7843427
7843431
7843585
7843599
7843609
7843629
7843743
7843787
7843847
7844089
7844153
7844185
7844253
7844353
7844379
7844403
7844415
7844487
7844511
7844569
7844575
7844719
7844741
7844817
7844827
7844849
7844851
7844861
7844915
7844989
7845183
7845193
7845375
7845521
7845523
7845541
7845579
7845649
7845665
7845695
7845765
7845787
7846007
7846097
7846127
7846159
7846197
7846351
7846419
7846615
7846837
7846961
7847153
7847159
7847251
7847267
7847391
7847393
7847521
7847595
7847617
7847653
7847655
7847657
7847679
7847719
7847791
7848017
7848027
7848183
7848269
7848297
7848323
7848555
7848715
7848779
7848881
7848975
7849087
7849281
7849391
7849513
7849547
7849693
7849999
7850043
7850109
7850117
7850181
7850211
7850213
7850225
7850249
7850457
7850515
7850563
7850571
7850635
7850679
7850763
7850887
7850907
7851029
7851097
7851187
7851291
7851339
7851349
7851399
7851507
7851749
7851801
7851835
7851967
7852101
7852103
7852207
7852215
7852221
7852243
7852259
7852305
7852315
7852351
7852355
7852401
7852425
7852437
7852497
7852659
7852693
7852741
7852765
7852893
7853203
7853395
7853417
7853465
7853511
7853663
7853737
7853837
7853849
7853943
7854005
7854051
7854081
7854205
7854223
7854299
7854399
7854457
7854473
7854491
7854599
7854607
7854649
7854659
7854689
7854951
7854975
7855193
7855337
7855513
7855701
7855829
7855833
7856123
7856177
7856187
7856197
7856241
7856307
7856387
7856395
7856405
7856519
7856649
7856919
7856927
7856951
7856979
7857035
7857057
7857079
7857135
7857163
7857169
7857187
7857225
7857481
7857555
7857569
7857611
7857683
7857717
7857933
7857941
7857949
7857965
7858041
7858105
7858137
7858173
7858199
7858203
7858279
7858361
7858369
7858433
7858455
7858689
7858717
7858723
7858729
7858779
7858865
7858951
7858961
7858999
7859001
7859025
7859157
7859165
7859173
7859217
7859417
7859575
7859615
7859641
7859727
7859739
7859913
7859953
7859991
7860009
7860045
7860107
7860147
7860281
7860291
7860337
7860459
7860577
7860709
7860807
7861281
7861285
7861293
7861383
7861391
7861437
7861489
7861617
7861693
7861709
7861717
7861845
7861881
7861923
7861951
7862097
7862285
7862291
7862425
7862527
7862589
7862595
7862623
7862755
7862827
7862899
7862953
7862961
7863121
7863123
7863135
7863195
7863393
7863485
7863513
7863595
7863599
7863609
7863611
7863645
7863683
7863699
7863825
7863861
7863889
7863945
7863983
7863995
7864093
7864207
7864279
7864403
7864541
7864657
7864799
7864921
7865035
7865037
7865043
7865423
7865527
7865535
7865571
7865623
7865633
7865669
7865837
7866007
7866027
7866149
7866199
7866281
7866297
7866325
7866413
7866553
7866673
7866781
7866925
7866973
7867093
7867125
7867203
7867233
7867303
7867319
7867325
7867469
7867485
7867499
7867515
7867533
7867555
7867627
7867705
7867741
7867743
7867897
7867913
7868015
7868057
7868061
7868075
7868105
7868229
7868243
7868305
7868341
7868439
7868645
7868655
7868749
7868833
7868839
7869043
7869045
7869099
7869109
7869237
7869265
7869293
7869379
7869391
7869421
7869431
7869517
7869619
7869643
7869803
7869847
7870095
7870225
7870279
7870427
7870469
7870653
7870703
7870739
7870807
7870809
7870877
7871327
7871365
7871437
7871479
7871565
7871571
7871657
7871665
7871791
7871923
7871985
7872181
7872229
7872261
7872363
7872375
7872417
7872423
7872513
7872581
7872593
7872869
7872877
7872931
7872995
7873031
7873101
7873367
7873645
7873699
7873825
7873851
7873857
7873939
7873965
7873987
7874015
7874065
7874089
7874185
7874205
7874451
7874513
7874715
7874735
7874751
7874753
7874981
7875049
7875069
7875089
7875107
7875123
7875129
7875199
7875213
7875225
7875269
7875271
7875929
7875933
7875937
7875947
7876099
7876107
7876217
7876229
7876299
7876317
7876375
7876423
7876449
7876487
7876529
7876715
7876939
7877097
7877103
7877135
7877149
7877207
7877255
7877339
7877365
7877429
7877515
7877561
7877617
7877653
7877765
7877847
7877849
7877931
7877967
7878001
7878269
7878435
7878469
7878517
7878531
7878555
7878561
7878653
7878655
7878759
7878787
7878889
7878979
7878983
7879041
7879069
7879079
7879105
7879111
7879141
7879229
7879311
7879463
7879553
7879651
7879655
7879685
7879811
7879821
7879875
7879931
7880053
7880065
7880157
7880177
7880363
7880545
7880567
7880579
7880639
7880673
7880703
7880787
7880847
7880891
7880981
7881079
7881201
7881213
7881249
7881261
7881311
7881379
7881455
7882019
7882215
7882251
7882291
7882401
7882407
7882493
7882523
7882533
7882629
7882647
7882799
7882843
7882851
7882897
7882907
7882911
7882917
7883035
7883159
7883199
7883261
7883303
7883343
7883427
7883467
7883517
7883589
7883713
7883867
7883885
7883905
7884079
7884121
7884143
7884157
7884185
7884269
7884283
7884339
7884345
7884357
7884365
7884585
7884731
7884831
7884961
7884965
7885065
7885205
7885243
7885253
7885265
7885303
7885311
7885347
7885399
7885479
7885523
7885579
7885683
7885755
7885769
7885835
7885891
7885927
7885987
7885991
7885999
7886019
7886035
7886071
7886099
7886147
7886315
7886497
7886575
7886711
7886753
7886779
7886823
7886843
7886845
7886885
7886887
7886949
7886961
7886981
7886989
7887011
7887081
7887093
7887127
7887171
7887181
7887237
7887257
7887267
7887393
7887423
7887443
7887471
7887523
7887749
7887823
7887883
7887935
7888035
7888045
7888047
7888113
7888357
7888451
7888489
7888493
7888515
7888521
7888605
7888655
7888665
7888695
7888697
7888793
7888801
7888845
7888863
7888875
7888913
7889019
7889075
7889117
7889139
7889289
7889305
7889375
7889405
7889445
7889447
7889503
7889519
7889535
7889539
7889579
7889715
7889747
7889757
7889789
7889867
7889951
7890055
7890211
7890233
7890285
7890319
7890329
7890337
7890489
7890691
7890751
7890753
7890869
7890941
7891061
7891131
7891239
7891251
7891257
7891285
7891337
7891371
7891377
7891379
7891485
7891499
7891559
7891575
7891655
7891699
7891831
7891881
7891889
7891907
7891913
7891985
7891993
7892019
7892067
7892267
7892313
7892347
7892397
7892543
7892817
7892849
7892911
7893177
7893263
7893391
7893473
7893477
7893479
7893561
7893563
7893745
7893747
7893781
7893803
7893839
7893855
7893873
7894007
7894065
7894261
7894279
7894377
7894491
7894535
7894589
7894603
7894819
7894871
7894873
7894943
7894993
7895119
7895127
7895181
7895297
7895369
7895513
7895559
7895579
7895721
7895765
7895805
7895977
7896017
7896029
7896037
7896093
7896115
7896127
7896149
7896179
7896249
7896365
7896417
7896505
7896569
7896641
7896801
7896831
7896893
7896929
7897123
7897219
7897337
7897367
7897405
7897497
7897507
7897605
7897655
7897703
7897737
7897743
7897975
7897999
7898047
7898155
7898169
7898289
7898299
7898301
7898319
7898419
7898503
7898519
7898521
7898551
7898595
7898711
7898745
7898803
7898817
7898873
7898905
7898947
7898989
7899191
7899217
7899227
7899231
7899495
7899597
7899645
7899667
7899765
7899773
7899783
7899873
7899903
7899921
7899985
7900095
7900205
7900341
7900453
7900633
7900751
7900791
7900807
7900811
7900845
7901027
7901041
7901111
7901145
7901153
7901279
7901335
7901429
7901453
7901483
7901567
7901583
7901587
7901645
7901719
7901887
7901893
7902083
7902089
7902159
7902167
7902177
7902267
7902309
7902331
7902461
7902487
7902577
7902595
7902805
7902823
7902865
7902873
7902913
7902937
7902965
7903007
7903035
7903059
7903079
7903083
7903111
7903123
7903125
7903137
7903169
7903175
7903293
7903333
7903355
7903439
7903467
7903513
7903523
7903697
7903705
7904039
7904105
7904411
7904419
7904587
7904595
7904701
7904703
7904721
7904765
7904811
7904845
7904975
7904997
7905087
7905289
7905291
7905299
7905345
7905367
7905371
7905727
7905765
7905803
7905897
7905919
7905977
7905991
7905999
7906185
7906229
7906291
7906387
7906405
7906473
7906495
7906509
7906681
7906773
7906833
7907073
7907139
7907203
7907383
7907551
7907637
7907727
7907729
7907807
7907815
7907869
7907901
7907911
7908201
7908319
7908375
7908425
7908533
7908565
7908583
7908737
7908751
7908801
7908881
7908895
7908991
7909155
7909191
7909215
7909355
7909397
7909561
7909639
7909755
7909795
7909807
7909901
7909991
7910051
7910151
7910153
7910167
7910183
7910209
7910239
7910337
7910357
7910511
7910519
7910765
7910873
7910903
7910925
7911141
7911297
7911417
7911421
7911487
7911589
7911827
7911877
7912015
7912025
7912035
7912055
7912073
7912155
7912187
7912331
7912373
7912401
7912509
7912593
7912595
7912677
7912695
7912865
7912885
7913019
7913103
7913113
7913249
7913511
7913513
7913591
7913659
7913687
7913827
7913875
7913977
7913983
7914057
7914059
7914107
7914121
7914183
7914403
7914425
7914449
7914701
7914777
7914785
7914821
7914869
7915049
7915065
7915243
7915259
7915273
7915351
7915459
7915547
7915661
7915675
7915693
7915783
7915805
7915861
7915865
7915947
7916029
7916081
7916121
7916161
7916351
7916369
7916455
7916485
7916631
7916671
7916805
7916835
7916857
7916871
7916897
7916909
7916917
7916923
7916939
7916949
7916971
7917051
7917117
7917133
7917205
7917377
7917423
7917525
7917533
7917577
7917619
7917813
7917863
7918079
7918167
7918191
7918215
7918303
7918325
7918445
7918449
7918469
7918497
7918617
7918707
7918733
7918777
7918797
7918849
7918861
7918877
7918883
7918923
7918943
7919033
7919043
7919067
7919159
7919191
7919359
7919371
7919375
7919381
7919389
7919397
7919447
7919459
7919461
7919601
7919605
7919819
7919821
7919857
7919859
7919943
7919989
7920011
7920145
7920277
7920355
7920411
7920441
7920593
7920629
7920635
7920645
7920649
7920661
7920717
7920719
7920769
7920857
7920873
7920883
7920979
7920983
7921043
7921107
7921167
7921241
7921279
7921495
7921597
7921603
7921813
7921817
7922081
7922135
7922355
7922357
7922437
7922783
7922847
7922949
7922961
7923049
7923057
7923097
7923177
7923239
7923269
7923569
7923661
7923715
7923843
7923931
7923939
7923951
7924037
7924041
7924063
7924065
7924093
7924103
7924119
7924189
7924327
7924407
7924453
7924583
7924605
7924609
7924657
7924785
7924795
7924871
7924889
7924901
7925061
7925159
7925385
7925443
7925539
7925627
7925663
7925789
7925869
7926021
7926061
7926241
7926267
7926305
7926307
7926395
7926423
7926499
7926527
7926543
7926635
7926637
7926933
7926999
7927137
7927163
7927189
7927637
7927687
7927707
7927711
7927715
7927721
7927781
7927795
7927827
7927963
7927977
7928005
7928045
7928145
7928167
7928199
7928235
7928245
7928395
7928553
7928559
7928615
7928709
7928751
7928877
7928899
7928915
7928999
7929053
7929087
7929271
7929369
7929423
7929451
7929513
7929955
7930003
7930177
7930223
7930225
7930259
7930343
7930353
7930519
7930659
7930753
7930761
7930951
7931051
7931111
7931113
7931143
7931199
7931207
7931339
7931387
7931389
7931415
7931497
7931535
7931577
7931599
7931641
7931677
7931685
7931695
7931721
7931743
7931783
7931789
7931799
7931801
7931887
7932143
7932573
7932667
7932687
7932731
7932839
7932841
7932897
7932989
7933019
7933121
7933171
7933183
7933237
7933239
7933243
7933317
7933341
7933411
7933413
7933551
7933655
7933919
7933925
7933977
7934217
7934223
7934441
7934509
7934687
7934747
7934931
7934945
7935023
7935293
7935295
7935333
7935391
7935467
7935583
7935597
7935619
7935641
7935669
7935675
7935685
7935807
7935893
7936125
7936169
7936511
7936557
7936563
7936567
7936645
7936809
7936833
7936943
7937037
7937061
7937065
7937231
7937233
7937277
7937317
7937533
7937557
7937679
7937795
7937877
7937935
7937985
7938003
7938175
7938249
7938421
7938477
7938485
7938505
7938517
7938577
7938615
7938669
7938861
7938899
7939059
7939135
7939169
7939177
7939213
7939249
7939279
7939335
7939349
7939473
7939597
7939623
7939639
7939649
7939693
7939823
7940021
7940081
7940145
7940147
7940179
7940299
7940331
7940455
7940513
7940525
7940655
7940673
7940701
7940705
7940755
7940775
7940955
7941037
7941207
7941275
7941305
7941309
7941405
7941475
7941611
7941839
7942065
7942085
7942177
7942181
7942201
7942261
7942279
7942455
7942547
7942565
7942723
7942757
7942885
7942989
7943151
7943221
7943403
7943419
7943481
7943521
7943717
7943797
7943879
7943901
7943911
7943935
7943953
7944019
7944047
7944391
7944653
7944699
7944775
7944783
7944935
7945141
7945211
7945319
7945353
7945379
7945489
7945579
7945615
7945645
7945739
7945793
7945857
7945905
7945945
7946067
7946133
7946155
7946159
7946169
7946197
7946255
7946441
7946491
7946575
7946687
7946763
7947011
7947131
7947145
7947157
7947163
7947249
7947297
7947355
7947363
7947411
7947437
7947445
7947707
7947709
7947791
7947857
7947881
7947943
7947987
7948075
7948091
7948147
7948197
7948211
7948221
7948271
7948357
7948399
7948603
7948773
7948869
7948935
7949129
7949175
7949203
7949259
7949331
7949543
7949577
7949675
7949685
7949853
7949913
7949927
7949931
7949937
7949991
7950027
7950047
7950135
7950151
7950287
7950353
7950413
7950437
7950477
7950487
7950501
7950529
7950561
7950623
7950705
7951059
7951139
7951189
7951249
7951291
7951407
7951477
7951581
7951589
7951775
7951825
7951909
7951923
7951931
7951975
7952013
7952063
7952083
7952227
7952259
7952369
7952463
7952779
7952845
7952847
7952871
7952947
7952973
7952991
7953237
7953305
7953321
7953393
7953471
7953483
7953589
7953669
7953779
7953919
7953979
7954023
7954129
7954205
7954247
7954381
7954399
7954499
7954565
7954691
7954693
7954743
7954847
7954965
7955083
7955085
7955127
7955273
7955331
7955335
7955439
7955531
7955535
7955545
7955655
7955769
7955793
7955893
7955905
7955931
7955955
7955987
7956005
7956039
7956049
7956143
7956173
7956205
7956215
7956233
7956321
7956339
7956367
7956487
7956625
7956655
7956755
7956759
7956811
7956903
7957077
7957081
7957145
7957187
7957295
7957297
7957345
7957409
7957411
7957489
7957507
7957513
7957653
7957671
7957679
7957683
7957703
7957727
7957759
7957809
7957903
7957929
7957981
7957991
7958003
7958047
7958075
7958113
7958243
7958285
7958461
7958509
7958533
7958747
7958843
7958915
7958953
7958955
7958991
7959117
7959155
7959177
7959227
7959255
7959259
7959395
7959565
7959631
7959809
7959811
7959845
7959877
7960107
7960117
7960173
7960225
7960395
7960443
7960451
7960553
7960773
7960833
7960909
7960955
7961045
7961087
7961171
7961189
7961373
7961397
7961445
7961505
7961533
7961561
7961831
7961929
7962003
7962039
7962051
7962105
7962197
7962221
7962353
7962403
7962407
7962415
7962433
7962513
7962545
7962583
7962783
7962897
7962921
7962949
7963109
7963131
7963289
7963307
7963395
7963517
7963521
7963553
7963603
7963639
7963725
7963819
7963865
7964075
7964101
7964149
7964189
7964291
7964311
7964353
7964493
7964509
7964569
7964665
7964669
7964675
7964861
7964863
7964867
7964877
7964899
7964969
7965059
7965083
7965089
7965101
7965225
7965247
7965419
7965569
7965639
7965873
7965981
7966011
7966055
7966081
7966221
7966393
7966457
7966459
7966517
7966603
7966649
7966763
7966771
7966945
7966975
7967033
7967139
7967273
7967345
7967365
7967407
7967485
7967549
7967615
7967695
7967799
7967869
7968007
7968123
7968187
7968201
7968227
7968241
7968379
7968389
7968435
7968475
7968639
7968695
7968779
7968873
7968899
7969009
7969013
7969029
7969033
7969047
7969217
7969313
7969351
7969531
7969703
7969735
7969753
7969827
7969991
7969995
7970087
7970113
7970141
7970201
7970257
7970259
7970261
7970271
7970333
7970337
7970871
7970927
7970931
7970993
7971035
7971063
7971131
7971145
7971259
7971373
7971421
7971589
7971671
7971675
7972011
7972043
7972311
7972369
7972459
7972487
7972735
7972907
7972977
7972987
7973307
7973359
7973443
7973471
7973509
7973683
7973713
7973793
7973897
7974151
7974347
7974451
7974471
7974485
7974537
7974557
7974579
7974665
7974705
7974709
7974773
7974947
7974957
7975061
7975071
7975293
7975309
7975387
7975401
7975423
7975431
7975499
7975519
7975649
7975685
7975737
7975835
7975931
7976031
7976051
7976147
7976165
7976173
7976303
7976323
7976699
7976709
7976729
7976867
7977003
7977123
7977139
7977169
7977189
7977301
7977383
7977391
7977509
7977565
7977619
7977751
7977757
7977927
7977957
7977971
7977985
7978185
7978265
7978281
7978515
7978555
7978649
7978757
7978863
7978973
7978989
7979039
7979053
7979141
7979221
7979243
7979267
7979519
7979573
7979581
7979601
7979683
7979809
7980007
7980131
7980147
7980295
7980363
7980393
7980419
7980445
7980477
7980517
7980555
7980669
7980685
7980803
7980819
7980843
7980885
7980923
7980961
7981185
7981197
7981239
7981275
7981475
7981537
7981569
7981727
7981765
7981845
7981907
7981949
7982045
7982087
7982089
7982113
7982157
7982453
7982575
7982729
7982803
7982819
7982853
7983047
7983063
7983147
7983165
7983173
7983375
7983387
7983579
7983601
7983623
7983819
7983847
7983859
7983887
7983951
7984075
7984107
7984149
7984191
7984235
7984257
7984293
7984373
7984405
7984429
7984615
7984631
7984757
7984761
7984821
7984829
7984841
7984847
7984883
7984929
7985025
7985043
7985121
7985193
7985227
7985347
7985357
7985371
7985375
7985379
7985413
7985513
7985539
7985597
7985631
7985723
7985757
7985779
7985837
7985899
7985969
7986043
7986193
7986197
7986201
7986233
7986275
7986307
7986327
7986359
7986425
7986535
7986569
7986589
7986607
7986677
7986787
7986843
7986875
7986947
7987109
7987171
7987253
7987335
7987473
7987501
7987551
7987553
7987579
7987651
7987695
7987707
7987799
7987867
7987875
7987891
7987911
7987917
7987959
7987965
7987997
7987999
7988029
7988139
7988155
7988233
7988257
7988307
7988445
7988483
7988485
7988565
7988769
7988911
7988935
7988941
7988951
7988977
7989013
7989023
7989097
7989115
7989125
7989153
7989255
7989267
7989281
7989417
7989467
7989505
7989603
7989681
7989699
7989733
7989769
7989799
7989841
7989991
7990105
7990117
7990255
7990363
7990383
7990433
7990691
7990779
7990869
7990887
7991063
7991223
7991227
7991319
7991433
7991645
7991693
7991743
7991839
7991919
7992039
7992187
7992297
7992351
7992453
7992545
7992599
7992691
7992791
7992795
7992841
7992881
7992895
7992935
7992977
7992983
7993135
7993193
7993347
7993395
7993423
7993603
7993619
7993633
7993635
7993737
7993823
7993845
7993877
7994099
7994131
7994155
7994249
7994265
7994303
7994347
7994383
7994523
7994659
7994707
7994717
7994723
7994745
7994897
7994907
7994971
7994973
7995023
7995041
7995085
7995157
7995211
7995213
7995327
7995343
7995415
7995491
7995559
7995621
7995701
7995825
7995879
7995913
7995951
7996107
7996345
7996405
7996565
7996595
7996601
7996605
7996845
7996977
7997031
7997231
7997359
7997361
7997385
7997425
7997427
7997689
7997731
7997743
7997757
7997795
7997881
7997891
7997929
7997945
7997963
7997991
7998045
7998095
7998119
7998129
7998249
7998253
7998279
7998303
7998311
7998319
7998321
7998327
7998391
7998455
7998463
7998567
7998607
7998659
7998735
7998743
7998767
7998815
7998825
7998897
7998995
7999013
7999121
7999277
7999287
7999301
7999357
7999455
7999477
7999501
7999623
7999651
7999703
7999741
7999755
7999761
7999957
