# proven primes: b with (b^16+1)/2 prime (APR-CL), block [8000000,9000000)
8000021
8000071
8000091
8000245
8000309
8000339
8000551
8000665
8000841
8000899
8000901
8000971
8001111
8001149
8001207
8001237
8001265
8001471
8001519
8001761
8001827
8001843
8001913
8001927
8002107
8002191
8002215
8002507
8002657
8002697
8002799
8002903
8003029
8003041
8003175
8003241
8003247
8003309
8003355
8003379
8003395
8003577
8003599
8003685
8003711
8003743
8003849
8003953
8003955
8003969
8004009
8004051
8004237
8004241
8004347
8004463
8004493
8004501
8004605
8004631
8004669
8004731
8004741
8004949
8005043
8005045
8005117
8005177
8005223
8005315
8005503
8005661
8005701
8005851
8005873
8005967
8005987
8006029
8006173
8006271
8006353
8006439
8006513
8006541
8006549
8006649
8006803
8006843
8006909
8006945
8006959
8007051
8007167
8007217
8007255
8007473
8007495
8007539
8007667
8007751
8007767
8007825
8007857
8007919
8007921
8007943
8008051
8008087
8008117
8008187
8008209
8008213
8008231
8008349
8008377
8008417
8008605
8008699
8008789
8008811
8008909
8008987
8008989
8009015
8009201
8009339
8009405
8009409
8009493
8009509
8009513
8009603
8009715
8009825
8009837
8009907
8010095
8010105
8010109
8010231
8010251
8010345
8010397
8010545
8010685
8010695
8010733
8010743
8010821
8010957
8010965
8011051
8011203
8011287
8011411
8011481
8011527
8011661
8011721
8011729
8011835
8011851
8011975
8011989
8012085
8012093
8012121
8012161
8012223
8012319
8012389
8012469
8012561
8012571
8012593
8012627
8012629
8012647
8012663
8012669
8012813
8012865
8012889
8012891
8012979
8012985
8013087
8013367
8013385
8013549
8013617
8013727
8013779
8013781
8013905
8013909
8013945
8014055
8014173
8014237
8014243
8014307
8014517
8014589
8014629
8014647
8014701
8014727
8014751
8014757
8014805
8014845
8014951
8014957
8015009
8015137
8015175
8015181
8015207
8015279
8015289
8015307
8015383
8015563
8015569
8015749
8015775
8015859
8015903
8015915
8016045
8016073
8016181
8016209
8016353
8016393
8016409
8016427
8016503
8016663
8016671
8016791
8016813
8016825
8016829
8016831
8016865
8017025
8017077
8017083
8017141
8017163
8017179
8017207
8017215
8017285
8017303
8017305
8017439
8017441
8017529
8017625
8017735
8017761
8018019
8018073
8018107
8018245
8018337
8018351
8018375
8018431
8018483
8018513
8018543
8018599
8018625
8018649
8018803
8018861
8018917
8018975
8019003
8019039
8019049
8019071
8019097
8019131
8019263
8019287
8019297
8019569
8019573
8019637
8019677
8019799
8019841
8019935
8019981
8020113
8020197
8020215
8020291
8020349
8020351
8020373
8020835
8020907
8021123
8021181
8021301
8021351
8021359
8021425
8021459
8021485
8021649
8021679
8021803
8021891
8021893
8021937
8022095
8022121
8022129
8022151
8022193
8022249
8022317
8022367
8022661
8022681
8022763
8022769
8022897
8022919
8022949
8023057
8023087
8023105
8023187
8023205
8023307
8023381
8023457
8023483
8023621
8023637
8023663
8023669
8023731
8023799
8023813
8023877
8023915
8023927
8024009
8024027
8024139
8024223
8024229
8024343
8024537
8024543
8024691
8024783
8024805
8024851
8024869
8025057
8025077
8025101
8025193
8025221
8025223
8025245
8025423
8025427
8025555
8025571
8025587
8025609
8025687
8025697
8025757
8025813
8025877
8025899
8025987
8025997
8026053
8026081
8026087
8026257
8026321
8026383
8026395
8026523
8026587
8026603
8026675
8026679
8026737
8026771
8026797
8026903
8026917
8027005
8027117
8027221
8027295
8027331
8027359
8027393
8027397
8027417
8027469
8027511
8027585
8027611
8027663
8027813
8027831
8027897
8027911
8027947
8027999
8028069
8028079
8028081
8028209
8028315
8028323
8028381
8028439
8028455
8028469
8028487
8028561
8028601
8028791
8028795
8028811
8028981
8028989
8028999
8029109
8029281
8029287
8029347
8029547
8029553
8029563
8029581
8029649
8029655
8029833
8029919
8029959
8030083
8030265
8030353
8030379
8030393
8030441
8030541
8030657
8030745
8030749
8030911
8030939
8031019
8031021
8031051
8031071
8031103
8031243
8031357
8031395
8031551
8031615
8031649
8031673
8031683
8031789
8031817
8031917
8031951
8031973
8031979
8032053
8032129
8032145
8032323
8032455
8032609
8032651
8032681
8032717
8032851
8032985
8033001
8033177
8033255
8033285
8033331
8033339
8033345
8033393
8033433
8033767
8034149
8034169
8034233
8034281
8034343
8034429
8034435
8034475
8034519
8034525
8034553
8034559
8034571
8034671
8034683
8034729
8035031
8035103
8035153
8035189
8035251
8035279
8035383
8035427
8035441
8035469
8035521
8035593
8035695
8035735
8035853
8035879
8036145
8036225
8036245
8036257
8036309
8036441
8036477
8036509
8036555
8036585
8036601
8036631
8036657
8036697
8036717
8036733
8036765
8036873
8036959
8037069
8037193
8037233
8037235
8037249
8037333
8037341
8037381
8037397
8037423
8037455
8037505
8037533
8037815
8038001
8038017
8038123
8038275
8038291
8038303
8038361
8038367
8038423
8038631
8038725
8038789
8038861
8038983
8039001
8039107
8039165
8039193
8039231
8039265
8039331
8039381
8039479
8039493
8039525
8039531
8039563
8039567
8039733
8039771
8039907
8039947
8039959
8040079
8040105
8040111
8040197
8040249
8040277
8040367
8040419
8040477
8040643
8040705
8040731
8040839
8040841
8040869
8041195
8041555
8041609
8041903
8041913
8042277
8042355
8042565
8042571
8042669
8042723
8043179
8043183
8043231
8043257
8043375
8043403
8043463
8043477
8043591
8043701
8043737
8043779
8043781
8043843
8044149
8044151
8044193
8044283
8044355
8044397
8044679
8044851
8045023
8045029
8045077
8045089
8045139
8045147
8045193
8045303
8045389
8045469
8045487
8045533
8045651
8045691
8045755
8045787
8045801
8045811
8046041
8046089
8046285
8046343
8046375
8046499
8046541
8046555
8046597
8046705
8046779
8046785
8046889
8046939
8047135
8047137
8047227
8047241
8047283
8047327
8047451
8047525
8047643
8047653
8047755
8047785
8047791
8047843
8047857
8048017
8048125
8048133
8048187
8048403
8048449
8048457
8048479
8048599
8048639
8048663
8048753
8048839
8048883
8049237
8049401
8049433
8049625
8049631
8049677
8049695
8049733
8049761
8049809
8049957
8050009
8050083
8050149
8050191
8050207
8050289
8050299
8050425
8050427
8050453
8050687
8050745
8050833
8050835
8050849
8050929
8050959
8050963
8050969
8050991
8051015
8051129
8051151
8051163
8051273
8051323
8051437
8051499
8051573
8051679
8051701
8051873
8051935
8052005
8052023
8052083
8052165
8052269
8052729
8052761
8052777
8052835
8052839
8052857
8052931
8053033
8053149
8053207
8053291
8053293
8053339
8053341
8053385
8053449
8053483
8053519
8053533
8053565
8053605
8053627
8053749
8054051
8054213
8054341
8054359
8054387
8054457
8054521
8054611
8054649
8054659
8054669
8054723
8054759
8054795
8054801
8054859
8055009
8055095
8055127
8055171
8055221
8055235
8055355
8055369
8055375
8055445
8055483
8055633
8055767
8055827
8055837
8055861
8055867
8056031
8056069
8056071
8056079
8056105
8056211
8056311
8056427
8056437
8056543
8056553
8056613
8056687
8056787
8056853
8056893
8057017
8057035
8057097
8057279
8057367
8057475
8057685
8057697
8057797
8057801
8057829
8057869
8057923
8058155
8058177
8058187
8058313
8058593
8058711
8058737
8058745
8058749
8058769
8058775
8058897
8058951
8059053
8059145
8059165
8059213
8059261
8059433
8059475
8059487
8059527
8059601
8059671
8059697
8059813
8059919
8059965
8060057
8060093
8060105
8060109
8060141
8060161
8060191
8060229
8060247
8060543
8060599
8060663
8060699
8060711
8060733
8060847
8060993
8061057
8061153
8061171
8061195
8061229
8061295
8061313
8061395
8061479
8061481
8061791
8061983
8062027
8062101
8062119
8062171
8062787
8062839
8062989
8063005
8063051
8063121
8063169
8063173
8063185
8063283
8063337
8063453
8063531
8063593
8063645
8063761
8063763
8063875
8063891
8064029
8064079
8064103
8064159
8064171
8064231
8064409
8064423
8064641
8064737
8064785
8064881
8064903
8064925
8064937
8064943
8064967
8065011
8065123
8065135
8065177
8065393
8065435
8065501
8065561
8065565
8065657
8065679
8065753
8065761
8065781
8065905
8065927
8066093
8066101
8066111
8066163
8066169
8066235
8066237
8066327
8066441
8066445
8066615
8066679
8066721
8066851
8066869
8066877
8066883
8066935
8066983
8067053
8067065
8067077
8067141
8067159
8067195
8067201
8067287
8067313
8067317
8067383
8067687
8068037
8068153
8068167
8068193
8068371
8068739
8068825
8068865
8069037
8069227
8069283
8069311
8069319
8069327
8069413
8069621
8069623
8069695
8069731
8069743
8069805
8069809
8069959
8069987
8070019
8070071
8070103
8070183
8070207
8070209
8070243
8070295
8070347
8070401
8070409
8070571
8070651
8070755
8070815
8070977
8071007
8071015
8071069
8071143
8071213
8071225
8071277
8071417
8071469
8071483
8071485
8071493
8071521
8071563
8071671
8071741
8071753
8071805
8071823
8071859
8071865
8072035
8072087
8072225
8072259
8072283
8072327
8072331
8072429
8072473
8072545
8072571
8072607
8072671
8072681
8072697
8072719
8072733
8072809
8072861
8072889
8072981
8073067
8073127
8073141
8073173
8073239
8073263
8073463
8073475
8073541
8073671
8073721
8073801
8073977
8074047
8074129
8074205
8074333
8074539
8074657
8074697
8074787
8074953
8075027
8075033
8075073
8075225
8075277
8075395
8075397
8075503
8075605
8075673
8075695
8075731
8075827
8075863
8075943
8076015
8076019
8076101
8076125
8076251
8076305
8076313
8076335
8076353
8076365
8076407
8076421
8076561
8076587
8076673
8076701
8076763
8076825
8076935
8077049
8077085
8077221
8077449
8077455
8077543
8077627
8077741
8077783
8077875
8078193
8078219
8078243
8078245
8078259
8078369
8078381
8078385
8078505
8078565
8078639
8078713
8078747
8078767
8078769
8078905
8078965
8078973
8079051
8079103
8079127
8079133
8079177
8079219
8079223
8079227
8079237
8079385
8079485
8079493
8079513
8079577
8079797
8079803
8079831
8079865
8079897
8079995
8080083
8080215
8080223
8080233
8080387
8080665
8080685
8080743
8080773
8080907
8080963
8080981
8081039
8081167
8081243
8081311
8081347
8081437
8081467
8081555
8081737
8081835
8081871
8081879
8081919
8081937
8081961
8081975
8082101
8082265
8082327
8082435
8082579
8082613
8082707
8082767
8082865
8083125
8083191
8083279
8083309
8083349
8083425
8083431
8083503
8083567
8083687
8083729
8083743
8083755
8083761
8083769
8083793
8083817
8084039
8084083
8084121
8084137
8084173
8084203
8084337
8084367
8084375
8084417
8084579
8084857
8084973
8085033
8085115
8085241
8085291
8085297
8085461
8085581
8085655
8085683
8085737
8085775
8086009
8086077
8086215
8086301
8086365
8086399
8086415
8086523
8086555
8086599
8086705
8086755
8086853
8086981
8086995
8087165
8087205
8087257
8087263
8087419
8087617
8087739
8087777
8087795
8087951
8088055
8088111
8088189
8088269
8088341
8088371
8088389
8088643
8088739
8088825
8088873
8088943
8089021
8089067
8089235
8089265
8089291
8089321
8089387
8089461
8089519
8089563
8089597
8089659
8089689
8089805
8089827
8089839
8089843
8090081
8090115
8090335
8090423
8090487
8090601
8090733
8090811
8090823
8090963
8091379
8091561
8091573
8091583
8091653
8091659
8091661
8091683
8091723
8091793
8091801
8091821
8091843
8091849
8092033
8092085
8092117
8092153
8092181
8092229
8092285
8092371
8092383
8092393
8092443
8092509
8092637
8092651
8092723
8092831
8092863
8093103
8093189
8093295
8093545
8093601
8093683
8093713
8093803
8093841
8094065
8094099
8094139
8094151
8094159
8094429
8094613
8094615
8094629
8094645
8094651
8094687
8094915
8094949
8094979
8095103
8095453
8095611
8095625
8095629
8095715
8095775
8095885
8095923
8095983
8096055
8096091
8096097
8096185
8096251
8096259
8096315
8096325
8096343
8096379
8096423
8096443
8096517
8096549
8096663
8096785
8096801
8096879
8096889
8096957
8096961
8097131
8097363
8097395
8097401
8097589
8097601
8097647
8097649
8097771
8097777
8097835
8097839
8097951
8097973
8097983
8098013
8098105
8098145
8098147
8098221
8098289
8098331
8098333
8098379
8098439
8098573
8098613
8098703
8098771
8099085
8099089
8099187
8099197
8099201
8099349
8099365
8099405
8099425
8099465
8099535
8099543
8099593
8099633
8099677
8099721
8099753
8099805
8099817
8099901
8099973
8099979
8100061
8100083
8100291
8100303
8100309
8100317
8100459
8100471
8100545
8100677
8100751
8101147
8101223
8101339
8101523
8101577
8101671
8101705
8101735
8101747
8101771
8101911
8101917
8102011
8102047
8102059
8102275
8102331
8102363
8102451
8102471
8102639
8102657
8102675
8102683
8102749
8102847
8102985
8103025
8103099
8103351
8103513
8103531
8103541
8103545
8103575
8103595
8103621
8103677
8103689
8103781
8103793
8103839
8103935
8104059
8104065
8104091
8104147
8104261
8104353
8104455
8104527
8104535
8104567
8104867
8104875
8104915
8104917
8104965
8105061
8105083
8105175
8105237
8105273
8105307
8105331
8105415
8105421
8105479
8105803
8105805
8105939
8106269
8106347
8106389
8106441
8106523
8106541
8106647
8106699
8106701
8106777
8107053
8107161
8107277
8107335
8107455
8107461
8107467
8107539
8107577
8107735
8107813
8107879
8107939
8108029
8108035
8108143
8108207
8108209
8108245
8108257
8108289
8108295
8108341
8108345
8108415
8108427
8108439
8108561
8108697
8108835
8108893
8109011
8109035
8109077
8109303
8109319
8109345
8109431
8109455
8109581
8109615
8109743
8109765
8109783
8109803
8109807
8109871
8109945
8110087
8110117
8110137
8110143
8110195
8110203
8110257
8110327
8110329
8110331
8110359
8110671
8110769
8110953
8110993
8111017
8111021
8111105
8111151
8111205
8111215
8111255
8111341
8111355
8111467
8111479
8111493
8111497
8111553
8111757
8111769
8111805
8111903
8111909
8111923
8111949
8111987
8112125
8112291
8112395
8112503
8112603
8112665
8112667
8112697
8112715
8112775
8112807
8113051
8113091
8113093
8113167
8113175
8113221
8113389
8113497
8113567
8113669
8113671
8113825
8113897
8114049
8114061
8114085
8114157
8114215
8114359
8114413
8114439
8114511
8114573
8114691
8114717
8114753
8114827
8114929
8114941
8114997
8115021
8115155
8115199
8115317
8115375
8115503
8115651
8115703
8115761
8115831
8115899
8115957
8116065
8116279
8116469
8116537
8116549
8116669
8116749
8116887
8116903
8116913
8116975
8117031
8117137
8117139
8117237
8117267
8117319
8117385
8117453
8117509
8117549
8117567
8117613
8117677
8117743
8117785
8117831
8117977
8117991
8118003
8118031
8118089
8118091
8118341
8118401
8118409
8118451
8118705
8118721
8118829
8118903
8119045
8119063
8119073
8119119
8119167
8119319
8119519
8119593
8119783
8119811
8119935
8120005
8120185
8120209
8120279
8120417
8120509
8120533
8120633
8120769
8120849
8120889
8120931
8121037
8121075
8121163
8121237
8121277
8121317
8121497
8121751
8121781
8121809
8121857
8122139
8122201
8122257
8122573
8122633
8122751
8122943
8123023
8123107
8123139
8123275
8123289
8123335
8123391
8123455
8123481
8123615
8123693
8123711
8123713
8123765
8123775
8123955
8124081
8124143
8124171
8124297
8124357
8124443
8124509
8124537
8124591
8124709
8124871
8124873
8124923
8124979
8124989
8125009
8125019
8125061
8125165
8125409
8125461
8125659
8125739
8126061
8126089
8126107
8126157
8126199
8126243
8126353
8126395
8126463
8126471
8126483
8126497
8126499
8126545
8126577
8126701
8126743
8126789
8126883
8126969
8127019
8127035
8127059
8127123
8127177
8127241
8127363
8127441
8127501
8127687
8127701
8127729
8127731
8127771
8127809
8127895
8127957
8127961
8128115
8128175
8128179
8128505
8128591
8128611
8128659
8128757
8128781
8128873
8128941
8128987
8129035
8129071
8129081
8129141
8129149
8129153
8129171
8129301
8129351
8129365
8129383
8129457
8129463
8129511
8129591
8129677
8129703
8129951
8130151
8130153
8130199
8130211
8130235
8130241
8130307
8130319
8130367
8130457
8130481
8130491
8130653
8130853
8130863
8130913
8130955
8130989
8131015
8131041
8131197
8131389
8131539
8131639
8131743
8131825
8131899
8132065
8132163
8132265
8132393
8132397
8132423
8132615
8132643
8132769
8132809
8132897
8133165
8133299
8133423
8133503
8133535
8133539
8133745
8133765
8133817
8133835
8133871
8133959
8134019
8134053
8134135
8134141
8134199
8134241
8134279
8134409
8134435
8134447
8134577
8134603
8134637
8134793
8134913
8134945
8134977
8135013
8135029
8135033
8135043
8135045
8135051
8135187
8135261
8135361
8135397
8135451
8135549
8135615
8135621
8135663
8135679
8135685
8135719
8135787
8135825
8135861
8136005
8136077
8136153
8136413
8136523
8136601
8136627
8136707
8136791
8136845
8136931
8137107
8137111
8137135
8137161
8137177
8137419
8137463
8137489
8137537
8137573
8137605
8137855
8137921
8137933
8137987
8138097
8138235
8138279
8138297
8138315
8138371
8138391
8138419
8138459
8138467
8138543
8138553
8138565
8138599
8138783
8138801
8138943
8138981
8139099
8139169
8139191
8139209
8139245
8139277
8139389
8139453
8139633
8139655
8139657
8139665
8139699
8139739
8139745
8139835
8140031
8140045
8140067
8140071
8140181
8140227
8140345
8140353
8140381
8140465
8140473
8140569
8140601
8140843
8140897
8140951
8140967
8140995
8141123
8141161
8141183
8141267
8141575
8141601
8141807
8141809
8141889
8142101
8142107
8142155
8142229
8142273
8142347
8142367
8142539
8142571
8142607
8142709
8142715
8142727
8142799
8142811
8142835
8143069
8143137
8143145
8143295
8143315
8143329
8143349
8143355
8143359
8143405
8143427
8143441
8143479
8143541
8143697
8143719
8143723
8143959
8144015
8144105
8144129
8144135
8144149
8144199
8144201
8144223
8144231
8144303
8144395
8144545
8144579
8144583
8144599
8144739
8144773
8144821
8144825
8144847
8144883
8144909
8144975
8145043
8145219
8145227
8145245
8145285
8145321
8145379
8145413
8145447
8145503
8145539
8145543
8145559
8145747
8145831
8145875
8145915
8145977
8146045
8146055
8146107
8146135
8146325
8146359
8146391
8146521
8146563
8146621
8146675
8146741
8146805
8146901
8147005
8147017
8147203
8147237
8147261
8147347
8147361
8147419
8147539
8147661
8147703
8147779
8147789
8147853
8147967
8147971
8148029
8148157
8148269
8148287
8148323
8148431
8148485
8148573
8148607
8148671
8148861
8148871
8149027
8149035
8149073
8149123
8149261
8149271
8149287
8149293
8149381
8149429
8149473
8149491
8149561
8149653
8149829
8149841
8149875
8149887
8149893
8149931
8150049
8150119
8150169
8150195
8150217
8150527
8150609
8150755
8150797
8150953
8151039
8151043
8151161
8151189
8151371
8151377
8151439
8151461
8151475
8151611
8151649
8151671
8151681
8151837
8151959
8151993
8152035
8152277
8152347
8152419
8152509
8152575
8152623
8152693
8152695
8152749
8152837
8152909
8152937
8152951
8152995
8153011
8153017
8153055
8153077
8153081
8153125
8153207
8153253
8153259
8153335
8153449
8153473
8153611
8153621
8153625
8153667
8153733
8153759
8154057
8154219
8154315
8154461
8154481
8154501
8154503
8154507
8154521
8154597
8154667
8154683
8154791
8154967
8155005
8155025
8155087
8155129
8155135
8155171
8155237
8155263
8155267
8155273
8155329
8155425
8155699
8155783
8155831
8156039
8156073
8156091
8156105
8156149
8156207
8156573
8156647
8156693
8156703
8156743
8157013
8157015
8157107
8157119
8157285
8157303
8157339
8157565
8157735
8157757
8157881
8157927
8157951
8157977
8157995
8158047
8158051
8158105
8158123
8158221
8158241
8158303
8158491
8158537
8158557
8158599
8158605
8158635
8158649
8158679
8158717
8158719
8158763
8158871
8158939
8159123
8159227
8159277
8159417
8159429
8159439
8159479
8159483
8159531
8159607
8159661
8159729
8159731
8159741
8159801
8159825
8159863
8159987
8160045
8160297
8160321
8160421
8160433
8160439
8160443
8160463
8160523
8160531
8160573
8160579
8160701
8160707
8160821
8160857
8160917
8160949
8160955
8160957
8160969
8161081
8161193
8161235
8161273
8161445
8161469
8161477
8161523
8161559
8161565
8161567
8161679
8161691
8161765
8161779
8161847
8161937
8161969
8162071
8162169
8162283
8162359
8162575
8162633
8162717
8163011
8163089
8163243
8163343
8163407
8163541
8163543
8163561
8163655
8163709
8163711
8163797
8163811
8163829
8163859
8163893
8163899
8163907
8163947
8163981
8163995
8164105
8164327
8164511
8164631
8164711
8164855
8164925
8164939
8164979
8165097
8165109
8165121
8165169
8165239
8165251
8165281
8165367
8165425
8165427
8165531
8165611
8165751
8165817
8165869
8165871
8165873
8165927
8166117
8166125
8166189
8166219
8166245
8166355
8166405
8166461
8166575
8166811
8166833
8166843
8166859
8166905
8166999
8167043
8167085
8167117
8167213
8167303
8167309
8167317
8167347
8167361
8167375
8167415
8167453
8167557
8167569
8167791
8167879
8167971
8168013
8168031
8168165
8168321
8168399
8168449
8168457
8168475
8168533
8168585
8168617
8168793
8168887
8168899
8168915
8168969
8169033
8169035
8169043
8169047
8169311
8169317
8169361
8169383
8169461
8169761
8169771
8169857
8169957
8170025
8170031
8170035
8170077
8170087
8170133
8170139
8170153
8170187
8170229
8170267
8170271
8170413
8170543
8170687
8170797
8170849
8170919
8170933
8171125
8171239
8171319
8171433
8171449
8171475
8171513
8171517
8171609
8171825
8171835
8171861
8171945
8171951
8171955
8172003
8172047
8172081
8172091
8172137
8172333
8172339
8172497
8172503
8172559
8172621
8172659
8172671
8172829
8172881
8173113
8173253
8173293
8173379
8173407
8173445
8173457
8173473
8173561
8173687
8173707
8173743
8173789
8173837
8173911
8173923
8174191
8174195
8174231
8174239
8174377
8174495
8174945
8174991
8175009
8175069
8175241
8175453
8175501
8175719
8175725
8175781
8175829
8175841
8175983
8176167
8176195
8176289
8176329
8176497
8176507
8176527
8176607
8176625
8176675
8176881
8176987
8177041
8177065
8177083
8177115
8177161
8177267
8177311
8177401
8177457
8177475
8177541
8177549
8177581
8177597
8177693
8177873
8178043
8178079
8178081
8178141
8178177
8178325
8178339
8178343
8178411
8178425
8178565
8178611
8178629
8178645
8178841
8178941
8179033
8179053
8179231
8179391
8179405
8179463
8179621
8179645
8179655
8179717
8179807
8179833
8180211
8180221
8180419
8180495
8180887
8181045
8181083
8181197
8181275
8181379
8181395
8181513
8181515
8181591
8181611
8181619
8181703
8181745
8181757
8181939
8182009
8182047
8182129
8182345
8182377
8182459
8182461
8182523
8182569
8182619
8182627
8182731
8182819
8182845
8182847
8182861
8182927
8183029
8183085
8183091
8183207
8183215
8183249
8183261
8183295
8183397
8183445
8183545
8183607
8183897
8183931
8183939
8184101
8184241
8184349
8184391
8184435
8184449
8184485
8184497
8184573
8184639
8184681
8184753
8184801
8184821
8184901
8184917
8184963
8185077
8185119
8185127
8185135
8185177
8185243
8185343
8185393
8185403
8185415
8185419
8185489
8185597
8185621
8185787
8185815
8185887
8185923
8186013
8186037
8186049
8186135
8186143
8186245
8186257
8186337
8186407
8186447
8186563
8186589
8186779
8186999
8187085
8187237
8187371
8187599
8187641
8187649
8187777
8187813
8187859
8188025
8188093
8188137
8188223
8188259
8188279
8188305
8188329
8188393
8188485
8188587
8188631
8188633
8188649
8188667
8188719
8188787
8188829
8188913
8188951
8189023
8189091
8189119
8189125
8189133
8189145
8189287
8189293
8189405
8189591
8189645
8189705
8190049
8190089
8190151
8190155
8190181
8190297
8190323
8190377
8190421
8190433
8190491
8190503
8190519
8190529
8190569
8190581
8190633
8190687
8190803
8190927
8190961
8191061
8191095
8191143
8191277
8191305
8191385
8191445
8191579
8191667
8191743
8191803
8191809
8191929
8191953
8192021
8192025
8192047
8192143
8192429
8192467
8192559
8192571
8192573
8192609
8192669
8192705
8192815
8192837
8192907
8192927
8193011
8193013
8193117
8193119
8193317
8193445
8193547
8193767
8193905
8194007
8194071
8194101
8194277
8194319
8194323
8194373
8194395
8194591
8194645
8194661
8194813
8194921
8195063
8195139
8195347
8195519
8195605
8195691
8195697
8195767
8195951
8195979
8196231
8196289
8196409
8196529
8196605
8196683
8196689
8196791
8197051
8197059
8197065
8197175
8197241
8197443
8197445
8197501
8197579
8197657
8197835
8197837
8197869
8197897
8197995
8198041
8198141
8198307
8198429
8198441
8198629
8198747
8198801
8198805
8198817
8198893
8198963
8198985
8199001
8199063
8199123
8199259
8199307
8199369
8199377
8199405
8199441
8199501
8199529
8199583
8199607
8199669
8199699
8199815
8199823
8199893
8199903
8199907
8199951
8199987
8200027
8200105
8200143
8200145
8200277
8200331
8200337
8200405
8200439
8200485
8200515
8200597
8200599
8200615
8200697
8200779
8200875
8200877
8200881
8200941
8200953
8200983
8200989
8201041
8201047
8201469
8201583
8201673
8201851
8201891
8202029
8202065
8202085
8202231
8202325
8202473
8202493
8202515
8202535
8202543
8202575
8202739
8202927
8202985
8203403
8203469
8203475
8203533
8203699
8203717
8203835
8203931
8203957
8204035
8204071
8204123
8204131
8204187
8204321
8204371
8204477
8204491
8204549
8204573
8204685
8204713
8204795
8204833
8205007
8205057
8205085
8205177
8205257
8205259
8205301
8205391
8205413
8205471
8205477
8205523
8205597
8205661
8205763
8205843
8205963
8205999
8206031
8206333
8206479
8206495
8206549
8206573
8206605
8206767
8206775
8206785
8206797
8206831
8207087
8207305
8207381
8207517
8207559
8207565
8207633
8207657
8207739
8207777
8207799
8208005
8208043
8208047
8208133
8208151
8208189
8208199
8208211
8208249
8208305
8208471
8208675
8208705
8208953
8208997
8209097
8209099
8209303
8209357
8209449
8209531
8209699
8209791
8209977
8209995
8210065
8210079
8210173
8210187
8210273
8210295
8210323
8210347
8210355
8210373
8210395
8210429
8210477
8210683
8210689
8210693
8210695
8210697
8210777
8210843
8210889
8210903
8211021
8211067
8211109
8211327
8211395
8211399
8211461
8211477
8211513
8211531
8211561
8211657
8211673
8211753
8211809
8211919
8212033
8212035
8212113
8212187
8212289
8212359
8212403
8212433
8212441
8212507
8212511
8212581
8212587
8212595
8212763
8212825
8212933
8212967
8213001
8213033
8213173
8213217
8213265
8213269
8213303
8213307
8213401
8213431
8213483
8213485
8213691
8213731
8213757
8213777
8213903
8213933
8214127
8214233
8214307
8214569
8214811
8215005
8215119
8215155
8215173
8215195
8215205
8215219
8215281
8215433
8215605
8215763
8215787
8215893
8215923
8215925
8215975
8215991
8215997
8216035
8216107
8216125
8216235
8216279
8216335
8216391
8216425
8216451
8216637
8216649
8216653
8216795
8216883
8216955
8217051
8217077
8217315
8217501
8217527
8217533
8217617
8217639
8217655
8217681
8217729
8217927
8217961
8218093
8218237
8218249
8218267
8218327
8218375
8218461
8218599
8218703
8218851
8218901
8218903
8218971
8218993
8219137
8219191
8219213
8219223
8219361
8219489
8219513
8219515
8219593
8219623
8219693
8219747
8219753
8219981
8220327
8220405
8220415
8220427
8220437
8220467
8220615
8220649
8220703
8220713
8220767
8220837
8220841
8220851
8221101
8221147
8221239
8221327
8221427
8221469
8221719
8221855
8221891
8221907
8221955
8222023
8222029
8222101
8222115
8222227
8222249
8222263
8222297
8222331
8222589
8222653
8222657
8222713
8222769
8222993
8223007
8223037
8223069
8223135
8223163
8223171
8223375
8223391
8223449
8223539
8223577
8223601
8223617
8223629
8223749
8223759
8223763
8223779
8223819
8223883
8223907
8223961
8223991
8224145
8224215
8224397
8224609
8224673
8224705
8224775
8224777
8224795
8224815
8224899
8224933
8225025
8225235
8225283
8225367
8225447
8225487
8225569
8225687
8225799
8225843
8225947
8225973
8226003
8226009
8226037
8226083
8226149
8226153
8226207
8226239
8226315
8226355
8226375
8226441
8226721
8226811
8226817
8226821
8226871
8226961
8227435
8227447
8227483
8227527
8227599
8227611
8227621
8227817
8227891
8227957
8228023
8228135
8228255
8228317
8228411
8228435
8228461
8228499
8228603
8228623
8228633
8228751
8228931
8228945
8228979
8229033
8229075
8229233
8229263
8229275
8229649
8229673
8229739
8229749
8229811
8229859
8230169
8230173
8230263
8230283
8230349
8230547
8230637
8230781
8230841
8230855
8230887
8230959
8231021
8231141
8231259
8231323
8231377
8231397
8231411
8231413
8231431
8231459
8231509
8231523
8231543
8231549
8231655
8231761
8231785
8231799
8231811
8231837
8231869
8231879
8231915
8232113
8232125
8232181
8232271
8232301
8232329
8232355
8232483
8232579
8232619
8232751
8232791
8232879
8232891
8232943
8233075
8233129
8233161
8233321
8233391
8233393
8233471
8233483
8233593
8233659
8233689
8233845
8234039
8234051
8234089
8234371
8234423
8234511
8234701
8234775
8234823
8234907
8234919
8234973
8235091
8235139
8235303
8235419
8235455
8235467
8235477
8235667
8235745
8235749
8235761
8236037
8236091
8236285
8236327
8236345
8236373
8236383
8236431
8236479
8236549
8236737
8236755
8236815
8236827
8236847
8236851
8236869
8236881
8236947
8237011
8237035
8237117
8237147
8237199
8237235
8237289
8237343
8237401
8237509
8237639
8237659
8237677
8237715
8237871
8237933
8238007
8238033
8238151
8238179
8238183
8238193
8238227
8238361
8238391
8238393
8238461
8238501
8238571
8238651
8238793
8238839
8238865
8238901
8238977
8239059
8239149
8239261
8239327
8239395
8239401
8239449
8239461
8239555
8239651
8239671
8239943
8239969
8240041
8240113
8240173
8240301
8240303
8240437
8240489
8240633
8240823
8240997
8241109
8241111
8241133
8241141
8241255
8241281
8241425
8241473
8241549
8241719
8241759
8241811
8241821
8241855
8241861
8241897
8242177
8242211
8242291
8242295
8242375
8242479
8242567
8242647
8242669
8242777
8242951
8243117
8243283
8243457
8243611
8243645
8243657
8243717
8243843
8243863
8243883
8243889
8243907
8243929
8244015
8244027
8244045
8244163
8244197
8244281
8244639
8244685
8244833
8244863
8244935
8244961
8244973
8245201
8245373
8245417
8245419
8245485
8245643
8245669
8245695
8245753
8245961
8246111
8246245
8246255
8246361
8246465
8246537
8246551
8246557
8246635
8246697
8246763
8246875
8246905
8246915
8247055
8247085
8247095
8247191
8247279
8247295
8247303
8247369
8247655
8247741
8247849
8247949
8247983
8248009
8248069
8248073
8248103
8248275
8248463
8248479
8248485
8248565
8248713
8248981
8249013
8249095
8249197
8249351
8249445
8249541
8249561
8249599
8249803
8249839
8249899
8250103
8250135
8250373
8250379
8250449
8250513
8250551
8250577
8250587
8250615
8250661
8250717
8250781
8250803
8250907
8251023
8251061
8251229
8251231
8251255
8251279
8251367
8251391
8251517
8251695
8251703
8251717
8251743
8251897
8251899
8252007
8252207
8252265
8252437
8252689
8252707
8252773
8252833
8252959
8253001
8253099
8253125
8253183
8253237
8253253
8253345
8253413
8253427
8253529
8253625
8253681
8253701
8253719
8253867
8253931
8254081
8254117
8254159
8254217
8254297
8254329
8254469
8254479
8254579
8254601
8254661
8254683
8254691
8254741
8254877
8254933
8254935
8255055
8255077
8255099
8255103
8255163
8255183
8255259
8255373
8255509
8255637
8255643
8255761
8255821
8255881
8255901
8255913
8255943
8256025
8256067
8256129
8256137
8256143
8256225
8256289
8256299
8256437
8256597
8256797
8256801
8256819
8256841
8256849
8256887
8257061
8257253
8257265
8257313
8257375
8257405
8257411
8257487
8257583
8257601
8257613
8257649
8257769
8257779
8257841
8257879
8257891
8257961
8257995
8258105
8258267
8258457
8258495
8258549
8258709
8258771
8258991
8258997
8259105
8259165
8259167
8259185
8259257
8259307
8259497
8259555
8259645
8259649
8259709
8259735
8259803
8259979
8259999
8260053
8260191
8260387
8260391
8260485
8260529
8260649
8260789
8260851
8260885
8260947
8261001
8261009
8261085
8261093
8261127
8261207
8261337
8261487
8261517
8261597
8261657
8261683
8261867
8261977
8262237
8262381
8262433
8262435
8262473
8262563
8262589
8262627
8262629
8262737
8262775
8263005
8263045
8263057
8263099
8263133
8263235
8263263
8263349
8263735
8263769
8263931
8264049
8264055
8264113
8264341
8264357
8264367
8264385
8264489
8264499
8264507
8264555
8264603
8264643
8264689
8264763
8264819
8264943
8264949
8264953
8264969
8265229
8265311
8265401
8265455
8265555
8265643
8265709
8265733
8265787
8265807
8265865
8265891
8265981
8266155
8266193
8266315
8266535
8266625
8266637
8266639
8266687
8266789
8266829
8266837
8266875
8266905
8267043
8267069
8267107
8267189
8267351
8267385
8267461
8267487
8267683
8267693
8267751
8267849
8267869
8267927
8267971
8268113
8268139
8268181
8268279
8268285
8268287
8268359
8268363
8268415
8268459
8268527
8268607
8268621
8268631
8268775
8268805
8268955
8268991
8269073
8269113
8269139
8269189
8269219
8269329
8269439
8269581
8269613
8269647
8269719
8269803
8269829
8269873
8269923
8269967
8270069
8270189
8270333
8270445
8270669
8270767
8270779
8270855
8270913
8270949
8270985
8271079
8271083
8271093
8271103
8271177
8271189
8271251
8271287
8271345
8271363
8271419
8271493
8271537
8271649
8271673
8271749
8271771
8271789
8271967
8271981
8272117
8272129
8272147
8272151
8272235
8272523
8272613
8272637
8272639
8272735
8272751
8272753
8272777
8272837
8272843
8272933
8273131
8273225
8273277
8273291
8273335
8273351
8273425
8273427
8273437
8273545
8273615
8273647
8273833
8273895
8273999
8274059
8274403
8274545
8274721
8274753
8274755
8274843
8274873
8274877
8274907
8274965
8274983
8275073
8275161
8275375
8275491
8275493
8275561
8275603
8275797
8275927
8275951
8275959
8276061
8276071
8276153
8276187
8276199
8276535
8276613
8276707
8276903
8277013
8277277
8277373
8277397
8277469
8277483
8277557
8277571
8277631
8277657
8277753
8277859
8277989
8278127
8278151
8278327
8278409
8278425
8278439
8278479
8278655
8278685
8278781
8278799
8278817
8278837
8278847
8278879
8278901
8278953
8279053
8279069
8279073
8279205
8279237
8279249
8279273
8279449
8279459
8279479
8279619
8279685
8279877
8280085
8280135
8280167
8280179
8280269
8280277
8280301
8280307
8280329
8280365
8280421
8280543
8280719
8280745
8280755
8280799
8280989
8280999
8281041
8281047
8281193
8281265
8281301
8281485
8281493
8281511
8281819
8282061
8282241
8282319
8282415
8282533
8282549
8282685
8282709
8282739
8282741
8282777
8282817
8282937
8283049
8283129
8283207
8283267
8283277
8283313
8283365
8283411
8283441
8283443
8283613
8283713
8283753
8284003
8284021
8284083
8284091
8284109
8284159
8284193
8284203
8284223
8284269
8284367
8284571
8284661
8284971
8284975
8285051
8285093
8285211
8285223
8285413
8285425
8285431
8285579
8285635
8285647
8285701
8285723
8285833
8285905
8286025
8286095
8286101
8286115
8286135
8286223
8286395
8286437
8286595
8286623
8286637
8286653
8286879
8286963
8286989
8287061
8287105
8287245
8287323
8287367
8287383
8287385
8287481
8287497
8287529
8287651
8287659
8287861
8287883
8287887
8287891
8287935
8287945
8287949
8288003
8288011
8288035
8288037
8288111
8288255
8288323
8288333
8288335
8288363
8288655
8288675
8288765
8288855
8288951
8289123
8289127
8289185
8289193
8289253
8289273
8289447
8289513
8289571
8289573
8289621
8289627
8289635
8289657
8289837
8289951
8289973
8289979
8290091
8290251
8290255
8290399
8290607
8290643
8290799
8290823
8290831
8290863
8290953
8291005
8291011
8291081
8291143
8291397
8291407
8291437
8291461
8291463
8291669
8291731
8291757
8291853
8292035
8292047
8292089
8292175
8292319
8292367
8292629
8292631
8292933
8292943
8293063
8293211
8293257
8293333
8293355
8293409
8293447
8293557
8293593
8293695
8293849
8294091
8294359
8294441
8294449
8294517
8294549
8294561
8294567
8294667
8294703
8294707
8294717
8294747
8294751
8294869
8294951
8294977
8295063
8295199
8295213
8295241
8295273
8295293
8295391
8295409
8295443
8295447
8295469
8295497
8295515
8295651
8295659
8295719
8295807
8295911
8295995
8296013
8296095
8296145
8296323
8296539
8296555
8296619
8296739
8296793
8296855
8296957
8297077
8297453
8297495
8297515
8297533
8297603
8297633
8297659
8297737
8297745
8297843
8297901
8297951
8298069
8298173
8298311
8298345
8298451
8298487
8298491
8298497
8298767
8298827
8298861
8298897
8299079
8299143
8299199
8299473
8299479
8299549
8299623
8299683
8299711
8299721
8299843
8299915
8299985
8300179
8300247
8300273
8300285
8300303
8300333
8300391
8300457
8300519
8300563
8300589
8300645
8300649
8300661
8300671
8300727
8300763
8300993
8301009
8301283
8301367
8301461
8301463
8301605
8301657
8301673
8301685
8301763
8301877
8301891
8301987
8301989
8302287
8302461
8302463
8302495
8302535
8302571
8302577
8302623
8302707
8302715
8302723
8302773
8302979
8303147
8303153
8303359
8303395
8303505
8303517
8303589
8303757
8303769
8303775
8303779
8303895
8303939
8303989
8304263
8304303
8304349
8304367
8304461
8304463
8304469
8304517
8304585
8304645
8304757
8304799
8305031
8305053
8305061
8305213
8305291
8305505
8305525
8305717
8305749
8305829
8305941
8306063
8306077
8306199
8306215
8306395
8306501
8306505
8306521
8306601
8306607
8306677
8306705
8306731
8306751
8306799
8306865
8307121
8307127
8307189
8307269
8307609
8307673
8307941
8308013
8308165
8308213
8308271
8308301
8308315
8308497
8308547
8308629
8308713
8308743
8308787
8308789
8308837
8308839
8309175
8309183
8309383
8309495
8309619
8309631
8309659
8309693
8309783
8309797
8309805
8310031
8310159
8310255
8310277
8310297
8310343
8310351
8310431
8310533
8310605
8310671
8310681
8310695
8310737
8310791
8310827
8310831
8310857
8311007
8311229
8311233
8311385
8311407
8311453
8311735
8311747
8311899
8312051
8312071
8312087
8312145
8312259
8312497
8312509
8312611
8312839
8312857
8312909
8312929
8312987
8312997
8313005
8313011
8313071
8313177
8313379
8313465
8313507
8313523
8313589
8313611
8313651
8313969
8314033
8314061
8314081
8314179
8314193
8314295
8314297
8314329
8314331
8314493
8314501
8314573
8314597
8314637
8314677
8314717
8314749
8314807
8314889
8314901
8314941
8314981
8315213
8315227
8315593
8315639
8315717
8315725
8315769
8315903
8316061
8316285
8316413
8316479
8316623
8316853
8316967
8317045
8317061
8317071
8317125
8317193
8317221
8317357
8317383
8317389
8317415
8317477
8317553
8317573
8317593
8317709
8317711
8317765
8317967
8317977
8318029
8318161
8318169
8318249
8318393
8318425
8318487
8318547
8318569
8318733
8318853
8318909
8319061
8319113
8319123
8319179
8319277
8319491
8319501
8319657
8319739
8319783
8319835
8319971
8320031
8320055
8320091
8320159
8320283
8320289
8320343
8320407
8320439
8320551
8320561
8320575
8320595
8320703
8320707
8320721
8320781
8320907
8320943
8321041
8321101
8321149
8321177
8321235
8321271
8321355
8321357
8321403
8321479
8321497
8321543
8321731
8321827
8321831
8321917
8321933
8321945
8322035
8322043
8322291
8322305
8322313
8322573
8322579
8322659
8322737
8322799
8322847
8322889
8322891
8322939
8322961
8323003
8323047
8323165
8323253
8323379
8323437
8323491
8323521
8323617
8323629
8323723
8323751
8323765
8323795
8323845
8324191
8324399
8324437
8324571
8324709
8324889
8324951
8325101
8325305
8325503
8325547
8325603
8325613
8325683
8325731
8325733
8325811
8325891
8325903
8325937
8325987
8326113
8326119
8326215
8326309
8326391
8326467
8326687
8326709
8326889
8327037
8327121
8327141
8327165
8327215
8327223
8327261
8327345
8327365
8327367
8327569
8327585
8327655
8327667
8327723
8327735
8327929
8328063
8328131
8328137
8328165
8328211
8328239
8328427
8328477
8328579
8328583
8328597
8328649
8328869
8328893
8329253
8329261
8329333
8329337
8329365
8329391
8329485
8329487
8329499
8329503
8329535
8329545
8329613
8329625
8329637
8329725
8329739
8330187
8330215
8330225
8330255
8330267
8330317
8330401
8330649
8330727
8330827
8330907
8330925
8331017
8331037
8331175
8331197
8331353
8331373
8331463
8331647
8331675
8331871
8331901
8331949
8331953
8332053
8332079
8332147
8332149
8332193
8332373
8332435
8332447
8332453
8332467
8332511
8332573
8332639
8332657
8332687
8332699
8332709
8332713
8332719
8332883
8332941
8333049
8333051
8333103
8333189
8333239
8333279
8333323
8333365
8333369
8333435
8333463
8333621
8333825
8333959
8334049
8334087
8334095
8334105
8334261
8334331
8334381
8334499
8334543
8334585
8334587
8334607
8334793
8334805
8334813
8334817
8334863
8335023
8335057
8335225
8335237
8335239
8335321
8335391
8335437
8335447
8335783
8335797
8335873
8335965
8336109
8336327
8336449
8336559
8336567
8336589
8336609
8336661
8336713
8336715
8336785
8336803
8336917
8336983
8336993
8337113
8337241
8337319
8337445
8337489
8337627
8337673
8338089
8338147
8338159
8338249
8338615
8338979
8339009
8339063
8339081
8339117
8339177
8339387
8339509
8339537
8339591
8339837
8339955
8340007
8340029
8340035
8340051
8340089
8340091
8340099
8340441
8340495
8340569
8340593
8340635
8340713
8340735
8340813
8340827
8340869
8340983
8341033
8341067
8341089
8341159
8341229
8341371
8341387
8341501
8341671
8341781
8341815
8341991
8342039
8342087
8342181
8342247
8342275
8342335
8342607
8342621
8342639
8342837
8342887
8342999
8343009
8343031
8343235
8343249
8343255
8343325
8343365
8343373
8343463
8343487
8343499
8343505
8343581
8343803
8343891
8343925
8343997
8344001
8344013
8344063
8344099
8344157
8344199
8344213
8344249
8344325
8344659
8344693
8344715
8344757
8344831
8344851
8344935
8345029
8345133
8345179
8345195
8345291
8345351
8345467
8345469
8345485
8345605
8345659
8345743
8345767
8345785
8345893
8345959
8346171
8346361
8346527
8346751
8346757
8346771
8346879
8347055
8347075
8347083
8347159
8347203
8347323
8347427
8347527
8347619
8347673
8347699
8347707
8347925
8347941
8347987
8348095
8348113
8348117
8348289
8348445
8348605
8348629
8348649
8348737
8348779
8348823
8348849
8348879
8348953
8349087
8349107
8349191
8349299
8349377
8349517
8349575
8349607
8349619
8349719
8349771
8349775
8349781
8349819
8350139
8350219
8350253
8350343
8350351
8350493
8350551
8350585
8350729
8350763
8350867
8350877
8350891
8350897
8350953
8350995
8351105
8351239
8351309
8351339
8351343
8351415
8351603
8351615
8351657
8351679
8351729
8351901
8351903
8351909
8351955
8352045
8352049
8352057
8352087
8352341
8352551
8352561
8352571
8352573
8352629
8352673
8352741
8352837
8352907
8353051
8353085
8353289
8353453
8353457
8353479
8353531
8353599
8353719
8353793
8353809
8353843
8353907
8353917
8353957
8354107
8354125
8354263
8354443
8354453
8354491
8354593
8354597
8354669
8354683
8354707
8354807
8354835
8355059
8355103
8355277
8355295
8355377
8355519
8355665
8355733
8355783
8355817
8355879
8355883
8355915
8356025
8356067
8356163
8356351
8356399
8356427
8356511
8356561
8356571
8356573
8356577
8356589
8356609
8356631
8356787
8356847
8356979
8356997
8357159
8357291
8357363
8357425
8357591
8357685
8357737
8357773
8357775
8357787
8358061
8358103
8358115
8358119
8358203
8358211
8358385
8358419
8358425
8358453
8358459
8358461
8358521
8358791
8358799
8358819
8358837
8358839
8358863
8358915
8358919
8358943
8358989
8359059
8359137
8359145
8359185
8359213
8359279
8359365
8359493
8359663
8359685
8359729
8359789
8359811
8359835
8359945
8359961
8359967
8360007
8360049
8360197
8360249
8360289
8360295
8360341
8360463
8360539
8360545
8360583
8360641
8360645
8360659
8360711
8360733
8360753
8360847
8360891
8360923
8360953
8361003
8361005
8361029
8361039
8361061
8361085
8361097
8361175
8361195
8361343
8361497
8361503
8361513
8361619
8361635
8361877
8361999
8362025
8362159
8362215
8362333
8362375
8362475
8362677
8362719
8362745
8362855
8362865
8362895
8362921
8362927
8362943
8363195
8363357
8363379
8363505
8363537
8363555
8363567
8363615
8363741
8363767
8363809
8363835
8363839
8363921
8364001
8364051
8364081
8364123
8364143
8364279
8364335
8364357
8364525
8364533
8364589
8364619
8364641
8364721
8364751
8364763
8364845
8364875
8364907
8364967
8365043
8365081
8365087
8365095
8365121
8365205
8365273
8365403
8365653
8365673
8365797
8365823
8365835
8365915
8365967
8366081
8366099
8366149
8366163
8366175
8366437
8366473
8366517
8366589
8366639
8366655
8366731
8366791
8367099
8367145
8367251
8367301
8367377
8367385
8367387
8367549
8367577
8367655
8367767
8367861
8368181
8368299
8368347
8368371
8368421
8368519
8368579
8368731
8368959
8369041
8369049
8369117
8369129
8369333
8369337
8369505
8369513
8369575
8369619
8369671
8369719
8369763
8369905
8369967
8370055
8370141
8370281
8370439
8370491
8370555
8370603
8370759
8370769
8370913
8370929
8370993
8371015
8371041
8371117
8371277
8371323
8371335
8371341
8371441
8371531
8371683
8371721
8371735
8371779
8371981
8372059
8372191
8372281
8372321
8372377
8372379
8372405
8372453
8372469
8372579
8372723
8372737
8372741
8372753
8372805
8372855
8372857
8372925
8372965
8373065
8373115
8373143
8373221
8373315
8373335
8373531
8373575
8373579
8373585
8373625
8373663
8373827
8373887
8373889
8373981
8374011
8374027
8374075
8374191
8374227
8374341
8374355
8374359
8374463
8374509
8374733
8374869
8374981
8374989
8375363
8375529
8375643
8375721
8375889
8376065
8376193
8376215
8376225
8376233
8376309
8376315
8376505
8376625
8376687
8376715
8376721
8376819
8377103
8377167
8377171
8377195
8377271
8377339
8377367
8377417
8377661
8377711
8377735
8377925
8378037
8378091
8378113
8378165
8378387
8378411
8378415
8378459
8378545
8378775
8378789
8378983
8378993
8379057
8379183
8379195
8379247
8379281
8379543
8379549
8379551
8379595
8379721
8379799
8379887
8379949
8379997
8380011
8380073
8380103
8380215
8380291
8380353
8380527
8380549
8380559
8380621
8380829
8380887
8381099
8381277
8381429
8381617
8381739
8381779
8381855
8381973
8382007
8382079
8382119
8382161
8382173
8382287
8382343
8382427
8382643
8382651
8382741
8382799
8382827
8382925
8382971
8383017
8383063
8383075
8383285
8383451
8383533
8383619
8383687
8383731
8383753
8383795
8383823
8383847
8383899
8384057
8384221
8384331
8384809
8384839
8384891
8384987
8385075
8385099
8385115
8385117
8385189
8385315
8385319
8385323
8385489
8385557
8385823
8385939
8385977
8385985
8386033
8386143
8386191
8386293
8386511
8386527
8386677
8386787
8386873
8387007
8387087
8387153
8387233
8387335
8387375
8387403
8387533
8387581
8387591
8387801
8387807
8387999
8388017
8388043
8388073
8388133
8388161
8388167
8388207
8388307
8388331
8388469
8388475
8388479
8388595
8388655
8388747
8388775
8388889
8388959
8388963
8389019
8389037
8389069
8389081
8389133
8389179
8389265
8389389
8389425
8389507
8389773
8389891
8389897
8390099
8390103
8390169
8390191
8390197
8390257
8390387
8390443
8390595
8390765
8390841
8390873
8390921
8390973
8391041
8391079
8391105
8391155
8391191
8391291
8391293
8391477
8391497
8391517
8391561
8391651
8391703
8391861
8391919
8391933
8391949
8392041
8392125
8392217
8392235
8392263
8392299
8392303
8392367
8392405
8392519
8392539
8392555
8392595
8392721
8392799
8392803
8392889
8392911
8393021
8393031
8393037
8393047
8393379
8393435
8393569
8393727
8393797
8393813
8393815
8393829
8393833
8393909
8394005
8394087
8394261
8394267
8394381
8394491
8394531
8394669
8394671
8394791
8394801
8394855
8394901
8395011
8395023
8395139
8395191
8395245
8395267
8395517
8395591
8395713
8395917
8395933
8395991
8396127
8396209
8396273
8396409
8396433
8396543
8396555
8396633
8396655
8396757
8397023
8397069
8397089
8397191
8397197
8397249
8397267
8397375
8397463
8397597
8397701
8397773
8397791
8398095
8398177
8398227
8398275
8398369
8398379
8398397
8398483
8398749
8398753
8398763
8398827
8398945
8399007
8399025
8399065
8399083
8399115
8399155
8399169
8399199
8399371
8399375
8399503
8399609
8399737
8399787
8399849
8400029
8400189
8400191
8400357
8400359
8400395
8400709
8400847
8400861
8400865
8400961
8400997
8400999
8401065
8401099
8401135
8401307
8401311
8401369
8401465
8401505
8401719
8401749
8401957
8402019
8402119
8402199
8402233
8402349
8402395
8402445
8402679
8402715
8402723
8402733
8402739
8402821
8402823
8402923
8403113
8403125
8403203
8403387
8403449
8403545
8403581
8403595
8403601
8403661
8403669
8403783
8403815
8403897
8403901
8403983
8404237
8404259
8404439
8404489
8404633
8404813
8404839
8404893
8404897
8404941
8404951
8405003
8405185
8405191
8405355
8405417
8405471
8405519
8405645
8405667
8405689
8405841
8405911
8405917
8405947
8406015
8406053
8406127
8406131
8406177
8406245
8406267
8406301
8406319
8406441
8406447
8406465
8406481
8406505
8406579
8406633
8406687
8406723
8406737
8406797
8406849
8406861
8406985
8407037
8407051
8407109
8407119
8407171
8407245
8407273
8407523
8407561
8407601
8407609
8407613
8407727
8408035
8408045
8408127
8408155
8408327
8408653
8408695
8408705
8408735
8408759
8408789
8408883
8408887
8409113
8409199
8409383
8409405
8409409
8409411
8409441
8409469
8409555
8409617
8409649
8409683
8409731
8409817
8410065
8410121
8410123
8410173
8410177
8410255
8410305
8410313
8410503
8410563
8410601
8410665
8410673
8410709
8410775
8410799
8410831
8411057
8411247
8411347
8411371
8411409
8411975
8412007
8412017
8412059
8412357
8412361
8412487
8412537
8412651
8412799
8412881
8412915
8412921
8413083
8413085
8413157
8413197
8413239
8413389
8413399
8413493
8413495
8413615
8413679
8413747
8413805
8413901
8413973
8414081
8414119
8414145
8414153
8414183
8414193
8414333
8414389
8414399
8414443
8414463
8414603
8414639
8414701
8414737
8414799
8414949
8415101
8415373
8415439
8415485
8415615
8415749
8416069
8416075
8416097
8416173
8416437
8416485
8416503
8416583
8416615
8416675
8416679
8416725
8416749
8416889
8416949
8416971
8417151
8417331
8417373
8417379
8417395
8417417
8417443
8417647
8417651
8417665
8417685
8417849
8417903
8417927
8418015
8418023
8418281
8418313
8418347
8418349
8418471
8418589
8418631
8418655
8418659
8418715
8418771
8418787
8418841
8419021
8419235
8419243
8419307
8419333
8419341
8419433
8419745
8419767
8419853
8419899
8419977
8420111
8420241
8420297
8420301
8420335
8420349
8420379
8420381
8420577
8420585
8420661
8420795
8420811
8420853
8421143
8421389
8421407
8421445
8421499
8421525
8421535
8421549
8421625
8421639
8421745
8421829
8421839
8421897
8421901
8421971
8422015
8422025
8422033
8422151
8422179
8422183
8422187
8422257
8422277
8422293
8422307
8422311
8422489
8422549
8422567
8422665
8422673
8422725
8422747
8423003
8423031
8423043
8423049
8423229
8423441
8423475
8423485
8423595
8423615
8423779
8423819
8423969
8424033
8424057
8424105
8424203
8424247
8424413
8424439
8424455
8424587
8424611
8424781
8424803
8424831
8424841
8424877
8424919
8425023
8425103
8425259
8425331
8425361
8425491
8425605
8425671
8425673
8425703
8425749
8425791
8425887
8426025
8426031
8426055
8426075
8426189
8426219
8426221
8426415
8426455
8426675
8426815
8426861
8426885
8427143
8427155
8427193
8427241
8427345
8427349
8427461
8427647
8427673
8427719
8427761
8427779
8427905
8427945
8428033
8428101
8428151
8428165
8428217
8428237
8428249
8428271
8428339
8428341
8428419
8428493
8428531
8428533
8428547
8428611
8428621
8428637
8428675
8428935
8429023
8429041
8429083
8429119
8429129
8429241
8429349
8429423
8429505
8429593
8429607
8429753
8429809
8429957
8429963
8430083
8430107
8430141
8430579
8430651
8430653
8430793
8430803
8430857
8430937
8431067
8431093
8431155
8431169
8431239
8431373
8431409
8431425
8431427
8431447
8431487
8431571
8431737
8431813
8431823
8431831
8431915
8431919
8432047
8432139
8432225
8432233
8432247
8432275
8432303
8432383
8432391
8432417
8432421
8432425
8432573
8432593
8432615
8432751
8432759
8432809
8432829
8432993
8433071
8433099
8433153
8433157
8433167
8433211
8433277
8433283
8433285
8433461
8433509
8433655
8433677
8433769
8433845
8433871
8434017
8434079
8434107
8434125
8434207
8434393
8434609
8434657
8434659
8434697
8434699
8434765
8434865
8435035
8435081
8435109
8435163
8435253
8435339
8435387
8435393
8435547
8435573
8435611
8435619
8435659
8435665
8435859
8435863
8436029
8436245
8436309
8436425
8436793
8436907
8436963
8437055
8437155
8437237
8437343
8437363
8437365
8437435
8437457
8437593
8437607
8437621
8437797
8438009
8438133
8438229
8438235
8438265
8438347
8438403
8438447
8438607
8438615
8438651
8438745
8438747
8438841
8438859
8438969
8439029
8439085
8439105
8439163
8439203
8439289
8439363
8439453
8439489
8439497
8439663
8439693
8439741
8439793
8439987
8440115
8440217
8440271
8440277
8440395
8440633
8440723
8440755
8440759
8440769
8440907
8440999
8441031
8441129
8441239
8441241
8441281
8441381
8441401
8441431
8441449
8441757
8441819
8441933
8442019
8442043
8442111
8442131
8442169
8442245
8442265
8442325
8442337
8442379
8442463
8442489
8442599
8442651
8442989
8443197
8443239
8443339
8443381
8443391
8443509
8443649
8443657
8443703
8443743
8443763
8443839
8443879
8443881
8444005
8444059
8444145
8444149
8444237
8444247
8444319
8444527
8444669
8444711
8444731
8444773
8444861
8444949
8444997
8445027
8445055
8445191
8445215
8445267
8445355
8445389
8445493
8445497
8445547
8445557
8445567
8445597
8445605
8445717
8445813
8445877
8445953
8445957
8446007
8446073
8446141
8446181
8446201
8446219
8446243
8446291
8446351
8446371
8446443
8446459
8446469
8446523
8446597
8446647
8446677
8446847
8446863
8446883
8446889
8446925
8447145
8447183
8447241
8447251
8447445
8447527
8447553
8447561
8447615
8447851
8447917
8447959
8447981
8448005
8448237
8448251
8448269
8448303
8448471
8448527
8448559
8449201
8449315
8449439
8449785
8449821
8449831
8449939
8449973
8450155
8450159
8450221
8450229
8450261
8450309
8450625
8450649
8450711
8450769
8450927
8450941
8451071
8451191
8451335
8451357
8451373
8451383
8451487
8451657
8451781
8451957
8452039
8452161
8452451
8452521
8452543
8452557
8452633
8452735
8452881
8452959
8453103
8453105
8453201
8453271
8453277
8453327
8453347
8453387
8453395
8453403
8453417
8453447
8453513
8453525
8453823
8453841
8453865
8453963
8454089
8454117
8454167
8454181
8454285
8454365
8454405
8454553
8454613
8454681
8454879
8454883
8455045
8455131
8455201
8455249
8455281
8455507
8455641
8455671
8455727
8455731
8455835
8455949
8455953
8455997
8456043
8456051
8456143
8456259
8456347
8456447
8456519
8456539
8456613
8456627
8456713
8456821
8456921
8456923
8456931
8457027
8457125
8457131
8457151
8457263
8457355
8457397
8457431
8457627
8457649
8457653
8457805
8457879
8457899
8457909
8457995
8458133
8458175
8458215
8458429
8458595
8458673
8458677
8458679
8458811
8458923
8459047
8459137
8459197
8459305
8459321
8459363
8459491
8459505
8459611
8459637
8459657
8459687
8459781
8459815
8459935
8459965
8460061
8460187
8460195
8460207
8460305
8460307
8460551
8460695
8460723
8460745
8460863
8460895
8460933
8460987
8461037
8461117
8461285
8461447
8461455
8461481
8461495
8461513
8461863
8461883
8461887
8461909
8461993
8462177
8462185
8462231
8462323
8462337
8462403
8462425
8462437
8462603
8462659
8462809
8462819
8462891
8462903
8462967
8462999
8463091
8463307
8463349
8463411
8463525
8463533
8463577
8463607
8463675
8463687
8463723
8463757
8463803
8463855
8464009
8464047
8464099
8464187
8464253
8464263
8464279
8464295
8464323
8464479
8464603
8464613
8464743
8465001
8465039
8465043
8465069
8465079
8465363
8465393
8465455
8465537
8465593
8465609
8465625
8465755
8465801
8465833
8465845
8465869
8465875
8465925
8466001
8466153
8466249
8466275
8466319
8466361
8466435
8466627
8466667
8466751
8466851
8466853
8466997
8467035
8467217
8467221
8467223
8467385
8467445
8467501
8467599
8467687
8467719
8467741
8467783
8467799
8467991
8468121
8468141
8468235
8468293
8468305
8468451
8468753
8468877
8468903
8469069
8469129
8469223
8469267
8469343
8469349
8469371
8469451
8469563
8469593
8469599
8469603
8469735
8469737
8469787
8469851
8469857
8469867
8469953
8469993
8470045
8470111
8470133
8470259
8470261
8470295
8470355
8470417
8470455
8470543
8470773
8470829
8471021
8471115
8471123
8471207
8471221
8471263
8471401
8471487
8471517
8471533
8471751
8471811
8471955
8471981
8472005
8472029
8472071
8472127
8472261
8472263
8472285
8472429
8472513
8472539
8472567
8472599
8472623
8472857
8472871
8472971
8473147
8473227
8473259
8473301
8473361
8473425
8473475
8473653
8473739
8473785
8473839
8473905
8473991
8474137
8474167
8474201
8474293
8474393
8474459
8474519
8474537
8474539
8474679
8474735
8474743
8474769
8474869
8474951
8474985
8475019
8475069
8475155
8475271
8475305
8475635
8475669
8475687
8475757
8475847
8475871
8476017
8476187
8476265
8476363
8476435
8476453
8476477
8476481
8476565
8476645
8476653
8476701
8476851
8476887
8476989
8477061
8477095
8477133
8477135
8477195
8477227
8477279
8477283
8477331
8477389
8477407
8477415
8477509
8477519
8477609
8477647
8477699
8477713
8477765
8477771
8477775
8477905
8477999
8478009
8478023
8478083
8478085
8478153
8478357
8478381
8478387
8478435
8478439
8478469
8478501
8478649
8478655
8478759
8478761
8478955
8479003
8479085
8479175
8479249
8479267
8479313
8479319
8479373
8479395
8479425
8479455
8479461
8479575
8479645
8479657
8479763
8479819
8479831
8479873
8479909
8479975
8480037
8480157
8480193
8480231
8480305
8480329
8480499
8480527
8480657
8480699
8480747
8480795
8480899
8480965
8481057
8481145
8481191
8481333
8481335
8481517
8481527
8481557
8481695
8481733
8481837
8481959
8482083
8482105
8482139
8482153
8482277
8482467
8482745
8482801
8482819
8483061
8483109
8483119
8483161
8483337
8483413
8483447
8483469
8483517
8483521
8483559
8483593
8483611
8483701
8483841
8483951
8484047
8484121
8484189
8484209
8484255
8484295
8484369
8484405
8484507
8484511
8484551
8484561
8484593
8484603
8484633
8484805
8484865
8485027
8485057
8485145
8485211
8485215
8485343
8485363
8485427
8485441
8485445
8485453
8485495
8485545
8485689
8485767
8485869
8485977
8486029
8486057
8486063
8486201
8486207
8486241
8486287
8486311
8486335
8486341
8486429
8486515
8486543
8486603
8486629
8486745
8486763
8486811
8486909
8487001
8487123
8487241
8487249
8487355
8487581
8487629
8487733
8487789
8487859
8487959
8488033
8488121
8488123
8488131
8488281
8488311
8488373
8488387
8488429
8488437
8488467
8488535
8488665
8488779
8488819
8488915
8488955
8488969
8489059
8489085
8489189
8489247
8489249
8489337
8489415
8489433
8489457
8489465
8489525
8489621
8489633
8489687
8489757
8489779
8489849
8489889
8489915
8490057
8490095
8490135
8490263
8490331
8490337
8490609
8490687
8490709
8490769
8490831
8490841
8490871
8490881
8490987
8491031
8491209
8491273
8491369
8491439
8491473
8491557
8491613
8491725
8491755
8491817
8491867
8491897
8491953
8492051
8492057
8492167
8492285
8492297
8492421
8492443
8492487
8492491
8492709
8492809
8492939
8493003
8493105
8493175
8493229
8493233
8493299
8493419
8493453
8493493
8493551
8493557
8493629
8493651
8493667
8493733
8493757
8493795
8493841
8493913
8493993
8494069
8494091
8494119
8494401
8494505
8494613
8494649
8494701
8494715
8494775
8494971
8494991
8495023
8495167
8495175
8495201
8495309
8495321
8495355
8495495
8495503
8495547
8495587
8495605
8495637
8495685
8495729
8495751
8495767
8495811
8496051
8496181
8496207
8496213
8496243
8496305
8496423
8496505
8496561
8496671
8496893
8496915
8497023
8497031
8497359
8497469
8497549
8497579
8497603
8497699
8497753
8497757
8498017
8498035
8498087
8498303
8498347
8498595
8498599
8498757
8498813
8498863
8498921
8499021
8499055
8499091
8499123
8499211
8499305
8499317
8499341
8499537
8499539
8499553
8499621
8499643
8499711
8499771
8499813
8499833
8499919
8499945
8500011
8500017
8500025
8500075
8500191
8500269
8500273
8500289
8500317
8500375
8500437
8500535
8500585
8500589
8500605
8500649
8500697
8500749
8500859
8500983
8500993
8501041
8501127
8501133
8501165
8501175
8501227
8501237
8501299
8501427
8501473
8501533
8501601
8501605
8501619
8501661
8501689
8501701
8501709
8501777
8501861
8501883
8501959
8501961
8502051
8502213
8502269
8502303
8502341
8502343
8502385
8502697
8502891
8502937
8503045
8503061
8503093
8503209
8503221
8503387
8503561
8503565
8503629
8503641
8503683
8503685
8503767
8503783
8503877
8503973
8503977
8504019
8504025
8504111
8504199
8504249
8504371
8504677
8504725
8504951
8504965
8505167
8505201
8505227
8505247
8505315
8505451
8505501
8505565
8505629
8505777
8505815
8505833
8505921
8505969
8506033
8506127
8506147
8506253
8506353
8506423
8506523
8506545
8506583
8506905
8506911
8506943
8506947
8507015
8507085
8507151
8507155
8507227
8507337
8507375
8507597
8507909
8507943
8507953
8508021
8508031
8508149
8508219
8508307
8508417
8508441
8508527
8508603
8508613
8508725
8508737
8508745
8508933
8509039
8509077
8509139
8509193
8509231
8509251
8509397
8509511
8509513
8509529
8509751
8509789
8509969
8510003
8510043
8510163
8510169
8510255
8510295
8510375
8510441
8510537
8510545
8510593
8510677
8510683
8510685
8510731
8510775
8510855
8510863
8510935
8510943
8511067
8511111
8511247
8511265
8511291
8511303
8511315
8511349
8511373
8511453
8511621
8511659
8511685
8511743
8511815
8511923
8511949
8511985
8512045
8512079
8512085
8512143
8512177
8512219
8512299
8512433
8512531
8512755
8512757
8512893
8512905
8512947
8513123
8513157
8513181
8513203
8513317
8513339
8513461
8513535
8513567
8513651
8513719
8513747
8513751
8513765
8513783
8514087
8514125
8514215
8514433
8514725
8514889
8515001
8515047
8515049
8515153
8515185
8515209
8515265
8515379
8515637
8515701
8515721
8515785
8515799
8515835
8515905
8515985
8516077
8516099
8516229
8516383
8516395
8516541
8516631
8516741
8516829
8516833
8516947
8516991
8517015
8517107
8517123
8517145
8517219
8517247
8517315
8517349
8517419
8517425
8517457
8517475
8517561
8517591
8517649
8517961
8517963
8517971
8517981
8518011
8518051
8518055
8518149
8518151
8518187
8518273
8518309
8518335
8518447
8518493
8518999
8519001
8519083
8519303
8519325
8519409
8519431
8519537
8519559
8519609
8519615
8519675
8519709
8519757
8519811
8519833
8519945
8520059
8520089
8520127
8520157
8520187
8520189
8520243
8520293
8520333
8520479
8520493
8520521
8520627
8520659
8520665
8520783
8520819
8520885
8521105
8521121
8521141
8521155
8521337
8521363
8521435
8521463
8521525
8521535
8521563
8521565
8521643
8521659
8521737
8521759
8521851
8521863
8521881
8521953
8521961
8521971
8521991
8522115
8522141
8522221
8522379
8522387
8522451
8522535
8522543
8522775
8522781
8522897
8522955
8522991
8523003
8523083
8523149
8523257
8523287
8523303
8523319
8523325
8523349
8523535
8523575
8523577
8523691
8523697
8523735
8523919
8524181
8524269
8524317
8524451
8524469
8524505
8524557
8524571
8524583
8524711
8524821
8524829
8524947
8525167
8525249
8525439
8525499
8525551
8525595
8525621
8525695
8525727
8525741
8525777
8525895
8525911
8526001
8526059
8526113
8526133
8526269
8526315
8526321
8526419
8526445
8526529
8526595
8526603
8526791
8526799
8526825
8526983
8526997
8527085
8527089
8527097
8527183
8527773
8527849
8527873
8527913
8527927
8527931
8527943
8527987
8528069
8528143
8528249
8528465
8528533
8528593
8528859
8528911
8528941
8528985
8529039
8529149
8529197
8529209
8529219
8529369
8529573
8529779
8529799
8529801
8529821
8529879
8529889
8529915
8529937
8529965
8529969
8530001
8530067
8530087
8530195
8530259
8530367
8530463
8530509
8530563
8530683
8530723
8530729
8530877
8530991
8531135
8531381
8531437
8531479
8531501
8531565
8531575
8531627
8531723
8531773
8531791
8531851
8531889
8531921
8531933
8532029
8532097
8532123
8532141
8532227
8532231
8532307
8532393
8532519
8532531
8532587
8532665
8532685
8532743
8532961
8532993
8533001
8533069
8533077
8533179
8533219
8533345
8533535
8533599
8533601
8533677
8533817
8533909
8533913
8533979
8534019
8534057
8534101
8534205
8534285
8534447
8534453
8534535
8534603
8534681
8534873
8534947
8534977
8535003
8535043
8535065
8535083
8535133
8535297
8535303
8535329
8535423
8535493
8535553
8535569
8535791
8535865
8536197
8536241
8536501
8536503
8536507
8536539
8536543
8536661
8536689
8537003
8537071
8537075
8537091
8537389
8537539
8537577
8537655
8537709
8537719
8537855
8537925
8537977
8538041
8538043
8538165
8538221
8538267
8538393
8538421
8538437
8538449
8538483
8538491
8538535
8538549
8538559
8538605
8538677
8538781
8538869
8538889
8538903
8539379
8539497
8539539
8539627
8539699
8539711
8539765
8539891
8539905
8539919
8539953
8539963
8540097
8540197
8540237
8540253
8540621
8540759
8540791
8540793
8540803
8540855
8541097
8541205
8541285
8541297
8541403
8541437
8541443
8541497
8541569
8541579
8541585
8541613
8541633
8541639
8541797
8541807
8541919
8542037
8542075
8542079
8542251
8542315
8542455
8542565
8542605
8542609
8542637
8542693
8542759
8542949
8542951
8542983
8542985
8542993
8543297
8543349
8543377
8543471
8543559
8543579
8543589
8543749
8543757
8543873
8543979
8544013
8544117
8544145
8544221
8544223
8544549
8544577
8544589
8544707
8544735
8544833
8544863
8544919
8544931
8544947
8544961
8545019
8545031
8545229
8545271
8545275
8545279
8545397
8545445
8545493
8545619
8545641
8545731
8545761
8545765
8545891
8545941
8545955
8545979
8546039
8546233
8546437
8546519
8546665
8546669
8546685
8546771
8546869
8546891
8546893
8546911
8546983
8547001
8547035
8547045
8547081
8547141
8547191
8547211
8547411
8547437
8547471
8547641
8547673
8547831
8547881
8548059
8548115
8548119
8548123
8548195
8548375
8548403
8548407
8548431
8548439
8548503
8548593
8548597
8548631
8548663
8548757
8548771
8548825
8548845
8548939
8548957
8549111
8549291
8549325
8549371
8549411
8549439
8549569
8549611
8549745
8549753
8549931
8549945
8549981
8549999
8550127
8550199
8550327
8550371
8550379
8550399
8550509
8550615
8550633
8550705
8550759
8550933
8551071
8551109
8551119
8551133
8551149
8551241
8551261
8551285
8551309
8551327
8551331
8551387
8551509
8551529
8551617
8551671
8551713
8551803
8551813
8551883
8551903
8551939
8551955
8551957
8551967
8552075
8552123
8552273
8552357
8552407
8552419
8552469
8552487
8552537
8552659
8552683
8552687
8552741
8552749
8552759
8552783
8552871
8552877
8552909
8552963
8553037
8553079
8553255
8553295
8553303
8553425
8553501
8553517
8553631
8553685
8553727
8553747
8553773
8553813
8553815
8553845
8554245
8554437
8554495
8554527
8554533
8554563
8554587
8554777
8554805
8554823
8554861
8554877
8554883
8554907
8554911
8554913
8554947
8554975
8555091
8555223
8555263
8555279
8555339
8555403
8555605
8555653
8555749
8555835
8555929
8555943
8556089
8556141
8556183
8556567
8556589
8556591
8556643
8556759
8556893
8557031
8557117
8557337
8557425
8557545
8557561
8557573
8557655
8557767
8557811
8558087
8558089
8558177
8558197
8558277
8558295
8558363
8558531
8558665
8558785
8559243
8559323
8559327
8559341
8559377
8559457
8559461
8559469
8559471
8559571
8559775
8559857
8559935
8560023
8560097
8560233
8560251
8560325
8560601
8560623
8560647
8560691
8560773
8560783
8560861
8561009
8561037
8561083
8561209
8561229
8561249
8561267
8561409
8561479
8561513
8561543
8561657
8561731
8561805
8561877
8561931
8562029
8562079
8562187
8562201
8562223
8562371
8562389
8562393
8562457
8562607
8562725
8562767
8562909
8562913
8562919
8562939
8562987
8562995
8563077
8563113
8563121
8563169
8563251
8563501
8563893
8563899
8563913
8563931
8563939
8564103
8564125
8564155
8564183
8564245
8564275
8564483
8564507
8564519
8564675
8564701
8564707
8564761
8564823
8564863
8564875
8564883
8564913
8565011
8565213
8565215
8565455
8565475
8565505
8565515
8565611
8565623
8565757
8565853
8565901
8565995
8566011
8566047
8566049
8566075
8566087
8566095
8566105
8566189
8566231
8566273
8566337
8566353
8566367
8566417
8566433
8566451
8566999
8567015
8567121
8567135
8567177
8567249
8567255
8567433
8567451
8567493
8567509
8567591
8567645
8567755
8567909
8567961
8567999
8568033
8568179
8568197
8568213
8568297
8568341
8568367
8568393
8568471
8568477
8568691
8568707
8568725
8568795
8568895
8569007
8569009
8569077
8569199
8569217
8569253
8569263
8569319
8569337
8569433
8569709
8569753
8569763
8569805
8569913
8569993
8570079
8570129
8570241
8570431
8570437
8570517
8570531
8570665
8570667
8570701
8570861
8570919
8571053
8571067
8571083
8571155
8571407
8571603
8571665
8571729
8571931
8571975
8571977
8571981
8572001
8572095
8572101
8572173
8572195
8572285
8572367
8572469
8572581
8572623
8572639
8572661
8572725
8572755
8572771
8572861
8572967
8573057
8573141
8573165
8573191
8573407
8573419
8573557
8573611
8573835
8573841
8573981
8573989
8573993
8574053
8574065
8574073
8574085
8574145
8574197
8574323
8574439
8574487
8574521
8574699
8574785
8574809
8574891
8574965
8575015
8575031
8575181
8575201
8575253
8575287
8575295
8575297
8575335
8575375
8575381
8575395
8575465
8575475
8575665
8575727
8575743
8575787
8575891
8575899
8576065
8576069
8576093
8576205
8576369
8576435
8576445
8576711
8576875
8576967
8576971
8577043
8577047
8577055
8577091
8577125
8577141
8577193
8577369
8577527
8577565
8577581
8577587
8577637
8577695
8577735
8577815
8577869
8577963
8577993
8578081
8578109
8578213
8578291
8578325
8578379
8578383
8578461
8578479
8578501
8578503
8578745
8578769
8578895
8578899
8578923
8578939
8579063
8579103
8579291
8579293
8579469
8579531
8579593
8579613
8579647
8579651
8579657
8579841
8579873
8580113
8580139
8580151
8580235
8580337
8580447
8580501
8580537
8580539
8580685
8580705
8580779
8580843
8580919
8580937
8581035
8581195
8581199
8581261
8581347
8581361
8581391
8581395
8581405
8581461
8581505
8581579
8581601
8581613
8581679
8581713
8581741
8581743
8581751
8581819
8581843
8581875
8581879
8581981
8582013
8582179
8582185
8582187
8582369
8582397
8582415
8582535
8582563
8582597
8582599
8582603
8582663
8582751
8582791
8582811
8582873
8582919
8582931
8583033
8583057
8583061
8583101
8583169
8583215
8583233
8583383
8583397
8583501
8583569
8583631
8583727
8583739
8583813
8583869
8583881
8583915
8584111
8584315
8584363
8584475
8584553
8584645
8584653
8584683
8584693
8584699
8584789
8584817
8584829
8584877
8584929
8584981
8585111
8585179
8585251
8585269
8585413
8585513
8585555
8585577
8585707
8585723
8585747
8585753
8585857
8585907
8585973
8586021
8586041
8586095
8586155
8586163
8586287
8586337
8586411
8586423
8586445
8586463
8586483
8586649
8586655
8586843
8586885
8586893
8586911
8586937
8587101
8587113
8587485
8587801
8587841
8587969
8588197
8588247
8588281
8588291
8588319
8588395
8588495
8588585
8588595
8588603
8588617
8589001
8589015
8589091
8589127
8589133
8589161
8589279
8589309
8589335
8589357
8589447
8589487
8589495
8589567
8589619
8589761
8589775
8589857
8589883
8589885
8589897
8589935
8590041
8590179
8590239
8590357
8590425
8590515
8590521
8590527
8590649
8590815
8590827
8590949
8590983
8591083
8591105
8591237
8591241
8591337
8591379
8591435
8591505
8591507
8591559
8591583
8591651
8591725
8591807
8591831
8591863
8591911
8591921
8592005
8592017
8592025
8592067
8592105
8592113
8592199
8592263
8592369
8592497
8592569
8592575
8592643
8593015
8593019
8593025
8593071
8593075
8593265
8593409
8593633
8593705
8593739
8593885
8593923
8593947
8594085
8594143
8594163
8594191
8594233
8594237
8594257
8594415
8594451
8594487
8594539
8594571
8594599
8594603
8594619
8594683
8594733
8594753
8594999
8595057
8595145
8595259
8595271
8595411
8595493
8595511
8595549
8595579
8595719
8595779
8595813
8595935
8596103
8596109
8596117
8596131
8596137
8596247
8596345
8596367
8596381
8596415
8596501
8596521
8596535
8596577
8596723
8596739
8596779
8596797
8596991
8597197
8597281
8597283
8597299
8597383
8597491
8597645
8597881
8597919
8597985
8597989
8598001
8598067
8598097
8598181
8598213
8598241
8598297
8598369
8598437
8598455
8598461
8598463
8598561
8598747
8598763
8598813
8598817
8598965
8599045
8599055
8599077
8599233
8599319
8599503
8599517
8599607
8599697
8599773
8599803
8599927
8599949
8600219
8600469
8600503
8600543
8600611
8600703
8600755
8600809
8600821
8600877
8601023
8601095
8601145
8601237
8601319
8601325
8601357
8601475
8601487
8601725
8602049
8602111
8602229
8602301
8602341
8602365
8602397
8602541
8602549
8602663
8602671
8602723
8602825
8602839
8602971
8603111
8603123
8603223
8603275
8603281
8603419
8603497
8603541
8603547
8603565
8603585
8603627
8603653
8603711
8603805
8603811
8603835
8603847
8603887
8603897
8603925
8603985
8604117
8604231
8604261
8604329
8604335
8604371
8604569
8604601
8604649
8604835
8604847
8604959
8605003
8605005
8605111
8605149
8605329
8605437
8605451
8605467
8605639
8605857
8605867
8605981
8606045
8606195
8606261
8606347
8606375
8606417
8606459
8606585
8606713
8606783
8606909
8606919
8606933
8607027
8607035
8607061
8607181
8607291
8607393
8607491
8607499
8607527
8607555
8607639
8607691
8607745
8607779
8607815
8607861
8607903
8607933
8608009
8608031
8608057
8608069
8608077
8608145
8608347
8608471
8608565
8608567
8608643
8608653
8608985
8609393
8609455
8609467
8609469
8609505
8609525
8609583
8609687
8609691
8609907
8610051
8610075
8610145
8610173
8610501
8610607
8610705
8610763
8610789
8610791
8610841
8610873
8610887
8610889
8610893
8610991
8611165
8611215
8611223
8611407
8611461
8611489
8611581
8611585
8611611
8611863
8611883
8611953
8612009
8612083
8612177
8612203
8612257
8612295
8612301
8612303
8612353
8612375
8612437
8612473
8612483
8612523
8612577
8612645
8612647
8612709
8612881
8612925
8612933
8613205
8613317
8613323
8613433
8613479
8613507
8613557
8613625
8613761
8613939
8614011
8614221
8614359
8614367
8614437
8614471
8614473
8614591
8614705
8614779
8614821
8614843
8614905
8615041
8615073
8615147
8615155
8615267
8615299
8615379
8615427
8615533
8615575
8615879
8615921
8615953
8616063
8616069
8616073
8616147
8616293
8616435
8616547
8616581
8616585
8616589
8616591
8616697
8616907
8616915
8616927
8616929
8616931
8616941
8616999
8617031
8617103
8617251
8617293
8617375
8617439
8617447
8617481
8617589
8617643
8617763
8617881
8617899
8617949
8618029
8618353
8618357
8618425
8618443
8618549
8618617
8618637
8618651
8618681
8618705
8618871
8618897
8618931
8619031
8619089
8619407
8619505
8619509
8619567
8619689
8619773
8619915
8620037
8620075
8620093
8620095
8620103
8620289
8620295
8620317
8620437
8620439
8620461
8620465
8620485
8620757
8620771
8620869
8620999
8621007
8621157
8621303
8621435
8621561
8621585
8621607
8621633
8621827
8621841
8621901
8621915
8621981
8622037
8622093
8622111
8622139
8622183
8622185
8622307
8622411
8622417
8622423
8622545
8622555
8622559
8622661
8622701
8622767
8622809
8622869
8622959
8623021
8623047
8623085
8623117
8623141
8623163
8623239
8623435
8623477
8623727
8623793
8623853
8623899
8624027
8624041
8624049
8624301
8624453
8624455
8624469
8624475
8624477
8624521
8624705
8624759
8624923
8624945
8624965
8624971
8624973
8625063
8625129
8625197
8625241
8625287
8625301
8625343
8625411
8625423
8625445
8625475
8625517
8625613
8625639
8625643
8625653
8625805
8625829
8625969
8626103
8626167
8626199
8626387
8626401
8626405
8626453
8626609
8626807
8626841
8626877
8626879
8626887
8626989
8627023
8627057
8627081
8627105
8627187
8627287
8627289
8627489
8627595
8627633
8627795
8627847
8627933
8627957
8627981
8628067
8628069
8628159
8628265
8628451
8628481
8628495
8628545
8628609
8628611
8628625
8628709
8628775
8628803
8629039
8629071
8629163
8629201
8629261
8629271
8629399
8629573
8629593
8629605
8629641
8629713
8629803
8629813
8629867
8629931
8629935
8630087
8630189
8630387
8630443
8630465
8630509
8630599
8630611
8630615
8630675
8630689
8630699
8630719
8630939
8631037
8631057
8631219
8631271
8631301
8631327
8631377
8631643
8631733
8631941
8631981
8632139
8632171
8632267
8632369
8632385
8632401
8632459
8632471
8632499
8632529
8632547
8632555
8632583
8632617
8632637
8632849
8632907
8632995
8633103
8633113
8633133
8633191
8633197
8633203
8633303
8633379
8633383
8633385
8633421
8633447
8633497
8633567
8633611
8633785
8633805
8633851
8633941
8633991
8633995
8634185
8634197
8634257
8634453
8634567
8634595
8634681
8634715
8634799
8635033
8635171
8635209
8635249
8635287
8635289
8635403
8635473
8635537
8635583
8635749
8635805
8635887
8635917
8635931
8636015
8636239
8636241
8636293
8636333
8636337
8636523
8636669
8636677
8636689
8636703
8636733
8636785
8637105
8637149
8637173
8637219
8637297
8637405
8637511
8637571
8637623
8637717
8637741
8638041
8638051
8638079
8638085
8638331
8638407
8638441
8638457
8638465
8638513
8638647
8638699
8638705
8638723
8638807
8638857
8638873
8638891
8638967
8639203
8639341
8639355
8639363
8639495
8639645
8639795
8639823
8639887
8640145
8640313
8640341
8640473
8640557
8640573
8640625
8640637
8640641
8640729
8640971
8641001
8641033
8641047
8641091
8641111
8641123
8641371
8641571
8641625
8641671
8641849
8641907
8641959
8641961
8642007
8642053
8642193
8642295
8642591
8642689
8642987
8643059
8643073
8643181
8643249
8643279
8643505
8643591
8643893
8644055
8644129
8644133
8644345
8644373
8644445
8644533
8644535
8644557
8644669
8644711
8644747
8644775
8644887
8645235
8645413
8645415
8645513
8645573
8645581
8645593
8645827
8645897
8645965
8646251
8646257
8646271
8646297
8646327
8646451
8646757
8646803
8646879
8646981
8647067
8647097
8647167
8647169
8647175
8647183
8647321
8647353
8647439
8647441
8647469
8647497
8647633
8647701
8647933
8647987
8648139
8648143
8648175
8648255
8648331
8648359
8648361
8648373
8648463
8648505
8648607
8648619
8648627
8648657
8648707
8648725
8648757
8648813
8648871
8648929
8649163
8649175
8649191
8649257
8649325
8649339
8649377
8649385
8649475
8649551
8649605
8649709
8649791
8649885
8649981
8650165
8650239
8650277
8650435
8650521
8650565
8650621
8650629
8650665
8650807
8650951
8651015
8651025
8651053
8651059
8651199
8651241
8651443
8651445
8651479
8651613
8651649
8651681
8651915
8652019
8652033
8652083
8652095
8652127
8652175
8652181
8652233
8652293
8652379
8652457
8652501
8652591
8652631
8652785
8652961
8653127
8653135
8653145
8653229
8653355
8653365
8653385
8653409
8653489
8653577
8653597
8653643
8653697
8653769
8653917
8653963
8654035
8654059
8654099
8654259
8654287
8654421
8654469
8654533
8654629
8654689
8654885
8654893
8654927
8654939
8654995
8655027
8655081
8655095
8655123
8655149
8655155
8655189
8655397
8655465
8655507
8655587
8655591
8655691
8655739
8656005
8656045
8656057
8656123
8656151
8656183
8656239
8656263
8656271
8656279
8656311
8656319
8656379
8656437
8656445
8656449
8656527
8656677
8656703
8656707
8656727
8656743
8656863
8656927
8656955
8656957
8656975
8657051
8657303
8657337
8657419
8657427
8657547
8657673
8657783
8657845
8657849
8657995
8658029
8658111
8658203
8658261
8658327
8658439
8658463
8658503
8658525
8658629
8658687
8658721
8658789
8658807
8658867
8658883
8658887
8658911
8658971
8659035
8659077
8659101
8659179
8659211
8659219
8659233
8659423
8659497
8659637
8659663
8659749
8659777
8659837
8659867
8659917
8659927
8659955
8659983
8659987
8660073
8660137
8660161
8660201
8660259
8660393
8660517
8660623
8660629
8660727
8660795
8660843
8660847
8660975
8661011
8661055
8661151
8661179
8661195
8661211
8661213
8661251
8661283
8661381
8661445
8661471
8661475
8661479
8661679
8662053
8662171
8662255
8662369
8662383
8662397
8662431
8662441
8662453
8662505
8662549
8662647
8662649
8662661
8662705
8662811
8662903
8662933
8662935
8662957
8662981
8663023
8663063
8663073
8663075
8663135
8663163
8663429
8663481
8663635
8663725
8664075
8664129
8664147
8664153
8664185
8664241
8664269
8664413
8664451
8664477
8664527
8664537
8664597
8664705
8664787
8664791
8664801
8664981
8665033
8665091
8665093
8665111
8665157
8665217
8665363
8665489
8665569
8665585
8665755
8665785
8665899
8665923
8665949
8666037
8666053
8666195
8666489
8666645
8666783
8666799
8667003
8667239
8667277
8667331
8667427
8667459
8667471
8667519
8667619
8667725
8667769
8667773
8667835
8667931
8668025
8668075
8668145
8668215
8668297
8668355
8668411
8668541
8668563
8668567
8668663
8668679
8668683
8668707
8668737
8668753
8668791
8668809
8668905
8669163
8669169
8669225
8669265
8669271
8669423
8669765
8669779
8669801
8669803
8670005
8670055
8670057
8670237
8670313
8670323
8670467
8670547
8670563
8670611
8670613
8670921
8671383
8671575
8671605
8671705
8671729
8671901
8672065
8672165
8672177
8672181
8672209
8672291
8672455
8672481
8672541
8672689
8672721
8672767
8672793
8672807
8672921
8673043
8673263
8673349
8673393
8673525
8673539
8673551
8673607
8673691
8673725
8673819
8673833
8673853
8673899
8673913
8673999
8674039
8674057
8674139
8674291
8674587
8674687
8674803
8674865
8674937
8674951
8674957
8674997
8675007
8675019
8675059
8675067
8675083
8675131
8675267
8675323
8675331
8675379
8675401
8675511
8675513
8675721
8675955
8676117
8676165
8676187
8676197
8676369
8676403
8676751
8676791
8676815
8676873
8676937
8676941
8677069
8677081
8677171
8677219
8677241
8677271
8677315
8677393
8677535
8677567
8677679
8677723
8677791
8677797
8677821
8677841
8677889
8677919
8677923
8678005
8678039
8678061
8678205
8678213
8678293
8678477
8678553
8678725
8679061
8679111
8679149
8679455
8679511
8679551
8679591
8679635
8679853
8679863
8679921
8680089
8680093
8680101
8680117
8680121
8680131
8680385
8680509
8680521
8680523
8680577
8680623
8680735
8680767
8680789
8680853
8680911
8681021
8681025
8681055
8681265
8681273
8681283
8681295
8681299
8681485
8681495
8681521
8681553
8681557
8681629
8681721
8681789
8681793
8681847
8681865
8681917
8681947
8681975
8682223
8682279
8682459
8682507
8682611
8682621
8682723
8682943
8682965
8683005
8683045
8683053
8683061
8683207
8683391
8683405
8683419
8683645
8683651
8683693
8683727
8683731
8683771
8683845
8683917
8684097
8684215
8684377
8684389
8684653
8684693
8684713
8684759
8684805
8684839
8684885
8684917
8684983
8685013
8685163
8685203
8685275
8685407
8685415
8685441
8685495
8685793
8685875
8685931
8685993
8686001
8686003
8686053
8686063
8686083
8686197
8686205
8686229
8686379
8686385
8686497
8686541
8686547
8686551
8686717
8686739
8686787
8687055
8687133
8687305
8687465
8687557
8687695
8687885
8687901
8687991
8688007
8688073
8688153
8688189
8688207
8688217
8688243
8688441
8688475
8688559
8688563
8688645
8688647
8688677
8688689
8688725
8688823
8688945
8688963
8688993
8689051
8689087
8689149
8689255
8689345
8689351
8689419
8689727
8689769
8689809
8689871
8689915
8689923
8689961
8689987
8690021
8690069
8690123
8690189
8690247
8690263
8690321
8690367
8690389
8690393
8690619
8690677
8690789
8690841
8691019
8691077
8691169
8691213
8691233
8691239
8691273
8691469
8691561
8691653
8691829
8691867
8692087
8692325
8692327
8692381
8692587
8692693
8692727
8692799
8692935
8692945
8692953
8692977
8693011
8693103
8693199
8693211
8693229
8693231
8693327
8693361
8693417
8693449
8693453
8693489
8693603
8693609
8693619
8693627
8693629
8693683
8693763
8693903
8693923
8693951
8693953
8694127
8694211
8694221
8694225
8694233
8694513
8694539
8694571
8694633
8694679
8694701
8694729
8694837
8694843
8694855
8694865
8694869
8695055
8695185
8695281
8695363
8695365
8695377
8695457
8695571
8695631
8695721
8695757
8695765
8695839
8695927
8695931
8696019
8696093
8696163
8696173
8696213
8696257
8696291
8696495
8696499
8696789
8696829
8697055
8697141
8697243
8697271
8697319
8697323
8697325
8697355
8697415
8697429
8697701
8697717
8697869
8697905
8697949
8697963
8697981
8698017
8698019
8698049
8698069
8698075
8698141
8698179
8698201
8698415
8698417
8698541
8698545
8698563
8698581
8698777
8698901
8698907
8698975
8699003
8699039
8699129
8699145
8699207
8699557
8699563
8699617
8699653
8699707
8699727
8699729
8699745
8699809
8699845
8699865
8700023
8700033
8700115
8700323
8700329
8700335
8700421
8700471
8700487
8700555
8700597
8700673
8700697
8700747
8700797
8700805
8700807
8700979
8701123
8701183
8701361
8701605
8701677
8701787
8701839
8701845
8701871
8701905
8701953
8701959
8702049
8702069
8702077
8702085
8702095
8702123
8702357
8702509
8702647
8702693
8702741
8702765
8702783
8702893
8702899
8702959
8702993
8703019
8703047
8703059
8703113
8703117
8703123
8703131
8703147
8703231
8703265
8703449
8703471
8703721
8703781
8703817
8703823
8703957
8704021
8704041
8704057
8704205
8704219
8704245
8704403
8704465
8704467
8704477
8704487
8704563
8704569
8704577
8704593
8704623
8704803
8704869
8704917
8704961
8704977
8705061
8705065
8705135
8705155
8705157
8705247
8705283
8705329
8705335
8705353
8705455
8705469
8705547
8705727
8705847
8705851
8705979
8706027
8706043
8706191
8706285
8706311
8706317
8706345
8706389
8706441
8706467
8706477
8706517
8706555
8706561
8706673
8706679
8706777
8706905
8707097
8707131
8707197
8707231
8707431
8707475
8707487
8707625
8707665
8707717
8707743
8707789
8707803
8707845
8708099
8708111
8708371
8708481
8708589
8708659
8708693
8708751
8708805
8708887
8709015
8709065
8709091
8709135
8709303
8709357
8709423
8709425
8709451
8709465
8709605
8709623
8709765
8709781
8709813
8710005
8710179
8710493
8710575
8710595
8710993
8711037
8711147
8711191
8711291
8711349
8711379
8711413
8711441
8711477
8711725
8711743
8711795
8711825
8711875
8711987
8711993
8712029
8712249
8712377
8712379
8712697
8712777
8712819
8712857
8712901
8712957
8713039
8713163
8713165
8713171
8713179
8713369
8713431
8713585
8713655
8713697
8713737
8713745
8713791
8713837
8713903
8713997
8714083
8714109
8714283
8714379
8714443
8714451
8714765
8714863
8714909
8714953
8714977
8715087
8715197
8715231
8715291
8715305
8715483
8715541
8715633
8715657
8715749
8715753
8715885
8715897
8715921
8715971
8715997
8716009
8716111
8716117
8716165
8716259
8716349
8716361
8716431
8716463
8716615
8716645
8716751
8716993
8717037
8717155
8717163
8717171
8717219
8717279
8717297
8717315
8717353
8717363
8717613
8717687
8717737
8717779
8717793
8718133
8718145
8718259
8718349
8718355
8718371
8718745
8718977
8719151
8719227
8719229
8719235
8719357
8719471
8719639
8719677
8719709
8719749
8719827
8720033
8720105
8720221
8720279
8720341
8720347
8720413
8720491
8720517
8720593
8720595
8720609
8720953
8721103
8721199
8721231
8721375
8721665
8721701
8721729
8721751
8721763
8721773
8721859
8722015
8722043
8722071
8722155
8722199
8722265
8722337
8722413
8722507
8722557
8722651
8722687
8722693
8722709
8722797
8722801
8722833
8722855
8722963
8723057
8723105
8723253
8723257
8723463
8723497
8723573
8723901
8723997
8724015
8724057
8724157
8724255
8724317
8724397
8724411
8724481
8724629
8724729
8724733
8724759
8724771
8724801
8725003
8725021
8725055
8725097
8725269
8725403
8725445
8725509
8725511
8725529
8725547
8725771
8725885
8725979
8726049
8726241
8726313
8726341
8726345
8726351
8726387
8726501
8726759
8726879
8726907
8727025
8727161
8727227
8727241
8727431
8727445
8727447
8727485
8727557
8727561
8727687
8727807
8728027
8728067
8728179
8728409
8728633
8728833
8728919
8728921
8728933
8729025
8729059
8729103
8729105
8729159
8729191
8729195
8729249
8729309
8729429
8729439
8729467
8729531
8729539
8729551
8729555
8729563
8729581
8729603
8729633
8729723
8729991
8730005
8730083
8730151
8730163
8730253
8730255
8730567
8730625
8730695
8730981
8731005
8731061
8731079
8731137
8731229
8731247
8731265
8731267
8731467
8731513
8731617
8731661
8731715
8731761
8731853
8731881
8731929
8732045
8732081
8732091
8732195
8732239
8732493
8732683
8732737
8732879
8732893
8732899
8732947
8733113
8733179
8733207
8733215
8733251
8733281
8733327
8733529
8733709
8733717
8733783
8733793
8733809
8733865
8733991
8734057
8734101
8734167
8734279
8734315
8734325
8734379
8734469
8734561
8734757
8734759
8734797
8734867
8734881
8735027
8735333
8735383
8735781
8735805
8735827
8735923
8735983
8736063
8736097
8736107
8736343
8736375
8736397
8736449
8736495
8736531
8736537
8736643
8736675
8736679
8736825
8736839
8737031
8737033
8737129
8737153
8737155
8737201
8737207
8737227
8737275
8737293
8737313
8737575
8737595
8737605
8737687
8737735
8737767
8737801
8737809
8737831
8737945
8737989
8738037
8738131
8738191
8738283
8738313
8738399
8738403
8738719
8738769
8738859
8738915
8738929
8739009
8739095
8739129
8739141
8739213
8739397
8739423
8739509
8739585
8739597
8739695
8739715
8739803
8739809
8739877
8739885
8739915
8739947
8739977
8740163
8740191
8740209
8740223
8740225
8740309
8740389
8740445
8740501
8740589
8740711
8740729
8740757
8740771
8740805
8740855
8740859
8740897
8740973
8741169
8741227
8741301
8741323
8741533
8741539
8741639
8741777
8741849
8741871
8741875
8741877
8741891
8741957
8741979
8742149
8742185
8742263
8742281
8742311
8742425
8742455
8742529
8742553
8742567
8742599
8742691
8742709
8742711
8742713
8742769
8742803
8742821
8742841
8742927
8742957
8743071
8743089
8743105
8743127
8743285
8743289
8743313
8743347
8743477
8743641
8743757
8743833
8743993
8744003
8744015
8744069
8744089
8744189
8744315
8744359
8744399
8744465
8744515
8744577
8744683
8744739
8744773
8744827
8744891
8744987
8745101
8745161
8745217
8745269
8745435
8745471
8745701
8745705
8745767
8745823
8745851
8745931
8746191
8746225
8746467
8746493
8746507
8746513
8746523
8746683
8746733
8746743
8746749
8746873
8746921
8747019
8747041
8747207
8747275
8747313
8747337
8747433
8747443
8747491
8747561
8747631
8747643
8747735
8747741
8747743
8747875
8747957
8748031
8748073
8748123
8748163
8748243
8748433
8748549
8748801
8748829
8749167
8749185
8749203
8749289
8749383
8749407
8749713
8749811
8749829
8749883
8749887
8749895
8749977
8749991
8750091
8750095
8750127
8750361
8750375
8750569
8750589
8750649
8750697
8750829
8750857
8750869
8750995
8751009
8751093
8751169
8751181
8751195
8751249
8751401
8751445
8751497
8751573
8751693
8751695
8751701
8751767
8751817
8751837
8751873
8751949
8751951
8751975
8752027
8752081
8752087
8752107
8752237
8752253
8752345
8752443
8752547
8752703
8752777
8752787
8752819
8752831
8752857
8752893
8753007
8753029
8753257
8753327
8753461
8753625
8753669
8753681
8753689
8753733
8754167
8754197
8754247
8754275
8754325
8754427
8754493
8754545
8754581
8754639
8754801
8754831
8754885
8754925
8755037
8755087
8755097
8755123
8755213
8755315
8755349
8755391
8755393
8755411
8755479
8755611
8755691
8755693
8755749
8755769
8755883
8755911
8755987
8756019
8756031
8756101
8756167
8756263
8756313
8756415
8756431
8756681
8756787
8757077
8757175
8757359
8757379
8757413
8757439
8757535
8757589
8757821
8757825
8757827
8757845
8757865
8757877
8758037
8758287
8758505
8758567
8758591
8758617
8758619
8758669
8758873
8758913
8759005
8759065
8759103
8759171
8759285
8759315
8759353
8759359
8759387
8759407
8759465
8759471
8759473
8759723
8759731
8759773
8759925
8759933
8759955
8760033
8760059
8760075
8760095
8760271
8760369
8760425
8760547
8760549
8760735
8760745
8760811
8760879
8760889
8760961
8760969
8760979
8760999
8761013
8761029
8761093
8761181
8761207
8761219
8761233
8761247
8761275
8761291
8761471
8761515
8761717
8761897
8761903
8761929
8762047
8762109
8762151
8762155
8762359
8762395
8762415
8762587
8763023
8763071
8763281
8763327
8763525
8763541
8763555
8763605
8763609
8763633
8763859
8763891
8763975
8764069
8764113
8764117
8764131
8764161
8764167
8764241
8764285
8764369
8764387
8764497
8764561
8764569
8764573
8764715
8764883
8765013
8765021
8765025
8765107
8765161
8765281
8765297
8765397
8765401
8765497
8765549
8765647
8765757
8765779
8765807
8765841
8765855
8766025
8766171
8766175
8766221
8766397
8766521
8766551
8766577
8766691
8766697
8766727
8766785
8766821
8767135
8767211
8767261
8767353
8767363
8767481
8767575
8767593
8767603
8767729
8767733
8767735
8767739
8767819
8768195
8768245
8768275
8768283
8768381
8768435
8768455
8768469
8768495
8768575
8768589
8768713
8768817
8768873
8768973
8769195
8769199
8769221
8769303
8769329
8769353
8769357
8769477
8769481
8769541
8769545
8769567
8769591
8769687
8769699
8769763
8769783
8769961
8769975
8770111
8770259
8770269
8770319
8770539
8770657
8770709
8770723
8770743
8770827
8770999
8771081
8771131
8771297
8771451
8771511
8771527
8771753
8771797
8771807
8771863
8771867
8771945
8771961
8772071
8772093
8772183
8772203
8772231
8772253
8772313
8772325
8772379
8772535
8772647
8772721
8772753
8772771
8772889
8772915
8772955
8772965
8773019
8773105
8773163
8773271
8773283
8773341
8773347
8773355
8773459
8773471
8773633
8774003
8774153
8774173
8774191
8774237
8774261
8774537
8774539
8774547
8774685
8774715
8774729
8774739
8774771
8774841
8774847
8774851
8774979
8774995
8775041
8775105
8775223
8775593
8775665
8775735
8775821
8775869
8775905
8775951
8776101
8776151
8776201
8776221
8776257
8776273
8776301
8776511
8776555
8776863
8776911
8776973
8777181
8777249
8777297
8777329
8777529
8777627
8777817
8777839
8777859
8777881
8777921
8778085
8778151
8778259
8778311
8778371
8778447
8778537
8778557
8778683
8778701
8778717
8778737
8778903
8778909
8778989
8779035
8779055
8779119
8779139
8779245
8779463
8779471
8779561
8779669
8779671
8779697
8779711
8779785
8779869
8779881
8779885
8779939
8780101
8780145
8780225
8780281
8780299
8780305
8780335
8780401
8780449
8780469
8780569
8780573
8780695
8780831
8780843
8780903
8780989
8781015
8781207
8781225
8781233
8781257
8781263
8781381
8781437
8781439
8781615
8781657
8781683
8781715
8781775
8781785
8781831
8781891
8781933
8782063
8782157
8782177
8782183
8782235
8782251
8782257
8782259
8782273
8782481
8782515
8782535
8782583
8782603
8782617
8782669
8782671
8782675
8782677
8782751
8782775
8782853
8782925
8783055
8783073
8783179
8783259
8783285
8783399
8783425
8783449
8783533
8783579
8783587
8783899
8783931
8784159
8784201
8784205
8784261
8784295
8784361
8784435
8784471
8784541
8784597
8784643
8784677
8784681
8784809
8784863
8784865
8784985
8784995
8785017
8785315
8785489
8785693
8785717
8785995
8786037
8786061
8786137
8786145
8786247
8786261
8786267
8786277
8786351
8786375
8786463
8786599
8786663
8786805
8786849
8786855
8786879
8786939
8786983
8786995
8787067
8787079
8787101
8787129
8787133
8787143
8787337
8787393
8787419
8787435
8787449
8787489
8787521
8787577
8787691
8787693
8787717
8787759
8787771
8788007
8788033
8788063
8788087
8788105
8788121
8788125
8788203
8788207
8788261
8788271
8788293
8788377
8788391
8788399
8788401
8788427
8788465
8788489
8788587
8788673
8788775
8788789
8788813
8788999
8789059
8789097
8789193
8789335
8789359
8789447
8789467
8789591
8789783
8789937
8789979
8790093
8790219
8790331
8790387
8790407
8790519
8790535
8790701
8790707
8790709
8790711
8790917
8790921
8791071
8791123
8791175
8791183
8791541
8791665
8791689
8791777
8792051
8792071
8792195
8792345
8792365
8792471
8792555
8792647
8792743
8792839
8792897
8793027
8793087
8793107
8793243
8793485
8793619
8793669
8793693
8793773
8793851
8793899
8793933
8793971
8793989
8793993
8794047
8794121
8794155
8794243
8794385
8794451
8794625
8794695
8794731
8794773
8794833
8794887
8794937
8795011
8795075
8795135
8795207
8795285
8795351
8795467
8795537
8795633
8795643
8795647
8795679
8795687
8795831
8795857
8795959
8795973
8796007
8796013
8796025
8796143
8796261
8796573
8796643
8796645
8796647
8796837
8796915
8797011
8797025
8797051
8797261
8797265
8797323
8797455
8797491
8797497
8797613
8797811
8797961
8797971
8798005
8798117
8798147
8798235
8798263
8798325
8798379
8798469
8798499
8798523
8798589
8798699
8798797
8798843
8798881
8798905
8798911
8798953
8799047
8799293
8799315
8799343
8799419
8799421
8799429
8799467
8799509
8799533
8799679
8799707
8799745
8799813
8799911
8799913
8799921
8800249
8800251
8800257
8800271
8800339
8800411
8800423
8800429
8800459
8800509
8800525
8800629
8800639
8800709
8800737
8800807
8800835
8800881
8800891
8800993
8801013
8801231
8801233
8801271
8801273
8801375
8801439
8801583
8801863
8801899
8802003
8802071
8802083
8802155
8802239
8802253
8802269
8802325
8802591
8802775
8803031
8803123
8803155
8803219
8803335
8803537
8803609
8803755
8803785
8803805
8803875
8803951
8804007
8804027
8804035
8804051
8804107
8804229
8804359
8804413
8804465
8804605
8804655
8804657
8804707
8804731
8804771
8804813
8804819
8804915
8804993
8805085
8805151
8805153
8805393
8805405
8805451
8805483
8805551
8805653
8805745
8805797
8805839
8805851
8805881
8805913
8805927
8806143
8806151
8806195
8806313
8806315
8806321
8806461
8806479
8806671
8806705
8806725
8806737
8806831
8806935
8806945
8807015
8807023
8807187
8807297
8807303
8807311
8807347
8807383
8807463
8807465
8807477
8807729
8807741
8807797
8807807
8807829
8807957
8807995
8808035
8808159
8808175
8808181
8808183
8808211
8808271
8808327
8808413
8808477
8808665
8808957
8809049
8809131
8809149
8809317
8809437
8809453
8809501
8809709
8809739
8809769
8809783
8809853
8809891
8809897
8810237
8810305
8810351
8810413
8810451
8810485
8810709
8810857
8810991
8811283
8811325
8811415
8811445
8811465
8811493
8811573
8811649
8811663
8811685
8811701
8811747
8811785
8811897
8812009
8812015
8812019
8812087
8812135
8812169
8812171
8812473
8812591
8812813
8812913
8812957
8812997
8813123
8813167
8813395
8813423
8813445
8813519
8813615
8813625
8813829
8813891
8813913
8813921
8813953
8814183
8814423
8814471
8814487
8814537
8814579
8814583
8814613
8814677
8814899
8815025
8815033
8815063
8815095
8815159
8815257
8815359
8815435
8815501
8815689
8815707
8815809
8815917
8816001
8816063
8816083
8816107
8816241
8816373
8816405
8816431
8816503
8816537
8816547
8816599
8816679
8816759
8816817
8816905
8817067
8817109
8817203
8817207
8817243
8817253
8817385
8817697
8817725
8817781
8817989
8818055
8818065
8818111
8818171
8818229
8818279
8818331
8818391
8818731
8818743
8818877
8819025
8819047
8819057
8819241
8819321
8819327
8819471
8819493
8819723
8819725
8819785
8819871
8819907
8819925
8819929
8820007
8820187
8820315
8820451
8820479
8820483
8820501
8820635
8820669
8820673
8820701
8820719
8820735
8820761
8820767
8820973
8820979
8821007
8821213
8821233
8821561
8821629
8821669
8821697
8821705
8821747
8821755
8821875
8821967
8821995
8822003
8822017
8822101
8822179
8822287
8822335
8822447
8822517
8822527
8822541
8822653
8822753
8822757
8822767
8822853
8822925
8822937
8822943
8823155
8823181
8823193
8823223
8823265
8823411
8823477
8823479
8823653
8823697
8823945
8824209
8824243
8824283
8824521
8824573
8824599
8824607
8824701
8824721
8824775
8824785
8824961
8825027
8825045
8825135
8825225
8825249
8825351
8825423
8825447
8825487
8825581
8825619
8825723
8825783
8825901
8826009
8826019
8826073
8826111
8826321
8826417
8826433
8826613
8826735
8826779
8826821
8826837
8826935
8826951
8827013
8827157
8827229
8827305
8827351
8827361
8827445
8827615
8827647
8827905
8827947
8827959
8827977
8827983
8828057
8828169
8828389
8828473
8828493
8828549
8828711
8828757
8828787
8828923
8828951
8829021
8829031
8829035
8829041
8829111
8829257
8829423
8829523
8829617
8829657
8829723
8829887
8829889
8829983
8830007
8830163
8830185
8830217
8830277
8830431
8830489
8830549
8831009
8831037
8831131
8831149
8831161
8831183
8831387
8831535
8831617
8831721
8831815
8831845
8831863
8831877
8832013
8832085
8832123
8832157
8832167
8832229
8832373
8832389
8832479
8832605
8832675
8832715
8832737
8833035
8833117
8833173
8833181
8833251
8833391
8833475
8833571
8833585
8833871
8833943
8833957
8834143
8834183
8834189
8834211
8834277
8834333
8834389
8834403
8834407
8834475
8834529
8834535
8834545
8834771
8835019
8835127
8835281
8835301
8835337
8835365
8835449
8835497
8835509
8835567
8835717
8835721
8835789
8835795
8835851
8835901
8835923
8836103
8836109
8836113
8836141
8836201
8836239
8836297
8836301
8836349
8836471
8836507
8836515
8836553
8836593
8836665
8836691
8836693
8836717
8836739
8836953
8836993
8837057
8837071
8837161
8837163
8837357
8837385
8837393
8837475
8837485
8837491
8837523
8837669
8837811
8837827
8837949
8837951
8838059
8838069
8838087
8838095
8838115
8838131
8838157
8838251
8838263
8838269
8838423
8838447
8838505
8838629
8838681
8838839
8838847
8838875
8838877
8839017
8839067
8839107
8839359
8839517
8839723
8839729
8839775
8839811
8839829
8839891
8839901
8839923
8839997
8840079
8840143
8840353
8840363
8840447
8840533
8840559
8840811
8840919
8840959
8841203
8841227
8841607
8841641
8841695
8841715
8841735
8841759
8841765
8841817
8841863
8841865
8841879
8841881
8841927
8841959
8841971
8842101
8842121
8842133
8842261
8842267
8842277
8842397
8842489
8842885
8842989
8843011
8843049
8843133
8843203
8843285
8843441
8843489
8843581
8843589
8843627
8843673
8843769
8843785
8843845
8843879
8843889
8844023
8844067
8844103
8844137
8844167
8844177
8844193
8844207
8844245
8844407
8844423
8844443
8844473
8844477
8844483
8844497
8844567
8844589
8844593
8844627
8844777
8844951
8844957
8845129
8845277
8845405
8845637
8845779
8845827
8845921
8846259
8846291
8846309
8846359
8846569
8846715
8846783
8846823
8846859
8846877
8846943
8846965
8847067
8847069
8847077
8847153
8847199
8847217
8847347
8847517
8847613
8847745
8847815
8847833
8847857
8847963
8847973
8848025
8848097
8848129
8848131
8848183
8848205
8848207
8848241
8848245
8848253
8848325
8848425
8848487
8848511
8848535
8848613
8848621
8848643
8848889
8848935
8849013
8849031
8849099
8849121
8849133
8849143
8849175
8849205
8849489
8849577
8849705
8849719
8849729
8849791
8849831
8849941
8850095
8850191
8850253
8850303
8850321
8850491
8850533
8850825
8850855
8850877
8850969
8851029
8851185
8851351
8851419
8851557
8851639
8851663
8851681
8851759
8851799
8851853
8851861
8851871
8852269
8852415
8852421
8852427
8852435
8852453
8852523
8852525
8852625
8852807
8852851
8852975
8852985
8853149
8853163
8853357
8853585
8853637
8853755
8853895
8853991
8854003
8854125
8854295
8854395
8854447
8854539
8854579
8854681
8854807
8854849
8854975
8854983
8855127
8855129
8855131
8855201
8855231
8855265
8855283
8855349
8855465
8855519
8855609
8855695
8855911
8855939
8855941
8856003
8856015
8856187
8856195
8856197
8856209
8856219
8856245
8856267
8856277
8856323
8856381
8856459
8856485
8856527
8856579
8856655
8856661
8856767
8856845
8856885
8856973
8857063
8857085
8857145
8857337
8857345
8857427
8857449
8857489
8857561
8857673
8857677
8857761
8857765
8857771
8857907
8857943
8857981
8858011
8858033
8858077
8858141
8858401
8858519
8858597
8858695
8858763
8858791
8858809
8858847
8858865
8858903
8859031
8859039
8859161
8859313
8859381
8859437
8859583
8859649
8859817
8859857
8859871
8859899
8859971
8860019
8860029
8860165
8860223
8860257
8860275
8860309
8860407
8860409
8860515
8860661
8860695
8860773
8860855
8860891
8860903
8860909
8860921
8861023
8861263
8861279
8861373
8861391
8861479
8861525
8861627
8861639
8861749
8861805
8861819
8861937
8862021
8862265
8862277
8862459
8862529
8862541
8862605
8862775
8862809
8862817
8862843
8862975
8863321
8863331
8863413
8863475
8863557
8863673
8864025
8864033
8864055
8864061
8864151
8864175
8864233
8864241
8864253
8864301
8864481
8864613
8864621
8864643
8864683
8864759
8864799
8864827
8864867
8864931
8864963
8865013
8865023
8865107
8865113
8865267
8865385
8865417
8865419
8865517
8865719
8865829
8865933
8866021
8866075
8866127
8866145
8866271
8866465
8866503
8866545
8866561
8866633
8866667
8866763
8866841
8866973
8866977
8866995
8867051
8867117
8867137
8867145
8867287
8867327
8867465
8867485
8867681
8867713
8867745
8867801
8867863
8867973
8868101
8868111
8868169
8868509
8868515
8868563
8868637
8868781
8868815
8868863
8868883
8868899
8868911
8869049
8869073
8869111
8869129
8869139
8869379
8869511
8869559
8869589
8869759
8869831
8869845
8869863
8869911
8869945
8869967
8870147
8870267
8870279
8870359
8870509
8870577
8870585
8870741
8870869
8870941
8870963
8871003
8871059
8871145
8871219
8871291
8871355
8871373
8871419
8871573
8871629
8871839
8871871
8871903
8871967
8871983
8872107
8872153
8872267
8872317
8872401
8872421
8872505
8872553
8872575
8872727
8872749
8872767
8872779
8872793
8872925
8872971
8872983
8872989
8873017
8873225
8873263
8873331
8873349
8873425
8873451
8873457
8873765
8873813
8874007
8874055
8874145
8874215
8874307
8874335
8874701
8874755
8874757
8874967
8875031
8875105
8875213
8875291
8875331
8875401
8875429
8875801
8875845
8875865
8875879
8875887
8875953
8875961
8876103
8876111
8876203
8876235
8876247
8876313
8876417
8876431
8876519
8876541
8876621
8876667
8876701
8876751
8876769
8876779
8876889
8876891
8877009
8877065
8877093
8877215
8877261
8877337
8877351
8877383
8877423
8877461
8877641
8877769
8877859
8878101
8878129
8878221
8878281
8878357
8878467
8878517
8878573
8878657
8878677
8878785
8878907
8878919
8878939
8878993
8879009
8879031
8879345
8879437
8879531
8879601
8879627
8879719
8879747
8879773
8879781
8879869
8879873
8879897
8879913
8880005
8880019
8880279
8880325
8880377
8880469
8880503
8880653
8880867
8880965
8881039
8881123
8881139
8881167
8881185
8881255
8881359
8881439
8881523
8881673
8881803
8881871
8881881
8881911
8881977
8882005
8882007
8882025
8882097
8882317
8882459
8882461
8882469
8882495
8882637
8882707
8882711
8882735
8882907
8882929
8882945
8883057
8883065
8883077
8883125
8883247
8883271
8883331
8883375
8883421
8883513
8883533
8883561
8883617
8883851
8883907
8883917
8883963
8884021
8884067
8884101
8884187
8884195
8884291
8884455
8884489
8884617
8884653
8884697
8884699
8884721
8884893
8884977
8885023
8885065
8885113
8885151
8885171
8885303
8885947
8885997
8886127
8886139
8886207
8886219
8886241
8886277
8886317
8886329
8886361
8886801
8886835
8886967
8887237
8887247
8887311
8887567
8887599
8887615
8887619
8887753
8888025
8888147
8888175
8888207
8888325
8888391
8888459
8888781
8888915
8888935
8888983
8888991
8889023
8889051
8889105
8889161
8889275
8889323
8889369
8889457
8889515
8889533
8889547
8889563
8889669
8889831
8889867
8890237
8890301
8890339
8890359
8890425
8890549
8890711
8890721
8890789
8890811
8890863
8890901
8891031
8891173
8891185
8891211
8891219
8891273
8891317
8891349
8891515
8891563
8891623
8891627
8891761
8891787
8891793
8891905
8892013
8892093
8892469
8892799
8892961
8892965
8892969
8893003
8893063
8893081
8893133
8893137
8893161
8893347
8893389
8893413
8893431
8893513
8893631
8893699
8893733
8893775
8893959
8893967
8894031
8894065
8894099
8894111
8894131
8894161
8894243
8894315
8894349
8894375
8894431
8894471
8894525
8894561
8894571
8894605
8894659
8894683
8894693
8894733
8894739
8894851
8894903
8894931
8894933
8895085
8895137
8895187
8895231
8895401
8895411
8895423
8895483
8895569
8895579
8895643
8895747
8895811
8895845
8895903
8895975
8896055
8896113
8896171
8896259
8896457
8896517
8896593
8896625
8896727
8896801
8896915
8896935
8896943
8897275
8897311
8897443
8897527
8897607
8897681
8897697
8897699
8897703
8897767
8897779
8897989
8898133
8898245
8898301
8898947
8899001
8899009
8899085
8899281
8899345
8899375
8899389
8899531
8899647
8899655
8899675
8899707
8899837
8899849
8899987
8900015
8900039
8900057
8900185
8900305
8900323
8900355
8900427
8900447
8900619
8900673
8900693
8900725
8900795
8901007
8901019
8901131
8901245
8901287
8901305
8901383
8901431
8901457
8901507
8901545
8901603
8901681
8901699
8901897
8901931
8902099
8902131
8902207
8902213
8902271
8902275
8902373
8902377
8902629
8902695
8902735
8902741
8902877
8902967
8903043
8903051
8903379
8903483
8903615
8903751
8903791
8903867
8903913
8904045
8904383
8904509
8904595
8904615
8904707
8904761
8904961
8904979
8905151
8905323
8905411
8905465
8905661
8905673
8905755
8905949
8905997
8906023
8906103
8906127
8906173
8906227
8906255
8906313
8906331
8906361
8906555
8906557
8906567
8906593
8906637
8906943
8906957
8907109
8907111
8907117
8907161
8907203
8907283
8907287
8907319
8907343
8907419
8907633
8907647
8907785
8907815
8908145
8908317
8908321
8908415
8908675
8908739
8908749
8908797
8908975
8909045
8909159
8909175
8909245
8909355
8909579
8909679
8909705
8909879
8909929
8909995
8910007
8910017
8910019
8910027
8910035
8910059
8910165
8910315
8910317
8910437
8910503
8910541
8910855
8910857
8910869
8910897
8911001
8911103
8911183
8911187
8911239
8911245
8911297
8911481
8911485
8911785
8911795
8911807
8911825
8911871
8911873
8911883
8911891
8911919
8911993
8912101
8912117
8912139
8912155
8912187
8912225
8912317
8912321
8912343
8912381
8912391
8912445
8912593
8912597
8912661
8912731
8912733
8912783
8912849
8913093
8913097
8913209
8913439
8913629
8913643
8913707
8913817
8913859
8913929
8914005
8914009
8914155
8914197
8914235
8914283
8914349
8914361
8914379
8914447
8914489
8914535
8914579
8914699
8914715
8914783
8914795
8914853
8914879
8914883
8914911
8915029
8915035
8915081
8915101
8915119
8915327
8915365
8915447
8915459
8915493
8915671
8915683
8915813
8915843
8915845
8915905
8915987
8916043
8916117
8916127
8916339
8916403
8916427
8916451
8916483
8916517
8916519
8916537
8916607
8916653
8916663
8916851
8916861
8916927
8916937
8916967
8916985
8916995
8917033
8917087
8917157
8917199
8917241
8917259
8917319
8917347
8917411
8917509
8917605
8917633
8917659
8917721
8917745
8917785
8918153
8918343
8918365
8918661
8918683
8919015
8919199
8919303
8919465
8919543
8919571
8919689
8919701
8919803
8919815
8919833
8919843
8919943
8919969
8920129
8920201
8920271
8920337
8920343
8920507
8920587
8920619
8920689
8920871
8921073
8921129
8921137
8921251
8921421
8921477
8921505
8921637
8921713
8921763
8921779
8921801
8921869
8921879
8921889
8921905
8921939
8921955
8922141
8922175
8922195
8922231
8922399
8922423
8922645
8922667
8922677
8922755
8922805
8922833
8922939
8923021
8923063
8923113
8923123
8923137
8923221
8923253
8923277
8923385
8923389
8923523
8923547
8923791
8923855
8923979
8924033
8924037
8924185
8924221
8924233
8924275
8924281
8924347
8924475
8924525
8924681
8924687
8924689
8924705
8924735
8924737
8924759
8924769
8924791
8925027
8925117
8925195
8925429
8925439
8925493
8925527
8925555
8925561
8925605
8925675
8925739
8925767
8925769
8925783
8925943
8926053
8926171
8926191
8926199
8926769
8926777
8926811
8926991
8927115
8927175
8927355
8927513
8927515
8927525
8927551
8927605
8927831
8927837
8927881
8927929
8928049
8928147
8928153
8928169
8928219
8928251
8928259
8928551
8928575
8928655
8928691
8928697
8928731
8928753
8928803
8928863
8928933
8928935
8928955
8929023
8929119
8929239
8929249
8929281
8929291
8929333
8929605
8929709
8929943
8930225
8930235
8930299
8930301
8930337
8930365
8930405
8930455
8930495
8930515
8930555
8930567
8930657
8930753
8930819
8930827
8930847
8930883
8930975
8931097
8931157
8931185
8931221
8931285
8931365
8931663
8931667
8931681
8931803
8931809
8931851
8931881
8931985
8932037
8932049
8932181
8932267
8932341
8932373
8932377
8932401
8932521
8932681
8932729
8932811
8932895
8932909
8932923
8932949
8933059
8933141
8933151
8933165
8933207
8933233
8933397
8933421
8933483
8933527
8933577
8933603
8933615
8933635
8933669
8933729
8933741
8933919
8933973
8934045
8934261
8934271
8934305
8934393
8934579
8934595
8934667
8934713
8934767
8934861
8934865
8935047
8935093
8935221
8935265
8935285
8935317
8935337
8935375
8935467
8935533
8935593
8935611
8935697
8935719
8935733
8935811
8935825
8936067
8936329
8936409
8936441
8936451
8936511
8936537
8936637
8936647
8936663
8936725
8936815
8936833
8936875
8936877
8936893
8937009
8937045
8937085
8937199
8937233
8937279
8937299
8937301
8937305
8937523
8937563
8937641
8937781
8937791
8937845
8937889
8938063
8938127
8938145
8938361
8938363
8938431
8938553
8938705
8938769
8938817
8938825
8938855
8938859
8938961
8938997
8939037
8939073
8939303
8939455
8939511
8939603
8939617
8939665
8939671
8939753
8939789
8939883
8939895
8939981
8940009
8940015
8940109
8940273
8940405
8940487
8940497
8940613
8940627
8940663
8940673
8940831
8940889
8940891
8940939
8941037
8941059
8941061
8941185
8941429
8941445
8941649
8941913
8941957
8941967
8941983
8941989
8942251
8942327
8942419
8942463
8942567
8942603
8942623
8942829
8942847
8942995
8943011
8943119
8943231
8943359
8943537
8943577
8943703
8943765
8943777
8943957
8943995
8944093
8944117
8944133
8944137
8944171
8944189
8944201
8944209
8944211
8944259
8944379
8944481
8944591
8944601
8944629
8944653
8944747
8944949
8945025
8945045
8945107
8945131
8945149
8945169
8945217
8945249
8945255
8945265
8945347
8945421
8945819
8945881
8946147
8946229
8946271
8946289
8946337
8946369
8946403
8946475
8946599
8946637
8946691
8946759
8946849
8947013
8947055
8947113
8947199
8947243
8947281
8947471
8947565
8947651
8947691
8947705
8947711
8947747
8947825
8947949
8947991
8948009
8948233
8948429
8948597
8948643
8948721
8948741
8948805
8948871
8949059
8949105
8949215
8949339
8949453
8949845
8949849
8949963
8950023
8950083
8950387
8950415
8950441
8950553
8950563
8950603
8950699
8950923
8951039
8951045
8951081
8951245
8951385
8951753
8951771
8951919
8951923
8951925
8951953
8951969
8951985
8951993
8952027
8952033
8952059
8952107
8952215
8952479
8952637
8952675
8952729
8952749
8952807
8952897
8952915
8952939
8952977
8953043
8953135
8953141
8953199
8953205
8953209
8953267
8953273
8953319
8953341
8953379
8953435
8953461
8953567
8953603
8953617
8953705
8953937
8953949
8953997
8954029
8954203
8954401
8954435
8954443
8954555
8954581
8954713
8954781
8954799
8954851
8954857
8954867
8954931
8955027
8955051
8955239
8955449
8955485
8955527
8955569
8955661
8955675
8955719
8955901
8955909
8955923
8956083
8956147
8956263
8956311
8956315
8956317
8956513
8956671
8956829
8956867
8956901
8956927
8956971
8956983
8956985
8957033
8957037
8957039
8957127
8957443
8957709
8957719
8957731
8957763
8957821
8957841
8957861
8957875
8957885
8957915
8958055
8958057
8958059
8958343
8958497
8958507
8958539
8958565
8958621
8958647
8958725
8958751
8958767
8958867
8958931
8958933
8958957
8959151
8959283
8959299
8959405
8959461
8959583
8959879
8959925
8959969
8959979
8959993
8960003
8960027
8960069
8960099
8960177
8960187
8960269
8960301
8960361
8960459
8960479
8960495
8960515
8960635
8960649
8960651
8960665
8960719
8960727
8960763
8960813
8960897
8960925
8960961
8961161
8961195
8961221
8961227
8961233
8961239
8961245
8961409
8961455
8961507
8961521
8961665
8961671
8961679
8961921
8962015
8962037
8962097
8962117
8962325
8962461
8962515
8962701
8962715
8962785
8962923
8963177
8963335
8963387
8963403
8963543
8963641
8963685
8963729
8963941
8964035
8964049
8964083
8964099
8964287
8964315
8964327
8964367
8964417
8964493
8964547
8964727
8964741
8964755
8964813
8964929
8965129
8965185
8965199
8965235
8965297
8965355
8965473
8965707
8965739
8966083
8966097
8966281
8966287
8966373
8966479
8966527
8966679
8966723
8966739
8966761
8966799
8966907
8966935
8966955
8967011
8967053
8967085
8967095
8967129
8967239
8967257
8967321
8967337
8967363
8967391
8967521
8967655
8967677
8967801
8967813
8967815
8967929
8967967
8968021
8968043
8968095
8968147
8968197
8968219
8968317
8968343
8968353
8968367
8968427
8968447
8968523
8968583
8968605
8968635
8968717
8968775
8968789
8968793
8968825
8968837
8968851
8968973
8969001
8969019
8969055
8969067
8969121
8969171
8969177
8969291
8969373
8969393
8969395
8969411
8969469
8969485
8969507
8969547
8969643
8969687
8969757
8969821
8969823
8969875
8970147
8970201
8970291
8970333
8970363
8970365
8970381
8970425
8970463
8970521
8970523
8970669
8970675
8970781
8970829
8970835
8971057
8971237
8971247
8971255
8971271
8971287
8971293
8971331
8971495
8971755
8971815
8971859
8971897
8971909
8972083
8972203
8972275
8972451
8972517
8972583
8972605
8972773
8972799
8972803
8972831
8972895
8973293
8973389
8973437
8973567
8973755
8973787
8974009
8974127
8974143
8974197
8974255
8974335
8974461
8974611
8974729
8974741
8974755
8974827
8974859
8974935
8974987
8975027
8975169
8975275
8975329
8975419
8975531
8975543
8975631
8975653
8975675
8975693
8975703
8975821
8975835
8975881
8975921
8976081
8976121
8976133
8976163
8976259
8976293
8976315
8976515
8976545
8976557
8976585
8976595
8976645
8977113
8977187
8977303
8977333
8977385
8977423
8977439
8977449
8977591
8977679
8977761
8977953
8977967
8977981
8978017
8978295
8978399
8978457
8978573
8978597
8978761
8978913
8979085
8979299
8979361
8979409
8979505
8979519
8979617
8979661
8979713
8979739
8979887
8979965
8979985
8980103
8980201
8980249
8980287
8980345
8980353
8980519
8980527
8980569
8980681
8980809
8980819
8980939
8980999
8981077
8981117
8981135
8981197
8981427
8981433
8981457
8981679
8981891
8981915
8981945
8982077
8982109
8982213
8982335
8982351
8982357
8982419
8982429
8982469
8982663
8982691
8982693
8982839
8982883
8982997
8983179
8983205
8983463
8983545
8983569
8983575
8983753
8983899
8983947
8983959
8984049
8984625
8984787
8984813
8984823
8984843
8984911
8985031
8985063
8985153
8985163
8985327
8985369
8985391
8985541
8985695
8985741
8985753
8985825
8985833
8985837
8985887
8985981
8986037
8986111
8986353
8986409
8986421
8986425
8986431
8986473
8986543
8986557
8986623
8986647
8986691
8986727
8986855
8986943
8986947
8987007
8987065
8987253
8987401
8987453
8987543
8987629
8987645
8987657
8987733
8987835
8987973
8988173
8988235
8988293
8988337
8988377
8988387
8988447
8988469
8988491
8988589
8988717
8988835
8988905
8989069
8989113
8989159
8989271
8989351
8989391
8989673
8989797
8989913
8989929
8989995
8990229
8990387
8990409
8990435
8990469
8990499
8990531
8990559
8990647
8990653
8990697
8990723
8990765
8991051
8991119
8991183
8991319
8991459
8991571
8991577
8991645
8991697
8991809
8991817
8991879
8992059
8992111
8992153
8992181
8992205
8992215
8992503
8992507
8992513
8992541
8992547
8992623
8992687
8992769
8992957
8993107
8993169
8993305
8993431
8993467
8993551
8993725
8993841
8994025
8994055
8994091
8994107
8994131
8994157
8994219
8994327
8994335
8994425
8994525
8994551
8994697
8994731
8994869
8994913
8994965
8995061
8995083
8995103
8995231
8995417
8995439
8995453
8995571
8995673
8995685
8995723
8995747
8995771
8995773
8995841
8995901
8996031
8996127
8996161
8996203
8996471
8996519
8996531
8996581
8996661
8996735
8996825
8996837
8996891
8996895
8996971
8997055
8997125
8997259
8997293
8997345
8997369
8997403
8997423
8997517
8997681
8997699
8997849
8997937
8998325
8998423
8998439
8998471
8998481
8998509
8998535
8998647
8998739
8998755
8998809
8998897
8998933
8998949
8998967
8999031
8999091
8999187
8999305
8999351
8999503
8999507
8999585
8999689
8999699
8999819
8999865
