# proven primes: b with (b^16+1)/2 prime (aprcl), block [9000000,10000000)
9000041
9000055
9000251
9000265
9000393
9000437
9000489
9000507
9000549
9000557
9000593
9000603
9000631
9000691
9000751
9000785
9000793
9000847
9000863
9000923
9001025
9001029
9001109
9001247
9001273
9001615
9001691
9001729
9001763
9001817
9001829
9001851
9001989
9002001
9002009
9002093
9002187
9002345
9002435
9002473
9002601
9002663
9002723
9002765
9002791
9002911
9002929
9003079
9003091
9003115
9003137
9003179
9003289
9003325
9003455
9003505
9003597
9003647
9003649
9003681
9003735
9003741
9003871
9004143
9004149
9004169
9004183
9004225
9004281
9004547
9004603
9004643
9004691
9004721
9004731
9004811
9004999
9005221
9005303
9005339
9005385
9005451
9005481
9005509
9005533
9005671
9005879
9005929
9005947
9006015
9006061
9006093
9006145
9006231
9006261
9006315
9006327
9006461
9006525
9006587
9006591
9006623
9006637
9006639
9006657
9006733
9006817
9006909
9006933
9007127
9007151
9007183
9007327
9007337
9007405
9007425
9007449
9007515
9007535
9007635
9007771
9007819
9008017
9008041
9008139
9008331
9008367
9008393
9008419
9008431
9008487
9008489
9008541
9008611
9008663
9008695
9008745
9008939
9009189
9009327
9009381
9009433
9009525
9009653
9009705
9009801
9009847
9009901
9009907
9009933
9009977
9010057
9010131
9010145
9010157
9010271
9010297
9010325
9010351
9010429
9010523
9010525
9010539
9010613
9010755
9010791
9010837
9010839
9010907
9010939
9011009
9011033
9011115
9011413
9011455
9011457
9011681
9011753
9011799
9011893
9012017
9012135
9012147
9012165
9012217
9012271
9012353
9012381
9012393
9012467
9012487
9012559
9012571
9012575
9012717
9012849
9012953
9012997
9013035
9013069
9013075
9013085
9013299
9013323
9013403
9013459
9013529
9013531
9013623
9013635
9013725
9013781
9013819
9013823
9013827
9013843
9013981
9014117
9014239
9014283
9014381
9014453
9014559
9014699
9014735
9014781
9014807
9014947
9014965
9014975
9015059
9015127
9015253
9015357
9015387
9015405
9015477
9015563
9015671
9015759
9015883
9015921
9015969
9016041
9016053
9016071
9016077
9016123
9016127
9016147
9016175
9016261
9016317
9016369
9016415
9016433
9016559
9016613
9016645
9017135
9017181
9017231
9017271
9017297
9017305
9017315
9017317
9017351
9017433
9017451
9017539
9017623
9017659
9017725
9017735
9017835
9017873
9018033
9018129
9018209
9018259
9018275
9018483
9018849
9018905
9018937
9018947
9018955
9019095
9019219
9019247
9019261
9019289
9019327
9019341
9019471
9019533
9019545
9019717
9019737
9019949
9020027
9020059
9020069
9020151
9020235
9020245
9020319
9020377
9020517
9020911
9020929
9021003
9021057
9021059
9021191
9021195
9021265
9021635
9021751
9021759
9021775
9021891
9021975
9021977
9022027
9022171
9022205
9022229
9022245
9022271
9022369
9022383
9022491
9022493
9022505
9022531
9022583
9022723
9022835
9022897
9023013
9023055
9023123
9023137
9023175
9023177
9023183
9023199
9023227
9023269
9023295
9023387
9023513
9023607
9023705
9023851
9023895
9023949
9023983
9023989
9024063
9024121
9024241
9024295
9024325
9024355
9024379
9024465
9024471
9024563
9024593
9024621
9024951
9024977
9025021
9025101
9025107
9025177
9025479
9025559
9025565
9025569
9025679
9025691
9025743
9025755
9025807
9025821
9025835
9025853
9025937
9025939
9026011
9026049
9026147
9026215
9026243
9026261
9026267
9026275
9026287
9026351
9026359
9026443
9026507
9026521
9026529
9026635
9026649
9026719
9026723
9026993
9027249
9027281
9027517
9027531
9027597
9027643
9027817
9027829
9027875
9027901
9027993
9028013
9028031
9028041
9028043
9028313
9028397
9028509
9028539
9028553
9028595
9028601
9028625
9028807
9028947
9028965
9029003
9029035
9029055
9029065
9029123
9029157
9029201
9029223
9029343
9029373
9029475
9029501
9029533
9029601
9029647
9029651
9029699
9029833
9029907
9029921
9029971
9029977
9030037
9030065
9030069
9030129
9030147
9030209
9030219
9030247
9030299
9030321
9030335
9030353
9030377
9030459
9030477
9030577
9030593
9030597
9030723
9030799
9030821
9030927
9031099
9031153
9031199
9031375
9031493
9031523
9031685
9031707
9031901
9031965
9032057
9032069
9032155
9032157
9032255
9032257
9032277
9032499
9032531
9032605
9032615
9032627
9032641
9032675
9032777
9032867
9032873
9033017
9033031
9033063
9033107
9033117
9033147
9033197
9033301
9033325
9033425
9033513
9033553
9033607
9033663
9033697
9033745
9033757
9033779
9033845
9033907
9034029
9034045
9034105
9034117
9034153
9034159
9034167
9034221
9034417
9034445
9034523
9034527
9034619
9034709
9034807
9034935
9034945
9035103
9035135
9035313
9035377
9035387
9035389
9035471
9035479
9035603
9035669
9035715
9035845
9035987
9036047
9036049
9036205
9036245
9036251
9036305
9036369
9036463
9036641
9036655
9036933
9036979
9037003
9037071
9037117
9037123
9037197
9037255
9037279
9037389
9037543
9037697
9037707
9037711
9037961
9038033
9038109
9038115
9038129
9038133
9038179
9038295
9038301
9038345
9038377
9038387
9038447
9038499
9038579
9038593
9038617
9038801
9038861
9038907
9038937
9039001
9039161
9039235
9039285
9039319
9039321
9039537
9039571
9039627
9039655
9039759
9039783
9039811
9039859
9039939
9040191
9040319
9040357
9040383
9040413
9040497
9040533
9040541
9040775
9040777
9040793
9040797
9040799
9040859
9040871
9040895
9040999
9041199
9041251
9041403
9041533
9041537
9041649
9041773
9041817
9041819
9041841
9041915
9041943
9041951
9042131
9042195
9042249
9042399
9042813
9042913
9043099
9043151
9043273
9043431
9043433
9043489
9043575
9043583
9043639
9043669
9043977
9043989
9044157
9044369
9044469
9044663
9044885
9044961
9045099
9045131
9045283
9045465
9045555
9045627
9045723
9045743
9045785
9045893
9045941
9046027
9046199
9046285
9046299
9046391
9046397
9046427
9046435
9046457
9046487
9046509
9046575
9046637
9046695
9046771
9046787
9046993
9047033
9047153
9047243
9047287
9047379
9047389
9047483
9047675
9047685
9047699
9047767
9047797
9047831
9047953
9047969
9048065
9048183
9048475
9048525
9048623
9048801
9048865
9048995
9049045
9049069
9049133
9049173
9049223
9049253
9049267
9049345
9049349
9049475
9049479
9049521
9049545
9049675
9049715
9049749
9050173
9050209
9050219
9050263
9050303
9050385
9050395
9050403
9050477
9050523
9050525
9050623
9050669
9050715
9050747
9050763
9050767
9050795
9050847
9050923
9050977
9051067
9051081
9051099
9051239
9051371
9051373
9051405
9051461
9051481
9051529
9051673
9051745
9051863
9051951
9052035
9052113
9052319
9052331
9052513
9052519
9052537
9052635
9052659
9052663
9052775
9053375
9053389
9053441
9053481
9053603
9053667
9053713
9053721
9053729
9053739
9054051
9054143
9054151
9054381
9054555
9054597
9054601
9054727
9054919
9055011
9055015
9055045
9055131
9055235
9055277
9055297
9055479
9055521
9055527
9055673
9055679
9055703
9055735
9055749
9055811
9055957
9055973
9056019
9056033
9056035
9056043
9056075
9056081
9056139
9056185
9056193
9056195
9056219
9056295
9056297
9056419
9056481
9056601
9056605
9056613
9056661
9056717
9056767
9056929
9056989
9057159
9057167
9057243
9057279
9057337
9057447
9057565
9057613
9057639
9057683
9057919
9057989
9058043
9058129
9058135
9058259
9058279
9058357
9058385
9058429
9058477
9058645
9058711
9058733
9058789
9058813
9058951
9059157
9059221
9059277
9059383
9059391
9059421
9059449
9059515
9059693
9059725
9059821
9059971
9060131
9060385
9060419
9060529
9060739
9060819
9060849
9060889
9060971
9061007
9061073
9061093
9061245
9061315
9061319
9061329
9061433
9061475
9061563
9061575
9061617
9061675
9061745
9061783
9061801
9061859
9061913
9061967
9062105
9062113
9062215
9062297
9062333
9062515
9062645
9062739
9062757
9062805
9062811
9062815
9062883
9062897
9062991
9063033
9063065
9063189
9063275
9063471
9063517
9063571
9063627
9063775
9063843
9063877
9063885
9063887
9063977
9063989
9064111
9064127
9064209
9064255
9064283
9064311
9064355
9064381
9064469
9064513
9064537
9064661
9064683
9064811
9064819
9064915
9065023
9065063
9065079
9065111
9065117
9065129
9065391
9065537
9065621
9065695
9065711
9065779
9065807
9065843
9065977
9066015
9066113
9066171
9066181
9066203
9066323
9066337
9066407
9066505
9066593
9066703
9066793
9066865
9066897
9067005
9067037
9067069
9067075
9067085
9067355
9067387
9067455
9067463
9067485
9067519
9067587
9067599
9067661
9067775
9067859
9067911
9068027
9068037
9068191
9068287
9068329
9068401
9068611
9068735
9068757
9068767
9068781
9068799
9068871
9068887
9068911
9068941
9069069
9069111
9069359
9069403
9069411
9069419
9069443
9069483
9069521
9069613
9069725
9069751
9069777
9069893
9070007
9070697
9070699
9070759
9070889
9070895
9071037
9071041
9071091
9071287
9071447
9071577
9071591
9071663
9071683
9071719
9071735
9071907
9072001
9072021
9072157
9072199
9072265
9072307
9072401
9072513
9072529
9072545
9072589
9072651
9072657
9072699
9072711
9072725
9072859
9073187
9073281
9073463
9073487
9074251
9074381
9074485
9074521
9074809
9074835
9074921
9074941
9074943
9074965
9075055
9075215
9075225
9075263
9075297
9075525
9075617
9075633
9075773
9075845
9075859
9075975
9075991
9076011
9076069
9076143
9076209
9076211
9076233
9076347
9076379
9076449
9076475
9076619
9076655
9076715
9076967
9077019
9077059
9077161
9077181
9077263
9077303
9077313
9077547
9077613
9077641
9077673
9077677
9077721
9077753
9077759
9077785
9077873
9077907
9077935
9078061
9078065
9078273
9078365
9078377
9078413
9078425
9078449
9078451
9078471
9078481
9078489
9078505
9078527
9078561
9078635
9078649
9078659
9078753
9078827
9078847
9078855
9078861
9078975
9078981
9078995
9079003
9079119
9079333
9079435
9079443
9079527
9079529
9079549
9079563
9079725
9079831
9080099
9080123
9080167
9080173
9080397
9080555
9080575
9080601
9080705
9080937
9080961
9080971
9081087
9081365
9081449
9081457
9081521
9081555
9081609
9081627
9081647
9081673
9081681
9081685
9081833
9081857
9081885
9082001
9082137
9082167
9082207
9082449
9082457
9082461
9082481
9082591
9082639
9082767
9082813
9082869
9082873
9082881
9082885
9082901
9082961
9082969
9083021
9083067
9083107
9083133
9083235
9083291
9083347
9083355
9083359
9083387
9083625
9083637
9083651
9083783
9083819
9083843
9083967
9083969
9084067
9084137
9084165
9084205
9084235
9084335
9084339
9084343
9084351
9084357
9084373
9084471
9084547
9084609
9084621
9084647
9084665
9084669
9084703
9084739
9084891
9084917
9085031
9085041
9085181
9085415
9085545
9085587
9085637
9085707
9085715
9085753
9085905
9085915
9086367
9086393
9086443
9086665
9086813
9086815
9086925
9086971
9087003
9087053
9087241
9087437
9087545
9087569
9087579
9087629
9087705
9087741
9087759
9087771
9087851
9087889
9088113
9088225
9088235
9088425
9088485
9088525
9088657
9088781
9089141
9089265
9089453
9089531
9089569
9089619
9089635
9089665
9089677
9089717
9089941
9089955
9089971
9090041
9090063
9090103
9090275
9090387
9090453
9090455
9090461
9090481
9090509
9090641
9090667
9090719
9090833
9090849
9090937
9090985
9091055
9091057
9091137
9091171
9091181
9091575
9091593
9091625
9091729
9092117
9092229
9092361
9092393
9092427
9092647
9092727
9092811
9092853
9092893
9092963
9093063
9093097
9093129
9093139
9093301
9093389
9093701
9093741
9093749
9093777
9093955
9094017
9094037
9094159
9094195
9094275
9094551
9094561
9094881
9094993
9095087
9095131
9095141
9095157
9095173
9095301
9095327
9095417
9095569
9095571
9095605
9095789
9095805
9095835
9095869
9095895
9095931
9096019
9096089
9096103
9096125
9096169
9096179
9096371
9096469
9096489
9096505
9096523
9096589
9096595
9096697
9097075
9097123
9097137
9097203
9097587
9097589
9097631
9097667
9097695
9097705
9097801
9097831
9097845
9097889
9097917
9097919
9097935
9097947
9097993
9098011
9098075
9098211
9098365
9098415
9098587
9098589
9098679
9098695
9098801
9098901
9098941
9099021
9099079
9099195
9099215
9099267
9099375
9099377
9099455
9099469
9099489
9099549
9099557
9099619
9099635
9099717
9099807
9099879
9099925
9100103
9100137
9100179
9100223
9100255
9100257
9100349
9100367
9100643
9100691
9100755
9100813
9100845
9100927
9100937
9100967
9101203
9101219
9101319
9101327
9101449
9101499
9101531
9101585
9101603
9101629
9101675
9101687
9101727
9101753
9101779
9101871
9101901
9101933
9101983
9102011
9102039
9102071
9102251
9102301
9102343
9102427
9102621
9102783
9102877
9102947
9102979
9103075
9103115
9103143
9103209
9103229
9103321
9103369
9103397
9103547
9103583
9103669
9103671
9103815
9103849
9103925
9104041
9104201
9104333
9104387
9104589
9104663
9105125
9105157
9105325
9105369
9105391
9105447
9105465
9105483
9105487
9105545
9105705
9105743
9105803
9105825
9105871
9105885
9105889
9105899
9105987
9106141
9106169
9106175
9106187
9106215
9106345
9106365
9106381
9106495
9106571
9106607
9106651
9106883
9106903
9106983
9107127
9107171
9107201
9107271
9107465
9107927
9108017
9108031
9108041
9108167
9108181
9108327
9108339
9108401
9108411
9108519
9108529
9108655
9108719
9108771
9108799
9108833
9109019
9109065
9109069
9109071
9109075
9109115
9109149
9109161
9109361
9109389
9109443
9109719
9109869
9109887
9109895
9109935
9109961
9109975
9110025
9110035
9110093
9110099
9110215
9110239
9110243
9110245
9110329
9110399
9110491
9110569
9110581
9110617
9110657
9110699
9110905
9110907
9110929
9110951
9111049
9111053
9111219
9111241
9111243
9111267
9111469
9111625
9111743
9111753
9111757
9111943
9111977
9111981
9112007
9112153
9112221
9112289
9112357
9112387
9112411
9112653
9112669
9112739
9112941
9112943
9113013
9113129
9113209
9113229
9113313
9113329
9113359
9113405
9113439
9113515
9113691
9113793
9113927
9113941
9114141
9114311
9114341
9114461
9114483
9114485
9114545
9114583
9114603
9114743
9114809
9114863
9114879
9114953
9115007
9115015
9115123
9115285
9115381
9115439
9115687
9115711
9115743
9115755
9115895
9115909
9116141
9116285
9116419
9116443
9116445
9116513
9116601
9116647
9116761
9116857
9116873
9116885
9116917
9117021
9117029
9117137
9117175
9117401
9117449
9117483
9117551
9117607
9117723
9117735
9117757
9118085
9118097
9118167
9118265
9118291
9118423
9118445
9118461
9118509
9118541
9118681
9118723
9118747
9118761
9118861
9118913
9118959
9118979
9119003
9119093
9119149
9119167
9119345
9119383
9119471
9119499
9119551
9119553
9119575
9119627
9119785
9119839
9119943
9120025
9120087
9120103
9120217
9120243
9120291
9120365
9120489
9120759
9120815
9120885
9120903
9120971
9121043
9121105
9121125
9121135
9121225
9121233
9121411
9121503
9121525
9121551
9121593
9121607
9121643
9121701
9121841
9121927
9121963
9122197
9122261
9122357
9122499
9122591
9122631
9122817
9122929
9123029
9123031
9123047
9123091
9123153
9123233
9123329
9123401
9123465
9123527
9123633
9123767
9123851
9123857
9124005
9124063
9124191
9124359
9124425
9124473
9124629
9124661
9124821
9124901
9124961
9125007
9125083
9125121
9125201
9125347
9125371
9125405
9125581
9125639
9125735
9125953
9126065
9126067
9126163
9126269
9126271
9126289
9126369
9126465
9126547
9126585
9126647
9126677
9126687
9126701
9126737
9126789
9126937
9127013
9127159
9127179
9127199
9127397
9127567
9127669
9127759
9127885
9127923
9127951
9127955
9127973
9127979
9128067
9128083
9128091
9128149
9128251
9128377
9128433
9128475
9128643
9128645
9128669
9128745
9128823
9128945
9128963
9128971
9128985
9129041
9129089
9129095
9129299
9129301
9129483
9129637
9129657
9129673
9129675
9129723
9129799
9129963
9129967
9129975
9129997
9130225
9130309
9130383
9130391
9130447
9130523
9130581
9130633
9130649
9130703
9130719
9130781
9130831
9130941
9130973
9131107
9131135
9131171
9131241
9131289
9131355
9131523
9131539
9131627
9131679
9131735
9131775
9131981
9132125
9132209
9132381
9132415
9132573
9132583
9132659
9132707
9132841
9132847
9132851
9133023
9133047
9133051
9133085
9133125
9133189
9133247
9133329
9133367
9133741
9134031
9134093
9134389
9134701
9134775
9134851
9134899
9134909
9134985
9135043
9135187
9135213
9135363
9135367
9135371
9135463
9135497
9135611
9135619
9135775
9135809
9135817
9135837
9136115
9136151
9136223
9136247
9136429
9136563
9136581
9136589
9136659
9136677
9136927
9136941
9136999
9137093
9137099
9137351
9137443
9137453
9137537
9137647
9137651
9137745
9137809
9137829
9137871
9137911
9137925
9138123
9138191
9138259
9138321
9138347
9138417
9138427
9138537
9138557
9138567
9138863
9138969
9138987
9139027
9139227
9139343
9139493
9139511
9139567
9139575
9139653
9139655
9139663
9139849
9139921
9139937
9140089
9140121
9140177
9140207
9140297
9140317
9140319
9140337
9140345
9140351
9140363
9140507
9140557
9140597
9140617
9140661
9140809
9140831
9141029
9141047
9141059
9141167
9141207
9141269
9141359
9141363
9141385
9141463
9141603
9141645
9141787
9141833
9142017
9142041
9142117
9142161
9142221
9142285
9142371
9142527
9142607
9142631
9142671
9142679
9142709
9142751
9142795
9142889
9142935
9142973
9142999
9143097
9143171
9143335
9143377
9143397
9143403
9143559
9143581
9143625
9143693
9143723
9143741
9143959
9143981
9144029
9144097
9144143
9144151
9144191
9144497
9144521
9144553
9144561
9144567
9144611
9144621
9144667
9144693
9144725
9144789
9144813
9144901
9144981
9144993
9145085
9145339
9145509
9145655
9145657
9145863
9145975
9145977
9146023
9146115
9146143
9146227
9146243
9146275
9146317
9146349
9146361
9146385
9146461
9146475
9146583
9146619
9146651
9146753
9146879
9146915
9147013
9147039
9147097
9147171
9147187
9147201
9147229
9147235
9147317
9147323
9147493
9147691
9147719
9147729
9147937
9147997
9148057
9148087
9148135
9148159
9148279
9148323
9148537
9148569
9148599
9148745
9148863
9148979
9149037
9149069
9149161
9149209
9149245
9149267
9149345
9149465
9149481
9149523
9149533
9149631
9149633
9149639
9149779
9149917
9149975
9150015
9150059
9150093
9150261
9150305
9150325
9150371
9150549
9150597
9150653
9150793
9150821
9150851
9150861
9150871
9150975
9151041
9151151
9151261
9151341
9151405
9151443
9151461
9151527
9151597
9151655
9151751
9151857
9152063
9152065
9152187
9152203
9152333
9152347
9152419
9152449
9152579
9152603
9152629
9152695
9152747
9152821
9152877
9152897
9152925
9152941
9153141
9153247
9153261
9153301
9153311
9153343
9153417
9153423
9153631
9153829
9154073
9154115
9154145
9154163
9154187
9154189
9154369
9154401
9154607
9154703
9154799
9154873
9155007
9155013
9155189
9155239
9155367
9155417
9155435
9155437
9155441
9155479
9155507
9155553
9155619
9155697
9155723
9155819
9155837
9155901
9155949
9156033
9156059
9156143
9156145
9156189
9156213
9156223
9156255
9156261
9156291
9156487
9156577
9156603
9156831
9156857
9156923
9156985
9156999
9157069
9157087
9157291
9157321
9157361
9157417
9157443
9157549
9157695
9157747
9157775
9158039
9158319
9158361
9158395
9158427
9158681
9158779
9158963
9159021
9159069
9159153
9159157
9159307
9159365
9159451
9159565
9159683
9159775
9159813
9159993
9160019
9160025
9160157
9160231
9160261
9160269
9160415
9160499
9160539
9160599
9160627
9160677
9160863
9160873
9160939
9161003
9161053
9161083
9161099
9161151
9161181
9161247
9161319
9161467
9161473
9161499
9161527
9161535
9161569
9161629
9161707
9161801
9161811
9162175
9162387
9162463
9162469
9162653
9162739
9162755
9162773
9162789
9162819
9162821
9162951
9163087
9163165
9163219
9163309
9163435
9163483
9163485
9163505
9163541
9163581
9163795
9163801
9163965
9164027
9164139
9164179
9164213
9164247
9164287
9164309
9164457
9164467
9164551
9164639
9164681
9164719
9164957
9164979
9165019
9165041
9165051
9165085
9165089
9165121
9165159
9165171
9165181
9165203
9165237
9165345
9165389
9165521
9165523
9165541
9165601
9165617
9165735
9165745
9165765
9165781
9165865
9165869
9165877
9166115
9166159
9166171
9166193
9166249
9166269
9166285
9166495
9166561
9166601
9166629
9166635
9166785
9166889
9166921
9166959
9167201
9167357
9167437
9167439
9167513
9167545
9167749
9167821
9167833
9167865
9167883
9167897
9167961
9168031
9168051
9168157
9168181
9168325
9168381
9168399
9168469
9168655
9168699
9168799
9168871
9168963
9168981
9169163
9169187
9169255
9169277
9169481
9169529
9169685
9169873
9169961
9169965
9170031
9170057
9170243
9170247
9170423
9170493
9170553
9170583
9170679
9170737
9170849
9171157
9171193
9171217
9171241
9171275
9171407
9171447
9171459
9171637
9171835
9171895
9171899
9171969
9171975
9172047
9172067
9172159
9172161
9172267
9172287
9172329
9172461
9172481
9172497
9172521
9172567
9172863
9172915
9172987
9173013
9173447
9173557
9173613
9173639
9173691
9173731
9173929
9174211
9174225
9174253
9174301
9174309
9174349
9174481
9174553
9174587
9174663
9174669
9174671
9174741
9174761
9174853
9174953
9174983
9174995
9175129
9175351
9175571
9175589
9175601
9175651
9175683
9175763
9175777
9175799
9175899
9175931
9176009
9176063
9176109
9176273
9176281
9176353
9176359
9176391
9176603
9176625
9176675
9176693
9176747
9176779
9176821
9176841
9176895
9176903
9177069
9177253
9177293
9177417
9177561
9177643
9177645
9177719
9177723
9177875
9177961
9177985
9178065
9178531
9178577
9178601
9178733
9178797
9178841
9179015
9179099
9179139
9179151
9179193
9179207
9179219
9179267
9179341
9179407
9179441
9179465
9179497
9179525
9179689
9179767
9179777
9180001
9180083
9180101
9180129
9180317
9180431
9180771
9180773
9180783
9180849
9180869
9180937
9180951
9180967
9181017
9181151
9181277
9181339
9181363
9181397
9181425
9181449
9181607
9181731
9181739
9181841
9182125
9182157
9182167
9182187
9182359
9182365
9182379
9182437
9182549
9182597
9182619
9182633
9182655
9182685
9182697
9182703
9182835
9182869
9182947
9182955
9183013
9183083
9183137
9183171
9183201
9183215
9183373
9183541
9183555
9183593
9183877
9183987
9184047
9184321
9184373
9184395
9184453
9184503
9184539
9184595
9184643
9184655
9184687
9184709
9184835
9184883
9184909
9184941
9184967
9185075
9185139
9185243
9185259
9185331
9185357
9185909
9186007
9186105
9186111
9186119
9186155
9186187
9186395
9186489
9186591
9186677
9186717
9186829
9186895
9186909
9186965
9187043
9187137
9187149
9187197
9187205
9187285
9187323
9187469
9187479
9187555
9187623
9187671
9187695
9187703
9187727
9187775
9188023
9188105
9188149
9188187
9188201
9188265
9188301
9188361
9188409
9188507
9188563
9188573
9188719
9188787
9188811
9188821
9189053
9189097
9189259
9189281
9189343
9189439
9189495
9189601
9189621
9189733
9189743
9189889
9190059
9190121
9190143
9190179
9190203
9190221
9190263
9190315
9190513
9190691
9190965
9190993
9191049
9191065
9191107
9191155
9191171
9191203
9191321
9191435
9191525
9191567
9191605
9191637
9191677
9191679
9191715
9191729
9192091
9192337
9192395
9192673
9192697
9192847
9192899
9192913
9192967
9192971
9193039
9193053
9193061
9193071
9193143
9193347
9193551
9193561
9193571
9193645
9193661
9193689
9193857
9194019
9194073
9194077
9194169
9194325
9194365
9194409
9194423
9194435
9194457
9194467
9194471
9194527
9194559
9194565
9194603
9194731
9194817
9194859
9194911
9194921
9194935
9194991
9195001
9195109
9195357
9195389
9195395
9195433
9195467
9195559
9195607
9195753
9195795
9196093
9196147
9196247
9196311
9196433
9196499
9196535
9196649
9196755
9196759
9196761
9196817
9196951
9197125
9197181
9197187
9197323
9197357
9197363
9197411
9197459
9197505
9197509
9197527
9197571
9197629
9197725
9197751
9197849
9197853
9197889
9197897
9197911
9198117
9198161
9198409
9198413
9198445
9198475
9198629
9198687
9198779
9198909
9198913
9198919
9198947
9198969
9198991
9199069
9199253
9199329
9199347
9199393
9199407
9199697
9199711
9199781
9199835
9199845
9199907
9200079
9200111
9200143
9200177
9200225
9200247
9200265
9200279
9200353
9200363
9200391
9200471
9200497
9200521
9200639
9200677
9200757
9200791
9200845
9200869
9200999
9201091
9201121
9201307
9201309
9201441
9201493
9201599
9201673
9201689
9201735
9201747
9201913
9201999
9202003
9202067
9202085
9202155
9202237
9202267
9202303
9202359
9202443
9202511
9202583
9202765
9202877
9202889
9202951
9203005
9203077
9203137
9203473
9203537
9203659
9203723
9203777
9203983
9204273
9204495
9204615
9204687
9204717
9204807
9204885
9204899
9204915
9204943
9205021
9205027
9205091
9205239
9205341
9205379
9205385
9205419
9205577
9205753
9205873
9205947
9206039
9206185
9206345
9206381
9206389
9206421
9206475
9206609
9206773
9207045
9207167
9207207
9207231
9207241
9207263
9207393
9207451
9207481
9207563
9207595
9207601
9207605
9207631
9207839
9207921
9208025
9208107
9208233
9208267
9208281
9208309
9208369
9208437
9208477
9208515
9208589
9208739
9208865
9208889
9208907
9208911
9208947
9208959
9208991
9209091
9209139
9209245
9209273
9209301
9209327
9209385
9209539
9209793
9209819
9209873
9209877
9209969
9210061
9210345
9210397
9210433
9210507
9210567
9210575
9210851
9210879
9210903
9210923
9210927
9210983
9210999
9211085
9211091
9211117
9211201
9211207
9211221
9211243
9211503
9211611
9211671
9211703
9211717
9211835
9211857
9211873
9211961
9211979
9212291
9212393
9212395
9212449
9212453
9212561
9212563
9212623
9212637
9212673
9212725
9212825
9212843
9212883
9212961
9213045
9213087
9213155
9213279
9213325
9213355
9213439
9213471
9213489
9213537
9213589
9213637
9213743
9213805
9213815
9213857
9213879
9213933
9213997
9214209
9214307
9214387
9214449
9214467
9214497
9214613
9214621
9214665
9214903
9214915
9215017
9215193
9215197
9215209
9215293
9215339
9215349
9215395
9215481
9215573
9215641
9215711
9215863
9215865
9215891
9215933
9215969
9216017
9216061
9216089
9216275
9216385
9216415
9216443
9216505
9216781
9216795
9216847
9216879
9217011
9217041
9217149
9217187
9217209
9217255
9217257
9217333
9217401
9217403
9217513
9217765
9217773
9217797
9217931
9217993
9218205
9218257
9218311
9218341
9218369
9218457
9218495
9218499
9218657
9218733
9218863
9218871
9219171
9219209
9219227
9219235
9219265
9219279
9219297
9219357
9219449
9219495
9219615
9219691
9219839
9219859
9219889
9219911
9219921
9220041
9220053
9220215
9220311
9220351
9220393
9220415
9220439
9220465
9220511
9220615
9220639
9220683
9220943
9221005
9221021
9221063
9221187
9221251
9221257
9221301
9221345
9221415
9221499
9221571
9221587
9221677
9221715
9221729
9221731
9221733
9221759
9221789
9221879
9221889
9221905
9222081
9222089
9222169
9222175
9222185
9222251
9222277
9222359
9222493
9222495
9222651
9222739
9222773
9222791
9222833
9222835
9222947
9223075
9223099
9223113
9223147
9223159
9223257
9223261
9223277
9223293
9223307
9223335
9223461
9223479
9223521
9223699
9223769
9223783
9223811
9224093
9224101
9224149
9224151
9224391
9224407
9224499
9224523
9224721
9224761
9224865
9225059
9225085
9225171
9225207
9225229
9225473
9225561
9225571
9225611
9225629
9225659
9225811
9225935
9225939
9226031
9226141
9226161
9226441
9226539
9226557
9226619
9226641
9226917
9226981
9227109
9227187
9227243
9227245
9227293
9227443
9227447
9227573
9227639
9227701
9227797
9227801
9227853
9227897
9228007
9228009
9228011
9228021
9228131
9228451
9228457
9228575
9228651
9228659
9228683
9228739
9228813
9228895
9228909
9228937
9228945
9229001
9229049
9229125
9229189
9229203
9229265
9229355
9229397
9229435
9229491
9229631
9229833
9229859
9230157
9230301
9230331
9230409
9230435
9230483
9230537
9230613
9230617
9230633
9230691
9230803
9230835
9230901
9230917
9230947
9230991
9231225
9231231
9231353
9231443
9231467
9231495
9231499
9231511
9231579
9231651
9232159
9232269
9232273
9232495
9232513
9232539
9232545
9232649
9232693
9232789
9232843
9232953
9233223
9233225
9233237
9233251
9233333
9233465
9233729
9233811
9233839
9233843
9233851
9233981
9233983
9234049
9234167
9234537
9234563
9234599
9234673
9234709
9234759
9234819
9234863
9235061
9235153
9235341
9235399
9235405
9235451
9235463
9235483
9235687
9235939
9236099
9236121
9236243
9236411
9236421
9236485
9236517
9236693
9236761
9236781
9236933
9236979
9237063
9237069
9237125
9237211
9237219
9237323
9237339
9237417
9237513
9237553
9237557
9237569
9237577
9237579
9237603
9237609
9237723
9237871
9237877
9237881
9237887
9237949
9238081
9238097
9238221
9238251
9238415
9238459
9238507
9238589
9238627
9238633
9238635
9238689
9238701
9238821
9239039
9239057
9239073
9239081
9239115
9239141
9239263
9239469
9239471
9239473
9239491
9239529
9239585
9239589
9239663
9239793
9239871
9239875
9240033
9240063
9240209
9240213
9240215
9240291
9240327
9240353
9240389
9240393
9240425
9240441
9240461
9240505
9240597
9240601
9240717
9240831
9240861
9240913
9240937
9241011
9241029
9241089
9241161
9241163
9241179
9241195
9241311
9241369
9241595
9241601
9241617
9241651
9241693
9241725
9241759
9241821
9241959
9242001
9242085
9242165
9242333
9242337
9242483
9242531
9242545
9242573
9242719
9242795
9242807
9242853
9242863
9242933
9242957
9242961
9242969
9243239
9243289
9243355
9243359
9243443
9243515
9243633
9243671
9243675
9243715
9243745
9243853
9243863
9243943
9244087
9244125
9244159
9244175
9244255
9244355
9244441
9244447
9244591
9244629
9244693
9244779
9245023
9245127
9245215
9245227
9245361
9245479
9245499
9245537
9245599
9245647
9245659
9245693
9245743
9245851
9246017
9246033
9246047
9246187
9246217
9246337
9246407
9246417
9246469
9246511
9246659
9246669
9246811
9246851
9246901
9246961
9247023
9247099
9247163
9247213
9247285
9247377
9247395
9247397
9247455
9247519
9247749
9247763
9247777
9247813
9247883
9247969
9248083
9248209
9248415
9248519
9248569
9248683
9248763
9248843
9248853
9248903
9249165
9249217
9249307
9249353
9249423
9249509
9249589
9249685
9249719
9249743
9249809
9249991
9250015
9250067
9250087
9250121
9250129
9250179
9250393
9250415
9250437
9250507
9250599
9250657
9250705
9250817
9250913
9250927
9250929
9251105
9251183
9251377
9251437
9251485
9251619
9251751
9251813
9251825
9251941
9252019
9252089
9252207
9252239
9252253
9252257
9252273
9252329
9252363
9252445
9252469
9252625
9252653
9252669
9252673
9252697
9252749
9252787
9252883
9252921
9252993
9253009
9253033
9253057
9253135
9253209
9253253
9253401
9253477
9253533
9253591
9253727
9253929
9254099
9254153
9254221
9254387
9254479
9254575
9254583
9254625
9254683
9254831
9254875
9254979
9254993
9255003
9255137
9255237
9255379
9255499
9255511
9255649
9255697
9255699
9255749
9255765
9255831
9255839
9255893
9255943
9255965
9255983
9256215
9256223
9256239
9256251
9256405
9256419
9256421
9256501
9256529
9256551
9256657
9256661
9256695
9256701
9256791
9256893
9257187
9257239
9257279
9257301
9257349
9257459
9257569
9257577
9257585
9257663
9257685
9257689
9257761
9257767
9257863
9257961
9258019
9258029
9258055
9258083
9258093
9258107
9258155
9258201
9258219
9258273
9258465
9258497
9258517
9258555
9258625
9258657
9258737
9258755
9258771
9258817
9258837
9258855
9259037
9259201
9259239
9259293
9259415
9259491
9259523
9259567
9259631
9259743
9259793
9259799
9259801
9259965
9260081
9260115
9260153
9260167
9260169
9260185
9260195
9260215
9260315
9260431
9260487
9260499
9260631
9260919
9260941
9260993
9261007
9261077
9261107
9261179
9261233
9261253
9261313
9261323
9261613
9261631
9261851
9261905
9261923
9262055
9262085
9262103
9262121
9262125
9262183
9262347
9262395
9262527
9262535
9262537
9262631
9262709
9262733
9262827
9263007
9263033
9263245
9263301
9263525
9263589
9263613
9263679
9263787
9264009
9264033
9264039
9264085
9264303
9264329
9264371
9264427
9264463
9264605
9264707
9264769
9264775
9264819
9264891
9265019
9265057
9265101
9265133
9265205
9265237
9265317
9265511
9265709
9265717
9265807
9265915
9265963
9266289
9266303
9266311
9266393
9266447
9266661
9266727
9266957
9266969
9267087
9267113
9267153
9267215
9267349
9267391
9267427
9267461
9267479
9267509
9267621
9267667
9267683
9267757
9267859
9268019
9268167
9268193
9268217
9268279
9268411
9268485
9268503
9268785
9268799
9268873
9268907
9268927
9269045
9269117
9269129
9269237
9269259
9269291
9269529
9269683
9269695
9269797
9269865
9269879
9269889
9269897
9269989
9270183
9270229
9270267
9270279
9270323
9270391
9270431
9270473
9270549
9270581
9270583
9270589
9270607
9270639
9270735
9270749
9270759
9270815
9270887
9270913
9270965
9270983
9271029
9271075
9271097
9271113
9271187
9271189
9271237
9271247
9271249
9271325
9271383
9271407
9271465
9271567
9271731
9271799
9271817
9271821
9271829
9272011
9272097
9272139
9272169
9272217
9272393
9272431
9272723
9272765
9272819
9272825
9272845
9272893
9272897
9272899
9272975
9272983
9273017
9273237
9273275
9273295
9273541
9273591
9273787
9273839
9273891
9273919
9274035
9274193
9274281
9274335
9274395
9274567
9274611
9274763
9274841
9274857
9274979
9275075
9275131
9275167
9275237
9275253
9275307
9275317
9275321
9275463
9275467
9275551
9275571
9275575
9275631
9275673
9275769
9275829
9275937
9275951
9275999
9276003
9276013
9276031
9276051
9276305
9276315
9276335
9276413
9276427
9276515
9276519
9276649
9276667
9276681
9276729
9276845
9276901
9276909
9276975
9277123
9277155
9277175
9277273
9277311
9277381
9277461
9277507
9277673
9277699
9277777
9278007
9278013
9278045
9278073
9278141
9278179
9278373
9278449
9278661
9278707
9278739
9278773
9278915
9278923
9278949
9278973
9279153
9279193
9279369
9279409
9279415
9279543
9279589
9279607
9279633
9279737
9279749
9279775
9279825
9279861
9280029
9280137
9280351
9280475
9280511
9280573
9280725
9280793
9280867
9281045
9281165
9281259
9281265
9281275
9281337
9281463
9281499
9281711
9281739
9281771
9281851
9281893
9281983
9282183
9282277
9282285
9282319
9282411
9282423
9282433
9282607
9282611
9282673
9282861
9282879
9282897
9282959
9283251
9283305
9283311
9283319
9283347
9283373
9283465
9283529
9283555
9283611
9283711
9283809
9283847
9283869
9283943
9283949
9284027
9284069
9284237
9284417
9284429
9284461
9284479
9284567
9284677
9284765
9284945
9285309
9285369
9285383
9285417
9285527
9285529
9285579
9285673
9285839
9285841
9285845
9285957
9285981
9286047
9286183
9286195
9286245
9286259
9286287
9286471
9286485
9286647
9286699
9286867
9286885
9286973
9287005
9287021
9287053
9287197
9287323
9287327
9287347
9287379
9287447
9287541
9287571
9287665
9288019
9288261
9288397
9288515
9288529
9288689
9288751
9288857
9288917
9288963
9289103
9289227
9289271
9289377
9289391
9289701
9289787
9289825
9289845
9289867
9290171
9290239
9290243
9290255
9290345
9290477
9290561
9290573
9290631
9290661
9290769
9290779
9290793
9291039
9291075
9291109
9291161
9291183
9291211
9291233
9291603
9291751
9291765
9291795
9291863
9291873
9291909
9291921
9291991
9292061
9292211
9292233
9292269
9292369
9292391
9292445
9292577
9292593
9292657
9292747
9292759
9292779
9292791
9292855
9292873
9293021
9293117
9293169
9293271
9293273
9293455
9293597
9293613
9293663
9293817
9293847
9293865
9294077
9294213
9294251
9294329
9294403
9294503
9294513
9294589
9294605
9294613
9294635
9294809
9294863
9295069
9295113
9295287
9295291
9295299
9295311
9295355
9295513
9295603
9295607
9295739
9295741
9295839
9295865
9295941
9296057
9296077
9296081
9296347
9296381
9296457
9296587
9296713
9296749
9296789
9296807
9296869
9297019
9297031
9297259
9297481
9297719
9297753
9297821
9297829
9297843
9298011
9298151
9298199
9298409
9298419
9298425
9298535
9298553
9298573
9298579
9298713
9298721
9298735
9298771
9298865
9298903
9298913
9299003
9299171
9299257
9299289
9299299
9299355
9299385
9299433
9299483
9299577
9299627
9299867
9299975
9299995
9300031
9300091
9300117
9300225
9300285
9300355
9300357
9300375
9300381
9300521
9300563
9300575
9300655
9300725
9300757
9300773
9300783
9300805
9300829
9300919
9300959
9301129
9301201
9301313
9301365
9301607
9301735
9301753
9301837
9301971
9302025
9302127
9302165
9302241
9302291
9302341
9302401
9302495
9302501
9302541
9302565
9302591
9302613
9302661
9302701
9302783
9302797
9302839
9302859
9302957
9302983
9303011
9303077
9303097
9303283
9303329
9303645
9303681
9303729
9303847
9303859
9303869
9303889
9303917
9303923
9303933
9304021
9304057
9304081
9304175
9304247
9304341
9304403
9304481
9304521
9304545
9304641
9304661
9304701
9304703
9304711
9304769
9304787
9304931
9304937
9304987
9305027
9305129
9305317
9305323
9305429
9305575
9305599
9305635
9305703
9305705
9305751
9305911
9305943
9305995
9306039
9306109
9306175
9306273
9306299
9306377
9306389
9306415
9306749
9306767
9306787
9306821
9306859
9306863
9306867
9306959
9306965
9307041
9307059
9307121
9307125
9307361
9307373
9307403
9307463
9307573
9307579
9307651
9307885
9307947
9308013
9308049
9308081
9308095
9308133
9308185
9308287
9308289
9308301
9308425
9308491
9308529
9308621
9308637
9308701
9308743
9308859
9308975
9309009
9309399
9309443
9309451
9309463
9309561
9309631
9309677
9309747
9309823
9309845
9309877
9309927
9309953
9310045
9310049
9310061
9310121
9310347
9310377
9310541
9310547
9310595
9310765
9310849
9310871
9310877
9310893
9310947
9310969
9311019
9311043
9311079
9311137
9311151
9311177
9311331
9311347
9311483
9311637
9311665
9311703
9311799
9311805
9311957
9311971
9312041
9312145
9312295
9312301
9312363
9312375
9312389
9312395
9312469
9312685
9312701
9312729
9312889
9312933
9312991
9313077
9313111
9313127
9313185
9313271
9313283
9313297
9313301
9313411
9313459
9313509
9313513
9313519
9313539
9313569
9313605
9313703
9313767
9313787
9313831
9313865
9314095
9314107
9314151
9314163
9314239
9314289
9314291
9314305
9314323
9314437
9314447
9314523
9314561
9314583
9314667
9314861
9314867
9314933
9314985
9314989
9314993
9315029
9315119
9315127
9315495
9315551
9315571
9315629
9315679
9315781
9315887
9315895
9315945
9315965
9316003
9316333
9316339
9316351
9316521
9316659
9316691
9316791
9316909
9316959
9316965
9317013
9317255
9317409
9317461
9317481
9317579
9317661
9317759
9317767
9317923
9317927
9317931
9317949
9318099
9318307
9318361
9318367
9318405
9318415
9318573
9318635
9318689
9318701
9318755
9318787
9318807
9318817
9318823
9318919
9319079
9319315
9319331
9319361
9319389
9319451
9319485
9319493
9319545
9319549
9319569
9319645
9319673
9319771
9319875
9319879
9319933
9319941
9319987
9320099
9320117
9320127
9320277
9320307
9320453
9320497
9320757
9320767
9320821
9320835
9320923
9321003
9321037
9321109
9321129
9321401
9321421
9321467
9321479
9321589
9321601
9321895
9322001
9322081
9322121
9322145
9322147
9322203
9322249
9322285
9322299
9322451
9322591
9322611
9322621
9322657
9322753
9322759
9322765
9323101
9323161
9323291
9323301
9323365
9323455
9323489
9323637
9323647
9324035
9324245
9324313
9324363
9324403
9324455
9324513
9324607
9324645
9324689
9324713
9324731
9324779
9324833
9325163
9325197
9325219
9325283
9325287
9325415
9325423
9325483
9325497
9325501
9325521
9325679
9325721
9325785
9325889
9325965
9326367
9326387
9326417
9326421
9326491
9326493
9326537
9326655
9326703
9326721
9326831
9326913
9327079
9327131
9327211
9327243
9327333
9327375
9327513
9327533
9327577
9327607
9327649
9327697
9327805
9327915
9328005
9328029
9328195
9328323
9328425
9328681
9328839
9328869
9328875
9328925
9328939
9328985
9328991
9329013
9329067
9329147
9329271
9329325
9329533
9329659
9329707
9329825
9329869
9329897
9329919
9329941
9329945
9329967
9330017
9330099
9330135
9330189
9330205
9330279
9330339
9330529
9330559
9330673
9330731
9330941
9331023
9331109
9331239
9331313
9331321
9331335
9331401
9331501
9331505
9331603
9331647
9331813
9331847
9331891
9331973
9332091
9332177
9332263
9332283
9332343
9332393
9332441
9332679
9332725
9332753
9332771
9332783
9332857
9332963
9333241
9333307
9333405
9333423
9333437
9333475
9333477
9333639
9333705
9333801
9333835
9333837
9333899
9333943
9333979
9334143
9334153
9334235
9334349
9334503
9334509
9334603
9334605
9334731
9334939
9334973
9335007
9335011
9335049
9335439
9335449
9335475
9335487
9335511
9335577
9335681
9335771
9335847
9335857
9335899
9335977
9336207
9336209
9336237
9336363
9336387
9336405
9336469
9336481
9336509
9336547
9336549
9336595
9336667
9336741
9336939
9336955
9336967
9337051
9337163
9337205
9337227
9337249
9337269
9337313
9337331
9337417
9337463
9337537
9337543
9337565
9337581
9337597
9337643
9337727
9337809
9337923
9338033
9338053
9338151
9338229
9338243
9338273
9338279
9338287
9338305
9338389
9338405
9338415
9338517
9338545
9338551
9338595
9338847
9338877
9338941
9338965
9339065
9339081
9339199
9339385
9339419
9339433
9339475
9339609
9339637
9339759
9339781
9339899
9339925
9339963
9340081
9340119
9340195
9340303
9340315
9340329
9340353
9340489
9340503
9340507
9340553
9340615
9340669
9340679
9340751
9340865
9340913
9340941
9340959
9341125
9341159
9341161
9341235
9341387
9341447
9341531
9341593
9341699
9341863
9341873
9341877
9341919
9342199
9342225
9342249
9342273
9342311
9342367
9342387
9342401
9342405
9342433
9342465
9342541
9342555
9342625
9342733
9343087
9343319
9343431
9343767
9343875
9343881
9343889
9343913
9343915
9343957
9344027
9344097
9344175
9344341
9344603
9344631
9344665
9344671
9344691
9344745
9344755
9344817
9344847
9344865
9344943
9344977
9344995
9345009
9345103
9345145
9345209
9345227
9345339
9345611
9345641
9345793
9345817
9345943
9346061
9346169
9346245
9346265
9346295
9346421
9346443
9346473
9346541
9346567
9346603
9346629
9346653
9346763
9346787
9346847
9347025
9347029
9347127
9347139
9347265
9347285
9347417
9347481
9347529
9347597
9347617
9347625
9347667
9347727
9347791
9347809
9347847
9347879
9347881
9348001
9348111
9348359
9348481
9348609
9348635
9348641
9348701
9348737
9348835
9348887
9348959
9349067
9349227
9349257
9349371
9349411
9349443
9349747
9349773
9349841
9349845
9349869
9349991
9350061
9350097
9350193
9350299
9350445
9350455
9350517
9350659
9350695
9350713
9350879
9350893
9351027
9351097
9351191
9351205
9351325
9351377
9351419
9351571
9351637
9351767
9351863
9351873
9351881
9352125
9352287
9352305
9352311
9352337
9352439
9352485
9352669
9352705
9353093
9353117
9353125
9353193
9353227
9353343
9353463
9353557
9353645
9353669
9353719
9353725
9353813
9353905
9353977
9353987
9354019
9354131
9354213
9354317
9354321
9354689
9354767
9354853
9354875
9354947
9355041
9355175
9355271
9355373
9355429
9355461
9355497
9355649
9355841
9355855
9355887
9355903
9355991
9356161
9356257
9356269
9356305
9356311
9356355
9356647
9356655
9356695
9356767
9356773
9356805
9356851
9356933
9357105
9357111
9357197
9357219
9357263
9357305
9357311
9357323
9357529
9357785
9357875
9357903
9357981
9358129
9358139
9358237
9358395
9358423
9358461
9358925
9359137
9359241
9359261
9359307
9359471
9359477
9359569
9359609
9359619
9359697
9359777
9359807
9359823
9359825
9359959
9360033
9360051
9360053
9360125
9360161
9360209
9360295
9360343
9360381
9360473
9360497
9360505
9360611
9360723
9360773
9360887
9360889
9360971
9361129
9361163
9361319
9361509
9361729
9361783
9361819
9361885
9362003
9362083
9362209
9362303
9362331
9362419
9362607
9362651
9362657
9362767
9362771
9362779
9363011
9363045
9363057
9363101
9363107
9363131
9363187
9363217
9363289
9363421
9363423
9363441
9363451
9363509
9363531
9363551
9363601
9363629
9363647
9363677
9363701
9363717
9363803
9363859
9363983
9364049
9364053
9364183
9364441
9364461
9364469
9364613
9364805
9364849
9364869
9364955
9364999
9365003
9365051
9365059
9365139
9365169
9365289
9365365
9365381
9365439
9365545
9365569
9365583
9365627
9365635
9365677
9365723
9365743
9365761
9365859
9365943
9365957
9365979
9366065
9366087
9366099
9366101
9366117
9366283
9366311
9366351
9366403
9366431
9366483
9366529
9366629
9366673
9366713
9366725
9366895
9367031
9367035
9367057
9367127
9367207
9367249
9367291
9367313
9367317
9367409
9367637
9367681
9367725
9367775
9367861
9367863
9367865
9367897
9367945
9367951
9368017
9368059
9368119
9368449
9368529
9368575
9368589
9368601
9368631
9368647
9368655
9368677
9368743
9368827
9369073
9369125
9369197
9369591
9369611
9369765
9369839
9369853
9369865
9370041
9370089
9370153
9370175
9370407
9370459
9370493
9370549
9370847
9370869
9370915
9370929
9371003
9371017
9371243
9371257
9371311
9371361
9371467
9371553
9371827
9371851
9371925
9372151
9372161
9372215
9372241
9372253
9372307
9372331
9372393
9372507
9372539
9372557
9372643
9372779
9372845
9372891
9372969
9372999
9373093
9373113
9373135
9373365
9373379
9373505
9373537
9373599
9373729
9373741
9373903
9373971
9373995
9374047
9374053
9374133
9374243
9374257
9374285
9374303
9374307
9374363
9374409
9374647
9374699
9374747
9374791
9374921
9374947
9375037
9375147
9375211
9375529
9375615
9375721
9375751
9375803
9375835
9376133
9376173
9376185
9376229
9376315
9376367
9376429
9376449
9376469
9376493
9376607
9376699
9376743
9376769
9376889
9376953
9376981
9376985
9377095
9377131
9377171
9377205
9377217
9377233
9377273
9377291
9377319
9377367
9377427
9377457
9377485
9377491
9377555
9377631
9377665
9377673
9377713
9377735
9377759
9377813
9377887
9377929
9377965
9378057
9378133
9378183
9378229
9378315
9378499
9378539
9378583
9378807
9379009
9379071
9379093
9379285
9379305
9379343
9379405
9379893
9379993
9380135
9380177
9380361
9380529
9380597
9380663
9380699
9380783
9380827
9381103
9381217
9381229
9381443
9381459
9381493
9381657
9381693
9381781
9381823
9381943
9382033
9382131
9382287
9382443
9382449
9382457
9382459
9382463
9382527
9382533
9382587
9382735
9382773
9382825
9383027
9383029
9383035
9383117
9383125
9383193
9383277
9383333
9383385
9383397
9383433
9383497
9383645
9383669
9383691
9383699
9383767
9383841
9383945
9384097
9384103
9384153
9384209
9384269
9384297
9384351
9384393
9384397
9384463
9384519
9384609
9384613
9384637
9384657
9384665
9384753
9384803
9384859
9384873
9384933
9384961
9384971
9385063
9385129
9385153
9385223
9385233
9385279
9385487
9385543
9385569
9385689
9385699
9385767
9385865
9385899
9386179
9386237
9386255
9386303
9386333
9386425
9386533
9386707
9386863
9386905
9386941
9386967
9386975
9387093
9387127
9387137
9387139
9387173
9387191
9387239
9387245
9387249
9387271
9387273
9387401
9387573
9387599
9387743
9387769
9387865
9387907
9387939
9388007
9388019
9388033
9388109
9388215
9388285
9388605
9388627
9388661
9388695
9388777
9388809
9388815
9388835
9388859
9388917
9388919
9388925
9389091
9389109
9389199
9389241
9389259
9389317
9389323
9389409
9389411
9389455
9389633
9389637
9389639
9389643
9389759
9389895
9390025
9390079
9390095
9390241
9390263
9390271
9390315
9390419
9390437
9390461
9390469
9390567
9390611
9390653
9390689
9390769
9390817
9391251
9391393
9391435
9391439
9391589
9391613
9391629
9391641
9391677
9391759
9391849
9391875
9391931
9392015
9392115
9392163
9392213
9392255
9392415
9392677
9392897
9392997
9393001
9393011
9393039
9393049
9393099
9393157
9393275
9393299
9393339
9393475
9393569
9393571
9393579
9393587
9393739
9393755
9393767
9393797
9393857
9394143
9394153
9394183
9394243
9394313
9394349
9394377
9394441
9394715
9394719
9394797
9394829
9394871
9394899
9394953
9395011
9395031
9395069
9395131
9395155
9395203
9395255
9395477
9395589
9395699
9395769
9395773
9395837
9395879
9395949
9396015
9396067
9396301
9396311
9396487
9396527
9396543
9396587
9396687
9396737
9396743
9396791
9396983
9397061
9397263
9397267
9397323
9397401
9397511
9397643
9397843
9397977
9398035
9398047
9398065
9398153
9398241
9398427
9398633
9398803
9398837
9398903
9398933
9398937
9398951
9398999
9399005
9399013
9399091
9399117
9399275
9399339
9399387
9399469
9399471
9399495
9399613
9399681
9399725
9399729
9399947
9399971
9400155
9400161
9400205
9400273
9400461
9400537
9400587
9400739
9400771
9400917
9401131
9401227
9401299
9401369
9401419
9401535
9401689
9401823
9401927
9402039
9402053
9402077
9402107
9402351
9402581
9402593
9402805
9402841
9402873
9402897
9402997
9403067
9403127
9403309
9403353
9403381
9403537
9403657
9403669
9403749
9403865
9403899
9403977
9403999
9404029
9404069
9404199
9404225
9404253
9404255
9404373
9404439
9404503
9404603
9404617
9404637
9404653
9404701
9404749
9404781
9404889
9404897
9404961
9405007
9405083
9405089
9405095
9405191
9405241
9405249
9405271
9405319
9405367
9405379
9405529
9405551
9405573
9405611
9405773
9405985
9406107
9406187
9406271
9406327
9406413
9406443
9406447
9406483
9406571
9406581
9406645
9406795
9406827
9406883
9406907
9406931
9407049
9407077
9407201
9407221
9407255
9407319
9407363
9407437
9407447
9407483
9407555
9407639
9407715
9407733
9407861
9407877
9407897
9407957
9407971
9407993
9408009
9408057
9408145
9408199
9408263
9408459
9408513
9408525
9408531
9408587
9408609
9408713
9408763
9408767
9408835
9408837
9408915
9409083
9409151
9409255
9409279
9409379
9409387
9409463
9409559
9409585
9409593
9409877
9409913
9409997
9410013
9410031
9410103
9410181
9410223
9410253
9410273
9410337
9410351
9410385
9410505
9410549
9410575
9410583
9410745
9410821
9410943
9410953
9411305
9411333
9411433
9411473
9411595
9411651
9411741
9411789
9411863
9411951
9412143
9412223
9412275
9412283
9412363
9412439
9412503
9412535
9412671
9412711
9412873
9412893
9412981
9412983
9413037
9413059
9413127
9413171
9413229
9413247
9413285
9413383
9413391
9413403
9413409
9413421
9413515
9413575
9413641
9413729
9413813
9413825
9413883
9413891
9413943
9414021
9414037
9414057
9414083
9414159
9414537
9414543
9414585
9414653
9414663
9414705
9414739
9414829
9414991
9415003
9415029
9415041
9415099
9415119
9415201
9415365
9415525
9415535
9415597
9415599
9415865
9415881
9416041
9416181
9416323
9416365
9416405
9416551
9416599
9416917
9416967
9417229
9417315
9417383
9417437
9417527
9417577
9417757
9417817
9417831
9417919
9417967
9418089
9418275
9418315
9418329
9418505
9418511
9418515
9418563
9418565
9418643
9418653
9418857
9418905
9418911
9419185
9419191
9419207
9419255
9419309
9419311
9419325
9419347
9419463
9419523
9419555
9419557
9419565
9419583
9419595
9419861
9419869
9420085
9420089
9420133
9420439
9420445
9420473
9420735
9420949
9420979
9421071
9421077
9421081
9421099
9421117
9421135
9421143
9421325
9421507
9421581
9421611
9421769
9421793
9421987
9422005
9422045
9422089
9422131
9422143
9422245
9422297
9422373
9422391
9422417
9422473
9422601
9422605
9422645
9422895
9422991
9422995
9423003
9423237
9423271
9423327
9423403
9423477
9423491
9423673
9423709
9423777
9423835
9423839
9423843
9423895
9423909
9423977
9424009
9424029
9424101
9424111
9424119
9424153
9424309
9424527
9424557
9424703
9424749
9424809
9424885
9424915
9425019
9425045
9425055
9425065
9425149
9425177
9425199
9425215
9425331
9425419
9425641
9425673
9425679
9425701
9425843
9425893
9425979
9426033
9426039
9426075
9426129
9426181
9426313
9426325
9426353
9426431
9426459
9426607
9426615
9426943
9427007
9427015
9427031
9427065
9427193
9427381
9427441
9427637
9427713
9427715
9428047
9428167
9428447
9428471
9428747
9428761
9429123
9429149
9429181
9429191
9429261
9429327
9429357
9429379
9429483
9429505
9429643
9429659
9429731
9429841
9429973
9430005
9430073
9430075
9430085
9430227
9430251
9430413
9430423
9430609
9430621
9430745
9430799
9430829
9430843
9430907
9431007
9431051
9431125
9431283
9431809
9431907
9432049
9432063
9432157
9432237
9432301
9432451
9432515
9432559
9432607
9432625
9432651
9432675
9432707
9432709
9432711
9432725
9432827
9432835
9432953
9433157
9433271
9433343
9433415
9433479
9433487
9433543
9433659
9433663
9433685
9433743
9433745
9433761
9433847
9433979
9434137
9434279
9434529
9434593
9434619
9434759
9434765
9434769
9434807
9434833
9434913
9434915
9435011
9435061
9435075
9435081
9435133
9435143
9435217
9435297
9435475
9435485
9435537
9435539
9435565
9435719
9436189
9436253
9436333
9436349
9436355
9436433
9436525
9436681
9436683
9436765
9436779
9436829
9436835
9436939
9436941
9437017
9437081
9437137
9437219
9437223
9437307
9437309
9437481
9437485
9437535
9437565
9437601
9437679
9437827
9437847
9437903
9438065
9438067
9438071
9438091
9438117
9438181
9438191
9438199
9438311
9438489
9438499
9438537
9438549
9438579
9438585
9438757
9438985
9439049
9439163
9439253
9439255
9439301
9439345
9439355
9439361
9439401
9439453
9439459
9439491
9439497
9439565
9439663
9439667
9439733
9439761
9439849
9440037
9440067
9440127
9440213
9440293
9440395
9440397
9440423
9440499
9440687
9440717
9440833
9440837
9440877
9440931
9441057
9441111
9441155
9441173
9441263
9441483
9441509
9441519
9441687
9441713
9441827
9441873
9441899
9442019
9442027
9442127
9442189
9442281
9442285
9442333
9442341
9442537
9442601
9442739
9442747
9442865
9442915
9442959
9443029
9443043
9443119
9443417
9443497
9443569
9443605
9443627
9443677
9443763
9444255
9444261
9444343
9444387
9444575
9444749
9444825
9444873
9444895
9444905
9444963
9444987
9445027
9445093
9445349
9445375
9445379
9445387
9445463
9445543
9445713
9445773
9445843
9445847
9445857
9445981
9446025
9446091
9446253
9446265
9446295
9446357
9446793
9446871
9447137
9447255
9447265
9447267
9447289
9447315
9447359
9447371
9447411
9447459
9447483
9447497
9447559
9447639
9447753
9447807
9447893
9447941
9447967
9448005
9448135
9448175
9448229
9448347
9448423
9448523
9448539
9448553
9448591
9448667
9448729
9448889
9448911
9448925
9448935
9448941
9449137
9449175
9449233
9449261
9449269
9449299
9449331
9449395
9449441
9449455
9449611
9449633
9449821
9450165
9450235
9450263
9450293
9450407
9450473
9450477
9450533
9450539
9450591
9450605
9450625
9450649
9450683
9450693
9450771
9450839
9450915
9450989
9451271
9451301
9451329
9451399
9451575
9451623
9451647
9451651
9451709
9451739
9451839
9451881
9452107
9452215
9452239
9452277
9452373
9452429
9452469
9452485
9452549
9452593
9452655
9452681
9452723
9452779
9452869
9453069
9453121
9453223
9453315
9453401
9453579
9453721
9453825
9453915
9454141
9454169
9454215
9454235
9454255
9454303
9454325
9454343
9454375
9454769
9454779
9454827
9454963
9454965
9455007
9455067
9455085
9455097
9455307
9455393
9455459
9455633
9455671
9455763
9455857
9455931
9456127
9456177
9456189
9456227
9456357
9456473
9456503
9456531
9456605
9456619
9456643
9456675
9456957
9457037
9457095
9457183
9457219
9457487
9457525
9457529
9457655
9457663
9457751
9457785
9457799
9457829
9457877
9457967
9458119
9458141
9458245
9458259
9458281
9458367
9458465
9458481
9458653
9458667
9458771
9459041
9459167
9459221
9459277
9459317
9459387
9459479
9459511
9459561
9459625
9459661
9459717
9459857
9459893
9459949
9459999
9460075
9460093
9460179
9460193
9460223
9460637
9460733
9460785
9460827
9460835
9460887
9460893
9460905
9460957
9460983
9461017
9461097
9461149
9461175
9461239
9461259
9461343
9461413
9461475
9461557
9461579
9461617
9461669
9461673
9461739
9461743
9461803
9461875
9462063
9462075
9462131
9462157
9462399
9462429
9462561
9462645
9462709
9462713
9462827
9462879
9462901
9462947
9462979
9463101
9463103
9463213
9463247
9463287
9463369
9463401
9463453
9463475
9463499
9463523
9463549
9463597
9463623
9463707
9463817
9463831
9464043
9464143
9464225
9464259
9464279
9464329
9464457
9464495
9464521
9464565
9464671
9464701
9464721
9464775
9464901
9465105
9465109
9465217
9465223
9465249
9465273
9465299
9465309
9465331
9465395
9465541
9465605
9465799
9466291
9466325
9466335
9466359
9466571
9466623
9466633
9466639
9466723
9466755
9466797
9466853
9466923
9466935
9466965
9467009
9467189
9467273
9467279
9467321
9467535
9467541
9467567
9467635
9467689
9467693
9467787
9467901
9468367
9468405
9468445
9468579
9468587
9468589
9468607
9468679
9468745
9468801
9468825
9468957
9469005
9469043
9469047
9469057
9469319
9469453
9469485
9469615
9469725
9469981
9469997
9470189
9470205
9470377
9470393
9470401
9470457
9470521
9470599
9470671
9470799
9470921
9470959
9471089
9471129
9471163
9471231
9471261
9471303
9471389
9471455
9471475
9471511
9471521
9471533
9471623
9471651
9471709
9471771
9471831
9471863
9471913
9471931
9472011
9472071
9472125
9472169
9472251
9472363
9472379
9472401
9472513
9472517
9472525
9472635
9472719
9472735
9472833
9472847
9472945
9473111
9473181
9473257
9473497
9473511
9473639
9473787
9473885
9474073
9474083
9474085
9474205
9474241
9474291
9474313
9474319
9474353
9474533
9474561
9474659
9474695
9474709
9474949
9474951
9474967
9475083
9475113
9475133
9475187
9475283
9475355
9475431
9475441
9475463
9475599
9475655
9475783
9475821
9475903
9475923
9475957
9476237
9476283
9476415
9476527
9476545
9476679
9476743
9476759
9476937
9477061
9477063
9477091
9477399
9477605
9477667
9477689
9477735
9477861
9477895
9478113
9478153
9478197
9478247
9478271
9478475
9478567
9478647
9478707
9478719
9478753
9478769
9478953
9478987
9479013
9479121
9479201
9479311
9479339
9479357
9479397
9479601
9479619
9479649
9479737
9479787
9479833
9480033
9480173
9480245
9480349
9480375
9480557
9480719
9480783
9480915
9480921
9480945
9480971
9480983
9481093
9481153
9481193
9481447
9481567
9481653
9481787
9481809
9481847
9481933
9482001
9482091
9482137
9482179
9482403
9482413
9482485
9482515
9482591
9482615
9482619
9482621
9482667
9482673
9482695
9482779
9483017
9483037
9483055
9483067
9483105
9483141
9483143
9483151
9483191
9483223
9483301
9483385
9483453
9483479
9483491
9483499
9483511
9483751
9483875
9483885
9483925
9483981
9484179
9484293
9484307
9484361
9484365
9484423
9484481
9484489
9484545
9484561
9484771
9484797
9484919
9484975
9485193
9485229
9485243
9485263
9485273
9485303
9485323
9485337
9485377
9485397
9485549
9485721
9485763
9485793
9485979
9485987
9485993
9486113
9486139
9486205
9486331
9486389
9486395
9486415
9486485
9486579
9486621
9486661
9486851
9486945
9486989
9487205
9487411
9487559
9487599
9487643
9487929
9487959
9488005
9488007
9488053
9488095
9488117
9488147
9488163
9488183
9488233
9488339
9488389
9488487
9488535
9488691
9488783
9488841
9489049
9489051
9489087
9489137
9489149
9489155
9489395
9489415
9489425
9489549
9489553
9489623
9489683
9489719
9489897
9489957
9489969
9490043
9490079
9490197
9490213
9490301
9490383
9490599
9490603
9490721
9490739
9490845
9490925
9491013
9491019
9491045
9491155
9491163
9491525
9491535
9491587
9491629
9491651
9491675
9491681
9491741
9491797
9491855
9491897
9491979
9491995
9492105
9492153
9492221
9492413
9492643
9492645
9492647
9492657
9492671
9492695
9492699
9492711
9492815
9492835
9492903
9493103
9493111
9493193
9493199
9493213
9493233
9493305
9493359
9493417
9493455
9493543
9493573
9493615
9493883
9493981
9494047
9494105
9494253
9494255
9494327
9494457
9494463
9494505
9494739
9494777
9494779
9494881
9494919
9495017
9495043
9495047
9495099
9495157
9495193
9495221
9495223
9495233
9495265
9495403
9495491
9495547
9495613
9495617
9495665
9495725
9495747
9496021
9496067
9496069
9496123
9496337
9496359
9496463
9496555
9496715
9496725
9496811
9496843
9496925
9496941
9497221
9497261
9497271
9497341
9497353
9497371
9497567
9497769
9497803
9497815
9497821
9497851
9498051
9498061
9498089
9498209
9498275
9498409
9498441
9498601
9498635
9498835
9498981
9499031
9499115
9499123
9499169
9499179
9499269
9499377
9499497
9499507
9499615
9499655
9499727
9499749
9499795
9499833
9499865
9499871
9499903
9500241
9500461
9500475
9500591
9500843
9500931
9501151
9501253
9501377
9501467
9501561
9501651
9501697
9501737
9501847
9501889
9502149
9502157
9502179
9502447
9502469
9502485
9502495
9502523
9502531
9502547
9502581
9502809
9502825
9502855
9502859
9502903
9502995
9503041
9503115
9503133
9503139
9503175
9503197
9503257
9503333
9503403
9503515
9503557
9503647
9503649
9503745
9503761
9503765
9503777
9503887
9504051
9504061
9504149
9504189
9504257
9504303
9504307
9504435
9504555
9504639
9504721
9504849
9504997
9505035
9505187
9505391
9505421
9505519
9505571
9505581
9505669
9505731
9505905
9505959
9505987
9506107
9506119
9506277
9506429
9506461
9506543
9506579
9506581
9506595
9506631
9506813
9506857
9506871
9506891
9506977
9507051
9507293
9507341
9507369
9507379
9507449
9507575
9507715
9507757
9507777
9507843
9507847
9507941
9508141
9508157
9508303
9508465
9508511
9508537
9508611
9508679
9508729
9508839
9508919
9509151
9509161
9509191
9509369
9509455
9509459
9509539
9509699
9509793
9509897
9509903
9509969
9509993
9510095
9510185
9510233
9510303
9510515
9510541
9510549
9510757
9510779
9510825
9510887
9510923
9510957
9510965
9510991
9511061
9511223
9511285
9511287
9511321
9511339
9511465
9511513
9511655
9511669
9511687
9511779
9511915
9511929
9511965
9512007
9512041
9512089
9512123
9512195
9512243
9512369
9512425
9512531
9512617
9512655
9512813
9512909
9512959
9512997
9513021
9513135
9513141
9513237
9513265
9513277
9513373
9513381
9513645
9513687
9513773
9513789
9513933
9513993
9514145
9514189
9514395
9514435
9514463
9514519
9514573
9514597
9514619
9514643
9514713
9514733
9514747
9514789
9514885
9514921
9515017
9515093
9515095
9515239
9515265
9515327
9515343
9515419
9515435
9515505
9515677
9515723
9515753
9515859
9515887
9516083
9516177
9516223
9516335
9516361
9516371
9516429
9516455
9516505
9516571
9516659
9516673
9516773
9516851
9516957
9517119
9517137
9517257
9517349
9517363
9517439
9517457
9517471
9517611
9517705
9517811
9517827
9517863
9517937
9517999
9518141
9518161
9518297
9518311
9518439
9518457
9518523
9518545
9518567
9518745
9518761
9518791
9518815
9518959
9518969
9519073
9519111
9519157
9519277
9519289
9519541
9519669
9519791
9519833
9519877
9519885
9519929
9519961
9520057
9520331
9520393
9520415
9520439
9520443
9520519
9520545
9520655
9520669
9520697
9520827
9520831
9520863
9520881
9520921
9520939
9520999
9521089
9521097
9521135
9521265
9521361
9521423
9521425
9521569
9521579
9521691
9521705
9521707
9521771
9521827
9521951
9521967
9522095
9522127
9522193
9522209
9522217
9522327
9522443
9522449
9522543
9522647
9522745
9522965
9523077
9523219
9523357
9523413
9523545
9523549
9523631
9523671
9523759
9523789
9523825
9523833
9523855
9523871
9523919
9523983
9523989
9524015
9524259
9524383
9524387
9524391
9524625
9524673
9524835
9524875
9524921
9524923
9525059
9525097
9525231
9525247
9525297
9525309
9525369
9525417
9525427
9525471
9525511
9525627
9525701
9525787
9525793
9525815
9525849
9525873
9525875
9525953
9525959
9525967
9526041
9526097
9526317
9526335
9526419
9526445
9526451
9526879
9526941
9527121
9527157
9527205
9527233
9527287
9527317
9527449
9527497
9527649
9527655
9527809
9527899
9527959
9528143
9528293
9528297
9528371
9528399
9528419
9528489
9528495
9528577
9528671
9528677
9528685
9528695
9528855
9528859
9528885
9529049
9529209
9529215
9529263
9529393
9529415
9529421
9529503
9529527
9529645
9529659
9529661
9529677
9529771
9529809
9529873
9529889
9529921
9529985
9529991
9530143
9530527
9530559
9530567
9530577
9530599
9530615
9530743
9530819
9530823
9530829
9530845
9530929
9531015
9531121
9531241
9531251
9531333
9531355
9531373
9531497
9531515
9531527
9531561
9531641
9531709
9531745
9531767
9531775
9531801
9531827
9531943
9531971
9532159
9532169
9532187
9532229
9532387
9532393
9532399
9532531
9532631
9532677
9532879
9532997
9533061
9533167
9533181
9533269
9533337
9533429
9533499
9533513
9533633
9533829
9533919
9533985
9533995
9534033
9534041
9534145
9534155
9534191
9534195
9534347
9534367
9534433
9534459
9534543
9534565
9534575
9534603
9534759
9534849
9534857
9534929
9534997
9535073
9535089
9535161
9535203
9535369
9535407
9535481
9535499
9535603
9535697
9535801
9535859
9536059
9536081
9536119
9536123
9536169
9536193
9536291
9536367
9536443
9536543
9536545
9536755
9536793
9536851
9536875
9536905
9536931
9536957
9536993
9537027
9537205
9537405
9537415
9537551
9537593
9537781
9537789
9537887
9537907
9538031
9538033
9538143
9538363
9538387
9538405
9538479
9538667
9538751
9538769
9538845
9538851
9538857
9539081
9539161
9539255
9539315
9539319
9539365
9539473
9539501
9539545
9539565
9539659
9539709
9539765
9539871
9539997
9540103
9540263
9540313
9540427
9540449
9540461
9540467
9540473
9540729
9540807
9540867
9540889
9540897
9541119
9541213
9541429
9541485
9541515
9541527
9541549
9541559
9541613
9541625
9541647
9541843
9541961
9541981
9542063
9542175
9542191
9542261
9542293
9542325
9542401
9542413
9542473
9542779
9542831
9543049
9543129
9543363
9543457
9543465
9543911
9543929
9544125
9544255
9544351
9544409
9544439
9544477
9544491
9544545
9544611
9544709
9544747
9544789
9544799
9544827
9544921
9545047
9545105
9545149
9545157
9545231
9545355
9545503
9545547
9545699
9545733
9545769
9545805
9545875
9545905
9545917
9545979
9546123
9546191
9546303
9546319
9546343
9546443
9546551
9546595
9546651
9546707
9546853
9546893
9546905
9546911
9546941
9546993
9547023
9547031
9547087
9547113
9547141
9547217
9547265
9547283
9547387
9547499
9547511
9547519
9547563
9547683
9547703
9547725
9547797
9547803
9547909
9548061
9548075
9548437
9548471
9548523
9548685
9548697
9548901
9549089
9549125
9549197
9549369
9549575
9549797
9549861
9549891
9550015
9550031
9550127
9550265
9550335
9550459
9550507
9550567
9550593
9550779
9550803
9550871
9550897
9550901
9551093
9551145
9551263
9551383
9551557
9551579
9551597
9551689
9551773
9551879
9552027
9552061
9552119
9552165
9552167
9552205
9552211
9552325
9552337
9552401
9552431
9552449
9552495
9552525
9552567
9552573
9552595
9552767
9552787
9552839
9552985
9553093
9553257
9553359
9553409
9553483
9553561
9553595
9553611
9553843
9553977
9554039
9554117
9554119
9554139
9554155
9554267
9554309
9554379
9554613
9554665
9554777
9554901
9554913
9555097
9555175
9555291
9555307
9555569
9555611
9555677
9555843
9555849
9555873
9555875
9555897
9555899
9555961
9556009
9556025
9556039
9556085
9556109
9556249
9556351
9556457
9556535
9556621
9556671
9556731
9556911
9557037
9557117
9557229
9557327
9557613
9557699
9557863
9557891
9558031
9558051
9558081
9558151
9558215
9558273
9558285
9558393
9558445
9558453
9558477
9558489
9558565
9558607
9558613
9558645
9558681
9558879
9558941
9559045
9559129
9559131
9559147
9559231
9559353
9559533
9559591
9559597
9559601
9559615
9559625
9559695
9559737
9559867
9559921
9560017
9560025
9560229
9560299
9560413
9560443
9560539
9560557
9560595
9560679
9560779
9560791
9560809
9560837
9560887
9560889
9560963
9561189
9561247
9561475
9561505
9561517
9561631
9561687
9561839
9561903
9562277
9562485
9562493
9562635
9562661
9562671
9562767
9562869
9563001
9563013
9563073
9563245
9563305
9563425
9563503
9563519
9563571
9563597
9563645
9563727
9563739
9563763
9563815
9563829
9563973
9564007
9564105
9564191
9564279
9564321
9564427
9564441
9564451
9564531
9564549
9564597
9564691
9564745
9564749
9564793
9564797
9564861
9564941
9565063
9565099
9565211
9565285
9565321
9565575
9565611
9565757
9565779
9565871
9565905
9565907
9565951
9565977
9566007
9566011
9566057
9566075
9566105
9566151
9566153
9566275
9566337
9566347
9566351
9566443
9566485
9566507
9566563
9566673
9566801
9566867
9566917
9566927
9566995
9567049
9567103
9567127
9567201
9567231
9567425
9567489
9567649
9567657
9567659
9567725
9567791
9567875
9567885
9567891
9568021
9568069
9568173
9568279
9568393
9568587
9568653
9568691
9568769
9568803
9568947
9569079
9569139
9569229
9569247
9569319
9569363
9569379
9569481
9569503
9569525
9569535
9569633
9569711
9569739
9569971
9570051
9570201
9570253
9570329
9570369
9570377
9570607
9570689
9570721
9570739
9570915
9571085
9571093
9571335
9571543
9571563
9571569
9571679
9571719
9571781
9571783
9571823
9571863
9572073
9572169
9572339
9572349
9572401
9572427
9572531
9572537
9572567
9572601
9572773
9572837
9572883
9572891
9572893
9572937
9573025
9573071
9573097
9573185
9573189
9573279
9573285
9573329
9573347
9573411
9573453
9573507
9573547
9573559
9573701
9573721
9573805
9573843
9573943
9574061
9574401
9574555
9574615
9574649
9574699
9574709
9574719
9574849
9574883
9574927
9574967
9575003
9575089
9575095
9575235
9575255
9575307
9575347
9575361
9575363
9575403
9575491
9575555
9575587
9575621
9575747
9575779
9575867
9575945
9576041
9576121
9576303
9576325
9576465
9576517
9576521
9576529
9576541
9576569
9576653
9576809
9576859
9576903
9577025
9577103
9577313
9577371
9577451
9577489
9577511
9577599
9577783
9577875
9577957
9578047
9578081
9578145
9578221
9578229
9578323
9578349
9578419
9578503
9578669
9578743
9578781
9578799
9578821
9578957
9578979
9579029
9579167
9579213
9579225
9579303
9579381
9579505
9579729
9579853
9579871
9580011
9580071
9580097
9580133
9580191
9580229
9580367
9580495
9580571
9580869
9580875
9580893
9580987
9581007
9581073
9581101
9581121
9581137
9581163
9581257
9581301
9581307
9581351
9581369
9581375
9581467
9581519
9581565
9581685
9581811
9581827
9581843
9582395
9582397
9582409
9582495
9582555
9582817
9582933
9582969
9583003
9583075
9583179
9583315
9583331
9583419
9583493
9583567
9583697
9583699
9583823
9583913
9583973
9584013
9584069
9584085
9584135
9584155
9584189
9584283
9584339
9584425
9584451
9584483
9584513
9584599
9584685
9584901
9584919
9584949
9585109
9585119
9585233
9585259
9585263
9585267
9585305
9585323
9585341
9585427
9585511
9585547
9585623
9585643
9585743
9585765
9585815
9585905
9585913
9585919
9585943
9585961
9586031
9586163
9586193
9586373
9586375
9586435
9586535
9586669
9586793
9587035
9587085
9587345
9587585
9587691
9587825
9587871
9587941
9587951
9587987
9588157
9588163
9588195
9588295
9588367
9588403
9588509
9588535
9588641
9588697
9588779
9588823
9588835
9588847
9588863
9588875
9589009
9589057
9589069
9589107
9589125
9589379
9589405
9589457
9589541
9589639
9589641
9589721
9589733
9589759
9589831
9590031
9590081
9590149
9590317
9590325
9590407
9590479
9590613
9590697
9590751
9590789
9590825
9590877
9590899
9590959
9590967
9590993
9590995
9591085
9591107
9591131
9591163
9591169
9591201
9591209
9591213
9591321
9591515
9591611
9591669
9591733
9591741
9591821
9591837
9591895
9591925
9591935
9592043
9592141
9592193
9592223
9592345
9592353
9592401
9592409
9592577
9592621
9592643
9592683
9592701
9592779
9592969
9592997
9593243
9593273
9593287
9593293
9593347
9593551
9593651
9593821
9593903
9593917
9593965
9593987
9593995
9594107
9594155
9594261
9594361
9594417
9594643
9594675
9594685
9594699
9594791
9594803
9594867
9594961
9595041
9595157
9595233
9595321
9595439
9595525
9595613
9595675
9595685
9595737
9595789
9595887
9595897
9595903
9595963
9596031
9596041
9596137
9596443
9596465
9596509
9596555
9596713
9596753
9596897
9596999
9597105
9597149
9597203
9597327
9597331
9597403
9597407
9597475
9597557
9597607
9597741
9597751
9597835
9597881
9598017
9598031
9598113
9598323
9598339
9598467
9598491
9598549
9598631
9598645
9598741
9598837
9598905
9598997
9599031
9599049
9599095
9599155
9599219
9599429
9599437
9599477
9599573
9599589
9599637
9599715
9599783
9599787
9599997
9600031
9600143
9600147
9600199
9600257
9600307
9600575
9600721
9600807
9600819
9600849
9600937
9600967
9601027
9601049
9601083
9601107
9601151
9601263
9601391
9601423
9601437
9601507
9601639
9601731
9601739
9601787
9601799
9601853
9601885
9601923
9601927
9601977
9601991
9602079
9602095
9602139
9602175
9602193
9602221
9602249
9602295
9602309
9602331
9602429
9602479
9602571
9602671
9602709
9602793
9602823
9602837
9602849
9602881
9602983
9602985
9602989
9603025
9603049
9603073
9603137
9603179
9603441
9603525
9603547
9603549
9603661
9603673
9603869
9604141
9604173
9604535
9604711
9604733
9604739
9604835
9604933
9604987
9605035
9605371
9605407
9605523
9605527
9605749
9605967
9606255
9606291
9606301
9606521
9606525
9606563
9606597
9606691
9606713
9606719
9606721
9606843
9606859
9607043
9607073
9607117
9607121
9607133
9607145
9607155
9607161
9607185
9607289
9607341
9607441
9607559
9607619
9607659
9607713
9607727
9607731
9607743
9607785
9607803
9608009
9608059
9608079
9608083
9608211
9608265
9608343
9608421
9608447
9608553
9608747
9608763
9608851
9608885
9608893
9608901
9608903
9609043
9609133
9609273
9609353
9609387
9609449
9609557
9609737
9609757
9609765
9609775
9609781
9609797
9609883
9609981
9610135
9610151
9610199
9610283
9610331
9610615
9610659
9610765
9610793
9610917
9610923
9610965
9611061
9611065
9611095
9611111
9611185
9611311
9611337
9611401
9611441
9611447
9611713
9611941
9612175
9612189
9612231
9612377
9612393
9612621
9612723
9612729
9612761
9612781
9612883
9612923
9612999
9613385
9613423
9613487
9613613
9613635
9613777
9613805
9613815
9613973
9614025
9614031
9614067
9614313
9614429
9614479
9614533
9614569
9614579
9614631
9614633
9614647
9614741
9614761
9614777
9614923
9615069
9615101
9615103
9615129
9615181
9615183
9615215
9615367
9615451
9615955
9615971
9615991
9616077
9616097
9616169
9616177
9616209
9616417
9616475
9616557
9616591
9616633
9616765
9616777
9616839
9616875
9616879
9616895
9616921
9616961
9617049
9617075
9617103
9617151
9617431
9617527
9617585
9617623
9617661
9617683
9617691
9617705
9617753
9617815
9617817
9617837
9617965
9617995
9618049
9618135
9618143
9618149
9618273
9618421
9618445
9618489
9618495
9618513
9618525
9618601
9618627
9618685
9618689
9618895
9618911
9619081
9619085
9619131
9619151
9619203
9619211
9619225
9619279
9619281
9619311
9619345
9619453
9619485
9619561
9619601
9619651
9619689
9619705
9619885
9619899
9619901
9619943
9619977
9619983
9619999
9620001
9620151
9620171
9620181
9620271
9620307
9620331
9620407
9620499
9620639
9620685
9620811
9620837
9620875
9620883
9620885
9620935
9620989
9621193
9621213
9621335
9621409
9621439
9621597
9621633
9621735
9621739
9621829
9621861
9621933
9622099
9622177
9622289
9622379
9622423
9622537
9622567
9622977
9623025
9623081
9623097
9623217
9623263
9623271
9623387
9623455
9623457
9623491
9623537
9623659
9623749
9623977
9624105
9624149
9624195
9624211
9624279
9624401
9624527
9624595
9624653
9624681
9624721
9624993
9625155
9625213
9625215
9625339
9625397
9625457
9625553
9625603
9625619
9625715
9625797
9625853
9625859
9625985
9626011
9626083
9626195
9626241
9626277
9626341
9626399
9626469
9626727
9626747
9626789
9626943
9627045
9627149
9627291
9627351
9627369
9627459
9627669
9627725
9627767
9627803
9627833
9627889
9628027
9628029
9628173
9628253
9628717
9628759
9628807
9628809
9628863
9628889
9628905
9628963
9629021
9629057
9629099
9629119
9629137
9629285
9629345
9629411
9629423
9629457
9629459
9629469
9629531
9629549
9629551
9629557
9629613
9629771
9629783
9629821
9629873
9629923
9629933
9629949
9629993
9630123
9630155
9630213
9630265
9630343
9630353
9630395
9630535
9630619
9630721
9630757
9630785
9630919
9630959
9630993
9630997
9631065
9631127
9631159
9631213
9631323
9631357
9631419
9631527
9631621
9631803
9631845
9631909
9632001
9632127
9632161
9632199
9632289
9632293
9632323
9632335
9632351
9632397
9632415
9632431
9632569
9632639
9632715
9632849
9632909
9632969
9632981
9632987
9633035
9633099
9633175
9633239
9633261
9633411
9633487
9633495
9633541
9633727
9633743
9633775
9633905
9633951
9634001
9634049
9634159
9634245
9634315
9634459
9634463
9634563
9634607
9634719
9634787
9634951
9635023
9635075
9635143
9635229
9635235
9635279
9635531
9635591
9635631
9635757
9635799
9635807
9635859
9635899
9635921
9635969
9636051
9636075
9636191
9636203
9636207
9636315
9636361
9636375
9636433
9636503
9636555
9636619
9636655
9636717
9636729
9636751
9636947
9637051
9637085
9637097
9637109
9637119
9637137
9637167
9637225
9637361
9637409
9637459
9637553
9637623
9637655
9637667
9637721
9637863
9637947
9637959
9638125
9638201
9638209
9638323
9638367
9638437
9638519
9638527
9638607
9638609
9638711
9638735
9638745
9638831
9638981
9638983
9639045
9639145
9639241
9639351
9639385
9639503
9639579
9639663
9639703
9639713
9639773
9640091
9640189
9640233
9640279
9640453
9640539
9640657
9640751
9640895
9640919
9640939
9641063
9641119
9641161
9641347
9641373
9641395
9641449
9641465
9641469
9641477
9641557
9641599
9641615
9641791
9641865
9641955
9641985
9642033
9642059
9642077
9642209
9642279
9642293
9642321
9642415
9642471
9642569
9642601
9642665
9642731
9642805
9642993
9642997
9643035
9643077
9643085
9643099
9643135
9643143
9643249
9643373
9643481
9643503
9643509
9643515
9643641
9643643
9643691
9643925
9643973
9644107
9644151
9644153
9644171
9644251
9644325
9644433
9644487
9644553
9644631
9644653
9644737
9644751
9644771
9644807
9644851
9644911
9644931
9645061
9645113
9645209
9645213
9645479
9645493
9645573
9645609
9645825
9645891
9646033
9646315
9646365
9646409
9646579
9646585
9646603
9646627
9646661
9646741
9646765
9646771
9646773
9646807
9646823
9646847
9646849
9646853
9646875
9646995
9647037
9647059
9647079
9647221
9647255
9647329
9647385
9647411
9647521
9647611
9647679
9647717
9647733
9647741
9647787
9647815
9647817
9647821
9647843
9647999
9648009
9648023
9648073
9648169
9648187
9648213
9648363
9648403
9648445
9648531
9648563
9648565
9648601
9648651
9648675
9648727
9648745
9648777
9648849
9648899
9648953
9649015
9649061
9649067
9649113
9649165
9649209
9649257
9649309
9649447
9649603
9649655
9649741
9649753
9649883
9649899
9649919
9649941
9649991
9650009
9650135
9650149
9650173
9650243
9650297
9650315
9650327
9650419
9650429
9650447
9650483
9650493
9650533
9650557
9650645
9650665
9650759
9650821
9650909
9651041
9651071
9651119
9651169
9651275
9651439
9651459
9651461
9651525
9651673
9651731
9651783
9651807
9651911
9651913
9652087
9652157
9652267
9652313
9652325
9652347
9652455
9652519
9652563
9652661
9652665
9652675
9652691
9652695
9652897
9652911
9652917
9653003
9653099
9653141
9653173
9653221
9653427
9653433
9653713
9653913
9653919
9654115
9654157
9654259
9654379
9654401
9654439
9654489
9654635
9654773
9654791
9654847
9654863
9654917
9654969
9654989
9655019
9655021
9655161
9655227
9655239
9655305
9655375
9655461
9655833
9655843
9655877
9655897
9656015
9656103
9656203
9656259
9656423
9656429
9656453
9656511
9656549
9656577
9656591
9656625
9656677
9656679
9656703
9656767
9656893
9656943
9657019
9657051
9657083
9657135
9657201
9657209
9657233
9657289
9657291
9657361
9657385
9657487
9657597
9657811
9657885
9657931
9657963
9658055
9658189
9658255
9658321
9658363
9658457
9658475
9658485
9658489
9658673
9658687
9658783
9658787
9658863
9658995
9659053
9659309
9659441
9659463
9659515
9659525
9659557
9659639
9659671
9659753
9659891
9659899
9660129
9660239
9660247
9660321
9660427
9660547
9660593
9660617
9660621
9660731
9660927
9660931
9661019
9661089
9661113
9661121
9661215
9661243
9661297
9661299
9661359
9661619
9661621
9661637
9661927
9661951
9662013
9662207
9662411
9662523
9662527
9662545
9662647
9662723
9662735
9663129
9663223
9663255
9663277
9663439
9663587
9663687
9663715
9663909
9664019
9664025
9664335
9664503
9664529
9664663
9664679
9664751
9664767
9664829
9664943
9664957
9665009
9665155
9665281
9665303
9665363
9665407
9665427
9665461
9665685
9665877
9665961
9665989
9666023
9666049
9666207
9666259
9666285
9666339
9666351
9666367
9666439
9666625
9666679
9666797
9666933
9666983
9667009
9667143
9667189
9667197
9667225
9667257
9667315
9667323
9667377
9667465
9667633
9667651
9667767
9667787
9667789
9667833
9668087
9668097
9668123
9668175
9668283
9668383
9668565
9668607
9668621
9668725
9668751
9668803
9668825
9668831
9668903
9669263
9669313
9669563
9669579
9669639
9669823
9669873
9669891
9669915
9669927
9669929
9670051
9670157
9670283
9670287
9670313
9670325
9670437
9670551
9670571
9670577
9670669
9670709
9670749
9670767
9670935
9670939
9671115
9671259
9671289
9671377
9671389
9671401
9671451
9671519
9671523
9671617
9671993
9672121
9672175
9672217
9672247
9672353
9672379
9672481
9672487
9672621
9672681
9672687
9672749
9672853
9673061
9673071
9673119
9673181
9673235
9673399
9673423
9673593
9673751
9673827
9673843
9673889
9673957
9674119
9674137
9674165
9674433
9674533
9674579
9674789
9674893
9674945
9675071
9675177
9675215
9675255
9675327
9675329
9675385
9675525
9675675
9675739
9675753
9675761
9675847
9675855
9675987
9676053
9676101
9676321
9676345
9676635
9676663
9676671
9676987
9677025
9677037
9677161
9677207
9677263
9677327
9677351
9677449
9677487
9677521
9677595
9677669
9677685
9677765
9677885
9677887
9677911
9677933
9677941
9677989
9678031
9678073
9678079
9678085
9678101
9678105
9678311
9678337
9678477
9678515
9678537
9678557
9678579
9678601
9678627
9678753
9678819
9678877
9678891
9678947
9679033
9679035
9679037
9679163
9679245
9679251
9679363
9679371
9679379
9679449
9679463
9679473
9679475
9679627
9679647
9679705
9679725
9679759
9679797
9679925
9679931
9679945
9680191
9680221
9680331
9680369
9680437
9680557
9680617
9680647
9680789
9680803
9680851
9680957
9681143
9681157
9681193
9681203
9681269
9681425
9681527
9681553
9681673
9681717
9681879
9681963
9682037
9682123
9682125
9682167
9682209
9682343
9682345
9682361
9682403
9682429
9682547
9682601
9682701
9682745
9682827
9682841
9682855
9682901
9682949
9683043
9683079
9683111
9683121
9683193
9683313
9683319
9683457
9683527
9683613
9683689
9683735
9683837
9683887
9683919
9683947
9684033
9684045
9684123
9684183
9684247
9684299
9684327
9684367
9684385
9684517
9684621
9684639
9684659
9684687
9684711
9684723
9684837
9684847
9684959
9685039
9685119
9685169
9685207
9685243
9685253
9685377
9685403
9685609
9685615
9685635
9685665
9685677
9685705
9685803
9685853
9685913
9685917
9685943
9685971
9685995
9686015
9686165
9686185
9686197
9686213
9686275
9686297
9686325
9686389
9686577
9686589
9686591
9686649
9686721
9686733
9686747
9686815
9686867
9686895
9687159
9687173
9687211
9687255
9687281
9687337
9687359
9687365
9687377
9687425
9687699
9687745
9687757
9687801
9687811
9687815
9687825
9687915
9687965
9688207
9688209
9688361
9688551
9688607
9688749
9688933
9688983
9689047
9689079
9689135
9689239
9689301
9689317
9689319
9689345
9689417
9689553
9689613
9689719
9689887
9689999
9690009
9690143
9690179
9690195
9690199
9690263
9690289
9690371
9690375
9690433
9690491
9690501
9690517
9690697
9690741
9690761
9690797
9690875
9690979
9691079
9691111
9691191
9691217
9691451
9691479
9691493
9691645
9691647
9691669
9691729
9691891
9691917
9691963
9692017
9692053
9692073
9692175
9692261
9692375
9692405
9692467
9692579
9692599
9692659
9692699
9692783
9692821
9692839
9692883
9692911
9692929
9692933
9692963
9692999
9693099
9693167
9693199
9693249
9693271
9693283
9693309
9693367
9693413
9693457
9693491
9693559
9693673
9693791
9693807
9693889
9694043
9694059
9694095
9694141
9694339
9694439
9694581
9694621
9694667
9694697
9694757
9694793
9694951
9694981
9695045
9695207
9695209
9695261
9695353
9695443
9695451
9695549
9695659
9695709
9695773
9695855
9695889
9695913
9695935
9696129
9696159
9696321
9696491
9696583
9696613
9696617
9696745
9696789
9696979
9697091
9697125
9697365
9697471
9697481
9697511
9697539
9697575
9697585
9697641
9697757
9697807
9697819
9697857
9697877
9697913
9697981
9698165
9698193
9698197
9698217
9698283
9698359
9698391
9698409
9698417
9698601
9698635
9698735
9698777
9698799
9698825
9698873
9698989
9699003
9699019
9699039
9699117
9699183
9699353
9699413
9699623
9699627
9700015
9700099
9700161
9700183
9700195
9700277
9700353
9700521
9700587
9700591
9700599
9700703
9700875
9700971
9701043
9701077
9701155
9701265
9701297
9701317
9701351
9701353
9701359
9701387
9701395
9701445
9701479
9701481
9701519
9701601
9701647
9701699
9701721
9701905
9701929
9702055
9702103
9702129
9702205
9702219
9702331
9702355
9702357
9702411
9702415
9702441
9702505
9702619
9702627
9702643
9702683
9702789
9702817
9702925
9702927
9703071
9703073
9703119
9703151
9703281
9703319
9703411
9703603
9703615
9703629
9703651
9703687
9703739
9703747
9703769
9703907
9704069
9704185
9704231
9704349
9704353
9704435
9704599
9704647
9704653
9704663
9704667
9704871
9704909
9704921
9704939
9704965
9705167
9705209
9705337
9705479
9705507
9705543
9705609
9705619
9705637
9705655
9705687
9705815
9705829
9705831
9705851
9706093
9706103
9706231
9706345
9706413
9706463
9706515
9706625
9706681
9706757
9706817
9706819
9706843
9706849
9706983
9706989
9707009
9707075
9707121
9707167
9707187
9707201
9707325
9707333
9707527
9707615
9707713
9707723
9707767
9707895
9707917
9707987
9708019
9708043
9708089
9708109
9708249
9708269
9708305
9708373
9708383
9708457
9708501
9708557
9708601
9708617
9708643
9708681
9708707
9708815
9708839
9708885
9708913
9708917
9709045
9709117
9709157
9709167
9709177
9709333
9709471
9709499
9709519
9709529
9709589
9709663
9709905
9709915
9709941
9709997
9710075
9710117
9710131
9710249
9710259
9710281
9710357
9710483
9710509
9710575
9710589
9710591
9710605
9710611
9710617
9710629
9710757
9710847
9710859
9710905
9710939
9710957
9710999
9711035
9711043
9711093
9711105
9711147
9711171
9711187
9711231
9711385
9711455
9711657
9711719
9711753
9711761
9711773
9711819
9711907
9711917
9711947
9711953
9712003
9712021
9712057
9712075
9712115
9712141
9712211
9712225
9712293
9712295
9712333
9712369
9712445
9712633
9712675
9712691
9712817
9712833
9712909
9712973
9712993
9713093
9713105
9713193
9713197
9713231
9713297
9713533
9713603
9713641
9713663
9713715
9713983
9713993
9714167
9714193
9714509
9714603
9714623
9714671
9714787
9714835
9714949
9715057
9715093
9715175
9715255
9715297
9715467
9715489
9715569
9715685
9715719
9715747
9715907
9716097
9716103
9716119
9716181
9716329
9716333
9716481
9716485
9716635
9716693
9716705
9716763
9716765
9716783
9716797
9716867
9716927
9716931
9717111
9717179
9717217
9717235
9717241
9717287
9717507
9717689
9717695
9717711
9717715
9717745
9717753
9717763
9717839
9717891
9718017
9718021
9718267
9718277
9718293
9718327
9718349
9718401
9718407
9718447
9718613
9718653
9718805
9718841
9718921
9718969
9719073
9719093
9719175
9719177
9719179
9719297
9719307
9719407
9719559
9719565
9719595
9719617
9719667
9719901
9719947
9720005
9720007
9720159
9720241
9720277
9720313
9720339
9720359
9720367
9720383
9720623
9720665
9720793
9720801
9720865
9720943
9720945
9721031
9721089
9721115
9721135
9721141
9721187
9721189
9721281
9721361
9721405
9721443
9721555
9721699
9721723
9722005
9722223
9722321
9722419
9722575
9722583
9722587
9722739
9723069
9723127
9723191
9723313
9723381
9723383
9723431
9723495
9723505
9723553
9723675
9723849
9723857
9723871
9724159
9724171
9724247
9724259
9724363
9724421
9724455
9724461
9724491
9724501
9724505
9724527
9724573
9724639
9724711
9724795
9724875
9725125
9725261
9725301
9725303
9725447
9725489
9725537
9725631
9725639
9725709
9725959
9725967
9726083
9726141
9726169
9726205
9726265
9726343
9726477
9726551
9726707
9726847
9726855
9726945
9727055
9727067
9727151
9727191
9727217
9727241
9727283
9727383
9727429
9727511
9727663
9727695
9728051
9728083
9728159
9728169
9728171
9728217
9728271
9728293
9728487
9728619
9728637
9728691
9728733
9728773
9728879
9728903
9728917
9728989
9729017
9729047
9729069
9729075
9729101
9729201
9729291
9729301
9729333
9729335
9729373
9729413
9729439
9729595
9729697
9729705
9729709
9729771
9729873
9729893
9730041
9730239
9730317
9730545
9730591
9730645
9730701
9730803
9730813
9730895
9730999
9731143
9731201
9731231
9731401
9731453
9731609
9731773
9731779
9731917
9731925
9731979
9732041
9732057
9732215
9732233
9732373
9732383
9732405
9732675
9732681
9732697
9732795
9732829
9732937
9733003
9733011
9733151
9733329
9733471
9733483
9733523
9733547
9733567
9733671
9733855
9734029
9734169
9734499
9734673
9734679
9734683
9734689
9734717
9734721
9734819
9734951
9734959
9734985
9735007
9735019
9735025
9735035
9735049
9735211
9735233
9735265
9735389
9735403
9735527
9735545
9735611
9735685
9735785
9735809
9735855
9735885
9735933
9735947
9736003
9736077
9736207
9736277
9736301
9736319
9736433
9736529
9736675
9736691
9736695
9736803
9736909
9736913
9736941
9736955
9736963
9737075
9737111
9737215
9737273
9737281
9737285
9737333
9737355
9737477
9737633
9737641
9737651
9737709
9737949
9738035
9738135
9738253
9738347
9738451
9738465
9738583
9738607
9738887
9739019
9739035
9739059
9739091
9739205
9739245
9739377
9739425
9739441
9739471
9739479
9739511
9739569
9739683
9739711
9739785
9739855
9739949
9739965
9739967
9740011
9740061
9740083
9740181
9740291
9740441
9740519
9740553
9740605
9740637
9740709
9740815
9740971
9741049
9741071
9741081
9741099
9741233
9741425
9741433
9741463
9741483
9741913
9741933
9742009
9742083
9742329
9742349
9742353
9742395
9742421
9742479
9742645
9742657
9742683
9742755
9742775
9742843
9742877
9742917
9742997
9743015
9743111
9743149
9743229
9743253
9743297
9743319
9743347
9743373
9743471
9743509
9743551
9743747
9743839
9743887
9743909
9743939
9744007
9744055
9744131
9744133
9744583
9744599
9744651
9744653
9744779
9744793
9744803
9744903
9744927
9744995
9745087
9745297
9745335
9745395
9745435
9745519
9745579
9745651
9745801
9746059
9746111
9746161
9746273
9746375
9746499
9746583
9746591
9746913
9746959
9747105
9747109
9747349
9747417
9747483
9747529
9747535
9747631
9747639
9747823
9747903
9747907
9748275
9748281
9748377
9748405
9748443
9748479
9748517
9748543
9748573
9748611
9748633
9748663
9748715
9748801
9748859
9749073
9749085
9749399
9749405
9749475
9749499
9749581
9749651
9749653
9749885
9749891
9749979
9750053
9750189
9750215
9750217
9750287
9750433
9750665
9750687
9750731
9750743
9750775
9750849
9750865
9750889
9750949
9751027
9751047
9751105
9751209
9751237
9751369
9751407
9751417
9751589
9751787
9751807
9751857
9751885
9751967
9751969
9752039
9752273
9752293
9752301
9752371
9752673
9752675
9752687
9752729
9752881
9753257
9753363
9753439
9753473
9753577
9753711
9753773
9753813
9753895
9754047
9754085
9754249
9754493
9754651
9754667
9754679
9754715
9754985
9755035
9755109
9755111
9755125
9755197
9755263
9755297
9755313
9755597
9755669
9755679
9755847
9755861
9755919
9756001
9756071
9756073
9756087
9756153
9756213
9756227
9756245
9756277
9756291
9756369
9756433
9756463
9756503
9756679
9756941
9756953
9757063
9757109
9757171
9757181
9757201
9757213
9757257
9757269
9757453
9757531
9757591
9757593
9757649
9757667
9757689
9757703
9757707
9757811
9757821
9757853
9757975
9758247
9758285
9758311
9758341
9758385
9758405
9758685
9758689
9758723
9758745
9758765
9758873
9759009
9759149
9759217
9759293
9759375
9759493
9759571
9759579
9759581
9759595
9759743
9759759
9759833
9759875
9759911
9759937
9759939
9759971
9759983
9760043
9760097
9760113
9760255
9760589
9760601
9760625
9760649
9760829
9761003
9761031
9761139
9761261
9761345
9761365
9761405
9761455
9761475
9761695
9761959
9762171
9762243
9762245
9762685
9762827
9762831
9762879
9762997
9763023
9763077
9763345
9763547
9763561
9763589
9763667
9763671
9763675
9763813
9763859
9763885
9763983
9763989
9764079
9764181
9764267
9764405
9764523
9764527
9764569
9764597
9764673
9764707
9764973
9765159
9765331
9765343
9765555
9765575
9765643
9765665
9765775
9765841
9765929
9765939
9766041
9766043
9766079
9766083
9766133
9766243
9766397
9766453
9766455
9766481
9766501
9766513
9766591
9766727
9766729
9766893
9766933
9767019
9767029
9767153
9767183
9767185
9767205
9767281
9767343
9767379
9767425
9767441
9767595
9767675
9767741
9767771
9767801
9767879
9767905
9767921
9767989
9768037
9768081
9768153
9768159
9768385
9768429
9768505
9768557
9768651
9768775
9768841
9768877
9768885
9769007
9769331
9769345
9769357
9769391
9769447
9769465
9769525
9769677
9769933
9770021
9770047
9770099
9770347
9770413
9770545
9770573
9770669
9770717
9770727
9770729
9770777
9770965
9771215
9771611
9771661
9771683
9771695
9771719
9771781
9771793
9771801
9772139
9772195
9772209
9772319
9772471
9772709
9772719
9772791
9772809
9772823
9772841
9772855
9772891
9772907
9773137
9773145
9773175
9773359
9773503
9773719
9773819
9773849
9773941
9773963
9774007
9774009
9774077
9774095
9774109
9774131
9774173
9774295
9774317
9774325
9774593
9774899
9775013
9775079
9775173
9775191
9775219
9775665
9775789
9775851
9775853
9775879
9775929
9775943
9776023
9776081
9776145
9776183
9776195
9776215
9776275
9776307
9776395
9776521
9776543
9776545
9776627
9776767
9776819
9777107
9777137
9777139
9777345
9777417
9777467
9777507
9777601
9777605
9777613
9777687
9777781
9777793
9777817
9777885
9777989
9778097
9778261
9778269
9778281
9778339
9778341
9778433
9778531
9778567
9778595
9778611
9778617
9778663
9778715
9778911
9778931
9778935
9778973
9778979
9779023
9779043
9779177
9779217
9779303
9779387
9779425
9779427
9779503
9779535
9779557
9779623
9779687
9779843
9779901
9779923
9779953
9780035
9780127
9780157
9780179
9780197
9780207
9780237
9780503
9780517
9780527
9780609
9780617
9780665
9780735
9780897
9780947
9780959
9781007
9781181
9781295
9781323
9781407
9781561
9781573
9781575
9781871
9781961
9781975
9782021
9782029
9782085
9782377
9782417
9782471
9782529
9782571
9782597
9782653
9782655
9782657
9782725
9782797
9782821
9782867
9782885
9782913
9782943
9783065
9783089
9783205
9783219
9783227
9783229
9783263
9783347
9783379
9783457
9783539
9783543
9783589
9783639
9783765
9783797
9783839
9783851
9783857
9783971
9783977
9784157
9784161
9784167
9784189
9784333
9784567
9784579
9784609
9784627
9784689
9784697
9784827
9784857
9785013
9785183
9785259
9785333
9785387
9785389
9785403
9785465
9785521
9785597
9785625
9785781
9785801
9785845
9785847
9786037
9786065
9786071
9786237
9786271
9786319
9786369
9786389
9786497
9786533
9786555
9786581
9786679
9786689
9786719
9786739
9786805
9786841
9786883
9786973
9786987
9787011
9787117
9787189
9787193
9787307
9787405
9787517
9787665
9787731
9787775
9787817
9787893
9787919
9787947
9787997
9788099
9788281
9788381
9788447
9788449
9788481
9788673
9788769
9788795
9788815
9788853
9788873
9788987
9789035
9789157
9789213
9789241
9789399
9789411
9789541
9789579
9789595
9789757
9789791
9789819
9789821
9789823
9789921
9790065
9790183
9790195
9790223
9790241
9790311
9790427
9790583
9790641
9790651
9790691
9790933
9790943
9790985
9791141
9791259
9791361
9791487
9791497
9791529
9791535
9791641
9791643
9791653
9791663
9791721
9791739
9791769
9791777
9792015
9792055
9792245
9792339
9792359
9792387
9792451
9792459
9792565
9792639
9792739
9792821
9792827
9793089
9793179
9793217
9793435
9793455
9793613
9793667
9793703
9793751
9793781
9793797
9793875
9793883
9793927
9793971
9794381
9794435
9794521
9794527
9794619
9794633
9794711
9794793
9794877
9794909
9794915
9795095
9795263
9795277
9795303
9795307
9795603
9795607
9795625
9795783
9795803
9795815
9796007
9796141
9796181
9796245
9796369
9796391
9796395
9796457
9796695
9796779
9796929
9796963
9796995
9797087
9797121
9797195
9797375
9797377
9797395
9797549
9797555
9797565
9797665
9797727
9797741
9797811
9797899
9797971
9798003
9798031
9798051
9798077
9798107
9798137
9798139
9798191
9798265
9798363
9798553
9798561
9798565
9798589
9798847
9798901
9799173
9799215
9799269
9799343
9799363
9799457
9799487
9799571
9799681
9799781
9799813
9799845
9799857
9799881
9799903
9800013
9800029
9800165
9800295
9800439
9800611
9800703
9800765
9800791
9800897
9801037
9801139
9801171
9801291
9801511
9801561
9801613
9801671
9801793
9801893
9801953
9802009
9802067
9802087
9802255
9802277
9802397
9802405
9802525
9802663
9802821
9802885
9802913
9802919
9802933
9802949
9803187
9803207
9803229
9803431
9803777
9804069
9804167
9804461
9804545
9804725
9804851
9804919
9805263
9805317
9805333
9805521
9805525
9805607
9805787
9805825
9805867
9805907
9806089
9806105
9806117
9806125
9806219
9806277
9806295
9806343
9806371
9806415
9806421
9806467
9806579
9806597
9806617
9806841
9806887
9806965
9806975
9807145
9807221
9807249
9807311
9807387
9807397
9807441
9807653
9807791
9807923
9808159
9808225
9808317
9808423
9808437
9808553
9808565
9808807
9809053
9809059
9809107
9809345
9809367
9809425
9809659
9809669
9810149
9810171
9810195
9810339
9810459
9810489
9810577
9810641
9810679
9810741
9810785
9810821
9810937
9810953
9810961
9810983
9811235
9811323
9811381
9811697
9811705
9812031
9812105
9812137
9812313
9812415
9812471
9812615
9812661
9812665
9812697
9812847
9812851
9812875
9812887
9812925
9812973
9813049
9813119
9813135
9813139
9813223
9813375
9813383
9813431
9813587
9813611
9813717
9813719
9813755
9813855
9813917
9813997
9814049
9814169
9814233
9814293
9814445
9814551
9814617
9814629
9814821
9814825
9814875
9814995
9815205
9815245
9815285
9815317
9815331
9815391
9815399
9815581
9815597
9815685
9815705
9815727
9815903
9815921
9816009
9816019
9816135
9816255
9816347
9816379
9816489
9816521
9816529
9816643
9816653
9816681
9816731
9816859
9816875
9817117
9817123
9817133
9817153
9817225
9817269
9817285
9817543
9817669
9817715
9817805
9817833
9817847
9817973
9817975
9818059
9818179
9818225
9818269
9818343
9818387
9818501
9818527
9818583
9818711
9818741
9818815
9818827
9819023
9819141
9819181
9819205
9819207
9819211
9819305
9819369
9819637
9819693
9819745
9819755
9819795
9819869
9820013
9820059
9820079
9820109
9820179
9820185
9820245
9820315
9820511
9820593
9820837
9820891
9820985
9821027
9821073
9821235
9821369
9821439
9821475
9821483
9821519
9821543
9821547
9821599
9821607
9821631
9821635
9821645
9821731
9821759
9821989
9822055
9822085
9822251
9822327
9822471
9822493
9822791
9822797
9822843
9822909
9822911
9823373
9823409
9823489
9823491
9823557
9823771
9823815
9823919
9823955
9824137
9824173
9824187
9824415
9824681
9824705
9824751
9824799
9824853
9824855
9824937
9824959
9824969
9824977
9824985
9825031
9825073
9825161
9825165
9825291
9825403
9825415
9825507
9825619
9825663
9825673
9825707
9825719
9825725
9825727
9825773
9825945
9826019
9826089
9826139
9826193
9826491
9826513
9826517
9826527
9826803
9826885
9826905
9827009
9827155
9827205
9827299
9827441
9827523
9827581
9827661
9827799
9827829
9827835
9827873
9827947
9828003
9828193
9828235
9828243
9828283
9828305
9828335
9828337
9828439
9828531
9828581
9828717
9828817
9828915
9829059
9829143
9829193
9829211
9829227
9829261
9829337
9829437
9829439
9829605
9829613
9829627
9829681
9829955
9829969
9830029
9830131
9830159
9830263
9830297
9830303
9830373
9830657
9830767
9830791
9830909
9830923
9831063
9831065
9831165
9831169
9831171
9831227
9831233
9831445
9831471
9831491
9831517
9831581
9831617
9831643
9831677
9831687
9831695
9831741
9831767
9831833
9831993
9831999
9832005
9832233
9832275
9832389
9832405
9832453
9832591
9832603
9832653
9832671
9832739
9832787
9832831
9832865
9832869
9832961
9832989
9833117
9833177
9833185
9833265
9833363
9833657
9833725
9833877
9833883
9833965
9834033
9834245
9834255
9834289
9834381
9834599
9834621
9834631
9834657
9834685
9834805
9834809
9835003
9835007
9835035
9835047
9835137
9835157
9835209
9835239
9835297
9835377
9835439
9835443
9835471
9835503
9835559
9835593
9835849
9835967
9836089
9836139
9836181
9836241
9836303
9836389
9836463
9836467
9836511
9836527
9836625
9836657
9836849
9836867
9836907
9836923
9837001
9837043
9837117
9837215
9837341
9837467
9837521
9837539
9837571
9837661
9837729
9837787
9837805
9837901
9837905
9837907
9838071
9838145
9838233
9838261
9838395
9838551
9838815
9838825
9839227
9839255
9839377
9839477
9839481
9839483
9839533
9839615
9839645
9839673
9839697
9839701
9839755
9839853
9839913
9839975
9840027
9840223
9840371
9840487
9840531
9840601
9840639
9840649
9840731
9840779
9840823
9840903
9841085
9841117
9841323
9841391
9841441
9841505
9841511
9841605
9841613
9841729
9841853
9842097
9842217
9842233
9842263
9842275
9842393
9842553
9842579
9842583
9842647
9842699
9842753
9842767
9842787
9842845
9842871
9842887
9843037
9843089
9843113
9843173
9843231
9843333
9843335
9843341
9843343
9843375
9843403
9843461
9843467
9843475
9843693
9843757
9843781
9843919
9843995
9844033
9844077
9844131
9844163
9844195
9844243
9844367
9844377
9844431
9844509
9844563
9844587
9844635
9844663
9844731
9844881
9845027
9845031
9845231
9845311
9845359
9845427
9845439
9845465
9845487
9845537
9845561
9845579
9845595
9845863
9845905
9845929
9845941
9845971
9846175
9846251
9846447
9846449
9846469
9846477
9846565
9846579
9846591
9846721
9846755
9846857
9846869
9846959
9847175
9847351
9847427
9847593
9847715
9847791
9847827
9848121
9848193
9848307
9848327
9848421
9848435
9848449
9848509
9848579
9848609
9848645
9848691
9848725
9848811
9848835
9848945
9848963
9849221
9849275
9849291
9849359
9849367
9849369
9849379
9849471
9849561
9849617
9849857
9849997
9850145
9850209
9850241
9850323
9850327
9850343
9850473
9850517
9850663
9850791
9850923
9850963
9851099
9851117
9851121
9851125
9851289
9851303
9851415
9851417
9851633
9851779
9851829
9851843
9851919
9851927
9852015
9852025
9852175
9852229
9852261
9852351
9852383
9852419
9852455
9852597
9852605
9852743
9852765
9852833
9852847
9853291
9853375
9853381
9853437
9853605
9853661
9853825
9853847
9853955
9853997
9854013
9854019
9854067
9854079
9854135
9854149
9854151
9854321
9854403
9854565
9854723
9854729
9854803
9854931
9855011
9855013
9855041
9855139
9855197
9855217
9855275
9855293
9855347
9855441
9855497
9855667
9855685
9855707
9855961
9855963
9856017
9856029
9856063
9856095
9856161
9856171
9856181
9856261
9856277
9856285
9856373
9856423
9856501
9856527
9856551
9856581
9856637
9856649
9856859
9856905
9856933
9857003
9857053
9857373
9857407
9857415
9857417
9857527
9857577
9857587
9857611
9857615
9857639
9857647
9857749
9857939
9858075
9858193
9858217
9858321
9858347
9858427
9858437
9858487
9858497
9858661
9858767
9858839
9858919
9858945
9858951
9858965
9858993
9859023
9859039
9859057
9859081
9859169
9859317
9859431
9859441
9859467
9859469
9859491
9859733
9859797
9859857
9859883
9859979
9860125
9860149
9860197
9860217
9860257
9860267
9860315
9860317
9860327
9860443
9860597
9860723
9860869
9860933
9860955
9860997
9861025
9861153
9861155
9861247
9861457
9861561
9861605
9861691
9861759
9861839
9861897
9862003
9862077
9862137
9862241
9862259
9862313
9862331
9862393
9862427
9862431
9862581
9862621
9862643
9862655
9862799
9862801
9862963
9862973
9862987
9863073
9863123
9863145
9863255
9863299
9863455
9863515
9863537
9863565
9863603
9863743
9863871
9863939
9863945
9864041
9864085
9864097
9864113
9864171
9864205
9864217
9864243
9864301
9864507
9864613
9864641
9864697
9864699
9864847
9864859
9865059
9865087
9865097
9865135
9865183
9865421
9865445
9865591
9865773
9865823
9865957
9866081
9866097
9866155
9866261
9866323
9866347
9866469
9866489
9866593
9866663
9866801
9866925
9867047
9867091
9867127
9867131
9867253
9867311
9867493
9867543
9867593
9867721
9867731
9867781
9867807
9867817
9867833
9867867
9867871
9867997
9868047
9868201
9868213
9868225
9868295
9868381
9868471
9868511
9868525
9868697
9868737
9868791
9868801
9868901
9868971
9869103
9869141
9869163
9869249
9869255
9869263
9869267
9869281
9869319
9869415
9869525
9869543
9869545
9869547
9869583
9869591
9869789
9869797
9869833
9869859
9869865
9869907
9869973
9870105
9870151
9870253
9870267
9870283
9870491
9870551
9870563
9870611
9870697
9870713
9870733
9870803
9870813
9870821
9870865
9870885
9870899
9871067
9871095
9871123
9871213
9871229
9871289
9871527
9871537
9871703
9871793
9871911
9871975
9871999
9872043
9872109
9872259
9872279
9872333
9872489
9872501
9872577
9872815
9872883
9873219
9873227
9873231
9873233
9873239
9873285
9873291
9873329
9873439
9873515
9873551
9873749
9873821
9873827
9873889
9873905
9873929
9873943
9873965
9874125
9874169
9874209
9874513
9874553
9874665
9874699
9874747
9874795
9874851
9874855
9874903
9875081
9875133
9875197
9875229
9875279
9875291
9875353
9875369
9875375
9875381
9875383
9875387
9875389
9875511
9875549
9875555
9875571
9875599
9875699
9875739
9875781
9875795
9875817
9875941
9875975
9876005
9876137
9876271
9876289
9876319
9876333
9876469
9876599
9876613
9876621
9876637
9876669
9876807
9876853
9876869
9877033
9877321
9877337
9877389
9877429
9877595
9877703
9877757
9878079
9878129
9878139
9878185
9878237
9878265
9878297
9878303
9878365
9878373
9878491
9878595
9878749
9878765
9878863
9878939
9878963
9878981
9879001
9879053
9879143
9879181
9879251
9879327
9879419
9879423
9879511
9879539
9879561
9879637
9879799
9879815
9879845
9879847
9879891
9879995
9880009
9880145
9880265
9880393
9880523
9880631
9880689
9880779
9880869
9880927
9880965
9881023
9881197
9881221
9881255
9881293
9881315
9881429
9881483
9881567
9881703
9881853
9881887
9881985
9882065
9882085
9882109
9882135
9882311
9882339
9882463
9882475
9882561
9882627
9882653
9882667
9882839
9882859
9882941
9883035
9883143
9883185
9883223
9883233
9883359
9883559
9883619
9883625
9883789
9883945
9884167
9884215
9884265
9884309
9884393
9884399
9884455
9884535
9884541
9884559
9884657
9884721
9884741
9884823
9884853
9884935
9884973
9884993
9884997
9885011
9885073
9885109
9885149
9885161
9885167
9885375
9885399
9885415
9885463
9885551
9885587
9885593
9885665
9885715
9885731
9885781
9885863
9885893
9886003
9886021
9886393
9886457
9886607
9886663
9886747
9886815
9887105
9887109
9887219
9887227
9887237
9887259
9887377
9887395
9887695
9887745
9887949
9887991
9888043
9888081
9888127
9888147
9888189
9888209
9888217
9888233
9888327
9888377
9888537
9888541
9888671
9888735
9888763
9888811
9888815
9888985
9889045
9889053
9889111
9889165
9889175
9889231
9889263
9889303
9889349
9889419
9889467
9889503
9889561
9889667
9889703
9889877
9890077
9890095
9890109
9890157
9890181
9890203
9890265
9890353
9890471
9890537
9890761
9890777
9890975
9891017
9891063
9891177
9891179
9891269
9891349
9891365
9891369
9891375
9891387
9891477
9891539
9891543
9891575
9891729
9891801
9891895
9892031
9892037
9892101
9892131
9892293
9892343
9892433
9892491
9892497
9892501
9892639
9892741
9892789
9892809
9892859
9892873
9892923
9892947
9892983
9893043
9893071
9893143
9893145
9893163
9893231
9893317
9893343
9893429
9893573
9893621
9893647
9893651
9893765
9893815
9893897
9893917
9894015
9894031
9894155
9894191
9894323
9894365
9894375
9894437
9894491
9894499
9894533
9894575
9894673
9894705
9894857
9894863
9894895
9894899
9894927
9894983
9895003
9895141
9895329
9895353
9895443
9895453
9895539
9895581
9895633
9895693
9895777
9895875
9895897
9895931
9896053
9896097
9896159
9896217
9896225
9896227
9896243
9896297
9896305
9896413
9896433
9896487
9896709
9896747
9896755
9897029
9897153
9897165
9897199
9897211
9897283
9897405
9897413
9897455
9897503
9897513
9897565
9897689
9897765
9897793
9897955
9897987
9898069
9898097
9898167
9898225
9898273
9898341
9898625
9898717
9898829
9898865
9898983
9898995
9899019
9899055
9899145
9899157
9899159
9899515
9899701
9899705
9899713
9899787
9899791
9900031
9900051
9900175
9900191
9900215
9900371
9900403
9900477
9900553
9900563
9900589
9900703
9900719
9900823
9901017
9901099
9901147
9901185
9901333
9901339
9901363
9901397
9901451
9901653
9901655
9901667
9901725
9901771
9901859
9901865
9902235
9902355
9902425
9902515
9902547
9902559
9902607
9902631
9902933
9902989
9903071
9903089
9903145
9903201
9903265
9903315
9903599
9903639
9903679
9903693
9903703
9903823
9903881
9904029
9904065
9904093
9904171
9904221
9904247
9904259
9904313
9904365
9904579
9904595
9904743
9904857
9904949
9904999
9905029
9905037
9905049
9905075
9905083
9905093
9905099
9905151
9905227
9905511
9905725
9905813
9905857
9906029
9906085
9906147
9906271
9906317
9906343
9906351
9906367
9906387
9906557
9906633
9906703
9906807
9906903
9906919
9906949
9906981
9907151
9907159
9907249
9907495
9907519
9907559
9907681
9907685
9907783
9907789
9907803
9907831
9907863
9907877
9908147
9908193
9908319
9908321
9908391
9908519
9908583
9908673
9908679
9908731
9908781
9908851
9908917
9908985
9908997
9909051
9909411
9909481
9909631
9909705
9909757
9909819
9909851
9909873
9909893
9910049
9910105
9910145
9910167
9910183
9910265
9910353
9910379
9910433
9910453
9910531
9910637
9910709
9910723
9910889
9910921
9910927
9910971
9910987
9910991
9911031
9911037
9911039
9911131
9911241
9911301
9911419
9911489
9911581
9911597
9911637
9911681
9911727
9911767
9911783
9911815
9911955
9912043
9912107
9912193
9912213
9912333
9912349
9912395
9912397
9912435
9912529
9912537
9912571
9912635
9912685
9912689
9912803
9912891
9912975
9913071
9913091
9913177
9913211
9913265
9913367
9913383
9913389
9913423
9913499
9913513
9913595
9913625
9913633
9913723
9913847
9913883
9913885
9914023
9914235
9914311
9914377
9914515
9914547
9914581
9914601
9914741
9914857
9914891
9914969
9915025
9915085
9915093
9915125
9915167
9915169
9915193
9915207
9915219
9915267
9915275
9915307
9915317
9915521
9915543
9915551
9915555
9915571
9915647
9915905
9915963
9915971
9916093
9916181
9916281
9916309
9916321
9916331
9916505
9916539
9916583
9916615
9916633
9916675
9916693
9916711
9916735
9916929
9917065
9917125
9917223
9917271
9917367
9917417
9917421
9917469
9917471
9917497
9917539
9917563
9917571
9917607
9917675
9917729
9917775
9917867
9918009
9918021
9918087
9918095
9918369
9918409
9918557
9919085
9919097
9919145
9919311
9919373
9919467
9919591
9919697
9919787
9919813
9919931
9919975
9920029
9920033
9920039
9920101
9920103
9920137
9920195
9920205
9920273
9920319
9920331
9920375
9920383
9920393
9920409
9920411
9920437
9920619
9920657
9920673
9920863
9920929
9921143
9921327
9921375
9921413
9921521
9921693
9921807
9921833
9921909
9922147
9922163
9922165
9922235
9922415
9922497
9922639
9922681
9922727
9922737
9922743
9922831
9922881
9922911
9922915
9923131
9923185
9923203
9923251
9923353
9923369
9923493
9923649
9923657
9923791
9923969
9924029
9924247
9924263
9924361
9924401
9924471
9924691
9924733
9924743
9924817
9924825
9924833
9924937
9925057
9925083
9925105
9925321
9925593
9925605
9925611
9925625
9925697
9925829
9925981
9926097
9926131
9926133
9926147
9926199
9926239
9926261
9926337
9926387
9926603
9926729
9926797
9926825
9926945
9927001
9927137
9927247
9927273
9927281
9927287
9927311
9927479
9927545
9927549
9927657
9927691
9927709
9927953
9927999
9928085
9928209
9928361
9928531
9928603
9928633
9928699
9928701
9928735
9928755
9928773
9928961
9928967
9929221
9929267
9929399
9929405
9929427
9929479
9929485
9929535
9929817
9929849
9929861
9929937
9929965
9929999
9930005
9930063
9930171
9930267
9930383
9930389
9930429
9930435
9930509
9930525
9930623
9930641
9930667
9930725
9930933
9931019
9931111
9931169
9931255
9931337
9931381
9931429
9931537
9931613
9931685
9931823
9931859
9931953
9932065
9932193
9932271
9932303
9932449
9932505
9932567
9932569
9932573
9932663
9932803
9932831
9932985
9932989
9933079
9933087
9933179
9933221
9933245
9933253
9933323
9933457
9933471
9933523
9933615
9933635
9933661
9933675
9933793
9933875
9933953
9933995
9934001
9934005
9934155
9934207
9934309
9934325
9934345
9934423
9934437
9934445
9934547
9934569
9934697
9934811
9934843
9934925
9934927
9935099
9935281
9935325
9935359
9935507
9935559
9935569
9935745
9935759
9935801
9935845
9935851
9935991
9936001
9936059
9936305
9936639
9936789
9936997
9937183
9937209
9937289
9937301
9937341
9937515
9937703
9937747
9937769
9937773
9937801
9937833
9937849
9937853
9937861
9937893
9937925
9937989
9937997
9938227
9938229
9938291
9938343
9938405
9938441
9938529
9938579
9938613
9938667
9938803
9938909
9939073
9939119
9939361
9939391
9939403
9939533
9939573
9939613
9939731
9939743
9939755
9939771
9939815
9939837
9939855
9939951
9940011
9940059
9940193
9940279
9940287
9940331
9940445
9940467
9940673
9940707
9940721
9940783
9940919
9941019
9941029
9941101
9941115
9941147
9941201
9941217
9941315
9941349
9941417
9941473
9941489
9941573
9941643
9941709
9941783
9941871
9941881
9942145
9942147
9942153
9942283
9942385
9942443
9942477
9942479
9942503
9942509
9942635
9942667
9942727
9942751
9942777
9942803
9942841
9942903
9942987
9943017
9943021
9943139
9943223
9943251
9943283
9943335
9943387
9943443
9943565
9943825
9943869
9943883
9943907
9944093
9944193
9944293
9944405
9944435
9944465
9944511
9944535
9944601
9944625
9944629
9944677
9944705
9944907
9944913
9945123
9945127
9945247
9945281
9945309
9945419
9945425
9945453
9945547
9945679
9945951
9946029
9946051
9946065
9946339
9946369
9946391
9946455
9946667
9946703
9946883
9946929
9946947
9946957
9947059
9947073
9947141
9947165
9947241
9947301
9947309
9947415
9947433
9947465
9947553
9947811
9947967
9948069
9948083
9948091
9948133
9948139
9948173
9948219
9948225
9948293
9948359
9948403
9948417
9948537
9948677
9948765
9949087
9949101
9949107
9949175
9949343
9949445
9949459
9949461
9949537
9949563
9949639
9949649
9949829
9949833
9949861
9949869
9950013
9950079
9950313
9950533
9950577
9950589
9950633
9950809
9950867
9950945
9951029
9951061
9951097
9951131
9951223
9951233
9951507
9951519
9951523
9951595
9951603
9951817
9952101
9952161
9952201
9952231
9952419
9952459
9952481
9952641
9952659
9952783
9952795
9952799
9952813
9952823
9952891
9952955
9952969
9953157
9953219
9953259
9953307
9953343
9953475
9953523
9953601
9953669
9953673
9953817
9953857
9953907
9953917
9953963
9954069
9954075
9954155
9954157
9954169
9954211
9954317
9954329
9954355
9954359
9954527
9954945
9955025
9955029
9955053
9955063
9955079
9955189
9955209
9955261
9955297
9955405
9955415
9955487
9955609
9955633
9955691
9955757
9955783
9955839
9955871
9955921
9956009
9956021
9956069
9956117
9956187
9956199
9956269
9956393
9956433
9956521
9956647
9956773
9956857
9956943
9956961
9957089
9957107
9957169
9957243
9957367
9957399
9957475
9957539
9957805
9957819
9957841
9958077
9958165
9958249
9958285
9958417
9958487
9958497
9958555
9958575
9958645
9958651
9958707
9958743
9958981
9959003
9959023
9959071
9959159
9959271
9959339
9959439
9959471
9959533
9959541
9959743
9959749
9959765
9959813
9959823
9959943
9959983
9959991
9960009
9960041
9960261
9960323
9960341
9960379
9960409
9960423
9960433
9960443
9960543
9960653
9960655
9960745
9960903
9960929
9961063
9961103
9961133
9961229
9961287
9961289
9961319
9961429
9961485
9961503
9961519
9961675
9961765
9961825
9961883
9961891
9961933
9962103
9962167
9962195
9962199
9962291
9962337
9962353
9962393
9962429
9962455
9962473
9962525
9962541
9962597
9962703
9962705
9962881
9962887
9962901
9962907
9963011
9963061
9963135
9963151
9963155
9963257
9963273
9963301
9963525
9963571
9963587
9963675
9963685
9963699
9963739
9963747
9963783
9964021
9964187
9964309
9964391
9964393
9964511
9964517
9964533
9964557
9964591
9964625
9964643
9964697
9964749
9964805
9964981
9965037
9965087
9965109
9965239
9965359
9965377
9965405
9965499
9965633
9965695
9965705
9965707
9965709
9965743
9965871
9965895
9965995
9966127
9966133
9966183
9966185
9966253
9966377
9966383
9966391
9966427
9966461
9966503
9966507
9966531
9966561
9966771
9966811
9966843
9966941
9966953
9967049
9967283
9967393
9967483
9967485
9967707
9967743
9967759
9967811
9967883
9968069
9968275
9968297
9968307
9968341
9968421
9968459
9968603
9968641
9968733
9968751
9968843
9968875
9968883
9968885
9969103
9969113
9969139
9969173
9969337
9969345
9969351
9969425
9969495
9969515
9969637
9969807
9969857
9970039
9970121
9970231
9970265
9970299
9970623
9970781
9970807
9970813
9970825
9970913
9971033
9971077
9971123
9971177
9971301
9971389
9971409
9971513
9971559
9971639
9971653
9971761
9971777
9971809
9971979
9972081
9972139
9972167
9972209
9972271
9972353
9972415
9972533
9972571
9972617
9972755
9972767
9972791
9972807
9973067
9973091
9973109
9973137
9973147
9973161
9973205
9973223
9973239
9973377
9973435
9973531
9973579
9973695
9973745
9973833
9973965
9974329
9974437
9974629
9974703
9974733
9975071
9975117
9975239
9975255
9975301
9975345
9975397
9975463
9975539
9975589
9975653
9975777
9975795
9975811
9975835
9975869
9975967
9975977
9975983
9976287
9976413
9976615
9976645
9976665
9976729
9976895
9976975
9977019
9977061
9977081
9977137
9977319
9977337
9977553
9977585
9977725
9977727
9977895
9977901
9978009
9978045
9978139
9978173
9978187
9978615
9978657
9978707
9978859
9978893
9978915
9978943
9979193
9979199
9979359
9979413
9979419
9979433
9979467
9979517
9979649
9979737
9979903
9979975
9979985
9980029
9980119
9980127
9980189
9980335
9980369
9980445
9980515
9980703
9980727
9980777
9980813
9980815
9980875
9980939
9980945
9981023
9981095
9981107
9981409
9981415
9981457
9981573
9981635
9981961
9982003
9982059
9982181
9982265
9982293
9982383
9982601
9982623
9982649
9982667
9982679
9982697
9982825
9982879
9982955
9983017
9983019
9983023
9983145
9983205
9983211
9983267
9983313
9983373
9983375
9983391
9983421
9983433
9983531
9983651
9983775
9983875
9983993
9984013
9984197
9984235
9984321
9984405
9984413
9984431
9984437
9984469
9984475
9984545
9984563
9984605
9984765
9984785
9984803
9984839
9984893
9984913
9984997
9985087
9985099
9985157
9985159
9985213
9985261
9985351
9985379
9985381
9985387
9985407
9985611
9985653
9985691
9985761
9985851
9985963
9985995
9986147
9986179
9986345
9986445
9986941
9986985
9987025
9987073
9987265
9987389
9987421
9987467
9987545
9987649
9987663
9987717
9987799
9987853
9987937
9987989
9988007
9988017
9988097
9988313
9988331
9988341
9988375
9988449
9988467
9988479
9988689
9988781
9988807
9988859
9988867
9989053
9989099
9989101
9989119
9989141
9989155
9989341
9989373
9989599
9989777
9989789
9989821
9989827
9990153
9990183
9990199
9990253
9990329
9990509
9990575
9990609
9990611
9990625
9990629
9990647
9990685
9990733
9990793
9990865
9991047
9991137
9991217
9991255
9991335
9991363
9991517
9991529
9991573
9991599
9991895
9991909
9991965
9992187
9992325
9992493
9992515
9992541
9992737
9992739
9992751
9992761
9992767
9992777
9992789
9992829
9992891
9992927
9993039
9993099
9993135
9993151
9993311
9993331
9993493
9993651
9993681
9993813
9993825
9994011
9994017
9994103
9994125
9994145
9994169
9994241
9994395
9994417
9994427
9994469
9994557
9994655
9994699
9994725
9994733
9994969
9994995
9995051
9995181
9995225
9995243
9995293
9995295
9995321
9995329
9995391
9995473
9995477
9995497
9995609
9995759
9995817
9996079
9996167
9996181
9996205
9996281
9996285
9996407
9996515
9996621
9996661
9996739
9996805
9996895
9996903
9996979
9996987
9996999
9997023
9997057
9997187
9997375
9997401
9997403
9997415
9997623
9997633
9997695
9997747
9997801
9997807
9997815
9997863
9997877
9997899
9997977
9998043
9998083
9998121
9998199
9998227
9998395
9998409
9998445
9998507
9998531
9998541
9998723
9998797
9998817
9998853
9998913
9998931
9999051
9999143
9999171
9999213
9999221
9999355
9999535
9999609
9999623
9999727
9999753
9999811
9999815
9999937
